ubigeo,departamento,provincia,distrito,total_facilities,emergency_proxy_facilities,facilities_missing_coords,c1_rows,reporting_ipress_count,total_emergency_attentions,total_emergency_attended,atenciones_missing_rows,atendidos_missing_rows,atenciones_zero_rows,atendidos_zero_rows,atenciones_missing_share,atendidos_missing_share,atenciones_zero_share,atendidos_zero_share,activity_quality_tag,facility_component,activity_component,q1_territorial_availability_score,availability_level,rank_best_to_worst,rank_worst_to_best
150101,LIMA,LIMA,LIMA,253.0,16.0,227.0,718.0,24.0,168141.0,85261.0,18.0,18.0,0.0,0.0,0.025069637883008356,0.025069637883008356,0.0,0.0,Missing activity values present,0.8720044393619406,0.9962115939800422,0.9341080166709914,Very high availability,1,553
040101,AREQUIPA,AREQUIPA,AREQUIPA,365.0,15.0,358.0,428.0,19.0,107957.0,45313.0,25.0,25.0,0.0,0.0,0.05841121495327103,0.05841121495327103,0.0,0.0,Missing activity values present,0.8979526612347961,0.950102110614286,0.924027385924541,Very high availability,2,552
150122,LIMA,LIMA,MIRAFLORES,305.0,17.0,297.0,383.0,21.0,78157.0,57290.0,27.0,27.0,0.0,0.0,0.07049608355091384,0.07049608355091384,0.0,0.0,Missing activity values present,0.8964693862866305,0.9471099270940986,0.9217896566903645,Very high availability,3,551
150132,LIMA,LIMA,SAN JUAN DE LURIGANCHO,669.0,9.0,632.0,340.0,11.0,93445.0,48605.0,8.0,8.0,0.0,0.0,0.023529411764705882,0.023529411764705882,0.0,0.0,Missing activity values present,0.8937444542294222,0.9472374217159358,0.920490937972679,Very high availability,4,550
130101,LA LIBERTAD,TRUJILLO,TRUJILLO,266.0,22.0,242.0,751.0,42.0,46878.0,43847.0,53.0,53.0,0.0,0.0,0.07057256990679095,0.07057256990679095,0.0,0.0,Missing activity values present,0.9151692217868269,0.914253307022018,0.9147112644044224,Very high availability,5,549
150113,LIMA,LIMA,JESUS MARIA,275.0,16.0,265.0,351.0,17.0,80503.0,47138.0,20.0,20.0,0.0,0.0,0.05698005698005698,0.05698005698005698,0.0,0.0,Missing activity values present,0.8796635498874232,0.9397399899823022,0.9097017699348627,Very high availability,6,548
150131,LIMA,LIMA,SAN ISIDRO,291.0,17.0,284.0,418.0,30.0,41850.0,37472.0,46.0,46.0,0.0,0.0,0.11004784688995216,0.11004784688995216,0.0,0.0,Missing activity values present,0.8921513317863623,0.9026556135826869,0.8974034726845246,Very high availability,7,547
140101,LAMBAYEQUE,CHICLAYO,CHICLAYO,389.0,11.0,372.0,698.0,26.0,64455.0,39325.0,23.0,23.0,0.0,0.0,0.0329512893982808,0.0329512893982808,0.0,0.0,Missing activity values present,0.8671088192462604,0.9225909745231635,0.894849896884712,Very high availability,8,546
110101,ICA,ICA,ICA,109.0,18.0,98.0,524.0,27.0,184319.0,51599.0,33.0,33.0,0.0,0.0,0.06297709923664122,0.06297709923664122,0.0,0.0,Missing activity values present,0.8090320125806314,0.9778831242594833,0.8934575684200574,Very high availability,9,545
150110,LIMA,LIMA,COMAS,262.0,8.0,236.0,431.0,29.0,147103.0,55635.0,44.0,44.0,0.0,0.0,0.10208816705336426,0.10208816705336426,0.0,0.0,Missing activity values present,0.794080875128734,0.9718988833381563,0.8829898792334452,Very high availability,10,544
070101,CALLAO,CALLAO,CALLAO,298.0,8.0,247.0,460.0,40.0,104160.0,54424.0,74.0,74.0,0.0,0.0,0.1608695652173913,0.1608695652173913,0.0,0.0,Missing activity values present,0.8059097424569646,0.9566939088551452,0.8813018256560549,Very high availability,11,543
150130,LIMA,LIMA,SAN BORJA,219.0,22.0,212.0,399.0,28.0,26696.0,22937.0,39.0,39.0,0.0,0.0,0.09774436090225563,0.09774436090225563,0.0,0.0,Missing activity values present,0.897316492525307,0.8625003537426446,0.8799084231339758,Very high availability,12,542
150140,LIMA,LIMA,SANTIAGO DE SURCO,351.0,16.0,336.0,285.0,27.0,20908.0,15700.0,43.0,43.0,0.0,0.0,0.15087719298245614,0.15087719298245614,0.0,0.0,Missing activity values present,0.9020904682362147,0.8357286859478354,0.8689095770920251,Very high availability,13,541
120101,JUNIN,HUANCAYO,HUANCAYO,244.0,8.0,231.0,330.0,16.0,51966.0,47748.0,29.0,29.0,0.0,0.0,0.08787878787878788,0.08787878787878788,0.0,0.0,Missing activity values present,0.7875439644788531,0.9222559718215553,0.8548999681502042,Very high availability,14,540
150117,LIMA,LIMA,LOS OLIVOS,539.0,9.0,527.0,350.0,28.0,13827.0,13084.0,40.0,40.0,0.0,0.0,0.11428571428571428,0.11428571428571428,0.0,0.0,Missing activity values present,0.8738551626675015,0.8106504719309654,0.8422528172992334,Very high availability,15,539
150133,LIMA,LIMA,SAN JUAN DE MIRAFLORES,318.0,7.0,290.0,336.0,14.0,36057.0,29178.0,15.0,15.0,0.0,0.0,0.044642857142857144,0.044642857142857144,0.0,0.0,Missing activity values present,0.7968539833782942,0.8854941482640897,0.8411740658211919,Very high availability,16,538
060101,CAJAMARCA,CAJAMARCA,CAJAMARCA,165.0,22.0,137.0,663.0,35.0,13877.0,13076.0,54.0,54.0,0.0,0.0,0.08144796380090498,0.08144796380090498,0.0,0.0,Missing activity values present,0.8713480519167447,0.8107723839918425,0.8410602179542936,Very high availability,17,537
040126,AREQUIPA,AREQUIPA,YANAHUARA,123.0,8.0,119.0,145.0,9.0,159512.0,36841.0,12.0,12.0,0.0,0.0,0.08275862068965517,0.08275862068965517,0.0,0.0,Missing activity values present,0.7247548835416479,0.9570859888468695,0.8409204361942586,Very high availability,18,536
150103,LIMA,LIMA,ATE,338.0,4.0,316.0,269.0,9.0,84405.0,41692.0,7.0,7.0,0.0,0.0,0.026022304832713755,0.026022304832713755,0.0,0.0,Missing activity values present,0.7425017316502263,0.9362853038339634,0.8393935177420948,Very high availability,19,535
150108,LIMA,LIMA,CHORRILLOS,142.0,15.0,116.0,356.0,18.0,25887.0,24465.0,17.0,17.0,0.0,0.0,0.047752808988764044,0.047752808988764044,0.0,0.0,Missing activity values present,0.8112999553249683,0.8640714337623305,0.8376856945436495,Very high availability,20,534
150143,LIMA,LIMA,VILLA MARIA DEL TRIUNFO,189.0,8.0,161.0,66.0,4.0,47599.0,38097.0,6.0,6.0,0.0,0.0,0.09090909090909091,0.09090909090909091,0.0,0.0,Missing activity values present,0.764102444111554,0.9086922439142091,0.8363973440128816,Very high availability,21,533
070102,CALLAO,CALLAO,BELLAVISTA,118.0,8.0,106.0,431.0,12.0,54948.0,45485.0,9.0,9.0,0.0,0.0,0.02088167053364269,0.02088167053364269,0.0,0.0,Missing activity values present,0.7209599258669348,0.9224187041799226,0.8216893150234287,Very high availability,22,532
150121,LIMA,LIMA,PUEBLO LIBRE,135.0,10.0,133.0,205.0,10.0,28224.0,24946.0,12.0,12.0,0.0,0.0,0.05853658536585366,0.05853658536585366,0.0,0.0,Missing activity values present,0.758871996054334,0.8684930761640833,0.8136825361092086,Very high availability,23,531
150142,LIMA,LIMA,VILLA EL SALVADOR,168.0,6.0,148.0,249.0,9.0,41634.0,37366.0,9.0,9.0,0.0,0.0,0.03614457831325301,0.03614457831325301,0.0,0.0,Missing activity values present,0.7212423816874498,0.9023174700063037,0.8117799258468767,Very high availability,24,530
021801,ANCASH,SANTA,CHIMBOTE,54.0,10.0,34.0,382.0,18.0,106256.0,36950.0,21.0,21.0,0.0,0.0,0.0549738219895288,0.0549738219895288,0.0,0.0,Missing activity values present,0.675397301364677,0.9404621159625356,0.8079297086636064,Very high availability,25,529
200101,PIURA,PIURA,PIURA,253.0,6.0,242.0,528.0,16.0,23214.0,22570.0,16.0,16.0,0.0,0.0,0.030303030303030304,0.030303030303030304,0.0,0.0,Missing activity values present,0.7588097550288404,0.8560267774623679,0.8074182662456042,Very high availability,26,528
080108,CUSCO,CUSCO,WANCHAQ,147.0,7.0,142.0,318.0,6.0,33242.0,25340.0,0.0,0.0,0.0,0.0,0.0,0.0,0.0,0.0,No missing or zero activity values,0.7260429134072921,0.87593137421321,0.800987143810251,Very high availability,27,527
150135,LIMA,LIMA,SAN MARTIN DE PORRES,367.0,4.0,348.0,274.0,24.0,25416.0,18076.0,38.0,38.0,0.0,0.0,0.1386861313868613,0.1386861313868613,0.0,0.0,Missing activity values present,0.7500701343909535,0.849985988299691,0.8000280613453222,Very high availability,28,526
080101,CUSCO,CUSCO,CUSCO,219.0,11.0,212.0,177.0,7.0,9307.0,8256.0,8.0,8.0,0.0,0.0,0.04519774011299435,0.04519774011299435,0.0,0.0,Missing activity values present,0.8143199986601943,0.7740512321973503,0.7941856154287723,Very high availability,29,525
150114,LIMA,LIMA,LA MOLINA,152.0,5.0,144.0,287.0,7.0,32006.0,21603.0,4.0,4.0,0.0,0.0,0.013937282229965157,0.013937282229965157,0.0,0.0,Missing activity values present,0.6924064051672734,0.8673425792407276,0.7798744922040004,Very high availability,30,524
160101,LORETO,MAYNAS,IQUITOS,94.0,10.0,80.0,424.0,11.0,17574.0,15786.0,6.0,6.0,0.0,0.0,0.014150943396226415,0.014150943396226415,0.0,0.0,Missing activity values present,0.725791066363628,0.8288059300405861,0.7772984982021071,Very high availability,31,523
150136,LIMA,LIMA,SAN MIGUEL,92.0,7.0,88.0,264.0,9.0,28702.0,24579.0,7.0,7.0,0.0,0.0,0.026515151515151516,0.026515151515151516,0.0,0.0,Missing activity values present,0.6832035448283318,0.8685329419828793,0.7758682434056056,Very high availability,32,522
150125,LIMA,LIMA,PUENTE PIEDRA,190.0,5.0,179.0,322.0,14.0,17110.0,10173.0,16.0,16.0,0.0,0.0,0.049689440993788817,0.049689440993788817,0.0,0.0,Missing activity values present,0.7128606273282841,0.808353795351892,0.7606072113400881,Very high availability,33,521
210101,PUNO,PUNO,PUNO,86.0,8.0,71.0,359.0,19.0,24017.0,10153.0,20.0,20.0,0.0,0.0,0.055710306406685235,0.055710306406685235,0.0,0.0,Missing activity values present,0.6920800727270434,0.8222505603484458,0.7571653165377445,Very high availability,34,520
150115,LIMA,LIMA,LA VICTORIA,89.0,4.0,80.0,144.0,5.0,38221.0,26204.0,4.0,4.0,0.0,0.0,0.027777777777777776,0.027777777777777776,0.0,0.0,Missing activity values present,0.6202210641576336,0.8831634768479004,0.751692270502767,Very high availability,35,519
230101,TACNA,TACNA,TACNA,314.0,5.0,298.0,202.0,8.0,6516.0,5311.0,7.0,7.0,0.0,0.0,0.034653465346534656,0.034653465346534656,0.0,0.0,Missing activity values present,0.7589904437791917,0.7399257112480657,0.7494580775136287,Very high availability,36,518
200601,PIURA,SULLANA,SULLANA,155.0,7.0,143.0,242.0,7.0,8302.0,7976.0,2.0,2.0,0.0,0.0,0.008264462809917356,0.008264462809917356,0.0,0.0,Missing activity values present,0.7308969002028973,0.7678200568411745,0.749358478522036,Very high availability,37,517
120114,JUNIN,HUANCAYO,EL TAMBO,100.0,6.0,80.0,416.0,27.0,15498.0,14632.0,38.0,38.0,0.0,0.0,0.09134615384615384,0.09134615384615384,0.0,0.0,Missing activity values present,0.6737775380922186,0.8202791815659924,0.7470283598291055,Very high availability,38,516
150137,LIMA,LIMA,SANTA ANITA,178.0,4.0,166.0,121.0,7.0,12468.0,12166.0,9.0,9.0,0.0,0.0,0.0743801652892562,0.0743801652892562,0.0,0.0,Missing activity values present,0.6836186475312636,0.803180908008389,0.7433997777698262,Very high availability,39,515
070106,CALLAO,CALLAO,VENTANILLA,165.0,4.0,145.0,210.0,17.0,13562.0,12023.0,25.0,25.0,0.0,0.0,0.11904761904761904,0.11904761904761904,0.0,0.0,Missing activity values present,0.6766666143631654,0.8061284452279311,0.7413975297955483,Very high availability,40,514
211101,PUNO,SAN ROMAN,JULIACA,74.0,7.0,55.0,323.0,13.0,14833.0,13941.0,11.0,11.0,0.0,0.0,0.034055727554179564,0.034055727554179564,0.0,0.0,Missing activity values present,0.6633693171413036,0.8163403657285786,0.7398548414349411,Very high availability,41,513
220901,SAN MARTIN,SAN MARTIN,TARAPOTO,74.0,7.0,63.0,459.0,16.0,16246.0,11726.0,9.0,9.0,0.0,0.0,0.0196078431372549,0.0196078431372549,0.0,0.0,Missing activity values present,0.6633693171413036,0.8124732256879156,0.7379212714146096,Very high availability,42,512
110201,ICA,CHINCHA,CHINCHA ALTA,44.0,7.0,40.0,416.0,10.0,25271.0,19647.0,0.0,0.0,0.0,0.0,0.0,0.0,0.0,0.0,No missing or zero activity values,0.6162689185097445,0.8534200772573597,0.7348444978835521,Very high availability,43,511
240101,TUMBES,TUMBES,TUMBES,40.0,7.0,27.0,135.0,5.0,37200.0,11468.0,4.0,4.0,0.0,0.0,0.02962962962962963,0.02962962962962963,0.0,0.0,Missing activity values present,0.6076855667137544,0.8456570836863058,0.7266713252000301,Very high availability,44,510
200701,PIURA,TALARA,PARI?AS,83.0,6.0,76.0,219.0,7.0,11406.0,11061.0,4.0,4.0,0.0,0.0,0.0182648401826484,0.0182648401826484,0.0,0.0,Missing activity values present,0.6567839140782471,0.7953168201655993,0.7260503671219232,Very high availability,45,509
250101,UCAYALI,CORONEL PORTILLO,CALLERIA,72.0,4.0,13.0,795.0,43.0,32819.0,13440.0,63.0,63.0,0.0,0.0,0.07924528301886792,0.07924528301886792,0.0,0.0,Missing activity values present,0.6009180402110672,0.8474773008429748,0.724197670527021,Very high availability,46,508
030101,APURIMAC,ABANCAY,ABANCAY,81.0,5.0,67.0,175.0,4.0,22873.0,7776.0,2.0,2.0,0.0,0.0,0.011428571428571429,0.011428571428571429,0.0,0.0,Missing activity values present,0.6348967642671084,0.8084928213298836,0.721694792798496,Very high availability,47,507
150116,LIMA,LIMA,LINCE,246.0,8.0,244.0,137.0,14.0,2121.0,2077.0,21.0,21.0,0.0,0.0,0.15328467153284672,0.15328467153284672,0.0,0.0,Missing activity values present,0.7882935983296822,0.6523195389799685,0.7203065686548253,Very high availability,48,506
060801,CAJAMARCA,JAEN,JAEN,97.0,7.0,73.0,581.0,36.0,6787.0,6075.0,55.0,55.0,0.0,0.0,0.09466437177280551,0.09466437177280551,0.0,0.0,Missing activity values present,0.6880321064326087,0.7475238077807844,0.7177779571066966,Very high availability,49,505
150801,LIMA,HUAURA,HUACHO,79.0,3.0,74.0,175.0,4.0,23413.0,19667.0,2.0,2.0,0.0,0.0,0.011428571428571429,0.011428571428571429,0.0,0.0,Missing activity values present,0.5808941645758467,0.8503157476082439,0.7156049560920453,Very high availability,50,504
220101,SAN MARTIN,MOYOBAMBA,MOYOBAMBA,91.0,4.0,69.0,352.0,29.0,21216.0,8163.0,58.0,58.0,0.0,0.0,0.16477272727272727,0.16477272727272727,0.0,0.0,Missing activity values present,0.6222476172900081,0.8075304291394791,0.7148890232147436,Very high availability,51,503
200104,PIURA,PIURA,CASTILLA,68.0,7.0,51.0,380.0,13.0,8494.0,7631.0,7.0,7.0,0.0,0.0,0.018421052631578946,0.018421052631578946,0.0,0.0,Missing activity values present,0.65568116126804,0.7668157290777544,0.7112484451728972,Very high availability,52,502
150141,LIMA,LIMA,SURQUILLO,128.0,7.0,122.0,75.0,8.0,4402.0,3339.0,13.0,13.0,0.0,0.0,0.17333333333333334,0.17333333333333334,0.0,0.0,Missing activity values present,0.7133740332264813,0.7033205712043709,0.7083473022154261,Very high availability,53,501
110501,ICA,PISCO,PISCO,32.0,4.0,27.0,211.0,7.0,45233.0,20674.0,6.0,6.0,0.0,0.0,0.02843601895734597,0.02843601895734597,0.0,0.0,Missing activity values present,0.527712139239223,0.879671265519189,0.703691702379206,Very high availability,54,500
040112,AREQUIPA,AREQUIPA,PAUCARPATA,61.0,3.0,47.0,155.0,18.0,18655.0,18464.0,29.0,29.0,0.0,0.0,0.1870967741935484,0.1870967741935484,0.0,0.0,Missing activity values present,0.5573919634194093,0.8381680397921273,0.6977800016057683,Very high availability,55,499
021809,ANCASH,SANTA,NUEVO CHIMBOTE,27.0,5.0,20.0,138.0,10.0,25644.0,18393.0,13.0,13.0,0.0,0.0,0.09420289855072464,0.09420289855072464,0.0,0.0,Missing activity values present,0.5358217177193971,0.8511198536388107,0.6934707856791039,Very high availability,56,498
150118,LIMA,LIMA,LURIGANCHO,89.0,3.0,64.0,64.0,3.0,10431.0,8952.0,4.0,4.0,0.0,0.0,0.0625,0.0625,0.0,0.0,Missing activity values present,0.5917542852772157,0.782316626983707,0.6870354561304614,Very high availability,57,497
150112,LIMA,LIMA,INDEPENDENCIA,62.0,2.0,49.0,198.0,12.0,23206.0,18444.0,18.0,18.0,0.0,0.0,0.09090909090909091,0.09090909090909091,0.0,0.0,Missing activity values present,0.5221672051882373,0.8471222283781805,0.6846447167832089,Very high availability,58,496
160108,LORETO,MAYNAS,PUNCHANA,38.0,4.0,25.0,178.0,5.0,21908.0,7727.0,2.0,2.0,0.0,0.0,0.011235955056179775,0.011235955056179775,0.0,0.0,Missing activity values present,0.5431152701993681,0.8064369250322283,0.6747760976157982,Very high availability,59,495
020101,ANCASH,HUARAZ,HUARAZ,64.0,4.0,52.0,86.0,14.0,7053.0,7053.0,24.0,24.0,0.0,0.0,0.27906976744186046,0.27906976744186046,0.0,0.0,Missing activity values present,0.5902156688309272,0.7556817695912595,0.6729487192110934,Very high availability,60,494
150105,LIMA,LIMA,BRE?A,147.0,1.0,144.0,32.0,3.0,10228.0,9172.0,4.0,4.0,0.0,0.0,0.125,0.125,0.0,0.0,Missing activity values present,0.549191129841289,0.7825753173594205,0.6658832236003548,Very high availability,61,493
150128,LIMA,LIMA,RIMAC,67.0,3.0,52.0,289.0,14.0,9406.0,6631.0,18.0,18.0,0.0,0.0,0.06228373702422145,0.06228373702422145,0.0,0.0,Missing activity values present,0.5659091951295487,0.7648360966482131,0.6653726458888809,Very high availability,62,492
150111,LIMA,LIMA,EL AGUSTINO,100.0,1.0,88.0,120.0,4.0,14348.0,11610.0,4.0,4.0,0.0,0.0,0.03333333333333333,0.03333333333333333,0.0,0.0,Missing activity values present,0.5139605673408778,0.8069123862541218,0.6604364767974997,Very high availability,63,491
070103,CALLAO,CALLAO,CARMEN DE LA LEGUA-REYNOSO,100.0,1.0,96.0,66.0,4.0,13462.0,12306.0,6.0,6.0,0.0,0.0,0.09090909090909091,0.09090909090909091,0.0,0.0,Missing activity values present,0.5139605673408778,0.8068477748773641,0.660404171109121,Very high availability,64,490
180101,MOQUEGUA,MARISCAL NIETO,MOQUEGUA,35.0,2.0,25.0,124.0,4.0,33483.0,10799.0,4.0,4.0,0.0,0.0,0.03225806451612903,0.03225806451612903,0.0,0.0,Missing activity values present,0.47056813602261716,0.8386690980893619,0.6546186170559896,Very high availability,65,489
170101,MADRE DE DIOS,TAMBOPATA,TAMBOPATA,81.0,2.0,67.0,132.0,5.0,7634.0,7275.0,4.0,4.0,0.0,0.0,0.030303030303030304,0.030303030303030304,0.0,0.0,Missing activity values present,0.546470872484107,0.7603103848678058,0.6533906286759563,Very high availability,66,488
130105,LA LIBERTAD,TRUJILLO,LA ESPERANZA,26.0,4.0,17.0,270.0,12.0,10449.0,10428.0,30.0,30.0,0.0,0.0,0.1111111111111111,0.1111111111111111,0.0,0.0,Missing activity values present,0.5092094069756016,0.7891082015374776,0.6491588042565396,Very high availability,67,487
150601,LIMA,HUARAL,HUARAL,38.0,2.0,24.0,124.0,4.0,16097.0,11933.0,4.0,4.0,0.0,0.0,0.03225806451612903,0.03225806451612903,0.0,0.0,Missing activity values present,0.47794843032183176,0.8128638630940275,0.6454061467079296,Very high availability,68,486
080901,CUSCO,LA CONVENCION,SANTA ANA,39.0,3.0,33.0,177.0,5.0,10544.0,6439.0,0.0,0.0,0.0,0.0,0.0,0.0,0.0,0.0,No missing or zero activity values,0.5169829060253739,0.7682517204510463,0.64261731323821,Very high availability,69,485
030201,APURIMAC,ANDAHUAYLAS,ANDAHUAYLAS,21.0,5.0,13.0,128.0,6.0,12117.0,5418.0,5.0,5.0,0.0,0.0,0.0390625,0.0390625,0.0,0.0,Missing activity values present,0.5135855015187674,0.7663836542583483,0.6399845778885578,Very high availability,70,484
080106,CUSCO,CUSCO,SANTIAGO,42.0,5.0,34.0,121.0,5.0,3746.0,3486.0,4.0,4.0,0.0,0.0,0.03305785123966942,0.03305785123966942,0.0,0.0,Missing activity values present,0.5753770240529691,0.6985642660450633,0.6369706450490162,Very high availability,71,483
100102,HUANUCO,HUANUCO,AMARILIS,11.0,3.0,5.0,139.0,10.0,46369.0,13837.0,8.0,8.0,0.0,0.0,0.05755395683453238,0.05755395683453238,0.0,0.0,Missing activity values present,0.4059712488433421,0.8630120492341375,0.6344916490387398,Very high availability,72,482
040103,AREQUIPA,AREQUIPA,CAYMA,53.0,2.0,47.0,135.0,10.0,6969.0,5651.0,16.0,16.0,0.0,0.0,0.11851851851851852,0.11851851851851852,0.0,0.0,Missing activity values present,0.507953825648538,0.7454292675782294,0.6266915466133837,Very high availability,73,481
150120,LIMA,LIMA,MAGDALENA DEL MAR,131.0,4.0,128.0,60.0,6.0,1108.0,947.0,9.0,9.0,0.0,0.0,0.15,0.15,0.0,0.0,Missing activity values present,0.6555346563401685,0.5909971301435715,0.62326589324187,Very high availability,74,480
160201,LORETO,ALTO AMAZONAS,YURIMAGUAS,46.0,1.0,12.0,193.0,24.0,22125.0,5741.0,8.0,8.0,0.0,0.0,0.04145077720207254,0.04145077720207254,0.0,0.0,Missing activity values present,0.44342665602414444,0.7937618144058598,0.6185942352150021,Very high availability,75,479
050101,AYACUCHO,HUAMANGA,AYACUCHO,26.0,5.0,14.0,184.0,7.0,4397.0,3158.0,6.0,6.0,0.0,0.0,0.03260869565217391,0.03260869565217391,0.0,0.0,Missing activity values present,0.5324684588810668,0.7008200493205143,0.6166442541007906,Very high availability,76,478
010101,AMAZONAS,CHACHAPOYAS,CHACHAPOYAS,36.0,3.0,8.0,126.0,5.0,6241.0,3219.0,6.0,6.0,0.0,0.0,0.047619047619047616,0.047619047619047616,0.0,0.0,Missing activity values present,0.5097945045233452,0.7161022253578977,0.6129483649406214,Very high availability,77,477
140112,LAMBAYEQUE,CHICLAYO,PIMENTEL,11.0,3.0,8.0,92.0,3.0,16421.0,11609.0,2.0,2.0,0.0,0.0,0.021739130434782608,0.021739130434782608,0.0,0.0,Missing activity values present,0.4059712488433421,0.8124734593704488,0.6092223541068955,Very high availability,78,476
040701,AREQUIPA,ISLAY,MOLLENDO,14.0,2.0,11.0,122.0,4.0,27247.0,8825.0,4.0,4.0,0.0,0.0,0.03278688524590164,0.03278688524590164,0.0,0.0,Missing activity values present,0.3898460175532308,0.8212811530498136,0.6055635853015222,Very high availability,79,475
010701,AMAZONAS,UTCUBAMBA,BAGUA GRANDE,38.0,3.0,8.0,133.0,4.0,3600.0,3090.0,2.0,2.0,0.0,0.0,0.015037593984962405,0.015037593984962405,0.0,0.0,Missing activity values present,0.5146484913189504,0.6916164481837106,0.6031324697513305,Very high availability,80,474
080601,CUSCO,CANCHIS,SICUANI,24.0,4.0,16.0,138.0,11.0,4412.0,2880.0,18.0,18.0,0.0,0.0,0.13043478260869565,0.13043478260869565,0.0,0.0,Missing activity values present,0.5021132560623263,0.6969036424004055,0.5995084492313658,Very high availability,81,473
090101,HUANCAVELICA,HUANCAVELICA,HUANCAVELICA,27.0,1.0,16.0,245.0,12.0,18759.0,8017.0,12.0,12.0,0.0,0.0,0.04897959183673469,0.04897959183673469,0.0,0.0,Missing activity values present,0.3956699951505127,0.8016601989735601,0.5986650970620364,Very high availability,82,472
200602,PIURA,SULLANA,BELLAVISTA,16.0,1.0,5.0,2325.0,1.0,28883.0,14697.0,0.0,0.0,0.0,0.0,0.0,0.0,0.0,0.0,No missing or zero activity values,0.3496607862456018,0.8461461918923585,0.5979034890689802,Very high availability,83,471
180301,MOQUEGUA,ILO,ILO,23.0,2.0,17.0,122.0,3.0,8439.0,6041.0,2.0,2.0,0.0,0.0,0.01639344262295082,0.01639344262295082,0.0,0.0,Missing activity values present,0.43318244639669623,0.7562596180724502,0.5947210322345733,Very high availability,84,470
150201,LIMA,BARRANCA,BARRANCA,40.0,1.0,37.0,62.0,2.0,6871.0,6122.0,2.0,2.0,0.0,0.0,0.03225806451612903,0.03225806451612903,0.0,0.0,Missing activity values present,0.43083378314775134,0.7483703492633946,0.589602066205573,Very high availability,85,469
040104,AREQUIPA,AREQUIPA,CERRO COLORADO,28.0,3.0,16.0,165.0,14.0,3954.0,2802.0,22.0,22.0,0.0,0.0,0.13333333333333333,0.13333333333333333,0.0,0.0,Missing activity values present,0.4873314629788841,0.6911761526973091,0.5892538078380967,Very high availability,86,468
150501,LIMA,CA?ETE,SAN VICENTE DE CA?ETE,20.0,2.0,18.0,90.0,9.0,7013.0,7005.0,14.0,14.0,0.0,0.0,0.15555555555555556,0.15555555555555556,0.0,0.0,Missing activity values present,0.4208702570118438,0.7551465597182434,0.5880084083650436,Very high availability,87,467
120301,JUNIN,CHANCHAMAYO,CHANCHAMAYO,39.0,1.0,33.0,179.0,7.0,8705.0,4015.0,7.0,7.0,0.0,0.0,0.03910614525139665,0.03910614525139665,0.0,0.0,Missing activity values present,0.42855701424237247,0.7395514584997442,0.5840542363710584,Very high availability,88,466
130111,LA LIBERTAD,TRUJILLO,VICTOR LARCO HERRERA,24.0,2.0,17.0,185.0,8.0,6063.0,4417.0,10.0,10.0,0.0,0.0,0.05405405405405406,0.05405405405405406,0.0,0.0,Missing activity values present,0.4369464161847899,0.7288390360961079,0.5828927261404488,Very high availability,89,465
130102,LA LIBERTAD,TRUJILLO,EL PORVENIR,22.0,3.0,9.0,138.0,12.0,3320.0,3320.0,20.0,20.0,0.0,0.0,0.14492753623188406,0.14492753623188406,0.0,0.0,Missing activity values present,0.4659583213086449,0.6914390863519422,0.5786987038302935,Very high availability,90,464
060601,CAJAMARCA,CUTERVO,CUTERVO,58.0,2.0,2.0,251.0,58.0,1890.0,1784.0,110.0,110.0,0.0,0.0,0.43824701195219123,0.43824701195219123,0.0,0.0,Missing activity values present,0.5161188434567904,0.6408731747713865,0.5784960091140885,Very high availability,91,463
190113,PASCO,PASCO,YANACANCHA,23.0,3.0,13.0,123.0,3.0,4006.0,2284.0,0.0,0.0,0.0,0.0,0.0,0.0,0.0,0.0,No missing or zero activity values,0.4698825073938148,0.6827165208115725,0.5762995141026936,Very high availability,92,462
220801,SAN MARTIN,RIOJA,RIOJA,24.0,2.0,17.0,236.0,10.0,4851.0,2911.0,10.0,10.0,0.0,0.0,0.0423728813559322,0.0423728813559322,0.0,0.0,Missing activity values present,0.4369464161847899,0.7012859390880075,0.5691161776363987,Very high availability,93,461
220601,SAN MARTIN,MARISCAL CACERES,JUANJUI,17.0,2.0,9.0,133.0,9.0,6546.0,4163.0,13.0,13.0,0.0,0.0,0.09774436090225563,0.09774436090225563,0.0,0.0,Missing activity values present,0.4066568774721444,0.7293918736583473,0.5680243755652459,Very high availability,94,460
250105,UCAYALI,CORONEL PORTILLO,YARINACOCHA,28.0,1.0,6.0,412.0,23.0,6118.0,4839.0,38.0,38.0,0.0,0.0,0.09223300970873786,0.09223300970873786,0.0,0.0,Missing activity values present,0.39890557119588255,0.7332289894286732,0.5660672803122779,Very high availability,95,459
050501,AYACUCHO,LA MAR,SAN MIGUEL,6.0,1.0,1.0,60.0,1.0,24592.0,24478.0,0.0,0.0,0.0,0.0,0.0,0.0,0.0,0.0,No missing or zero activity values,0.26784747804956727,0.8619785346602218,0.5649130063548945,Very high availability,96,458
050110,AYACUCHO,HUAMANGA,SAN JUAN BAUTISTA,5.0,2.0,0.0,142.0,7.0,29023.0,7515.0,6.0,6.0,0.0,0.0,0.04225352112676056,0.04225352112676056,0.0,0.0,Missing activity values present,0.30535992929575073,0.816809402852001,0.5610846660738759,Very high availability,97,457
060401,CAJAMARCA,CHOTA,CHOTA,42.0,1.0,10.0,119.0,3.0,3468.0,2667.0,2.0,2.0,0.0,0.0,0.01680672268907563,0.01680672268907563,0.0,0.0,Missing activity values present,0.43522530148408467,0.683595292975027,0.5594102972295558,Very high availability,98,456
100101,HUANUCO,HUANUCO,HUANUCO,49.0,2.0,41.0,181.0,9.0,1434.0,1256.0,8.0,8.0,0.0,0.0,0.04419889502762431,0.04419889502762431,0.0,0.0,Missing activity values present,0.5008576747352627,0.6140494515805028,0.5574535631578827,Very high availability,99,455
020105,ANCASH,HUARAZ,INDEPENDENCIA,35.0,3.0,16.0,102.0,22.0,1338.0,1112.0,42.0,42.0,0.0,0.0,0.4117647058823529,0.4117647058823529,0.0,0.0,Missing activity values present,0.5072681970197357,0.6058357690646643,0.5565519830422,Very high availability,100,454
021603,ANCASH,POMABAMBA,PAROBAMBA,6.0,1.0,0.0,693.0,6.0,19873.0,19866.0,0.0,0.0,0.0,0.0,0.0,0.0,0.0,0.0,No missing or zero activity values,0.26784747804956727,0.8439991167704302,0.5559232974099987,Very high availability,101,453
200115,PIURA,PIURA,VEINTISEIS DE OCTUBRE,10.0,3.0,1.0,114.0,2.0,3976.0,3968.0,0.0,0.0,0.0,0.0,0.0,0.0,0.0,0.0,No missing or zero activity values,0.3979484121824117,0.7067228491883788,0.5523356306853953,Very high availability,102,452
150134,LIMA,LIMA,SAN LUIS,95.0,1.0,93.0,59.0,1.0,1055.0,1055.0,0.0,0.0,0.0,0.0,0.0,0.0,0.0,0.0,No missing or zero activity values,0.5092791327117587,0.5937289911378145,0.5515040619247866,Very high availability,103,451
060417,CAJAMARCA,CHOTA,TACABAMBA,13.0,1.0,0.0,576.0,10.0,10095.0,6370.0,0.0,0.0,0.0,0.0,0.0,0.0,0.0,0.0,No missing or zero activity values,0.33175873660003996,0.7659829095736794,0.5488708230868597,Very high availability,104,450
140301,LAMBAYEQUE,LAMBAYEQUE,LAMBAYEQUE,19.0,2.0,14.0,69.0,6.0,3090.0,2772.0,9.0,9.0,0.0,0.0,0.13043478260869565,0.13043478260869565,0.0,0.0,Missing activity values present,0.4163715864777826,0.6805374195269815,0.5484545030023821,Very high availability,105,449
150106,LIMA,LIMA,CARABAYLLO,65.0,1.0,52.0,82.0,12.0,1411.0,1411.0,22.0,22.0,0.0,0.0,0.2682926829268293,0.2682926829268293,0.0,0.0,Missing activity values present,0.4747307271262765,0.6185039830242174,0.5466173550752469,Very high availability,106,448
200501,PIURA,PAITA,PAITA,33.0,1.0,26.0,120.0,2.0,2737.0,2497.0,0.0,0.0,0.0,0.0,0.0,0.0,0.0,0.0,No missing or zero activity values,0.41357204479607457,0.6709370447396484,0.5422545447678615,Very high availability,107,447
120606,JUNIN,SATIPO,PANGOA,42.0,1.0,3.0,130.0,36.0,2105.0,1918.0,70.0,70.0,0.0,0.0,0.5384615384615384,0.5384615384615384,0.0,0.0,Missing activity values present,0.43522530148408467,0.6485018103447258,0.5418635559144052,Very high availability,108,446
040520,AREQUIPA,CAYLLOMA,MAJES,14.0,2.0,9.0,126.0,7.0,4398.0,2688.0,10.0,10.0,0.0,0.0,0.07936507936507936,0.07936507936507936,0.0,0.0,Missing activity values present,0.3898460175532308,0.6937352968115338,0.5417906571823823,Very high availability,109,445
120303,JUNIN,CHANCHAMAYO,PICHANAQUI,34.0,1.0,15.0,98.0,20.0,2594.0,2291.0,38.0,38.0,0.0,0.0,0.3877551020408163,0.3877551020408163,0.0,0.0,Missing activity values present,0.41624482485752,0.664934658655834,0.540589741756677,Very high availability,110,444
230110,TACNA,TACNA,CORONEL GREGORIO ALBARRACIN L.,21.0,1.0,16.0,62.0,2.0,5804.0,2843.0,2.0,2.0,0.0,0.0,0.03225806451612903,0.03225806451612903,0.0,0.0,Missing activity values present,0.37343377894988294,0.7076406935055495,0.5405372362277162,Very high availability,111,443
150605,LIMA,HUARAL,CHANCAY,14.0,1.0,7.0,62.0,2.0,6022.0,5336.0,2.0,2.0,0.0,0.0,0.03225806451612903,0.03225806451612903,0.0,0.0,Missing activity values present,0.3381201867673479,0.7368816684076684,0.5375009275875082,Very high availability,112,442
110304,ICA,NAZCA,MARCONA,8.0,2.0,5.0,60.0,1.0,8450.0,3173.0,0.0,0.0,0.0,0.0,0.0,0.0,0.0,0.0,No missing or zero activity values,0.34274561892167166,0.7279633346408172,0.5353544767812444,Very high availability,113,441
130107,LA LIBERTAD,TRUJILLO,MOCHE,8.0,3.0,1.0,136.0,8.0,3254.0,3240.0,10.0,10.0,0.0,0.0,0.07352941176470588,0.07352941176470588,0.0,0.0,Missing activity values present,0.3794456799187903,0.6895374110925833,0.5344915455056868,Very high availability,114,440
200105,PIURA,PIURA,CATACAOS,19.0,3.0,7.0,106.0,4.0,1377.0,1314.0,0.0,0.0,0.0,0.0,0.0,0.0,0.0,0.0,No missing or zero activity values,0.45307164747490125,0.6143645226399437,0.5337180850574225,Very high availability,115,439
200401,PIURA,MORROPON,CHULUCANAS,15.0,1.0,4.0,83.0,3.0,6826.0,3280.0,2.0,2.0,0.0,0.0,0.024096385542168676,0.024096385542168676,0.0,0.0,Missing activity values present,0.3440709259848924,0.7206230953806293,0.5323470106827608,Very high availability,116,438
230103,TACNA,TACNA,CALANA,2.0,1.0,0.0,60.0,1.0,62798.0,12953.0,0.0,0.0,0.0,0.0,0.0,0.0,0.0,0.0,No missing or zero activity values,0.18972283995939515,0.8726120914420469,0.531167465700721,Very high availability,117,437
220909,SAN MARTIN,SAN MARTIN,LA BANDA DE SHILCAYO,14.0,2.0,11.0,81.0,10.0,3583.0,1979.0,15.0,15.0,0.0,0.0,0.18518518518518517,0.18518518518518517,0.0,0.0,Missing activity values present,0.3898460175532308,0.6718062732951223,0.5308261454241765,Very high availability,118,436
130401,LA LIBERTAD,CHEPEN,CHEPEN,5.0,2.0,3.0,122.0,3.0,7472.0,6258.0,2.0,2.0,0.0,0.0,0.01639344262295082,0.01639344262295082,0.0,0.0,Missing activity values present,0.30535992929575073,0.7527953546131144,0.5290776419544325,Very high availability,119,435
100601,HUANUCO,LEONCIO PRADO,RUPA-RUPA,12.0,1.0,9.0,69.0,2.0,8926.0,3272.0,0.0,0.0,0.0,0.0,0.0,0.0,0.0,0.0,No missing or zero activity values,0.3249256513595553,0.7315756949687977,0.5282506731641765,Very high availability,120,434
110301,ICA,NAZCA,NAZCA,16.0,1.0,12.0,62.0,2.0,4905.0,2982.0,2.0,2.0,0.0,0.0,0.03225806451612903,0.03225806451612903,0.0,0.0,Missing activity values present,0.3496607862456018,0.7028032513948046,0.5262320188202032,Very high availability,121,433
120701,JUNIN,TARMA,TARMA,19.0,1.0,8.0,140.0,13.0,2978.0,2895.0,22.0,22.0,0.0,0.0,0.15714285714285714,0.15714285714285714,0.0,0.0,Missing activity values present,0.3646457556918997,0.6809267488278274,0.5227862522598636,Very high availability,122,432
120601,JUNIN,SATIPO,SATIPO,20.0,1.0,9.0,84.0,13.0,4209.0,1873.0,24.0,24.0,0.0,0.0,0.2857142857142857,0.2857142857142857,0.0,0.0,Missing activity values present,0.3691444262259609,0.6760219487607178,0.5225831874933393,Very high availability,123,431
130103,LA LIBERTAD,TRUJILLO,FLORENCIA DE MORA,7.0,2.0,2.0,187.0,7.0,4279.0,4269.0,8.0,8.0,0.0,0.0,0.0427807486631016,0.0427807486631016,0.0,0.0,Missing activity values present,0.33188549822030255,0.7129700977807553,0.522427798000529,Very high availability,124,430
060410,CAJAMARCA,CHOTA,LAJAS,15.0,0.0,0.0,824.0,15.0,13898.0,7444.0,0.0,0.0,0.0,0.0,0.0,0.0,0.0,0.0,No missing or zero activity values,0.2556450342018909,0.7860268349309167,0.5208359345664038,Very high availability,125,429
010201,AMAZONAS,BAGUA,BAGUA,18.0,2.0,5.0,103.0,4.0,1585.0,1549.0,3.0,3.0,0.0,0.0,0.02912621359223301,0.02912621359223301,0.0,0.0,Missing activity values present,0.41164211618424407,0.6274028622957826,0.5195224892400133,Very high availability,126,428
060901,CAJAMARCA,SAN IGNACIO,SAN IGNACIO,18.0,1.0,0.0,148.0,18.0,5030.0,1572.0,32.0,32.0,0.0,0.0,0.21621621621621623,0.21621621621621623,0.0,0.0,Missing activity values present,0.3599162853983612,0.675658065755725,0.5177871755770431,Very high availability,127,427
221001,SAN MARTIN,TOCACHE,TOCACHE,13.0,1.0,3.0,68.0,4.0,4810.0,2253.0,5.0,5.0,0.0,0.0,0.07352941176470588,0.07352941176470588,0.0,0.0,Missing activity values present,0.33175873660003996,0.6896560223754593,0.5107073794877497,Very high availability,128,426
080801,CUSCO,ESPINAR,ESPINAR,15.0,3.0,11.0,91.0,6.0,1505.0,658.0,6.0,6.0,0.0,0.0,0.06593406593406594,0.06593406593406594,0.0,0.0,Missing activity values present,0.4324968177678939,0.5876021468862545,0.5100494823270741,Very high availability,129,425
090118,HUANCAVELICA,HUANCAVELICA,ASCENSION,5.0,2.0,3.0,110.0,2.0,7908.0,2181.0,0.0,0.0,0.0,0.0,0.0,0.0,0.0,0.0,No missing or zero activity values,0.30535992929575073,0.7087260919630393,0.507043010629395,Very high availability,130,424
030501,APURIMAC,COTABAMBAS,TAMBOBAMBA,15.0,1.0,2.0,20.0,1.0,4970.0,1209.0,0.0,0.0,0.0,0.0,0.0,0.0,0.0,0.0,No missing or zero activity values,0.3440709259848924,0.6636089398597684,0.5038399329223304,Very high availability,131,423
130704,LA LIBERTAD,PACASMAYO,PACASMAYO,4.0,2.0,2.0,120.0,2.0,5136.0,3905.0,0.0,0.0,0.0,0.0,0.0,0.0,0.0,0.0,No missing or zero activity values,0.28854906937683716,0.7165729900484108,0.502561029712624,Very high availability,132,422
040109,AREQUIPA,AREQUIPA,MARIANO MELGAR,12.0,3.0,6.0,137.0,7.0,1071.0,988.0,9.0,9.0,0.0,0.0,0.06569343065693431,0.06569343065693431,0.0,0.0,Missing activity values present,0.4133515431425568,0.5914623981779321,0.5024069706602444,Very high availability,133,421
040201,AREQUIPA,CAMANA,CAMANA,14.0,1.0,13.0,62.0,2.0,3381.0,1850.0,2.0,2.0,0.0,0.0,0.03225806451612903,0.03225806451612903,0.0,0.0,Missing activity values present,0.3381201867673479,0.6664469366912127,0.5022835617292802,Very high availability,134,420
190109,PASCO,PASCO,SIMON BOLIVAR,9.0,2.0,0.0,60.0,1.0,2105.0,2074.0,0.0,0.0,0.0,0.0,0.0,0.0,0.0,0.0,No missing or zero activity values,0.3524603279273099,0.6519437906056006,0.5022020592664552,Very high availability,135,419
120401,JUNIN,JAUJA,JAUJA,8.0,1.0,7.0,124.0,4.0,5263.0,3471.0,4.0,4.0,0.0,0.0,0.03225806451612903,0.03225806451612903,0.0,0.0,Missing activity values present,0.29101978813578877,0.7123930402327067,0.5017064141842478,Very high availability,136,418
020801,ANCASH,CASMA,CASMA,7.0,1.0,2.0,128.0,6.0,6239.0,3626.0,8.0,8.0,0.0,0.0,0.0625,0.0625,0.0,0.0,Missing activity values present,0.28015966743441967,0.721330770825133,0.5007452191297763,Very high availability,137,417
220201,SAN MARTIN,BELLAVISTA,BELLAVISTA,15.0,1.0,9.0,78.0,10.0,3208.0,1571.0,18.0,18.0,0.0,0.0,0.23076923076923078,0.23076923076923078,0.0,0.0,Missing activity values present,0.3440709259848924,0.6570865299635574,0.5005787279742249,Very high availability,138,416
130203,LA LIBERTAD,ASCOPE,CHOCOPE,5.0,1.0,2.0,60.0,1.0,6233.0,6233.0,0.0,0.0,0.0,0.0,0.0,0.0,0.0,0.0,No missing or zero activity values,0.25363409850986784,0.7451433504182504,0.49938872446405913,Very high availability,139,415
060701,CAJAMARCA,HUALGAYOC,BAMBAMARCA,40.0,1.0,5.0,144.0,43.0,818.0,742.0,84.0,84.0,0.0,0.0,0.5833333333333334,0.5833333333333334,0.0,0.0,Missing activity values present,0.43083378314775134,0.567765780127079,0.4992997816374152,Very high availability,140,414
120305,JUNIN,CHANCHAMAYO,SAN RAMON,13.0,2.0,8.0,64.0,5.0,1371.0,1259.0,8.0,8.0,0.0,0.0,0.125,0.125,0.0,0.0,Missing activity values present,0.38348456738592285,0.6123029915490767,0.4978937794674998,Very high availability,141,413
130901,LA LIBERTAD,SANCHEZ CARRION,HUAMACHUCO,15.0,1.0,9.0,79.0,9.0,2490.0,1728.0,14.0,14.0,0.0,0.0,0.17721518987341772,0.17721518987341772,0.0,0.0,Missing activity values present,0.3440709259848924,0.6508340066470879,0.49745246631599016,Very high availability,142,412
040107,AREQUIPA,AREQUIPA,JACOBO HUNTER,16.0,1.0,9.0,76.0,9.0,2358.0,1556.0,16.0,16.0,0.0,0.0,0.21052631578947367,0.21052631578947367,0.0,0.0,Missing activity values present,0.3496607862456018,0.6439741425751626,0.4968174644103822,Very high availability,143,411
100605,HUANUCO,LEONCIO PRADO,LUYANDO,7.0,1.0,3.0,60.0,1.0,4539.0,4027.0,0.0,0.0,0.0,0.0,0.0,0.0,0.0,0.0,No missing or zero activity values,0.28015966743441967,0.7128327049916481,0.4964961862130339,Very high availability,144,410
190301,PASCO,OXAPAMPA,OXAPAMPA,10.0,2.0,0.0,258.0,12.0,1700.0,1568.0,8.0,8.0,0.0,0.0,0.031007751937984496,0.031007751937984496,0.0,0.0,Missing activity values present,0.3612483511852931,0.6308262005826553,0.49603727588397417,Very high availability,145,409
150102,LIMA,LIMA,ANCON,11.0,1.0,7.0,64.0,3.0,2700.0,2700.0,4.0,4.0,0.0,0.0,0.0625,0.0625,0.0,0.0,Missing activity values present,0.3175453570603406,0.6738168277142986,0.4956810923873196,Very high availability,146,408
021101,ANCASH,HUARMEY,HUARMEY,8.0,1.0,4.0,126.0,5.0,5362.0,2462.0,6.0,6.0,0.0,0.0,0.047619047619047616,0.047619047619047616,0.0,0.0,Missing activity values present,0.29101978813578877,0.6980404809907288,0.4945301345632588,Very high availability,147,407
021604,ANCASH,POMABAMBA,QUINUABAMBA,2.0,0.0,0.0,249.0,2.0,33134.0,33134.0,0.0,0.0,0.0,0.0,0.0,0.0,0.0,0.0,No missing or zero activity values,0.10129694817639363,0.8876070548464035,0.49445200151139856,Very high availability,148,406
020701,ANCASH,CARLOS FERMIN FITZCARRALD,SAN LUIS,5.0,0.0,0.0,870.0,5.0,22474.0,9321.0,40.0,50.0,0.0,0.0,0.04597701149425287,0.05747126436781609,0.0,0.0,Missing activity values present,0.16520820672686637,0.8157473418698,0.49047777429833317,Very high availability,149,405
220401,SAN MARTIN,HUALLAGA,SAPOSOA,13.0,2.0,1.0,230.0,13.0,1153.0,1048.0,8.0,8.0,0.0,0.0,0.034782608695652174,0.034782608695652174,0.0,0.0,Missing activity values present,0.38348456738592285,0.5970958924153977,0.4902902299006603,Very high availability,150,404
220804,SAN MARTIN,RIOJA,NUEVA CAJAMARCA,20.0,1.0,8.0,156.0,12.0,1296.0,1174.0,18.0,18.0,0.0,0.0,0.11538461538461539,0.11538461538461539,0.0,0.0,Missing activity values present,0.3691444262259609,0.6069088470578313,0.4880266366418961,Very high availability,151,403
250107,UCAYALI,CORONEL PORTILLO,MANANTAY,16.0,0.0,2.0,501.0,16.0,5086.0,3674.0,19.0,19.0,0.0,0.0,0.03792415169660679,0.03792415169660679,0.0,0.0,Missing activity values present,0.2612348944626003,0.7134849621666505,0.4873599283146254,Very high availability,152,402
210501,PUNO,EL COLLAO,ILAVE,30.0,1.0,11.0,62.0,2.0,824.0,768.0,2.0,2.0,0.0,0.0,0.03225806451612903,0.03225806451612903,0.0,0.0,Missing activity values present,0.40505481308593516,0.5695815264183224,0.48731816975212877,Very high availability,153,401
230104,TACNA,TACNA,CIUDAD NUEVA,10.0,1.0,7.0,60.0,1.0,4522.0,1364.0,0.0,0.0,0.0,0.0,0.0,0.0,0.0,0.0,No missing or zero activity values,0.3095225203994102,0.6650223364201284,0.4872724284097693,Very high availability,154,400
230102,TACNA,TACNA,ALTO DE LA ALIANZA,10.0,1.0,6.0,60.0,1.0,3291.0,1772.0,0.0,0.0,0.0,0.0,0.0,0.0,0.0,0.0,No missing or zero activity values,0.3095225203994102,0.6634386120030438,0.486480566201227,Very high availability,155,399
120302,JUNIN,CHANCHAMAYO,PERENE,28.0,1.0,1.0,238.0,32.0,946.0,715.0,67.0,67.0,0.0,0.0,0.2815126050420168,0.2815126050420168,0.0,0.0,Missing activity values present,0.39890557119588255,0.5721241551271948,0.4855148631615387,Very high availability,156,398
120107,JUNIN,HUANCAYO,CHILCA,28.0,1.0,23.0,94.0,7.0,778.0,758.0,9.0,9.0,0.0,0.0,0.09574468085106383,0.09574468085106383,0.0,0.0,Missing activity values present,0.39890557119588255,0.566639105779843,0.4827723384878628,Very high availability,157,397
090117,HUANCAVELICA,HUANCAVELICA,YAULI,24.0,1.0,0.0,200.0,25.0,1326.0,625.0,33.0,33.0,0.0,0.0,0.165,0.165,0.0,0.0,Missing activity values present,0.385220585398907,0.5801214657489853,0.48267102557394614,Very high availability,158,396
110401,ICA,PALPA,PALPA,13.0,1.0,8.0,83.0,2.0,1996.0,1345.0,0.0,0.0,0.0,0.0,0.0,0.0,0.0,0.0,No missing or zero activity values,0.33175873660003996,0.6306908855214626,0.48122481106075127,Very high availability,159,395
030104,APURIMAC,ABANCAY,CURAHUASI,15.0,2.0,1.0,60.0,1.0,810.0,645.0,0.0,0.0,0.0,0.0,0.0,0.0,0.0,0.0,No missing or zero activity values,0.3957967567707753,0.5612000243559823,0.4784983905633788,Very high availability,160,394
040208,AREQUIPA,CAMANA,SAMUEL PASTOR,6.0,1.0,0.0,35.0,6.0,5915.0,1808.0,5.0,5.0,0.0,0.0,0.14285714285714285,0.14285714285714285,0.0,0.0,Missing activity values present,0.26784747804956727,0.6884967572015623,0.4781721176255648,Very high availability,161,393
150204,LIMA,BARRANCA,SUPE,9.0,1.0,2.0,60.0,1.0,2285.0,2059.0,0.0,0.0,0.0,0.0,0.0,0.0,0.0,0.0,No missing or zero activity values,0.300734497141427,0.6550064226414781,0.4778704598914526,Very high availability,162,392
050509,AYACUCHO,LA MAR,SAMUGARI,4.0,1.0,0.0,272.0,4.0,5782.0,3186.0,2.0,2.0,0.0,0.0,0.007352941176470588,0.007352941176470588,0.0,0.0,Missing activity values present,0.23682323859095428,0.7124988024613098,0.474661020526132,Very high availability,163,391
190307,PASCO,OXAPAMPA,VILLA RICA,18.0,1.0,2.0,113.0,16.0,1006.0,906.0,25.0,25.0,0.0,0.0,0.22123893805309736,0.22123893805309736,0.0,0.0,Missing activity values present,0.3599162853983612,0.585071188543405,0.4724937369708831,Very high availability,164,390
030404,APURIMAC,AYMARAES,CHAPIMARCA,4.0,1.0,0.0,121.0,5.0,6917.0,2384.0,0.0,0.0,0.0,0.0,0.0,0.0,0.0,0.0,No missing or zero activity values,0.23682323859095428,0.7071228464658821,0.4719730425284182,Very high availability,165,389
131201,LA LIBERTAD,VIRU,VIRU,15.0,1.0,4.0,108.0,2.0,1121.0,1111.0,0.0,0.0,0.0,0.0,0.0,0.0,0.0,0.0,No missing or zero activity values,0.3440709259848924,0.5985046948251526,0.4712878104050225,Very high availability,166,388
130104,LA LIBERTAD,TRUJILLO,HUANCHACO,10.0,2.0,2.0,77.0,7.0,1196.0,677.0,18.0,18.0,0.0,0.0,0.23376623376623376,0.23376623376623376,0.0,0.0,Missing activity values present,0.3612483511852931,0.5793838268869218,0.47031608903610744,Very high availability,167,387
200110,PIURA,PIURA,LA UNION,10.0,1.0,4.0,120.0,2.0,2211.0,1183.0,0.0,0.0,0.0,0.0,0.0,0.0,0.0,0.0,No missing or zero activity values,0.3095225203994102,0.6292600734457643,0.46939129692258724,Very high availability,168,386
130702,LA LIBERTAD,PACASMAYO,GUADALUPE,7.0,1.0,2.0,64.0,3.0,2300.0,2165.0,4.0,4.0,0.0,0.0,0.0625,0.0625,0.0,0.0,Missing activity values present,0.28015966743441967,0.6574858616553667,0.4688227645448932,Very high availability,169,385
081301,CUSCO,URUBAMBA,URUBAMBA,8.0,2.0,6.0,60.0,1.0,990.0,990.0,0.0,0.0,0.0,0.0,0.0,0.0,0.0,0.0,No missing or zero activity values,0.34274561892167166,0.588311345565279,0.4655284822434753,Very high availability,170,384
130208,LA LIBERTAD,ASCOPE,CASA GRANDE,4.0,1.0,0.0,52.0,1.0,5480.0,2140.0,0.0,0.0,0.0,0.0,0.0,0.0,0.0,0.0,No missing or zero activity values,0.23682323859095428,0.6927677844511042,0.46479551152102927,Very high availability,171,383
030406,APURIMAC,AYMARAES,COTARUSE,9.0,0.0,1.0,234.0,9.0,7688.0,2715.0,0.0,0.0,0.0,0.0,0.0,0.0,0.0,0.0,No missing or zero activity values,0.21230860535842552,0.717203732212457,0.4647561687854413,Very high availability,172,382
022001,ANCASH,YUNGAY,YUNGAY,9.0,1.0,2.0,72.0,7.0,1640.0,1529.0,12.0,12.0,0.0,0.0,0.16666666666666666,0.16666666666666666,0.0,0.0,Missing activity values present,0.300734497141427,0.6282367825674844,0.4644856398544557,Very high availability,173,381
010401,AMAZONAS,CONDORCANQUI,NIEVA,30.0,1.0,8.0,59.0,1.0,644.0,340.0,0.0,0.0,0.0,0.0,0.0,0.0,0.0,0.0,No missing or zero activity values,0.40505481308593516,0.5236180618605738,0.4643364374732545,Very high availability,174,380
060201,CAJAMARCA,CAJABAMBA,CAJABAMBA,7.0,2.0,2.0,68.0,3.0,1064.0,1007.0,2.0,2.0,0.0,0.0,0.029411764705882353,0.029411764705882353,0.0,0.0,Missing activity values present,0.33188549822030255,0.5920302600920182,0.4619578791561604,Very high availability,175,379
021201,ANCASH,HUAYLAS,CARAZ,8.0,1.0,0.0,76.0,9.0,1707.0,1575.0,16.0,16.0,0.0,0.0,0.21052631578947367,0.21052631578947367,0.0,0.0,Missing activity values present,0.29101978813578877,0.6311916023171809,0.4611056952264848,Very high availability,176,378
090701,HUANCAVELICA,TAYACAJA,PAMPAS,12.0,1.0,8.0,77.0,7.0,1151.0,1051.0,15.0,15.0,0.0,0.0,0.19480519480519481,0.19480519480519481,0.0,0.0,Missing activity values present,0.3249256513595553,0.5971501258032486,0.46103788858140193,Very high availability,177,377
020601,ANCASH,CARHUAZ,CARHUAZ,8.0,1.0,0.0,72.0,7.0,2022.0,1188.0,12.0,12.0,0.0,0.0,0.16666666666666666,0.16666666666666666,0.0,0.0,Missing activity values present,0.29101978813578877,0.625762370808481,0.45839107947213487,Very high availability,178,376
021601,ANCASH,POMABAMBA,POMABAMBA,9.0,1.0,2.0,184.0,7.0,1362.0,1350.0,10.0,10.0,0.0,0.0,0.05434782608695652,0.05434782608695652,0.0,0.0,Missing activity values present,0.300734497141427,0.615102592285268,0.4579185447133475,Very high availability,179,375
080907,CUSCO,LA CONVENCION,KIMBIRI,13.0,1.0,3.0,62.0,2.0,999.0,753.0,2.0,2.0,0.0,0.0,0.03225806451612903,0.03225806451612903,0.0,0.0,Missing activity values present,0.33175873660003996,0.5766472482955636,0.45420299244780177,Very high availability,180,374
190107,PASCO,PASCO,PAUCARTAMBO,10.0,1.0,1.0,81.0,10.0,1174.0,1035.0,33.0,33.0,0.0,0.0,0.4074074074074074,0.4074074074074074,0.0,0.0,Missing activity values present,0.3095225203994102,0.5972904179187498,0.45340646915908,Very high availability,181,373
080105,CUSCO,CUSCO,SAN SEBASTIAN,28.0,0.0,23.0,74.0,6.0,1035.0,1034.0,8.0,8.0,0.0,0.0,0.10810810810810811,0.10810810810810811,0.0,0.0,Missing activity values present,0.31047967941288107,0.5920558497457036,0.4512677645792923,Very high availability,182,372
210608,PUNO,HUANCANE,VILQUE CHICO,9.0,1.0,0.0,84.0,9.0,1285.0,955.0,24.0,24.0,0.0,0.0,0.2857142857142857,0.2857142857142857,0.0,0.0,Missing activity values present,0.300734497141427,0.5974738044704699,0.44910415080594845,Very high availability,183,371
060301,CAJAMARCA,CELENDIN,CELENDIN,8.0,1.0,3.0,75.0,2.0,1220.0,1146.0,0.0,0.0,0.0,0.0,0.0,0.0,0.0,0.0,No missing or zero activity values,0.29101978813578877,0.6033565252736768,0.4471881567047328,Very high availability,184,370
160206,LORETO,ALTO AMAZONAS,LAGUNAS,11.0,0.0,0.0,28.0,14.0,4857.0,1229.0,0.0,0.0,0.0,0.0,0.0,0.0,0.0,0.0,No missing or zero activity values,0.2291194652773391,0.6633826535236219,0.4462510594004805,Very high availability,185,369
030401,APURIMAC,AYMARAES,CHALHUANCA,4.0,1.0,1.0,78.0,4.0,3669.0,1269.0,1.0,1.0,0.0,0.0,0.01282051282051282,0.01282051282051282,0.0,0.0,Missing activity values present,0.23682323859095428,0.6532271510278025,0.4450251948093784,Very high availability,186,368
110111,ICA,ICA,SANTIAGO,6.0,2.0,2.0,108.0,6.0,963.0,668.0,8.0,8.0,0.0,0.0,0.07407407407407407,0.07407407407407407,0.0,0.0,Missing activity values present,0.31957330883545015,0.5698677886882939,0.44472054876187206,Very high availability,187,367
120604,JUNIN,SATIPO,MAZAMARI,14.0,1.0,5.0,88.0,13.0,823.0,457.0,21.0,21.0,0.0,0.0,0.23863636363636365,0.23863636363636365,0.0,0.0,Missing activity values present,0.3381201867673479,0.5467093616135543,0.4424147741904511,Very high availability,188,366
220501,SAN MARTIN,LAMAS,LAMAS,8.0,1.0,4.0,70.0,6.0,1422.0,788.0,10.0,10.0,0.0,0.0,0.14285714285714285,0.14285714285714285,0.0,0.0,Missing activity values present,0.29101978813578877,0.5931932788880235,0.44210653351190615,Very high availability,189,365
230302,TACNA,JORGE BASADRE,ILABAYA,6.0,1.0,2.0,61.0,2.0,1505.0,1247.0,2.0,2.0,0.0,0.0,0.03278688524590164,0.03278688524590164,0.0,0.0,Missing activity values present,0.26784747804956727,0.6157245279156964,0.4417860029826318,Very high availability,190,364
040110,AREQUIPA,AREQUIPA,MIRAFLORES,24.0,1.0,19.0,65.0,6.0,403.0,272.0,10.0,10.0,0.0,0.0,0.15384615384615385,0.15384615384615385,0.0,0.0,Missing activity values present,0.385220585398907,0.49453014904768977,0.4398753672232984,Very high availability,191,363
150509,LIMA,CA?ETE,MALA,11.0,0.0,6.0,60.0,1.0,1997.0,1997.0,0.0,0.0,0.0,0.0,0.0,0.0,0.0,0.0,No missing or zero activity values,0.2291194652773391,0.6481074880742825,0.4386134766758108,Very high availability,192,362
190201,PASCO,DANIEL ALCIDES CARRION,YANAHUANCA,26.0,1.0,1.0,135.0,27.0,292.0,288.0,54.0,54.0,0.0,0.0,0.4,0.4,0.0,0.0,Missing activity values present,0.39231673631218233,0.48379067707831586,0.4380537066952491,Very high availability,193,361
080701,CUSCO,CHUMBIVILCAS,SANTO TOMAS,11.0,1.0,2.0,83.0,13.0,691.0,679.0,24.0,24.0,0.0,0.0,0.2891566265060241,0.2891566265060241,0.0,0.0,Missing activity values present,0.3175453570603406,0.5569150473731193,0.4372302022167299,Very high availability,194,360
220910,SAN MARTIN,SAN MARTIN,MORALES,7.0,1.0,6.0,62.0,2.0,1122.0,995.0,2.0,2.0,0.0,0.0,0.03225806451612903,0.03225806451612903,0.0,0.0,Missing activity values present,0.28015966743441967,0.5936896973333995,0.4369246823839096,Very high availability,195,359
130106,LA LIBERTAD,TRUJILLO,LAREDO,4.0,1.0,1.0,66.0,4.0,1751.0,1751.0,6.0,6.0,0.0,0.0,0.09090909090909091,0.09090909090909091,0.0,0.0,Missing activity values present,0.23682323859095428,0.636902870855329,0.4368630547231417,Very high availability,196,358
050116,AYACUCHO,HUAMANGA,ANDRES AVELINO CACERES D.,5.0,0.0,2.0,68.0,5.0,4516.0,3583.0,8.0,8.0,0.0,0.0,0.11764705882352941,0.11764705882352941,0.0,0.0,Missing activity values present,0.16520820672686637,0.7074798774877775,0.4363440421073219,Very high availability,197,357
210401,PUNO,CHUCUITO,JULI,16.0,1.0,15.0,59.0,2.0,533.0,373.0,1.0,1.0,0.0,0.0,0.01694915254237288,0.01694915254237288,0.0,0.0,Missing activity values present,0.3496607862456018,0.519897941824495,0.4347793640350484,Very high availability,198,356
210301,PUNO,CARABAYA,MACUSANI,6.0,1.0,1.0,69.0,5.0,1554.0,874.0,6.0,6.0,0.0,0.0,0.08695652173913043,0.08695652173913043,0.0,0.0,Missing activity values present,0.26784747804956727,0.6014077258372195,0.43462760194339334,Very high availability,199,355
060108,CAJAMARCA,CAJAMARCA,LOS BA?OS DEL INCA,7.0,1.0,1.0,78.0,9.0,954.0,954.0,14.0,14.0,0.0,0.0,0.1794871794871795,0.1794871794871795,0.0,0.0,Missing activity values present,0.28015966743441967,0.5851557723559022,0.43265771989516094,Very high availability,200,354
150507,LIMA,CA?ETE,IMPERIAL,9.0,1.0,5.0,57.0,1.0,919.0,599.0,0.0,0.0,0.0,0.0,0.0,0.0,0.0,0.0,No missing or zero activity values,0.300734497141427,0.563147321281463,0.431940909211445,Very high availability,201,353
020703,ANCASH,CARLOS FERMIN FITZCARRALD,YAUYA,5.0,0.0,0.0,420.0,5.0,9379.0,1452.0,14.0,14.0,0.0,0.0,0.03333333333333333,0.03333333333333333,0.0,0.0,Missing activity values present,0.16520820672686637,0.6978536806715627,0.4315309436992145,Very high availability,202,352
210201,PUNO,AZANGARO,AZANGARO,5.0,2.0,1.0,62.0,2.0,704.0,669.0,2.0,2.0,0.0,0.0,0.03225806451612903,0.03225806451612903,0.0,0.0,Missing activity values present,0.30535992929575073,0.5570301357264724,0.4311950325111116,Very high availability,203,351
210801,PUNO,MELGAR,AYAVIRI,7.0,1.0,1.0,62.0,2.0,1077.0,772.0,2.0,2.0,0.0,0.0,0.03225806451612903,0.03225806451612903,0.0,0.0,Missing activity values present,0.28015966743441967,0.580840602707215,0.43050013507081736,Very high availability,204,350
131001,LA LIBERTAD,SANTIAGO DE CHUCO,SANTIAGO DE CHUCO,10.0,1.0,1.0,59.0,1.0,634.0,634.0,0.0,0.0,0.0,0.0,0.0,0.0,0.0,0.0,No missing or zero activity values,0.3095225203994102,0.5503548216089544,0.4299386710041823,Very high availability,205,349
200803,PIURA,SECHURA,BERNAL,2.0,1.0,1.0,58.0,1.0,8730.0,824.0,0.0,0.0,0.0,0.0,0.0,0.0,0.0,0.0,No missing or zero activity values,0.18972283995939515,0.6699704771144761,0.4298466585369356,Very high availability,206,348
221005,SAN MARTIN,TOCACHE,UCHIZA,13.0,1.0,1.0,99.0,3.0,500.0,463.0,4.0,4.0,0.0,0.0,0.04040404040404041,0.04040404040404041,0.0,0.0,Missing activity values present,0.33175873660003996,0.526763462235484,0.42926109941776197,Very high availability,207,347
190103,PASCO,PASCO,HUARIACA,4.0,2.0,1.0,116.0,4.0,801.0,793.0,4.0,4.0,0.0,0.0,0.034482758620689655,0.034482758620689655,0.0,0.0,Missing activity values present,0.28854906937683716,0.5698244295939925,0.4291867494854148,Very high availability,208,346
221003,SAN MARTIN,TOCACHE,POLVORA,7.0,0.0,0.0,556.0,2.0,2594.0,2291.0,0.0,0.0,0.0,0.0,0.0,0.0,0.0,0.0,No missing or zero activity values,0.19173377565141816,0.664934658655834,0.4283342171536261,Very high availability,209,345
120607,JUNIN,SATIPO,RIO NEGRO,16.0,0.0,1.0,88.0,15.0,1074.0,1071.0,28.0,28.0,0.0,0.0,0.3181818181818182,0.3181818181818182,0.0,0.0,Missing activity values present,0.2612348944626003,0.5951266438999236,0.42818076918126197,Very high availability,210,344
130601,LA LIBERTAD,OTUZCO,OTUZCO,10.0,1.0,1.0,60.0,1.0,628.0,589.0,0.0,0.0,0.0,0.0,0.0,0.0,0.0,0.0,No missing or zero activity values,0.3095225203994102,0.5467263083895033,0.42812441439445675,Very high availability,211,343
150514,LIMA,CA?ETE,SAN LUIS,5.0,0.0,4.0,60.0,1.0,3249.0,2963.0,0.0,0.0,0.0,0.0,0.0,0.0,0.0,0.0,No missing or zero activity values,0.16520820672686637,0.6855394424802137,0.42537382460354,Very high availability,212,342
120808,JUNIN,YAULI,SANTA ROSA DE SACCO,4.0,1.0,2.0,64.0,3.0,1315.0,1299.0,4.0,4.0,0.0,0.0,0.0625,0.0625,0.0,0.0,Missing activity values present,0.23682323859095428,0.611960790393016,0.42439201449198516,Very high availability,213,341
210701,PUNO,LAMPA,LAMPA,8.0,2.0,1.0,77.0,2.0,495.0,291.0,0.0,0.0,0.0,0.0,0.0,0.0,0.0,0.0,No missing or zero activity values,0.34274561892167166,0.5059538526470464,0.42434973578435903,Very high availability,214,340
210601,PUNO,HUANCANE,HUANCANE,13.0,1.0,3.0,62.0,2.0,428.0,428.0,2.0,2.0,0.0,0.0,0.03225806451612903,0.03225806451612903,0.0,0.0,Missing activity values present,0.33175873660003996,0.516911354762536,0.424335045681288,Very high availability,215,339
090301,HUANCAVELICA,ANGARAES,LIRCAY,23.0,1.0,12.0,29.0,1.0,293.0,194.0,0.0,0.0,0.0,0.0,0.0,0.0,0.0,0.0,No missing or zero activity values,0.38145661561081334,0.4666049121675345,0.42403076388917393,Very high availability,216,338
211301,PUNO,YUNGUYO,YUNGUYO,11.0,1.0,1.0,71.0,7.0,608.0,390.0,12.0,12.0,0.0,0.0,0.16901408450704225,0.16901408450704225,0.0,0.0,Missing activity values present,0.3175453570603406,0.5272753052933025,0.42241033117682153,Very high availability,217,337
160107,LORETO,MAYNAS,NAPO,9.0,1.0,0.0,59.0,1.0,565.0,565.0,0.0,0.0,0.0,0.0,0.0,0.0,0.0,0.0,No missing or zero activity values,0.300734497141427,0.540545168608284,0.4206398328748555,Very high availability,218,336
060402,CAJAMARCA,CHOTA,ANGUIA,5.0,0.0,0.0,280.0,5.0,3336.0,2318.0,0.0,0.0,0.0,0.0,0.0,0.0,0.0,0.0,No missing or zero activity values,0.16520820672686637,0.6758214471740629,0.4205148269504646,Very high availability,219,335
200306,PIURA,HUANCABAMBA,SAN MIGUEL DE EL FAIQUE,9.0,1.0,0.0,60.0,1.0,555.0,555.0,0.0,0.0,0.0,0.0,0.0,0.0,0.0,0.0,No missing or zero activity values,0.300734497141427,0.5390250142533353,0.4198797556973811,Very high availability,220,334
061001,CAJAMARCA,SAN MARCOS,PEDRO GALVEZ,6.0,1.0,1.0,70.0,6.0,1191.0,551.0,9.0,9.0,0.0,0.0,0.12857142857142856,0.12857142857142856,0.0,0.0,Missing activity values present,0.26784747804956727,0.5701567502158025,0.41900211413268484,Very high availability,221,333
021803,ANCASH,SANTA,COISHCO,2.0,0.0,0.0,62.0,2.0,8939.0,3225.0,2.0,2.0,0.0,0.0,0.03225806451612903,0.03225806451612903,0.0,0.0,Missing activity values present,0.10129694817639363,0.7309987201439916,0.41614783416019263,Very high availability,222,332
040401,AREQUIPA,CASTILLA,APLAO,7.0,1.0,5.0,79.0,8.0,672.0,618.0,13.0,13.0,0.0,0.0,0.16455696202531644,0.16455696202531644,0.0,0.0,Missing activity values present,0.28015966743441967,0.5516277772055319,0.4158937223199758,Very high availability,223,331
050601,AYACUCHO,LUCANAS,PUQUIO,5.0,1.0,2.0,114.0,2.0,978.0,737.0,0.0,0.0,0.0,0.0,0.0,0.0,0.0,0.0,No missing or zero activity values,0.25363409850986784,0.574827425757195,0.41423076213353144,Very high availability,224,330
140106,LAMBAYEQUE,CHICLAYO,LA VICTORIA,22.0,1.0,16.0,60.0,5.0,193.0,193.0,8.0,8.0,0.0,0.0,0.13333333333333333,0.13333333333333333,0.0,0.0,Missing activity values present,0.37753242952564336,0.44923452135660413,0.41338347544112375,Very high availability,225,329
050701,AYACUCHO,PARINACOCHAS,CORACORA,9.0,1.0,1.0,60.0,2.0,554.0,401.0,2.0,2.0,0.0,0.0,0.03333333333333333,0.03333333333333333,0.0,0.0,Missing activity values present,0.300734497141427,0.5246681033910081,0.41270130026621754,Very high availability,226,328
021907,ANCASH,SIHUAS,QUICHES,2.0,0.0,0.0,231.0,2.0,12042.0,2033.0,0.0,0.0,0.0,0.0,0.0,0.0,0.0,0.0,No missing or zero activity values,0.10129694817639363,0.7229731649090173,0.4121350565427055,Very high availability,227,327
180106,MOQUEGUA,MARISCAL NIETO,TORATA,6.0,1.0,4.0,57.0,2.0,696.0,615.0,2.0,2.0,0.0,0.0,0.03508771929824561,0.03508771929824561,0.0,0.0,Missing activity values present,0.26784747804956727,0.5528588403445298,0.4103531591970485,Very high availability,228,326
060802,CAJAMARCA,JAEN,BELLAVISTA,9.0,1.0,0.0,98.0,10.0,464.0,416.0,10.0,10.0,0.0,0.0,0.10204081632653061,0.10204081632653061,0.0,0.0,Missing activity values present,0.300734497141427,0.5189849911099054,0.40985974412566617,Very high availability,229,325
090201,HUANCAVELICA,ACOBAMBA,ACOBAMBA,12.0,1.0,9.0,79.0,8.0,342.0,318.0,18.0,18.0,0.0,0.0,0.22784810126582278,0.22784810126582278,0.0,0.0,Missing activity values present,0.3249256513595553,0.49463773377370146,0.4097816925666284,Very high availability,230,324
021001,ANCASH,HUARI,HUARI,6.0,1.0,1.0,62.0,2.0,793.0,518.0,2.0,2.0,0.0,0.0,0.03225806451612903,0.03225806451612903,0.0,0.0,Missing activity values present,0.26784747804956727,0.5506863720784403,0.40926692506400375,Very high availability,231,323
120201,JUNIN,CONCEPCION,CONCEPCION,3.0,1.0,2.0,106.0,5.0,1327.0,1021.0,6.0,6.0,0.0,0.0,0.05660377358490566,0.05660377358490566,0.0,0.0,Missing activity values present,0.21624840888394695,0.6017391379051507,0.4089937733945488,Very high availability,232,322
090103,HUANCAVELICA,HUANCAVELICA,ACORIA,28.0,0.0,0.0,131.0,28.0,389.0,351.0,51.0,51.0,0.0,0.0,0.3893129770992366,0.3893129770992366,0.0,0.0,Missing activity values present,0.31047967941288107,0.5042687367924757,0.40737420810267844,Very high availability,233,321
220104,SAN MARTIN,MOYOBAMBA,JEPELACIO,10.0,1.0,0.0,167.0,11.0,425.0,326.0,7.0,7.0,0.0,0.0,0.041916167664670656,0.041916167664670656,0.0,0.0,Missing activity values present,0.3095225203994102,0.5046654178608614,0.4070939691301358,Very high availability,234,320
220701,SAN MARTIN,PICOTA,PICOTA,7.0,1.0,3.0,67.0,5.0,539.0,502.0,8.0,8.0,0.0,0.0,0.11940298507462686,0.11940298507462686,0.0,0.0,Missing activity values present,0.28015966743441967,0.5334090897354858,0.40678437858495275,Very high availability,235,319
030409,APURIMAC,AYMARAES,LUCRE,4.0,0.0,0.0,119.0,5.0,4168.0,1472.0,0.0,0.0,0.0,0.0,0.0,0.0,0.0,0.0,No missing or zero activity values,0.14839734680795277,0.6650148336640709,0.40670609023601184,Very high availability,236,318
020702,ANCASH,CARLOS FERMIN FITZCARRALD,SAN NICOLAS,3.0,1.0,0.0,146.0,3.0,1848.0,661.0,9.0,23.0,0.0,0.0,0.06164383561643835,0.15753424657534246,0.0,0.0,Missing activity values present,0.21624840888394695,0.5962639267871657,0.4062561678355563,Very high availability,237,317
010307,AMAZONAS,BONGARA,JAZAN,8.0,1.0,7.0,60.0,1.0,459.0,443.0,0.0,0.0,0.0,0.0,0.0,0.0,0.0,0.0,No missing or zero activity values,0.29101978813578877,0.5213021145268506,0.4061609513313197,Very high availability,238,316
010601,AMAZONAS,RODRIGUEZ DE MENDOZA,SAN NICOLAS,5.0,1.0,4.0,69.0,2.0,681.0,681.0,0.0,0.0,0.0,0.0,0.0,0.0,0.0,0.0,No missing or zero activity values,0.25363409850986784,0.5564440967598413,0.4050390976348546,Very high availability,239,315
240201,TUMBES,CONTRALMIRANTE VILLAR,ZORRITOS,5.0,1.0,0.0,62.0,4.0,676.0,611.0,6.0,6.0,0.0,0.0,0.0967741935483871,0.0967741935483871,0.0,0.0,Missing activity values present,0.25363409850986784,0.5513712984830061,0.402502698496437,Very high availability,240,314
150129,LIMA,LIMA,SAN BARTOLO,3.0,0.0,2.0,69.0,2.0,3862.0,2053.0,0.0,0.0,0.0,0.0,0.0,0.0,0.0,0.0,No missing or zero activity values,0.12782251710094544,0.676513645587842,0.40216808134439375,Very high availability,241,313
220301,SAN MARTIN,EL DORADO,SAN JOSE DE SISA,7.0,1.0,2.0,68.0,5.0,521.0,400.0,8.0,8.0,0.0,0.0,0.11764705882352941,0.11764705882352941,0.0,0.0,Missing activity values present,0.28015966743441967,0.5220304404416702,0.40109505393804495,Very high availability,242,312
190308,PASCO,OXAPAMPA,CONSTITUCION,13.0,1.0,0.0,86.0,16.0,245.0,245.0,30.0,30.0,0.0,0.0,0.3488372093023256,0.3488372093023256,0.0,0.0,Missing activity values present,0.33175873660003996,0.4694858712546936,0.40062230392736675,Very high availability,243,311
030415,APURIMAC,AYMARAES,TINTAY,4.0,0.0,0.0,78.0,3.0,3576.0,1241.0,0.0,0.0,0.0,0.0,0.0,0.0,0.0,0.0,No missing or zero activity values,0.14839734680795277,0.6511868503497102,0.3997920985788315,Very high availability,244,310
140206,LAMBAYEQUE,FERRE?AFE,PUEBLO NUEVO,5.0,0.0,3.0,60.0,1.0,2471.0,1189.0,0.0,0.0,0.0,0.0,0.0,0.0,0.0,0.0,No missing or zero activity values,0.16520820672686637,0.6340655973983514,0.39963690206260893,Very high availability,245,309
221002,SAN MARTIN,TOCACHE,NUEVO PROGRESO,6.0,0.0,0.0,262.0,2.0,1508.0,1352.0,0.0,0.0,0.0,0.0,0.0,0.0,0.0,0.0,No missing or zero activity values,0.17942158626656576,0.6193641855367604,0.3993928859016631,Very high availability,246,308
210402,PUNO,CHUCUITO,DESAGUADERO,4.0,0.0,4.0,62.0,2.0,4304.0,1016.0,2.0,2.0,0.0,0.0,0.03225806451612903,0.03225806451612903,0.0,0.0,Missing activity values present,0.14839734680795277,0.6500245342604567,0.39921094053420475,Very high availability,247,307
090705,HUANCAVELICA,TAYACAJA,COLCABAMBA,10.0,1.0,1.0,112.0,9.0,322.0,294.0,21.0,21.0,0.0,0.0,0.1875,0.1875,0.0,0.0,Missing activity values present,0.3095225203994102,0.48871559841265133,0.39911905940603076,Very high availability,248,306
131202,LA LIBERTAD,VIRU,CHAO,11.0,0.0,4.0,60.0,2.0,772.0,772.0,2.0,2.0,0.0,0.0,0.03333333333333333,0.03333333333333333,0.0,0.0,Missing activity values present,0.2291194652773391,0.5671251645490837,0.3981223149132114,Very high availability,249,305
131101,LA LIBERTAD,GRAN CHIMU,CASCAS,5.0,1.0,0.0,59.0,2.0,750.0,422.0,2.0,2.0,0.0,0.0,0.03389830508474576,0.03389830508474576,0.0,0.0,Missing activity values present,0.25363409850986784,0.5393828295549119,0.3965084640323899,Very high availability,250,304
190306,PASCO,OXAPAMPA,PUERTO BERMUDEZ,23.0,1.0,1.0,87.0,21.0,122.0,118.0,60.0,60.0,0.0,0.0,0.6896551724137931,0.6896551724137931,0.0,0.0,Missing activity values present,0.38145661561081334,0.4089194092225585,0.3951880124166859,Very high availability,251,303
030416,APURIMAC,AYMARAES,TORAYA,4.0,0.0,0.0,79.0,4.0,3137.0,1100.0,1.0,1.0,0.0,0.0,0.012658227848101266,0.012658227848101266,0.0,0.0,Missing activity values present,0.14839734680795277,0.6404801348029625,0.39443874080545765,Very high availability,252,302
030601,APURIMAC,CHINCHEROS,CHINCHEROS,6.0,1.0,0.0,61.0,2.0,483.0,416.0,2.0,2.0,0.0,0.0,0.03278688524590164,0.03278688524590164,0.0,0.0,Missing activity values present,0.26784747804956727,0.5206365122769602,0.39424199516326375,Very high availability,253,301
050201,AYACUCHO,CANGALLO,CANGALLO,7.0,1.0,1.0,63.0,6.0,392.0,372.0,5.0,5.0,0.0,0.0,0.07936507936507936,0.07936507936507936,0.0,0.0,Missing activity values present,0.28015966743441967,0.5071367050807076,0.39364818625756365,Very high availability,254,300
240102,TUMBES,TUMBES,CORRALES,5.0,1.0,1.0,61.0,4.0,532.0,501.0,4.0,4.0,0.0,0.0,0.06557377049180328,0.06557377049180328,0.0,0.0,Missing activity values present,0.25363409850986784,0.5327833737459415,0.3932087361279047,Very high availability,255,299
170302,MADRE DE DIOS,TAHUAMANU,IBERIA,7.0,1.0,1.0,59.0,1.0,409.0,344.0,0.0,0.0,0.0,0.0,0.0,0.0,0.0,0.0,No missing or zero activity values,0.28015966743441967,0.5054465116777449,0.3928030895560823,Very high availability,256,298
050503,AYACUCHO,LA MAR,AYNA,6.0,1.0,3.0,76.0,3.0,432.0,431.0,2.0,2.0,0.0,0.0,0.02631578947368421,0.02631578947368421,0.0,0.0,Missing activity values present,0.26784747804956727,0.5176009822024815,0.3927242301260244,Very high availability,257,297
110305,ICA,NAZCA,VISTA ALEGRE,7.0,0.0,2.0,60.0,1.0,1011.0,1011.0,0.0,0.0,0.0,0.0,0.0,0.0,0.0,0.0,No missing or zero activity values,0.19173377565141816,0.5900995752660803,0.3909166754587492,Very high availability,258,296
130202,LA LIBERTAD,ASCOPE,CHICAMA,5.0,1.0,3.0,62.0,1.0,483.0,483.0,0.0,0.0,0.0,0.0,0.0,0.0,0.0,0.0,No missing or zero activity values,0.25363409850986784,0.5271983166966182,0.390416207603243,Very high availability,259,295
160606,LORETO,UCAYALI,VARGAS GUERRA,1.0,0.0,0.0,54.0,1.0,4598.0,3934.0,0.0,0.0,0.0,0.0,0.0,0.0,0.0,0.0,No missing or zero activity values,0.06391125855047272,0.7123364594540809,0.3881238590022768,Very high availability,260,294
130701,LA LIBERTAD,PACASMAYO,SAN PEDRO DE LLOC,4.0,1.0,1.0,61.0,2.0,584.0,532.0,2.0,2.0,0.0,0.0,0.03278688524590164,0.03278688524590164,0.0,0.0,Missing activity values present,0.23682323859095428,0.539261229947132,0.38804223426904316,Very high availability,261,293
160210,LORETO,ALTO AMAZONAS,SANTA CRUZ,7.0,0.0,0.0,22.0,11.0,3021.0,312.0,0.0,0.0,0.0,0.0,0.0,0.0,0.0,0.0,No missing or zero activity values,0.19173377565141816,0.5835353838588766,0.38763457975514737,Very high availability,262,292
100501,HUANUCO,HUAMALIES,LLATA,7.0,1.0,3.0,68.0,6.0,401.0,270.0,10.0,10.0,0.0,0.0,0.14705882352941177,0.14705882352941177,0.0,0.0,Missing activity values present,0.28015966743441967,0.49400166812820345,0.38708066778131156,Very high availability,263,291
050401,AYACUCHO,HUANTA,HUANTA,8.0,1.0,1.0,62.0,2.0,1485.0,60.0,2.0,2.0,0.0,0.0,0.03225806451612903,0.03225806451612903,0.0,0.0,Missing activity values present,0.29101978813578877,0.4822437948260519,0.3866317914809203,Very high availability,264,290
180303,MOQUEGUA,ILO,PACOCHA,2.0,1.0,1.0,60.0,1.0,963.0,844.0,0.0,0.0,0.0,0.0,0.0,0.0,0.0,0.0,No missing or zero activity values,0.18972283995939515,0.5801532906624256,0.38493806531091035,Very high availability,265,289
050115,AYACUCHO,HUAMANGA,JESUS NAZARENO,4.0,1.0,2.0,91.0,3.0,632.0,402.0,4.0,4.0,0.0,0.0,0.04395604395604396,0.04395604395604396,0.0,0.0,Missing activity values present,0.23682323859095428,0.5302005491111621,0.3835118938510582,Very high availability,266,288
050407,AYACUCHO,HUANTA,SIVIA,8.0,1.0,1.0,49.0,2.0,403.0,174.0,2.0,2.0,0.0,0.0,0.04081632653061224,0.04081632653061224,0.0,0.0,Missing activity values present,0.29101978813578877,0.4749464769574172,0.382983132546603,Very high availability,267,287
040122,AREQUIPA,AREQUIPA,SOCABAYA,13.0,0.0,7.0,58.0,9.0,719.0,296.0,16.0,16.0,0.0,0.0,0.27586206896551724,0.27586206896551724,0.0,0.0,Missing activity values present,0.24333284481703843,0.5220703446545936,0.382701594735816,Very high availability,268,286
250201,UCAYALI,ATALAYA,RAIMONDI,19.0,1.0,1.0,74.0,21.0,177.0,68.0,38.0,38.0,0.0,0.0,0.5135135135135135,0.5135135135135135,0.0,0.0,Missing activity values present,0.3646457556918997,0.4001591404210789,0.3824024480564893,Very high availability,269,285
030417,APURIMAC,AYMARAES,YANACA,2.0,0.0,0.0,79.0,3.0,4133.0,1429.0,0.0,0.0,0.0,0.0,0.0,0.0,0.0,0.0,No missing or zero activity values,0.10129694817639363,0.6633624178476097,0.3823296830120017,Very high availability,270,284
220805,SAN MARTIN,RIOJA,PARDO MIGUEL,8.0,1.0,0.0,143.0,8.0,272.0,244.0,13.0,13.0,0.0,0.0,0.09090909090909091,0.09090909090909091,0.0,0.0,Missing activity values present,0.29101978813578877,0.47360113072359017,0.38231045942968944,Very high availability,271,283
070107,CALLAO,CALLAO,MI PERU,3.0,0.0,3.0,62.0,2.0,1805.0,1670.0,2.0,2.0,0.0,0.0,0.03225806451612903,0.03225806451612903,0.0,0.0,Missing activity values present,0.12782251710094544,0.636070107640512,0.38194631237072874,Very high availability,272,282
130501,LA LIBERTAD,JULCAN,JULCAN,7.0,1.0,0.0,82.0,7.0,299.0,256.0,12.0,12.0,0.0,0.0,0.14634146341463414,0.14634146341463414,0.0,0.0,Missing activity values present,0.28015966743441967,0.4795962820185691,0.37987797472649437,Very high availability,273,281
211201,PUNO,SANDIA,SANDIA,5.0,1.0,1.0,57.0,1.0,384.0,370.0,0.0,0.0,0.0,0.0,0.0,0.0,0.0,0.0,No missing or zero activity values,0.25363409850986784,0.5060517999549652,0.3798429492324165,Very high availability,274,280
030402,APURIMAC,AYMARAES,CAPAYA,3.0,0.0,0.0,85.0,3.0,2532.0,899.0,0.0,0.0,0.0,0.0,0.0,0.0,0.0,0.0,No missing or zero activity values,0.12782251710094544,0.6227700772564277,0.3752962971786866,Very high availability,275,279
030414,APURIMAC,AYMARAES,TAPAIRIHUA,3.0,0.0,0.0,57.0,2.0,2458.0,858.0,0.0,0.0,0.0,0.0,0.0,0.0,0.0,0.0,No missing or zero activity values,0.12782251710094544,0.6194939839110452,0.3736582505059953,Very high availability,276,278
120501,JUNIN,JUNIN,JUNIN,4.0,1.0,1.0,64.0,3.0,390.0,379.0,4.0,4.0,0.0,0.0,0.0625,0.0625,0.0,0.0,Missing activity values present,0.23682323859095428,0.5077451174557819,0.3722841780233681,Very high availability,277,277
060508,CAJAMARCA,CONTUMAZA,YONAN,5.0,1.0,0.0,67.0,5.0,321.0,307.0,10.0,10.0,0.0,0.0,0.14925373134328357,0.14925373134328357,0.0,0.0,Missing activity values present,0.25363409850986784,0.49048689674856927,0.37206049762921856,Very high availability,278,276
220504,SAN MARTIN,LAMAS,CAYNARACHI,9.0,1.0,0.0,89.0,9.0,184.0,176.0,14.0,14.0,0.0,0.0,0.15730337078651685,0.15730337078651685,0.0,0.0,Missing activity values present,0.300734497141427,0.44323679092472434,0.37198564403307566,Very high availability,279,275
130201,LA LIBERTAD,ASCOPE,ASCOPE,2.0,2.0,0.0,57.0,1.0,360.0,360.0,0.0,0.0,0.0,0.0,0.0,0.0,0.0,0.0,No missing or zero activity values,0.24144867074527804,0.5021940969286688,0.3718213838369734,Very high availability,280,274
040702,AREQUIPA,ISLAY,COCACHACRA,8.0,2.0,3.0,59.0,6.0,164.0,66.0,10.0,10.0,0.0,0.0,0.1694915254237288,0.1694915254237288,0.0,0.0,Missing activity values present,0.34274561892167166,0.3957362814693056,0.36924095019548864,Very high availability,281,273
120702,JUNIN,TARMA,ACOBAMBA,6.0,1.0,0.0,68.0,6.0,249.0,239.0,10.0,10.0,0.0,0.0,0.14705882352941177,0.14705882352941177,0.0,0.0,Missing activity values present,0.26784747804956727,0.4690635852763244,0.36845553166294587,Very high availability,282,272
160605,LORETO,UCAYALI,SARAYACU,13.0,0.0,0.0,28.0,1.0,321.0,321.0,0.0,0.0,0.0,0.0,0.0,0.0,0.0,0.0,No missing or zero activity values,0.24333284481703843,0.49244452323540533,0.3678886840262219,Very high availability,283,271
220510,SAN MARTIN,LAMAS,TABALOSOS,4.0,1.0,0.0,63.0,4.0,489.0,250.0,6.0,6.0,0.0,0.0,0.09523809523809523,0.09523809523809523,0.0,0.0,Missing activity values present,0.23682323859095428,0.49878876039995634,0.36780599949545534,Very high availability,284,270
190305,PASCO,OXAPAMPA,POZUZO,14.0,1.0,1.0,95.0,13.0,104.0,97.0,24.0,24.0,0.0,0.0,0.25263157894736843,0.25263157894736843,0.0,0.0,Missing activity values present,0.3381201867673479,0.3938438968983071,0.3659820418328275,Very high availability,285,269
030602,APURIMAC,CHINCHEROS,ANCO HUALLO,6.0,1.0,1.0,60.0,1.0,499.0,106.0,0.0,0.0,0.0,0.0,0.0,0.0,0.0,0.0,No missing or zero activity values,0.26784747804956727,0.4620728942907546,0.3649601861701609,Very high availability,286,268
110112,ICA,ICA,SUBTANJALLA,7.0,0.0,2.0,70.0,6.0,549.0,549.0,10.0,10.0,0.0,0.0,0.14285714285714285,0.14285714285714285,0.0,0.0,Missing activity values present,0.19173377565141816,0.5380997422342138,0.36491675894281594,Very high availability,287,267
021701,ANCASH,RECUAY,RECUAY,2.0,1.0,0.0,63.0,3.0,754.0,424.0,4.0,4.0,0.0,0.0,0.06349206349206349,0.06349206349206349,0.0,0.0,Missing activity values present,0.18972283995939515,0.5398096285863173,0.36476623427285626,Very high availability,288,266
200801,PIURA,SECHURA,SECHURA,20.0,2.0,13.0,24.0,1.0,35.0,35.0,0.0,0.0,0.0,0.0,0.0,0.0,0.0,0.0,No missing or zero activity values,0.4208702570118438,0.3055967656076565,0.3632335113097501,Very high availability,289,265
021901,ANCASH,SIHUAS,SIHUAS,3.0,1.0,1.0,85.0,3.0,450.0,350.0,2.0,2.0,0.0,0.0,0.023529411764705882,0.023529411764705882,0.0,0.0,Missing activity values present,0.21624840888394695,0.51013633143423,0.36319237015908845,Very high availability,290,264
040501,AREQUIPA,CAYLLOMA,CHIVAY,4.0,1.0,1.0,62.0,4.0,436.0,222.0,6.0,6.0,0.0,0.0,0.0967741935483871,0.0967741935483871,0.0,0.0,Missing activity values present,0.23682323859095428,0.4888590099313683,0.36284112426116133,Very high availability,291,263
030412,APURIMAC,AYMARAES,SA?AYCA,3.0,0.0,0.0,70.0,3.0,1868.0,667.0,0.0,0.0,0.0,0.0,0.0,0.0,0.0,0.0,No missing or zero activity values,0.12782251710094544,0.597104950479971,0.36246373379045826,Very high availability,292,262
150202,LIMA,BARRANCA,PARAMONGA,12.0,0.0,4.0,29.0,1.0,297.0,297.0,0.0,0.0,0.0,0.0,0.0,0.0,0.0,0.0,No missing or zero activity values,0.23649975957655378,0.485839023803396,0.36116939168997486,Very high availability,293,261
211001,PUNO,SAN ANTONIO DE PUTINA,PUTINA,4.0,1.0,2.0,63.0,4.0,291.0,291.0,6.0,6.0,0.0,0.0,0.09523809523809523,0.09523809523809523,0.0,0.0,Missing activity values present,0.23682323859095428,0.4841044880515008,0.36046386332122754,Very high availability,294,260
240302,TUMBES,ZARUMILLA,AGUAS VERDES,4.0,0.0,0.0,64.0,4.0,841.0,728.0,6.0,6.0,0.0,0.0,0.09375,0.09375,0.0,0.0,Missing activity values present,0.14839734680795277,0.5680702039857284,0.3582337753968406,Very high availability,295,259
190104,PASCO,PASCO,HUAYLLAY,11.0,0.0,4.0,62.0,8.0,392.0,198.0,12.0,12.0,0.0,0.0,0.1935483870967742,0.1935483870967742,0.0,0.0,Missing activity values present,0.2291194652773391,0.479467947774765,0.354293706526052,Very high availability,296,258
030410,APURIMAC,AYMARAES,POCOHUANCA,4.0,0.0,0.0,56.0,2.0,1181.0,433.0,0.0,0.0,0.0,0.0,0.0,0.0,0.0,0.0,No missing or zero activity values,0.14839734680795277,0.5592177085779002,0.3538075276929265,Very high availability,297,257
220803,SAN MARTIN,RIOJA,ELIAS SOPLIN VARGAS,6.0,0.0,0.0,70.0,6.0,512.0,460.0,8.0,8.0,0.0,0.0,0.11428571428571428,0.11428571428571428,0.0,0.0,Missing activity values present,0.17942158626656576,0.5274539185375544,0.3534377524020601,Very high availability,298,256
050801,AYACUCHO,PAUCAR DEL SARA SARA,PAUSA,3.0,1.0,0.0,58.0,1.0,308.0,308.0,0.0,0.0,0.0,0.0,0.0,0.0,0.0,0.0,No missing or zero activity values,0.21624840888394695,0.48893017741373423,0.3525892931488406,Very high availability,299,255
030403,APURIMAC,AYMARAES,CARAYBAMBA,2.0,0.0,0.0,60.0,2.0,1962.0,695.0,0.0,0.0,0.0,0.0,0.0,0.0,0.0,0.0,No missing or zero activity values,0.10129694817639363,0.6009368879050636,0.35111691804072864,Very high availability,300,254
250301,UCAYALI,PADRE ABAD,PADRE ABAD,15.0,1.0,1.0,65.0,9.0,71.0,60.0,15.0,15.0,0.0,0.0,0.23076923076923078,0.23076923076923078,0.0,0.0,Missing activity values present,0.3440709259848924,0.3574058667047405,0.35073839634481646,Very high availability,301,253
030413,APURIMAC,AYMARAES,SORAYA,2.0,0.0,0.0,57.0,2.0,1836.0,647.0,0.0,0.0,0.0,0.0,0.0,0.0,0.0,0.0,No missing or zero activity values,0.10129694817639363,0.595054078455898,0.3481755133161458,Very high availability,302,252
150512,LIMA,CA?ETE,QUILMANA,2.0,0.0,1.0,135.0,1.0,1232.0,894.0,0.0,0.0,0.0,0.0,0.0,0.0,0.0,0.0,No missing or zero activity values,0.10129694817639363,0.592834502249973,0.34706572521318335,Very high availability,303,251
150701,LIMA,HUAROCHIRI,MATUCANA,1.0,1.0,0.0,55.0,1.0,597.0,548.0,0.0,0.0,0.0,0.0,0.0,0.0,0.0,0.0,No missing or zero activity values,0.15233715033347422,0.5414701717830022,0.3469036610582382,Very high availability,304,250
060501,CAJAMARCA,CONTUMAZA,CONTUMAZA,6.0,1.0,1.0,64.0,6.0,145.0,135.0,18.0,18.0,0.0,0.0,0.28125,0.28125,0.0,0.0,Missing activity values present,0.26784747804956727,0.4218693367774354,0.3448584074135013,Very high availability,305,249
021905,ANCASH,SIHUAS,CHINGALPO,2.0,0.0,0.0,206.0,2.0,1734.0,560.0,0.0,0.0,0.0,0.0,0.0,0.0,0.0,0.0,No missing or zero activity values,0.10129694817639363,0.5863490968174022,0.34382302249689795,Very high availability,306,248
120704,JUNIN,TARMA,HUASAHUASI,7.0,1.0,0.0,78.0,7.0,119.0,114.0,30.0,30.0,0.0,0.0,0.38461538461538464,0.38461538461538464,0.0,0.0,Missing activity values present,0.28015966743441967,0.40639534388143256,0.34327750565792614,Very high availability,307,247
220904,SAN MARTIN,SAN MARTIN,CHAZUTA,8.0,1.0,0.0,71.0,8.0,103.0,98.0,28.0,28.0,0.0,0.0,0.39436619718309857,0.39436619718309857,0.0,0.0,Missing activity values present,0.29101978813578877,0.3938963655506149,0.34245807684320184,Very high availability,308,246
150716,LIMA,HUAROCHIRI,SAN ANTONIO,7.0,0.0,1.0,131.0,8.0,319.0,319.0,15.0,15.0,0.0,0.0,0.11450381679389313,0.11450381679389313,0.0,0.0,Missing activity values present,0.19173377565141816,0.4919131919143066,0.34182348378286237,Very high availability,309,245
140113,LAMBAYEQUE,CHICLAYO,REQUE,4.0,0.0,1.0,59.0,1.0,1015.0,281.0,0.0,0.0,0.0,0.0,0.0,0.0,0.0,0.0,No missing or zero activity values,0.14839734680795277,0.5339898024022212,0.341193574605087,Very high availability,310,244
060808,CAJAMARCA,JAEN,PUCARA,2.0,1.0,0.0,60.0,1.0,325.0,295.0,0.0,0.0,0.0,0.0,0.0,0.0,0.0,0.0,No missing or zero activity values,0.18972283995939515,0.4892458893460756,0.33948436465273535,Very high availability,311,243
090204,HUANCAVELICA,ACOBAMBA,CAJA,4.0,0.0,1.0,163.0,4.0,469.0,469.0,0.0,0.0,0.0,0.0,0.0,0.0,0.0,0.0,No missing or zero activity values,0.14839734680795277,0.5246952069856023,0.3365462768967776,Very high availability,312,242
030408,APURIMAC,AYMARAES,JUSTO APU SAHUARAURA,2.0,0.0,0.0,49.0,2.0,1383.0,493.0,0.0,0.0,0.0,0.0,0.0,0.0,0.0,0.0,No missing or zero activity values,0.10129694817639363,0.5714266900124498,0.33636181909442175,Very high availability,313,241
190206,PASCO,DANIEL ALCIDES CARRION,SANTA ANA DE TUSI,16.0,1.0,0.0,58.0,16.0,44.0,40.0,30.0,30.0,0.0,0.0,0.5172413793103449,0.5172413793103449,0.0,0.0,Missing activity values present,0.3496607862456018,0.32052644967961513,0.3350936179626085,Very high availability,314,240
090206,HUANCAVELICA,ACOBAMBA,PAUCARA,11.0,1.0,5.0,50.0,10.0,60.0,60.0,18.0,18.0,0.0,0.0,0.36,0.36,0.0,0.0,Missing activity values present,0.3175453570603406,0.3505687505180737,0.33405705378920714,Very high availability,315,239
210102,PUNO,PUNO,ACORA,21.0,0.0,1.0,87.0,3.0,89.0,84.0,3.0,3.0,0.0,0.0,0.034482758620689655,0.034482758620689655,0.0,0.0,Missing activity values present,0.2850078871668814,0.3812193551421468,0.3331136211545141,Very high availability,316,238
030407,APURIMAC,AYMARAES,HUAYLLO,2.0,0.0,0.0,53.0,2.0,1274.0,459.0,0.0,0.0,0.0,0.0,0.0,0.0,0.0,0.0,No missing or zero activity values,0.10129694817639363,0.5649033781344202,0.3331001631554069,Very high availability,317,237
021014,ANCASH,HUARI,SAN MARCOS,9.0,0.0,4.0,63.0,6.0,192.0,192.0,9.0,9.0,0.0,0.0,0.14285714285714285,0.14285714285714285,0.0,0.0,Missing activity values present,0.21230860535842552,0.4487938051242357,0.33055120524133064,Very high availability,318,236
250304,UCAYALI,PADRE ABAD,NESHUYA,8.0,0.0,1.0,127.0,10.0,225.0,194.0,18.0,18.0,0.0,0.0,0.14173228346456693,0.14173228346456693,0.0,0.0,Missing activity values present,0.20259389635278727,0.45575719408039816,0.3291755452165927,Very high availability,319,235
220303,SAN MARTIN,EL DORADO,SAN MARTIN,5.0,1.0,0.0,57.0,5.0,116.0,112.0,5.0,5.0,0.0,0.0,0.08771929824561403,0.08771929824561403,0.0,0.0,Missing activity values present,0.25363409850986784,0.4045786214668985,0.32910635998838317,Very high availability,320,234
190304,PASCO,OXAPAMPA,PALCAZU,27.0,1.0,0.0,71.0,27.0,20.0,20.0,52.0,52.0,0.0,0.0,0.7323943661971831,0.7323943661971831,0.0,0.0,Missing activity values present,0.3956699951505127,0.2596320057929034,0.32765100047170803,Very high availability,321,233
061101,CAJAMARCA,SAN MIGUEL,SAN MIGUEL,8.0,1.0,1.0,84.0,7.0,84.0,60.0,40.0,40.0,0.0,0.0,0.47619047619047616,0.47619047619047616,0.0,0.0,Missing activity values present,0.29101978813578877,0.3642509371891718,0.3276353626624803,Very high availability,322,232
021902,ANCASH,SIHUAS,ACOBAMBA,1.0,0.0,0.0,54.0,1.0,2198.0,497.0,0.0,0.0,0.0,0.0,0.0,0.0,0.0,0.0,No missing or zero activity values,0.06391125855047272,0.5908765561334348,0.3273939073419538,Very high availability,323,231
061201,CAJAMARCA,SAN PABLO,SAN PABLO,6.0,1.0,0.0,48.0,6.0,90.0,90.0,10.0,10.0,0.0,0.0,0.20833333333333334,0.20833333333333334,0.0,0.0,Missing activity values present,0.26784747804956727,0.384678886585151,0.3262631823173591,Very high availability,324,230
050513,AYACUCHO,LA MAR,RIO MAGDALENA,0.0,0.0,0.0,120.0,1.0,2380.0,1700.0,0.0,0.0,0.0,0.0,0.0,0.0,0.0,0.0,No missing or zero activity values,0.0,0.6482524738741429,0.32412623693707143,Very high availability,325,229
130205,LA LIBERTAD,ASCOPE,PAIJAN,3.0,1.0,1.0,51.0,1.0,157.0,157.0,0.0,0.0,0.0,0.0,0.0,0.0,0.0,0.0,No missing or zero activity values,0.21624840888394695,0.4317300101505732,0.32398920951726007,Very high availability,326,228
220802,SAN MARTIN,RIOJA,AWAJUN,4.0,0.0,0.0,64.0,4.0,373.0,310.0,5.0,5.0,0.0,0.0,0.078125,0.078125,0.0,0.0,Missing activity values present,0.14839734680795277,0.4970874379262113,0.322742392367082,Very high availability,327,227
021806,ANCASH,SANTA,NEPE?A,3.0,0.0,1.0,63.0,3.0,622.0,291.0,4.0,4.0,0.0,0.0,0.06349206349206349,0.06349206349206349,0.0,0.0,Missing activity values present,0.12782251710094544,0.5153551448036258,0.32158883095228563,Very high availability,328,226
040302,AREQUIPA,CARAVELI,ACARI,2.0,0.0,1.0,87.0,2.0,651.0,503.0,2.0,2.0,0.0,0.0,0.022988505747126436,0.022988505747126436,0.0,0.0,Missing activity values present,0.10129694817639363,0.5412691048051852,0.32128302649078944,Very high availability,329,225
030411,APURIMAC,AYMARAES,SAN JUAN DE CHAC?A,1.0,0.0,0.0,29.0,1.0,1482.0,513.0,0.0,0.0,0.0,0.0,0.0,0.0,0.0,0.0,No missing or zero activity values,0.06391125855047272,0.5760236861093051,0.3199674723298889,Very high availability,330,224
250102,UCAYALI,CORONEL PORTILLO,CAMPOVERDE,24.0,0.0,0.0,90.0,26.0,57.0,49.0,49.0,49.0,0.0,0.0,0.5444444444444444,0.5444444444444444,0.0,0.0,Missing activity values present,0.29679469361590555,0.3397317682109115,0.3182632309134085,Very high availability,331,223
021004,ANCASH,HUARI,CHAVIN DE HUANTAR,4.0,0.0,0.0,67.0,4.0,300.0,291.0,9.0,9.0,0.0,0.0,0.13432835820895522,0.13432835820895522,0.0,0.0,Missing activity values present,0.14839734680795277,0.4853563599268962,0.3168768533674245,Very high availability,332,222
090401,HUANCAVELICA,CASTROVIRREYNA,CASTROVIRREYNA,5.0,1.0,1.0,55.0,4.0,87.0,83.0,2.0,2.0,0.0,0.0,0.03636363636363636,0.03636363636363636,0.0,0.0,Missing activity values present,0.25363409850986784,0.37977141400932724,0.31670275625959754,Very high availability,333,221
240301,TUMBES,ZARUMILLA,ZARUMILLA,5.0,1.0,3.0,16.0,3.0,92.0,75.0,4.0,4.0,0.0,0.0,0.25,0.25,0.0,0.0,Missing activity values present,0.25363409850986784,0.3776427848316885,0.31563844167077815,Very high availability,334,220
110102,ICA,ICA,LA TINGUI?A,3.0,0.0,0.0,55.0,4.0,363.0,363.0,6.0,6.0,0.0,0.0,0.10909090909090909,0.10909090909090909,0.0,0.0,Missing activity values present,0.12782251710094544,0.502899853242269,0.3153611851716073,Very high availability,335,219
220203,SAN MARTIN,BELLAVISTA,BAJO BIAVO,10.0,1.0,0.0,70.0,10.0,42.0,42.0,35.0,35.0,0.0,0.0,0.5,0.5,0.0,0.0,Missing activity values present,0.3095225203994102,0.32074913231916596,0.31513582635928805,Very high availability,336,218
020401,ANCASH,ASUNCION,CHACAS,1.0,1.0,0.0,59.0,2.0,263.0,263.0,2.0,2.0,0.0,0.0,0.03389830508474576,0.03389830508474576,0.0,0.0,Missing activity values present,0.15233715033347422,0.47550802448069635,0.3139225874070853,Very high availability,337,217
090717,HUANCAVELICA,TAYACAJA,SURCUBAMBA,7.0,1.0,0.0,51.0,6.0,57.0,53.0,12.0,12.0,0.0,0.0,0.23529411764705882,0.23529411764705882,0.0,0.0,Missing activity values present,0.28015966743441967,0.3431210820169161,0.31164037472566786,Very high availability,338,216
130112,LA LIBERTAD,TRUJILLO,ALTO TRUJILLO,0.0,0.0,0.0,62.0,2.0,1451.0,1192.0,2.0,2.0,0.0,0.0,0.03225806451612903,0.03225806451612903,0.0,0.0,Missing activity values present,0.0,0.6122337720969742,0.3061168860484871,Very high availability,339,215
220503,SAN MARTIN,LAMAS,BARRANQUITA,7.0,0.0,0.0,66.0,7.0,134.0,131.0,18.0,18.0,0.0,0.0,0.2727272727272727,0.2727272727272727,0.0,0.0,Missing activity values present,0.19173377565141816,0.4173243005273113,0.3045290380893647,Very high availability,340,214
200406,PIURA,MORROPON,SALITRAL,5.0,1.0,0.0,46.0,5.0,68.0,56.0,8.0,8.0,0.0,0.0,0.17391304347826086,0.17391304347826086,0.0,0.0,Missing activity values present,0.25363409850986784,0.35266388566837015,0.303148992089119,Very high availability,341,213
090205,HUANCAVELICA,ACOBAMBA,MARCAS,4.0,0.0,2.0,109.0,4.0,212.0,212.0,0.0,0.0,0.0,0.0,0.0,0.0,0.0,0.0,No missing or zero activity values,0.14839734680795277,0.4572024240576048,0.3027998854327788,Very high availability,342,212
020501,ANCASH,BOLOGNESI,CHIQUIAN,2.0,1.0,0.0,49.0,2.0,127.0,127.0,2.0,2.0,0.0,0.0,0.04081632653061224,0.04081632653061224,0.0,0.0,Missing activity values present,0.18972283995939515,0.41377338329991337,0.30174811162965426,Very high availability,343,211
210309,PUNO,CARABAYA,SAN GABAN,7.0,1.0,2.0,33.0,5.0,43.0,43.0,8.0,8.0,0.0,0.0,0.24242424242424243,0.24242424242424243,0.0,0.0,Missing activity values present,0.28015966743441967,0.3227096416768681,0.3014346545556439,Very high availability,344,210
240304,TUMBES,ZARUMILLA,PAPAYAL,5.0,0.0,0.0,58.0,5.0,178.0,151.0,6.0,6.0,0.0,0.0,0.10344827586206896,0.10344827586206896,0.0,0.0,Missing activity values present,0.16520820672686637,0.43517130215758926,0.30018975444222784,Very high availability,345,209
160113,LORETO,MAYNAS,SAN JUAN BAUTISTA,27.0,1.0,12.0,15.0,4.0,10.0,10.0,6.0,6.0,0.0,0.0,0.4,0.4,0.0,0.0,Missing activity values present,0.3956699951505127,0.20448867501975004,0.3000793350851314,Very high availability,346,208
030405,APURIMAC,AYMARAES,COLCABAMBA,1.0,0.0,1.0,28.0,1.0,889.0,314.0,0.0,0.0,0.0,0.0,0.0,0.0,0.0,0.0,No missing or zero activity values,0.06391125855047272,0.533403094881095,0.2986571767157839,Very high availability,347,207
220102,SAN MARTIN,MOYOBAMBA,CALZADA,2.0,0.0,0.0,61.0,2.0,535.0,209.0,0.0,0.0,0.0,0.0,0.0,0.0,0.0,0.0,No missing or zero activity values,0.10129694817639363,0.49463487533958644,0.29796591175799003,Very high availability,348,206
080408,CUSCO,CALCA,YANATILE,11.0,1.0,0.0,31.0,10.0,25.0,25.0,10.0,10.0,0.0,0.0,0.3225806451612903,0.3225806451612903,0.0,0.0,Missing activity values present,0.3175453570603406,0.27784526359607586,0.29769531032820823,Very high availability,349,205
220505,SAN MARTIN,LAMAS,CU?UMBUQUI,6.0,0.0,0.0,69.0,6.0,129.0,127.0,15.0,15.0,0.0,0.0,0.21739130434782608,0.21739130434782608,0.0,0.0,Missing activity values present,0.17942158626656576,0.4144127613265087,0.29691717379653726,Very high availability,350,204
220106,SAN MARTIN,MOYOBAMBA,YANTALO,2.0,0.0,1.0,93.0,2.0,353.0,272.0,0.0,0.0,0.0,0.0,0.0,0.0,0.0,0.0,No missing or zero activity values,0.10129694817639363,0.4890817288140213,0.29518933849520745,Very high availability,351,203
060907,CAJAMARCA,SAN IGNACIO,TABACONAS,9.0,0.0,0.0,91.0,9.0,83.0,83.0,14.0,14.0,0.0,0.0,0.15384615384615385,0.15384615384615385,0.0,0.0,Missing activity values present,0.21230860535842552,0.3778529724500215,0.2950807889042235,Very high availability,352,202
010704,AMAZONAS,UTCUBAMBA,EL MILAGRO,8.0,0.0,3.0,25.0,1.0,93.0,93.0,0.0,0.0,0.0,0.0,0.0,0.0,0.0,0.0,No missing or zero activity values,0.20259389635278727,0.38744491504265,0.2950194056977186,Very high availability,353,201
060811,CAJAMARCA,JAEN,SAN JOSE DEL ALTO,8.0,0.0,0.0,62.0,8.0,115.0,72.0,6.0,6.0,0.0,0.0,0.0967741935483871,0.0967741935483871,0.0,0.0,Missing activity values present,0.20259389635278727,0.38498259662008744,0.29378824648643737,Very high availability,354,200
061007,CAJAMARCA,SAN MARCOS,JOSE SABOGAL,6.0,0.0,0.0,57.0,6.0,156.0,81.0,9.0,9.0,0.0,0.0,0.15789473684210525,0.15789473684210525,0.0,0.0,Missing activity values present,0.17942158626656576,0.4025838342924754,0.29100271027952057,Very high availability,355,199
250104,UCAYALI,CORONEL PORTILLO,MASISEA,22.0,0.0,2.0,65.0,21.0,30.0,29.0,37.0,37.0,0.0,0.0,0.5692307692307692,0.5692307692307692,0.0,0.0,Missing activity values present,0.2891065377426419,0.291400896107143,0.29025371692489244,Very high availability,356,198
040601,AREQUIPA,CONDESUYOS,CHUQUIBAMBA,2.0,1.0,2.0,44.0,1.0,111.0,85.0,0.0,0.0,0.0,0.0,0.0,0.0,0.0,0.0,No missing or zero activity values,0.18972283995939515,0.3907529774103924,0.29023790868489374,Very high availability,357,197
220205,SAN MARTIN,BELLAVISTA,SAN PABLO,6.0,0.0,0.0,71.0,7.0,105.0,104.0,7.0,7.0,0.0,0.0,0.09859154929577464,0.09859154929577464,0.0,0.0,Missing activity values present,0.17942158626656576,0.3972731921946008,0.2883473892305833,Very high availability,358,196
150811,LIMA,HUAURA,SAYAN,10.0,0.0,2.0,41.0,2.0,79.0,52.0,1.0,1.0,0.0,0.0,0.024390243902439025,0.024390243902439025,0.0,0.0,Missing activity values present,0.2210966286164087,0.3555596980186201,0.2883281633175144,Very high availability,359,195
220402,SAN MARTIN,HUALLAGA,ALTO SAPOSOA,3.0,0.0,0.0,120.0,4.0,194.0,189.0,0.0,0.0,0.0,0.0,0.0,0.0,0.0,0.0,No missing or zero activity values,0.12782251710094544,0.448529028290683,0.2881757726958142,Very high availability,360,194
050901,AYACUCHO,SUCRE,QUEROBAMBA,4.0,1.0,1.0,29.0,3.0,53.0,51.0,2.0,2.0,0.0,0.0,0.06896551724137931,0.06896551724137931,0.0,0.0,Missing activity values present,0.23682323859095428,0.33851212244764345,0.28766768051929886,Very high availability,361,193
220913,SAN MARTIN,SAN MARTIN,SAUCE,3.0,0.0,1.0,60.0,3.0,194.0,184.0,6.0,6.0,0.0,0.0,0.1,0.1,0.0,0.0,Missing activity values present,0.12782251710094544,0.44735457616941243,0.28758854663517897,Very high availability,362,192
021903,ANCASH,SIHUAS,ALFONSO UGARTE,1.0,0.0,0.0,75.0,1.0,1049.0,157.0,0.0,0.0,0.0,0.0,0.0,0.0,0.0,0.0,No missing or zero activity values,0.06391125855047272,0.5098347383725854,0.2868729984615291,Very high availability,363,191
060607,CAJAMARCA,CUTERVO,QUEROCOTILLO,23.0,0.0,0.0,63.0,23.0,28.0,22.0,44.0,44.0,0.0,0.0,0.6984126984126984,0.6984126984126984,0.0,0.0,Missing activity values present,0.2930307238278118,0.27694921347879475,0.2849899686533033,Very high availability,364,190
130808,LA LIBERTAD,PATAZ,PARCOY,8.0,2.0,3.0,8.0,1.0,16.0,11.0,0.0,0.0,0.0,0.0,0.0,0.0,0.0,0.0,No missing or zero activity values,0.34274561892167166,0.22627270562274476,0.28450916227220824,Very high availability,365,189
090711,HUANCAVELICA,TAYACAJA,PAZOS,6.0,0.0,0.0,71.0,6.0,92.0,90.0,11.0,11.0,0.0,0.0,0.15492957746478872,0.15492957746478872,0.0,0.0,Missing activity values present,0.17942158626656576,0.3855754231252365,0.28249850469590115,Very high availability,366,188
060812,CAJAMARCA,JAEN,SANTA ROSA,6.0,0.0,0.0,77.0,6.0,89.0,89.0,2.0,2.0,0.0,0.0,0.025974025974025976,0.025974025974025976,0.0,0.0,Missing activity values present,0.17942158626656576,0.38373657422204976,0.2815790802443078,Very high availability,367,187
220403,SAN MARTIN,HUALLAGA,EL ESLABON,2.0,0.0,0.0,117.0,2.0,237.0,209.0,0.0,0.0,0.0,0.0,0.0,0.0,0.0,0.0,No missing or zero activity values,0.10129694817639363,0.46115439100497935,0.2812256695906865,Very high availability,368,186
220911,SAN MARTIN,SAN MARTIN,PAPAPLAYA,6.0,0.0,0.0,54.0,6.0,85.0,80.0,10.0,10.0,0.0,0.0,0.18518518518518517,0.18518518518518517,0.0,0.0,Missing activity values present,0.17942158626656576,0.37722174075391157,0.2783216635102387,Very high availability,369,185
220603,SAN MARTIN,MARISCAL CACERES,HUICUNGO,6.0,0.0,0.0,64.0,7.0,81.0,79.0,4.0,4.0,0.0,0.0,0.0625,0.0625,0.0,0.0,Missing activity values present,0.17942158626656576,0.37471052530620386,0.2770660557863848,Very high availability,370,184
060904,CAJAMARCA,SAN IGNACIO,LA COIPA,17.0,0.0,0.0,137.0,17.0,28.0,28.0,109.0,109.0,0.0,0.0,0.7956204379562044,0.7956204379562044,0.0,0.0,Missing activity values present,0.26650515490326,0.2871576046229451,0.27683137976310257,Very high availability,371,183
220502,SAN MARTIN,LAMAS,ALONSO DE ALVARADO,5.0,0.0,0.0,68.0,5.0,93.0,88.0,9.0,9.0,0.0,0.0,0.1323529411764706,0.1323529411764706,0.0,0.0,Missing activity values present,0.16520820672686637,0.3850377943814157,0.2751230005541411,Very high availability,372,182
250103,UCAYALI,CORONEL PORTILLO,IPARIA,17.0,0.0,5.0,55.0,17.0,27.0,26.0,29.0,29.0,0.0,0.0,0.5272727272727272,0.5272727272727272,0.0,0.0,Missing activity values present,0.26650515490326,0.2825634657633558,0.2745343103333079,Very high availability,373,181
220404,SAN MARTIN,HUALLAGA,PISCOYACU,2.0,0.0,0.0,95.0,2.0,198.0,174.0,0.0,0.0,0.0,0.0,0.0,0.0,0.0,0.0,No missing or zero activity values,0.10129694817639363,0.4457446863700464,0.27352081727322003,Very high availability,374,180
101001,HUANUCO,LAURICOCHA,JESUS,3.0,0.0,2.0,61.0,4.0,163.0,111.0,4.0,4.0,0.0,0.0,0.06557377049180328,0.06557377049180328,0.0,0.0,Missing activity values present,0.12782251710094544,0.4181132778933193,0.27296789749713235,Very high availability,375,179
140102,LAMBAYEQUE,CHICLAYO,CHONGOYAPE,4.0,0.0,1.0,30.0,2.0,113.0,95.0,3.0,3.0,0.0,0.0,0.1,0.1,0.0,0.0,Missing activity values present,0.14839734680795277,0.3963272585957488,0.2723623027018508,High availability,376,178
090119,HUANCAVELICA,HUANCAVELICA,HUANDO,7.0,1.0,1.0,25.0,6.0,22.0,20.0,10.0,10.0,0.0,0.0,0.4,0.4,0.0,0.0,Missing activity values present,0.28015966743441967,0.26338359610627593,0.2717716317703478,High availability,377,177
060804,CAJAMARCA,JAEN,COLASAY,7.0,0.0,0.0,62.0,8.0,61.0,59.0,8.0,8.0,0.0,0.0,0.12903225806451613,0.12903225806451613,0.0,0.0,Missing activity values present,0.19173377565141816,0.350511379435702,0.27112257754356006,High availability,378,176
090719,HUANCAVELICA,TAYACAJA,QUICHUAS,5.0,0.0,3.0,60.0,5.0,80.0,77.0,12.0,12.0,0.0,0.0,0.2,0.2,0.0,0.0,Missing activity values present,0.16520820672686637,0.37308953859435356,0.26914887266060994,High availability,379,175
220707,SAN MARTIN,PICOTA,SAN HILARION,3.0,0.0,0.0,53.0,3.0,124.0,115.0,4.0,4.0,0.0,0.0,0.07547169811320754,0.07547169811320754,0.0,0.0,Missing activity values present,0.12782251710094544,0.40846009983340825,0.2681413084671769,High availability,380,174
220907,SAN MARTIN,SAN MARTIN,HUIMBAYOC,9.0,0.0,0.0,48.0,9.0,45.0,42.0,16.0,16.0,0.0,0.0,0.3333333333333333,0.3333333333333333,0.0,0.0,Missing activity values present,0.21230860535842552,0.3235303471172519,0.26791947623783874,High availability,381,173
200706,PIURA,TALARA,MANCORA,6.0,1.0,4.0,22.0,1.0,22.0,22.0,0.0,0.0,0.0,0.0,0.0,0.0,0.0,0.0,No missing or zero activity values,0.26784747804956727,0.26738993358921204,0.2676187058193896,High availability,382,172
021301,ANCASH,MARISCAL LUZURIAGA,PISCOBAMBA,3.0,1.0,1.0,27.0,2.0,41.0,41.0,2.0,2.0,0.0,0.0,0.07407407407407407,0.07407407407407407,0.0,0.0,Missing activity values present,0.21624840888394695,0.31874248912146247,0.2674954490027047,High availability,383,171
090706,HUANCAVELICA,TAYACAJA,DANIEL HERNANDEZ,4.0,0.0,2.0,60.0,4.0,90.0,89.0,9.0,9.0,0.0,0.0,0.15,0.15,0.0,0.0,Missing activity values present,0.14839734680795277,0.38419225904232657,0.2662948029251397,High availability,384,170
020606,ANCASH,CARHUAZ,MARCARA,5.0,0.0,3.0,47.0,5.0,71.0,70.0,12.0,12.0,0.0,0.0,0.2553191489361702,0.2553191489361702,0.0,0.0,Missing activity values present,0.16520820672686637,0.3640913040072058,0.26464975536703605,High availability,385,169
130403,LA LIBERTAD,CHEPEN,PUEBLO NUEVO,3.0,0.0,0.0,53.0,2.0,148.0,80.0,2.0,2.0,0.0,0.0,0.03773584905660377,0.03773584905660377,0.0,0.0,Missing activity values present,0.12782251710094544,0.39988668543968764,0.26385460127031657,High availability,386,168
051001,AYACUCHO,VICTOR FAJARDO,HUANCAPI,2.0,1.0,1.0,34.0,1.0,50.0,50.0,0.0,0.0,0.0,0.0,0.0,0.0,0.0,0.0,No missing or zero activity values,0.18972283995939515,0.335299803609102,0.2625113217842486,High availability,387,167
060807,CAJAMARCA,JAEN,POMAHUACA,6.0,0.0,0.0,68.0,7.0,57.0,52.0,22.0,22.0,0.0,0.0,0.3235294117647059,0.3235294117647059,0.0,0.0,Missing activity values present,0.17942158626656576,0.3422978927311877,0.26085973949887675,High availability,388,166
250302,UCAYALI,PADRE ABAD,IRAZOLA,7.0,0.0,0.0,63.0,11.0,47.0,46.0,20.0,20.0,0.0,0.0,0.31746031746031744,0.31746031746031744,0.0,0.0,Missing activity values present,0.19173377565141816,0.32920265444830465,0.2604682150498614,High availability,389,165
060803,CAJAMARCA,JAEN,CHONTALI,4.0,0.0,0.0,63.0,4.0,71.0,71.0,2.0,2.0,0.0,0.0,0.031746031746031744,0.031746031746031744,0.0,0.0,Missing activity values present,0.14839734680795277,0.36470724893621553,0.25655229787208417,High availability,390,164
120133,JUNIN,HUANCAYO,SAPALLANGA,6.0,0.0,0.0,40.0,7.0,42.0,42.0,11.0,11.0,0.0,0.0,0.275,0.275,0.0,0.0,Missing activity values present,0.17942158626656576,0.32074913231916596,0.25008535929286585,High availability,391,163
060809,CAJAMARCA,JAEN,SALLIQUE,6.0,0.0,0.0,39.0,8.0,39.0,39.0,5.0,5.0,0.0,0.0,0.1282051282051282,0.1282051282051282,0.0,0.0,Missing activity values present,0.17942158626656576,0.31458174192862953,0.24700166409759766,High availability,392,162
250303,UCAYALI,PADRE ABAD,CURIMANA,6.0,0.0,0.0,44.0,7.0,39.0,39.0,12.0,12.0,0.0,0.0,0.2727272727272727,0.2727272727272727,0.0,0.0,Missing activity values present,0.17942158626656576,0.31458174192862953,0.24700166409759766,High availability,392,162
220405,SAN MARTIN,HUALLAGA,SACANCHE,1.0,0.0,0.0,90.0,2.0,149.0,146.0,0.0,0.0,0.0,0.0,0.0,0.0,0.0,0.0,No missing or zero activity values,0.06391125855047272,0.4264092527017318,0.24516025562610227,High availability,393,161
190101,PASCO,PASCO,CHAUPIMARCA,7.0,0.0,3.0,69.0,4.0,32.0,32.0,50.0,50.0,0.0,0.0,0.7246376811594203,0.7246376811594203,0.0,0.0,Missing activity values present,0.19173377565141816,0.2981765744950192,0.24495517507321868,High availability,394,160
060106,CAJAMARCA,CAJAMARCA,JESUS,6.0,0.0,0.0,30.0,5.0,37.0,37.0,3.0,3.0,0.0,0.0,0.1,0.1,0.0,0.0,Missing activity values present,0.17942158626656576,0.3102075317928934,0.2448145590297296,High availability,395,159
130301,LA LIBERTAD,BOLIVAR,BOLIVAR,2.0,1.0,1.0,21.0,2.0,31.0,30.0,2.0,2.0,0.0,0.0,0.09523809523809523,0.09523809523809523,0.0,0.0,Missing activity values present,0.18972283995939515,0.2941542247793309,0.24193853236936302,High availability,396,158
040706,AREQUIPA,ISLAY,PUNTA DE BOMBON,1.0,0.0,0.0,48.0,1.0,175.0,87.0,0.0,0.0,0.0,0.0,0.0,0.0,0.0,0.0,No missing or zero activity values,0.06391125855047272,0.41040486083910027,0.23715805969478648,High availability,397,157
210303,PUNO,CARABAYA,AYAPATA,4.0,1.0,0.0,19.0,4.0,15.0,15.0,6.0,6.0,0.0,0.0,0.3157894736842105,0.3157894736842105,0.0,0.0,Missing activity values present,0.23682323859095428,0.2364419333142362,0.23663258595259523,High availability,398,156
150119,LIMA,LIMA,LURIN,60.0,1.0,54.0,4.0,2.0,0.0,0.0,4.0,4.0,0.0,0.0,1.0,1.0,0.0,0.0,Missing activity values present,0.4674667791589254,0.0,0.2337333895794627,High availability,399,155
040704,AREQUIPA,ISLAY,ISLAY,2.0,0.0,1.0,44.0,2.0,84.0,61.0,2.0,2.0,0.0,0.0,0.045454545454545456,0.045454545454545456,0.0,0.0,Missing activity values present,0.10129694817639363,0.3649670398700863,0.23313199402323995,High availability,400,154
160601,LORETO,UCAYALI,CONTAMANA,12.0,1.0,6.0,3.0,1.0,6.0,3.0,1.0,1.0,0.0,0.0,0.3333333333333333,0.3333333333333333,0.0,0.0,Missing activity values present,0.3249256513595553,0.14129899382815042,0.23311232259385287,High availability,401,153
150107,LIMA,LIMA,CHACLACAYO,32.0,2.0,25.0,2.0,1.0,0.0,0.0,2.0,2.0,0.0,0.0,1.0,1.0,0.0,0.0,Missing activity values present,0.46254529936168665,0.0,0.23127264968084332,High availability,402,152
220604,SAN MARTIN,MARISCAL CACERES,PACHIZA,7.0,0.0,0.0,26.0,6.0,22.0,22.0,7.0,7.0,0.0,0.0,0.2692307692307692,0.2692307692307692,0.0,0.0,Missing activity values present,0.19173377565141816,0.26738993358921204,0.2295618546203151,High availability,403,151
220703,SAN MARTIN,PICOTA,CASPIZAPA,1.0,0.0,0.0,45.0,1.0,104.0,99.0,0.0,0.0,0.0,0.0,0.0,0.0,0.0,0.0,No missing or zero activity values,0.06391125855047272,0.3947336108863082,0.22932243471839048,High availability,404,150
130402,LA LIBERTAD,CHEPEN,PACANGA,2.0,0.0,0.0,51.0,2.0,82.0,52.0,0.0,0.0,0.0,0.0,0.0,0.0,0.0,0.0,No missing or zero activity values,0.10129694817639363,0.35707787154109005,0.22918740985874184,High availability,405,149
050203,AYACUCHO,CANGALLO,LOS MOROCHUCOS,5.0,1.0,0.0,10.0,5.0,10.0,10.0,4.0,4.0,0.0,0.0,0.4,0.4,0.0,0.0,Missing activity values present,0.25363409850986784,0.20448867501975004,0.22906138676480894,High availability,406,148
210308,PUNO,CARABAYA,OLLACHEA,5.0,0.0,1.0,24.0,4.0,28.0,28.0,7.0,7.0,0.0,0.0,0.2916666666666667,0.2916666666666667,0.0,0.0,Missing activity values present,0.16520820672686637,0.2871576046229451,0.22618290567490573,High availability,407,147
150806,LIMA,HUAURA,HUAURA,10.0,0.0,4.0,12.0,1.0,18.0,11.0,1.0,1.0,0.0,0.0,0.08333333333333333,0.08333333333333333,0.0,0.0,Missing activity values present,0.2210966286164087,0.23085954588802562,0.22597808725221716,High availability,408,146
150906,LIMA,OYON,PACHANGARA,3.0,0.0,0.0,26.0,1.0,52.0,30.0,0.0,0.0,0.0,0.0,0.0,0.0,0.0,0.0,No missing or zero activity values,0.12782251710094544,0.3149616386809472,0.2213920778909463,High availability,409,145
080902,CUSCO,LA CONVENCION,ECHARATE,24.0,2.0,5.0,0.0,0.0,0.0,0.0,0.0,0.0,0.0,0.0,0.0,0.0,0.0,0.0,No missing or zero activity values,0.4369464161847899,0.0,0.21847320809239495,High availability,410,144
150901,LIMA,OYON,OYON,11.0,1.0,4.0,3.0,1.0,3.0,3.0,0.0,0.0,0.0,0.0,0.0,0.0,0.0,0.0,No missing or zero activity values,0.3175453570603406,0.1182209666571181,0.21788316185872936,High availability,411,143
090507,HUANCAVELICA,CHURCAMPA,PAUCARBAMBA,4.0,0.0,0.0,29.0,5.0,28.0,28.0,8.0,8.0,0.0,0.0,0.27586206896551724,0.27586206896551724,0.0,0.0,Missing activity values present,0.14839734680795277,0.2871576046229451,0.21777747571544892,High availability,412,142
090607,HUANCAVELICA,HUAYTARA,PILPICHACA,9.0,0.0,0.0,28.0,9.0,12.0,12.0,16.0,16.0,0.0,0.0,0.5714285714285714,0.5714285714285714,0.0,0.0,Missing activity values present,0.21230860535842552,0.2187347802675168,0.21552169281297118,High availability,413,141
090718,HUANCAVELICA,TAYACAJA,TINTAY PUNCU,4.0,0.0,0.0,22.0,3.0,26.0,26.0,4.0,4.0,0.0,0.0,0.18181818181818182,0.18181818181818182,0.0,0.0,Missing activity values present,0.14839734680795277,0.28106369842580753,0.21473052261688014,High availability,414,140
150812,LIMA,HUAURA,VEGUETA,8.0,0.0,7.0,11.0,1.0,15.0,11.0,1.0,1.0,0.0,0.0,0.09090909090909091,0.09090909090909091,0.0,0.0,Missing activity values present,0.20259389635278727,0.2237726034103413,0.21318324988156429,High availability,415,139
200114,PIURA,PIURA,TAMBO GRANDE,38.0,1.0,13.0,0.0,0.0,0.0,0.0,0.0,0.0,0.0,0.0,0.0,0.0,0.0,0.0,No missing or zero activity values,0.4262225995359489,0.0,0.21311129976797444,High availability,416,138
060805,CAJAMARCA,JAEN,HUABAL,8.0,0.0,1.0,24.0,9.0,13.0,12.0,13.0,13.0,0.0,0.0,0.5416666666666666,0.5416666666666666,0.0,0.0,Missing activity values present,0.20259389635278727,0.22179092312807358,0.2121924097404304,High availability,417,137
220809,SAN MARTIN,RIOJA,YURACYACU,1.0,0.0,0.0,37.0,1.0,70.0,64.0,0.0,0.0,0.0,0.0,0.0,0.0,0.0,0.0,No missing or zero activity values,0.06391125855047272,0.35962617603676855,0.21176871729362062,High availability,418,136
090407,HUANCAVELICA,CASTROVIRREYNA,HUACHOS,4.0,0.0,2.0,24.0,4.0,25.0,23.0,4.0,4.0,0.0,0.0,0.16666666666666666,0.16666666666666666,0.0,0.0,Missing activity values present,0.14839734680795277,0.2743202352157028,0.2113587910118278,High availability,419,135
190302,PASCO,OXAPAMPA,CHONTABAMBA,6.0,0.0,0.0,24.0,6.0,16.0,16.0,10.0,10.0,0.0,0.0,0.4166666666666667,0.4166666666666667,0.0,0.0,Missing activity values present,0.17942158626656576,0.24161190413383282,0.2105167452001993,High availability,420,134
130502,LA LIBERTAD,JULCAN,CALAMARCA,5.0,1.0,0.0,14.0,5.0,6.0,6.0,8.0,8.0,0.0,0.0,0.5714285714285714,0.5714285714285714,0.0,0.0,Missing activity values present,0.25363409850986784,0.1659441063176342,0.20978910241375104,High availability,421,133
060102,CAJAMARCA,CAJAMARCA,ASUNCION,3.0,0.0,0.0,20.0,3.0,30.0,27.0,2.0,2.0,0.0,0.0,0.1,0.1,0.0,0.0,Missing activity values present,0.12782251710094544,0.28836249526959434,0.2080925061852699,High availability,422,132
250106,UCAYALI,CORONEL PORTILLO,NUEVA REQUENA,8.0,0.0,0.0,29.0,10.0,11.0,11.0,18.0,18.0,0.0,0.0,0.6206896551724138,0.6206896551724138,0.0,0.0,Missing activity values present,0.20259389635278727,0.2119088661323873,0.2072513812425873,High availability,423,131
110207,ICA,CHINCHA,PUEBLO NUEVO,11.0,1.0,7.0,4.0,2.0,2.0,2.0,2.0,2.0,0.0,0.0,0.5,0.5,0.0,0.0,Missing activity values present,0.3175453570603406,0.09368789947526918,0.20561662826780489,High availability,424,130
090716,HUANCAVELICA,TAYACAJA,SAN MARCOS DE ROCCHAC,4.0,0.0,0.0,25.0,4.0,20.0,20.0,7.0,7.0,0.0,0.0,0.28,0.28,0.0,0.0,Missing activity values present,0.14839734680795277,0.2596320057929034,0.20401467630042808,High availability,425,129
200201,PIURA,AYABACA,AYABACA,30.0,1.0,0.0,0.0,0.0,0.0,0.0,0.0,0.0,0.0,0.0,0.0,0.0,0.0,0.0,No missing or zero activity values,0.40505481308593516,0.0,0.20252740654296758,High availability,426,128
100313,HUANUCO,DOS DE MAYO,PACHAS,6.0,0.0,0.0,14.0,6.0,13.0,13.0,5.0,5.0,0.0,0.0,0.35714285714285715,0.35714285714285715,0.0,0.0,Missing activity values present,0.17942158626656576,0.22505458964619324,0.2022380879563795,High availability,427,127
070104,CALLAO,CALLAO,LA PERLA,78.0,0.0,69.0,8.0,4.0,0.0,0.0,8.0,8.0,0.0,0.0,1.0,1.0,0.0,0.0,Missing activity values present,0.4028825612422392,0.0,0.2014412806211196,High availability,428,126
090720,HUANCAVELICA,TAYACAJA,ANDAYMARCA,3.0,0.0,0.0,29.0,4.0,24.0,24.0,9.0,9.0,0.0,0.0,0.3103448275862069,0.3103448275862069,0.0,0.0,Missing activity values present,0.12782251710094544,0.27450058388590465,0.20116155049342505,High availability,429,125
090714,HUANCAVELICA,TAYACAJA,SALCABAMBA,5.0,0.0,1.0,27.0,6.0,15.0,15.0,12.0,12.0,0.0,0.0,0.4444444444444444,0.4444444444444444,0.0,0.0,Missing activity values present,0.16520820672686637,0.2364419333142362,0.20082507002055128,High availability,430,124
020508,ANCASH,BOLOGNESI,HUALLANCA,2.0,0.0,1.0,23.0,1.0,31.0,31.0,0.0,0.0,0.0,0.0,0.0,0.0,0.0,0.0,No missing or zero activity values,0.10129694817639363,0.2955524166427953,0.19842468240959446,High availability,431,123
090508,HUANCAVELICA,CHURCAMPA,SAN MIGUEL DE MAYOCC,2.0,0.0,1.0,22.0,2.0,31.0,30.0,3.0,3.0,0.0,0.0,0.13636363636363635,0.13636363636363635,0.0,0.0,Missing activity values present,0.10129694817639363,0.2941542247793309,0.19772558647786226,High availability,432,122
220710,SAN MARTIN,PICOTA,TRES UNIDOS,1.0,0.0,0.0,25.0,1.0,46.0,43.0,0.0,0.0,0.0,0.0,0.0,0.0,0.0,0.0,No missing or zero activity values,0.06391125855047272,0.32542968604598954,0.19467047229823115,High availability,433,121
220702,SAN MARTIN,PICOTA,BUENOS AIRES,4.0,0.0,0.0,19.0,4.0,15.0,15.0,6.0,6.0,0.0,0.0,0.3157894736842105,0.3157894736842105,0.0,0.0,Missing activity values present,0.14839734680795277,0.2364419333142362,0.1924196400610945,High availability,434,120
080910,CUSCO,LA CONVENCION,PICHARI,12.0,1.0,2.0,4.0,2.0,1.0,1.0,3.0,3.0,0.0,0.0,0.75,0.75,0.0,0.0,Missing activity values present,0.3249256513595553,0.05911048332855905,0.1920180673440572,High availability,435,119
190111,PASCO,PASCO,TINYAHUARCO,6.0,1.0,1.0,11.0,5.0,4.0,2.0,9.0,9.0,0.0,0.0,0.8181818181818182,0.8181818181818182,0.0,0.0,Missing activity values present,0.26784747804956727,0.1147538663030161,0.19130067217629168,High availability,436,118
120119,JUNIN,HUANCAYO,HUANCAN,2.0,0.0,0.0,21.0,2.0,26.0,26.0,2.0,2.0,0.0,0.0,0.09523809523809523,0.09523809523809523,0.0,0.0,Missing activity values present,0.10129694817639363,0.28106369842580753,0.19118032330110057,High availability,437,117
090707,HUANCAVELICA,TAYACAJA,HUACHOCOLPA,4.0,0.0,0.0,19.0,3.0,14.0,14.0,6.0,6.0,0.0,0.0,0.3157894736842105,0.3157894736842105,0.0,0.0,Missing activity values present,0.14839734680795277,0.2309381914182215,0.18966776911308714,High availability,438,116
020201,ANCASH,AIJA,AIJA,1.0,0.0,0.0,28.0,1.0,39.0,39.0,0.0,0.0,0.0,0.0,0.0,0.0,0.0,0.0,No missing or zero activity values,0.06391125855047272,0.31458174192862953,0.18924650023955114,High availability,439,115
150109,LIMA,LIMA,CIENEGUILLA,22.0,1.0,19.0,0.0,0.0,0.0,0.0,0.0,0.0,0.0,0.0,0.0,0.0,0.0,0.0,No missing or zero activity values,0.37753242952564336,0.0,0.18876621476282168,High availability,440,114
220709,SAN MARTIN,PICOTA,TINGO DE PONASA,5.0,0.0,0.0,17.0,5.0,11.0,11.0,8.0,8.0,0.0,0.0,0.47058823529411764,0.47058823529411764,0.0,0.0,Missing activity values present,0.16520820672686637,0.2119088661323873,0.18855853642962683,High availability,441,113
220908,SAN MARTIN,SAN MARTIN,JUAN GUERRA,2.0,0.0,0.0,21.0,2.0,24.0,24.0,2.0,2.0,0.0,0.0,0.09523809523809523,0.09523809523809523,0.0,0.0,Missing activity values present,0.10129694817639363,0.27450058388590465,0.18789876603114913,High availability,442,112
010402,AMAZONAS,CONDORCANQUI,EL CENEPA,21.0,1.0,10.0,0.0,0.0,0.0,0.0,0.0,0.0,0.0,0.0,0.0,0.0,0.0,0.0,No missing or zero activity values,0.37343377894988294,0.0,0.18671688947494147,High availability,443,111
200304,PIURA,HUANCABAMBA,HUARMACA,21.0,1.0,0.0,0.0,0.0,0.0,0.0,0.0,0.0,0.0,0.0,0.0,0.0,0.0,0.0,No missing or zero activity values,0.37343377894988294,0.0,0.18671688947494147,High availability,443,111
150123,LIMA,LIMA,PACHACAMAC,55.0,0.0,40.0,10.0,5.0,0.0,0.0,10.0,10.0,0.0,0.0,1.0,1.0,0.0,0.0,Missing activity values present,0.371155361917984,0.0,0.185577680958992,High availability,444,110
150510,LIMA,CA?ETE,NUEVO IMPERIAL,8.0,0.0,2.0,5.0,1.0,6.0,6.0,0.0,0.0,0.0,0.0,0.0,0.0,0.0,0.0,No missing or zero activity values,0.20259389635278727,0.1659441063176342,0.18426900133521074,High availability,445,109
051005,AYACUCHO,VICTOR FAJARDO,CANARIA,4.0,0.0,0.0,17.0,4.0,12.0,12.0,6.0,6.0,0.0,0.0,0.35294117647058826,0.35294117647058826,0.0,0.0,Missing activity values present,0.14839734680795277,0.2187347802675168,0.1835660635377348,High availability,446,108
050202,AYACUCHO,CANGALLO,CHUSCHI,6.0,0.0,0.0,18.0,6.0,8.0,8.0,10.0,10.0,0.0,0.0,0.5555555555555556,0.5555555555555556,0.0,0.0,Missing activity values present,0.17942158626656576,0.18737579895053835,0.18339869260855207,High availability,447,107
160304,LORETO,LORETO,TROMPETEROS,19.0,1.0,16.0,0.0,0.0,0.0,0.0,0.0,0.0,0.0,0.0,0.0,0.0,0.0,0.0,No missing or zero activity values,0.3646457556918997,0.0,0.18232287784594986,High availability,448,106
220912,SAN MARTIN,SAN MARTIN,SAN ANTONIO,3.0,0.0,0.0,18.0,3.0,15.0,15.0,4.0,4.0,0.0,0.0,0.2222222222222222,0.2222222222222222,0.0,0.0,Missing activity values present,0.12782251710094544,0.2364419333142362,0.18213222520759081,High availability,449,105
021501,ANCASH,PALLASCA,CABANA,2.0,0.0,1.0,16.0,2.0,30.0,14.0,2.0,2.0,0.0,0.0,0.125,0.125,0.0,0.0,Missing activity values present,0.10129694817639363,0.26087514861225697,0.1810860483943253,High availability,450,104
021509,ANCASH,PALLASCA,PAMPAS,5.0,0.0,1.0,10.0,2.0,9.0,9.0,2.0,2.0,0.0,0.0,0.2,0.2,0.0,0.0,Missing activity values present,0.16520820672686637,0.1963607752715114,0.1807844909991889,High availability,451,103
220708,SAN MARTIN,PICOTA,SHAMBOYACU,5.0,0.0,0.0,16.0,5.0,9.0,9.0,8.0,8.0,0.0,0.0,0.5,0.5,0.0,0.0,Missing activity values present,0.16520820672686637,0.1963607752715114,0.1807844909991889,High availability,451,103
090208,HUANCAVELICA,ACOBAMBA,ROSARIO,10.0,0.0,0.0,21.0,10.0,4.0,4.0,18.0,18.0,0.0,0.0,0.8571428571428571,0.8571428571428571,0.0,0.0,Missing activity values present,0.2210966286164087,0.13725029194295232,0.1791734602796805,High availability,452,102
090102,HUANCAVELICA,HUANCAVELICA,ACOBAMBILLA,6.0,0.0,0.0,15.0,6.0,7.0,7.0,8.0,8.0,0.0,0.0,0.5333333333333333,0.5333333333333333,0.0,0.0,Missing activity values present,0.17942158626656576,0.17733144998567718,0.17837651812612149,High availability,453,101
060109,CAJAMARCA,CAJAMARCA,MAGDALENA,4.0,0.0,0.0,21.0,5.0,11.0,10.0,11.0,11.0,0.0,0.0,0.5238095238095238,0.5238095238095238,0.0,0.0,Missing activity values present,0.14839734680795277,0.2080769421230851,0.17823714446551894,High availability,454,100
030506,APURIMAC,COTABAMBAS,CHALLHUAHUACHO,17.0,1.0,8.0,0.0,0.0,0.0,0.0,0.0,0.0,0.0,0.0,0.0,0.0,0.0,0.0,No missing or zero activity values,0.3549310466862615,0.0,0.17746552334313076,High availability,455,99
150714,LIMA,HUAROCHIRI,RICARDO PALMA,1.0,1.0,0.0,11.0,1.0,12.0,8.0,1.0,5.0,0.0,0.0,0.09090909090909091,0.45454545454545453,0.0,0.0,Missing activity values present,0.15233715033347422,0.2025404219832489,0.17743878615836156,High availability,456,98
090207,HUANCAVELICA,ACOBAMBA,POMACOCHA,5.0,0.0,2.0,19.0,5.0,8.0,8.0,12.0,12.0,0.0,0.0,0.631578947368421,0.631578947368421,0.0,0.0,Missing activity values present,0.16520820672686637,0.18737579895053835,0.17629200283870236,High availability,457,97
150511,LIMA,CA?ETE,PACARAN,1.0,0.0,0.0,21.0,1.0,31.0,26.0,0.0,0.0,0.0,0.0,0.0,0.0,0.0,0.0,No missing or zero activity values,0.06391125855047272,0.28807017442599653,0.1759907164882346,High availability,458,96
080104,CUSCO,CUSCO,SAN JERONIMO,16.0,1.0,14.0,6.0,3.0,0.0,0.0,6.0,6.0,0.0,0.0,1.0,1.0,0.0,0.0,Missing activity values present,0.3496607862456018,0.0,0.1748303931228009,High availability,459,95
080914,CUSCO,LA CONVENCION,MEGANTONI,16.0,1.0,0.0,0.0,0.0,0.0,0.0,0.0,0.0,0.0,0.0,0.0,0.0,0.0,0.0,No missing or zero activity values,0.3496607862456018,0.0,0.1748303931228009,High availability,459,95
010205,AMAZONAS,BAGUA,IMAZA,41.0,0.0,2.0,0.0,0.0,0.0,0.0,0.0,0.0,0.0,0.0,0.0,0.0,0.0,0.0,No missing or zero activity values,0.3446297929934321,0.0,0.17231489649671605,High availability,460,94
090411,HUANCAVELICA,CASTROVIRREYNA,SANTA ANA,5.0,0.0,3.0,12.0,4.0,7.0,7.0,6.0,6.0,0.0,0.0,0.5,0.5,0.0,0.0,Missing activity values present,0.16520820672686637,0.17733144998567718,0.17126982835627177,High availability,461,93
020507,ANCASH,BOLOGNESI,COLQUIOC,1.0,0.0,0.0,22.0,1.0,25.0,25.0,0.0,0.0,0.0,0.0,0.0,0.0,0.0,0.0,No missing or zero activity values,0.06391125855047272,0.27784526359607586,0.1708782610732743,High availability,462,92
021503,ANCASH,PALLASCA,CONCHUCOS,5.0,0.0,1.0,8.0,2.0,8.0,6.0,2.0,2.0,0.0,0.0,0.25,0.25,0.0,0.0,Missing activity values present,0.16520820672686637,0.17630807625803996,0.17075814149245316,High availability,463,91
020202,ANCASH,AIJA,CORIS,3.0,0.0,0.0,13.0,3.0,11.0,11.0,3.0,3.0,0.0,0.0,0.23076923076923078,0.23076923076923078,0.0,0.0,Missing activity values present,0.12782251710094544,0.2119088661323873,0.16986569161666637,High availability,464,90
010703,AMAZONAS,UTCUBAMBA,CUMBA,10.0,0.0,1.0,4.0,1.0,3.0,3.0,1.0,1.0,0.0,0.0,0.25,0.25,0.0,0.0,Missing activity values present,0.2210966286164087,0.1182209666571181,0.1696587976367634,High availability,465,89
130504,LA LIBERTAD,JULCAN,HUASO,7.0,1.0,0.0,14.0,7.0,1.0,1.0,13.0,13.0,0.0,0.0,0.9285714285714286,0.9285714285714286,0.0,0.0,Missing activity values present,0.28015966743441967,0.05911048332855905,0.16963507538148936,High availability,466,88
220903,SAN MARTIN,SAN MARTIN,CACATACHI,1.0,0.0,0.0,18.0,1.0,24.0,24.0,0.0,0.0,0.0,0.0,0.0,0.0,0.0,0.0,No missing or zero activity values,0.06391125855047272,0.27450058388590465,0.16920592121818867,High availability,467,87
030504,APURIMAC,COTABAMBAS,HAQUIRA,14.0,1.0,0.0,0.0,0.0,0.0,0.0,0.0,0.0,0.0,0.0,0.0,0.0,0.0,0.0,No missing or zero activity values,0.3381201867673479,0.0,0.16906009338367395,High availability,468,86
040129,AREQUIPA,AREQUIPA,JOSE LUIS BUSTAMANTE Y RIVERO,38.0,0.0,33.0,14.0,7.0,0.0,0.0,14.0,14.0,0.0,0.0,1.0,1.0,0.0,0.0,Missing activity values present,0.3377967077529474,0.0,0.1688983538764737,High availability,469,85
040305,AREQUIPA,CARAVELI,BELLA UNION,1.0,0.0,0.0,18.0,1.0,25.0,22.0,0.0,0.0,0.0,0.0,0.0,0.0,0.0,0.0,No missing or zero activity values,0.06391125855047272,0.2724459376932367,0.1681785981218547,High availability,470,84
090703,HUANCAVELICA,TAYACAJA,ACRAQUIA,4.0,0.0,2.0,17.0,4.0,8.0,8.0,9.0,9.0,0.0,0.0,0.5294117647058824,0.5294117647058824,0.0,0.0,Missing activity values present,0.14839734680795277,0.18737579895053835,0.16788657287924558,High availability,471,83
100307,HUANUCO,DOS DE MAYO,CHUQUIS,4.0,0.0,0.0,11.0,4.0,8.0,8.0,3.0,3.0,0.0,0.0,0.2727272727272727,0.2727272727272727,0.0,0.0,Missing activity values present,0.14839734680795277,0.18737579895053835,0.16788657287924558,High availability,471,83
220705,SAN MARTIN,PICOTA,PUCACACA,2.0,0.0,0.0,15.0,2.0,15.0,14.0,2.0,2.0,0.0,0.0,0.13333333333333333,0.13333333333333333,0.0,0.0,Missing activity values present,0.10129694817639363,0.23359969914638262,0.16744832366138812,High availability,472,82
090709,HUANCAVELICA,TAYACAJA,HUARIBAMBA,6.0,0.0,3.0,18.0,6.0,5.0,5.0,15.0,15.0,0.0,0.0,0.8333333333333334,0.8333333333333334,0.0,0.0,Missing activity values present,0.17942158626656576,0.15279838280382824,0.166109984535197,High availability,473,81
200302,PIURA,HUANCABAMBA,CANCHAQUE,7.0,2.0,0.0,0.0,0.0,0.0,0.0,0.0,0.0,0.0,0.0,0.0,0.0,0.0,0.0,No missing or zero activity values,0.33188549822030255,0.0,0.16594274911015128,High availability,474,80
060104,CAJAMARCA,CAJAMARCA,COSPAN,3.0,0.0,0.0,10.0,3.0,12.0,8.0,3.0,3.0,0.0,0.0,0.3,0.3,0.0,0.0,Missing activity values present,0.12782251710094544,0.2025404219832489,0.16518146954209717,High availability,475,79
190110,PASCO,PASCO,TICLACAYAN,7.0,0.0,0.0,16.0,7.0,4.0,4.0,12.0,12.0,0.0,0.0,0.75,0.75,0.0,0.0,Missing activity values present,0.19173377565141816,0.13725029194295232,0.16449203379718524,High availability,476,78
090502,HUANCAVELICA,CHURCAMPA,ANCO,4.0,0.0,0.0,13.0,4.0,7.0,7.0,7.0,7.0,0.0,0.0,0.5384615384615384,0.5384615384615384,0.0,0.0,Missing activity values present,0.14839734680795277,0.17733144998567718,0.162864398396815,High availability,477,77
160301,LORETO,LORETO,NAUTA,12.0,1.0,4.0,0.0,0.0,0.0,0.0,0.0,0.0,0.0,0.0,0.0,0.0,0.0,0.0,No missing or zero activity values,0.3249256513595553,0.0,0.16246282567977766,High availability,478,76
140201,LAMBAYEQUE,FERREÑAFE,FERREÑAFE,12.0,1.0,10.0,0.0,0.0,0.0,0.0,0.0,0.0,0.0,0.0,0.0,0.0,0.0,0.0,No missing or zero activity values,0.3249256513595553,0.0,0.16246282567977766,High availability,478,76
010702,AMAZONAS,UTCUBAMBA,CAJARURO,32.0,0.0,5.0,0.0,0.0,0.0,0.0,0.0,0.0,0.0,0.0,0.0,0.0,0.0,0.0,No missing or zero activity values,0.3223935767928023,0.0,0.16119678839640114,High availability,479,75
040310,AREQUIPA,CARAVELI,JAQUI,1.0,0.0,0.0,17.0,1.0,20.0,19.0,0.0,0.0,0.0,0.0,0.0,0.0,0.0,0.0,No missing or zero activity values,0.06391125855047272,0.25748331894335585,0.1606972887469143,High availability,480,74
081304,CUSCO,URUBAMBA,MACHUPICCHU,11.0,1.0,8.0,2.0,1.0,0.0,0.0,2.0,2.0,0.0,0.0,1.0,1.0,0.0,0.0,Missing activity values present,0.3175453570603406,0.0,0.1587726785301703,High availability,481,73
130809,LA LIBERTAD,PATAZ,PATAZ,11.0,1.0,6.0,0.0,0.0,0.0,0.0,0.0,0.0,0.0,0.0,0.0,0.0,0.0,0.0,No missing or zero activity values,0.3175453570603406,0.0,0.1587726785301703,High availability,481,73
080909,CUSCO,LA CONVENCION,VILCABAMBA,11.0,1.0,0.0,0.0,0.0,0.0,0.0,0.0,0.0,0.0,0.0,0.0,0.0,0.0,0.0,No missing or zero activity values,0.3175453570603406,0.0,0.1587726785301703,High availability,481,73
150104,LIMA,LIMA,BARRANCO,30.0,0.0,28.0,4.0,2.0,0.0,0.0,4.0,4.0,0.0,0.0,1.0,1.0,0.0,0.0,Missing activity values present,0.31662892130293363,0.0,0.15831446065146682,High availability,482,72
040703,AREQUIPA,ISLAY,DEAN VALDIVIA,3.0,0.0,0.0,12.0,3.0,8.0,8.0,4.0,4.0,0.0,0.0,0.3333333333333333,0.3333333333333333,0.0,0.0,Missing activity values present,0.12782251710094544,0.18737579895053835,0.1575991580257419,High availability,483,71
090722,HUANCAVELICA,TAYACAJA,PICHOS,2.0,0.0,1.0,10.0,2.0,11.0,11.0,3.0,3.0,0.0,0.0,0.3,0.3,0.0,0.0,Missing activity values present,0.10129694817639363,0.2119088661323873,0.15660290715439046,High availability,484,70
060806,CAJAMARCA,JAEN,LAS PIRIAS,2.0,0.0,0.0,11.0,2.0,11.0,11.0,0.0,0.0,0.0,0.0,0.0,0.0,0.0,0.0,No missing or zero activity values,0.10129694817639363,0.2119088661323873,0.15660290715439046,High availability,484,70
090601,HUANCAVELICA,HUAYTARA,HUAYTARA,3.0,1.0,2.0,6.0,3.0,2.0,2.0,4.0,4.0,0.0,0.0,0.6666666666666666,0.6666666666666666,0.0,0.0,Missing activity values present,0.21624840888394695,0.09368789947526918,0.15496815417960808,High availability,485,69
130614,LA LIBERTAD,OTUZCO,USQUIL,10.0,1.0,0.0,0.0,0.0,0.0,0.0,0.0,0.0,0.0,0.0,0.0,0.0,0.0,0.0,No missing or zero activity values,0.3095225203994102,0.0,0.1547612601997051,High availability,486,68
030204,APURIMAC,ANDAHUAYLAS,HUANCARAMA,10.0,1.0,0.0,0.0,0.0,0.0,0.0,0.0,0.0,0.0,0.0,0.0,0.0,0.0,0.0,No missing or zero activity values,0.3095225203994102,0.0,0.1547612601997051,High availability,486,68
160401,LORETO,MARISCAL RAMON CASTILLA,RAMON CASTILLA,10.0,1.0,1.0,0.0,0.0,0.0,0.0,0.0,0.0,0.0,0.0,0.0,0.0,0.0,0.0,No missing or zero activity values,0.3095225203994102,0.0,0.1547612601997051,High availability,486,68
200301,PIURA,HUANCABAMBA,HUANCABAMBA,10.0,1.0,1.0,2.0,1.0,0.0,0.0,2.0,2.0,0.0,0.0,1.0,1.0,0.0,0.0,Missing activity values present,0.3095225203994102,0.0,0.1547612601997051,High availability,486,68
210901,PUNO,MOHO,MOHO,10.0,1.0,1.0,0.0,0.0,0.0,0.0,0.0,0.0,0.0,0.0,0.0,0.0,0.0,0.0,No missing or zero activity values,0.3095225203994102,0.0,0.1547612601997051,High availability,486,68
030213,APURIMAC,ANDAHUAYLAS,SAN JERONIMO,10.0,1.0,2.0,0.0,0.0,0.0,0.0,0.0,0.0,0.0,0.0,0.0,0.0,0.0,0.0,No missing or zero activity values,0.3095225203994102,0.0,0.1547612601997051,High availability,486,68
130602,LA LIBERTAD,OTUZCO,AGALLPAMPA,10.0,1.0,0.0,0.0,0.0,0.0,0.0,0.0,0.0,0.0,0.0,0.0,0.0,0.0,0.0,No missing or zero activity values,0.3095225203994102,0.0,0.1547612601997051,High availability,486,68
220808,SAN MARTIN,RIOJA,YORONGOS,2.0,0.0,0.0,10.0,2.0,10.0,10.0,2.0,2.0,0.0,0.0,0.2,0.2,0.0,0.0,Missing activity values present,0.10129694817639363,0.20448867501975004,0.15289281159807183,High availability,487,67
220807,SAN MARTIN,RIOJA,SAN FERNANDO,2.0,0.0,0.0,11.0,2.0,10.0,10.0,2.0,2.0,0.0,0.0,0.18181818181818182,0.18181818181818182,0.0,0.0,Missing activity values present,0.10129694817639363,0.20448867501975004,0.15289281159807183,High availability,487,67
010403,AMAZONAS,CONDORCANQUI,RIO SANTIAGO,26.0,0.0,15.0,0.0,0.0,0.0,0.0,0.0,0.0,0.0,0.0,0.0,0.0,0.0,0.0,No missing or zero activity values,0.30389084452918086,0.0,0.15194542226459043,High availability,488,66
090509,HUANCAVELICA,CHURCAMPA,SAN PEDRO DE CORIS,5.0,0.0,5.0,9.0,3.0,4.0,4.0,5.0,5.0,0.0,0.0,0.5555555555555556,0.5555555555555556,0.0,0.0,Missing activity values present,0.16520820672686637,0.13725029194295232,0.15122924933490933,High availability,489,65
050408,AYACUCHO,HUANTA,LLOCHEGUA,9.0,1.0,0.0,0.0,0.0,0.0,0.0,0.0,0.0,0.0,0.0,0.0,0.0,0.0,0.0,No missing or zero activity values,0.300734497141427,0.0,0.1503672485707135,High availability,490,64
131006,LA LIBERTAD,SANTIAGO DE CHUCO,QUIRUVILCA,9.0,1.0,2.0,0.0,0.0,0.0,0.0,0.0,0.0,0.0,0.0,0.0,0.0,0.0,0.0,No missing or zero activity values,0.300734497141427,0.0,0.1503672485707135,High availability,490,64
030604,APURIMAC,CHINCHEROS,HUACCANA,9.0,1.0,0.0,0.0,0.0,0.0,0.0,0.0,0.0,0.0,0.0,0.0,0.0,0.0,0.0,No missing or zero activity values,0.300734497141427,0.0,0.1503672485707135,High availability,490,64
140108,LAMBAYEQUE,CHICLAYO,MONSEFU,9.0,1.0,5.0,2.0,1.0,0.0,0.0,2.0,2.0,0.0,0.0,1.0,1.0,0.0,0.0,Missing activity values present,0.300734497141427,0.0,0.1503672485707135,High availability,490,64
140105,LAMBAYEQUE,CHICLAYO,JOSE LEONARDO ORTIZ,25.0,0.0,18.0,6.0,3.0,0.0,0.0,6.0,6.0,0.0,0.0,1.0,1.0,0.0,0.0,Missing activity values present,0.3004110181270265,0.0,0.15020550906351324,High availability,491,63
061006,CAJAMARCA,SAN MARCOS,JOSE MANUEL QUIROZ,1.0,0.0,0.0,10.0,1.0,17.0,13.0,0.0,0.0,0.0,0.0,0.0,0.0,0.0,0.0,No missing or zero activity values,0.06391125855047272,0.23541855958659902,0.14966490906853586,High availability,492,62
110210,ICA,CHINCHA,SUNAMPE,2.0,0.0,1.0,8.0,1.0,9.0,9.0,0.0,0.0,0.0,0.0,0.0,0.0,0.0,0.0,No missing or zero activity values,0.10129694817639363,0.1963607752715114,0.14882886172395252,High availability,493,61
021508,ANCASH,PALLASCA,PALLASCA,2.0,0.0,1.0,7.0,2.0,16.0,5.0,3.0,3.0,0.0,0.0,0.42857142857142855,0.42857142857142855,0.0,0.0,Missing activity values present,0.10129694817639363,0.19574695812785875,0.14852195315212618,High availability,494,60
120608,JUNIN,SATIPO,RIO TAMBO,24.0,0.0,0.0,58.0,29.0,0.0,0.0,58.0,58.0,0.0,0.0,1.0,1.0,0.0,0.0,Missing activity values present,0.29679469361590555,0.0,0.14839734680795277,High availability,495,59
021308,ANCASH,MARISCAL LUZURIAGA,MUSGA,1.0,0.0,0.0,12.0,1.0,15.0,12.0,0.0,0.0,0.0,0.0,0.0,0.0,0.0,0.0,No missing or zero activity values,0.06391125855047272,0.22729763179071433,0.1456044451705935,High availability,496,58
030503,APURIMAC,COTABAMBAS,COYLLURQUI,8.0,1.0,1.0,0.0,0.0,0.0,0.0,0.0,0.0,0.0,0.0,0.0,0.0,0.0,0.0,No missing or zero activity values,0.29101978813578877,0.0,0.14550989406789439,High availability,497,57
200403,PIURA,MORROPON,CHALACO,8.0,1.0,1.0,0.0,0.0,0.0,0.0,0.0,0.0,0.0,0.0,0.0,0.0,0.0,0.0,No missing or zero activity values,0.29101978813578877,0.0,0.14550989406789439,High availability,497,57
030701,APURIMAC,GRAU,CHUQUIBAMBILLA,8.0,1.0,1.0,0.0,0.0,0.0,0.0,0.0,0.0,0.0,0.0,0.0,0.0,0.0,0.0,No missing or zero activity values,0.29101978813578877,0.0,0.14550989406789439,High availability,497,57
120801,JUNIN,YAULI,LA OROYA,8.0,1.0,6.0,8.0,4.0,0.0,0.0,8.0,8.0,0.0,0.0,1.0,1.0,0.0,0.0,Missing activity values present,0.29101978813578877,0.0,0.14550989406789439,High availability,497,57
200206,PIURA,AYABACA,PACAIPAMPA,8.0,1.0,0.0,0.0,0.0,0.0,0.0,0.0,0.0,0.0,0.0,0.0,0.0,0.0,0.0,No missing or zero activity values,0.29101978813578877,0.0,0.14550989406789439,High availability,497,57
030215,APURIMAC,ANDAHUAYLAS,SANTA MARIA DE CHICMO,8.0,1.0,0.0,0.0,0.0,0.0,0.0,0.0,0.0,0.0,0.0,0.0,0.0,0.0,0.0,No missing or zero activity values,0.29101978813578877,0.0,0.14550989406789439,High availability,497,57
200607,PIURA,SULLANA,QUERECOTILLO,8.0,1.0,0.0,0.0,0.0,0.0,0.0,0.0,0.0,0.0,0.0,0.0,0.0,0.0,0.0,No missing or zero activity values,0.29101978813578877,0.0,0.14550989406789439,High availability,497,57
030216,APURIMAC,ANDAHUAYLAS,TALAVERA,8.0,1.0,0.0,0.0,0.0,0.0,0.0,0.0,0.0,0.0,0.0,0.0,0.0,0.0,0.0,No missing or zero activity values,0.29101978813578877,0.0,0.14550989406789439,High availability,497,57
080906,CUSCO,LA CONVENCION,QUELLOUNO,8.0,1.0,0.0,1.0,1.0,0.0,0.0,1.0,1.0,0.0,0.0,1.0,1.0,0.0,0.0,Missing activity values present,0.29101978813578877,0.0,0.14550989406789439,High availability,497,57
061301,CAJAMARCA,SANTA CRUZ,SANTA CRUZ,8.0,1.0,3.0,0.0,0.0,0.0,0.0,0.0,0.0,0.0,0.0,0.0,0.0,0.0,0.0,No missing or zero activity values,0.29101978813578877,0.0,0.14550989406789439,High availability,497,57
210503,PUNO,EL COLLAO,PILCUYO,8.0,1.0,0.0,0.0,0.0,0.0,0.0,0.0,0.0,0.0,0.0,0.0,0.0,0.0,0.0,No missing or zero activity values,0.29101978813578877,0.0,0.14550989406789439,High availability,497,57
090112,HUANCAVELICA,HUANCAVELICA,MOYA,2.0,0.0,0.0,10.0,2.0,8.0,8.0,2.0,2.0,0.0,0.0,0.2,0.2,0.0,0.0,Missing activity values present,0.10129694817639363,0.18737579895053835,0.144336373563466,High availability,498,56
240103,TUMBES,TUMBES,LA CRUZ,4.0,0.0,3.0,6.0,2.0,4.0,4.0,2.0,2.0,0.0,0.0,0.3333333333333333,0.3333333333333333,0.0,0.0,Missing activity values present,0.14839734680795277,0.13725029194295232,0.14282381937545255,High availability,499,55
220602,SAN MARTIN,MARISCAL CACERES,CAMPANILLA,7.0,0.0,0.0,17.0,7.0,2.0,2.0,15.0,15.0,0.0,0.0,0.8823529411764706,0.8823529411764706,0.0,0.0,Missing activity values present,0.19173377565141816,0.09368789947526918,0.14271083756334368,High availability,500,54
200111,PIURA,PIURA,LAS LOMAS,21.0,0.0,6.0,0.0,0.0,0.0,0.0,0.0,0.0,0.0,0.0,0.0,0.0,0.0,0.0,No missing or zero activity values,0.2850078871668814,0.0,0.1425039435834407,High availability,501,53
140308,LAMBAYEQUE,LAMBAYEQUE,OLMOS,21.0,0.0,2.0,2.0,1.0,0.0,0.0,2.0,2.0,0.0,0.0,1.0,1.0,0.0,0.0,Missing activity values present,0.2850078871668814,0.0,0.1425039435834407,High availability,501,53
140306,LAMBAYEQUE,LAMBAYEQUE,MORROPE,21.0,0.0,0.0,4.0,2.0,0.0,0.0,4.0,4.0,0.0,0.0,1.0,1.0,0.0,0.0,Missing activity values present,0.2850078871668814,0.0,0.1425039435834407,High availability,501,53
090721,HUANCAVELICA,TAYACAJA,ROBLE,1.0,0.0,0.0,11.0,1.0,12.0,12.0,0.0,0.0,0.0,0.0,0.0,0.0,0.0,0.0,No missing or zero activity values,0.06391125855047272,0.2187347802675168,0.14132301940899478,High availability,502,52
090110,HUANCAVELICA,HUANCAVELICA,MANTA,3.0,0.0,0.0,8.0,3.0,5.0,5.0,3.0,3.0,0.0,0.0,0.375,0.375,0.0,0.0,Missing activity values present,0.12782251710094544,0.15279838280382824,0.14031044995238684,High availability,503,51
160701,LORETO,DATEM DEL MARAÑON,BARRANCA,7.0,1.0,0.0,0.0,0.0,0.0,0.0,0.0,0.0,0.0,0.0,0.0,0.0,0.0,0.0,No missing or zero activity values,0.28015966743441967,0.0,0.14007983371720983,High availability,504,50
210504,PUNO,EL COLLAO,SANTA ROSA,7.0,1.0,1.0,0.0,0.0,0.0,0.0,0.0,0.0,0.0,0.0,0.0,0.0,0.0,0.0,No missing or zero activity values,0.28015966743441967,0.0,0.14007983371720983,High availability,504,50
030202,APURIMAC,ANDAHUAYLAS,ANDARAPA,7.0,1.0,6.0,0.0,0.0,0.0,0.0,0.0,0.0,0.0,0.0,0.0,0.0,0.0,0.0,No missing or zero activity values,0.28015966743441967,0.0,0.14007983371720983,High availability,504,50
030106,APURIMAC,ABANCAY,LAMBRAMA,7.0,1.0,0.0,0.0,0.0,0.0,0.0,0.0,0.0,0.0,0.0,0.0,0.0,0.0,0.0,No missing or zero activity values,0.28015966743441967,0.0,0.14007983371720983,High availability,504,50
030207,APURIMAC,ANDAHUAYLAS,KISHUARA,7.0,1.0,0.0,0.0,0.0,0.0,0.0,0.0,0.0,0.0,0.0,0.0,0.0,0.0,0.0,No missing or zero activity values,0.28015966743441967,0.0,0.14007983371720983,High availability,504,50
060810,CAJAMARCA,JAEN,SAN FELIPE,2.0,0.0,0.0,7.0,2.0,7.0,7.0,0.0,0.0,0.0,0.0,0.0,0.0,0.0,0.0,No missing or zero activity values,0.10129694817639363,0.17733144998567718,0.1393141990810354,High availability,505,49
010202,AMAZONAS,BAGUA,ARAMANGO,19.0,0.0,0.0,0.0,0.0,0.0,0.0,0.0,0.0,0.0,0.0,0.0,0.0,0.0,0.0,No missing or zero activity values,0.27621986390889824,0.0,0.13810993195444912,High availability,506,48
160112,LORETO,MAYNAS,BELEN,19.0,0.0,12.0,0.0,0.0,0.0,0.0,0.0,0.0,0.0,0.0,0.0,0.0,0.0,0.0,No missing or zero activity values,0.27621986390889824,0.0,0.13810993195444912,High availability,506,48
220304,SAN MARTIN,EL DORADO,SANTA ROSA,6.0,0.0,0.0,15.0,7.0,2.0,2.0,13.0,13.0,0.0,0.0,0.8666666666666667,0.8666666666666667,0.0,0.0,Missing activity values present,0.17942158626656576,0.09368789947526918,0.13655474287091746,High availability,507,47
060602,CAJAMARCA,CUTERVO,CALLAYUC,18.0,0.0,0.0,36.0,18.0,0.0,0.0,36.0,36.0,0.0,0.0,1.0,1.0,0.0,0.0,Missing activity values present,0.27149039361535965,0.0,0.13574519680767982,High availability,508,46
160202,LORETO,ALTO AMAZONAS,BALSAPUERTO,18.0,0.0,1.0,0.0,0.0,0.0,0.0,0.0,0.0,0.0,0.0,0.0,0.0,0.0,0.0,No missing or zero activity values,0.27149039361535965,0.0,0.13574519680767982,High availability,508,46
090108,HUANCAVELICA,HUANCAVELICA,IZCUCHACA,1.0,0.0,0.0,8.0,1.0,10.0,10.0,0.0,0.0,0.0,0.0,0.0,0.0,0.0,0.0,No missing or zero activity values,0.06391125855047272,0.20448867501975004,0.13419996678511137,High availability,509,45
050911,AYACUCHO,SUCRE,SORAS,1.0,0.0,0.0,8.0,1.0,10.0,10.0,0.0,0.0,0.0,0.0,0.0,0.0,0.0,0.0,No missing or zero activity values,0.06391125855047272,0.20448867501975004,0.13419996678511137,High availability,509,45
110106,ICA,ICA,PARCONA,6.0,1.0,3.0,8.0,4.0,0.0,0.0,8.0,8.0,0.0,0.0,1.0,1.0,0.0,0.0,Missing activity values present,0.26784747804956727,0.0,0.13392373902478363,High availability,510,44
110108,ICA,ICA,SALAS,6.0,1.0,3.0,10.0,5.0,0.0,0.0,10.0,10.0,0.0,0.0,1.0,1.0,0.0,0.0,Missing activity values present,0.26784747804956727,0.0,0.13392373902478363,High availability,510,44
051101,AYACUCHO,VILCAS HUAMAN,VILCAS HUAMAN,6.0,1.0,1.0,10.0,5.0,0.0,0.0,10.0,10.0,0.0,0.0,1.0,1.0,0.0,0.0,Missing activity values present,0.26784747804956727,0.0,0.13392373902478363,High availability,510,44
100604,HUANUCO,LEONCIO PRADO,JOSE CRESPO Y CASTILLO,6.0,1.0,4.0,2.0,1.0,0.0,0.0,2.0,2.0,0.0,0.0,1.0,1.0,0.0,0.0,Missing activity values present,0.26784747804956727,0.0,0.13392373902478363,High availability,510,44
030209,APURIMAC,ANDAHUAYLAS,PACUCHA,6.0,1.0,0.0,0.0,0.0,0.0,0.0,0.0,0.0,0.0,0.0,0.0,0.0,0.0,0.0,No missing or zero activity values,0.26784747804956727,0.0,0.13392373902478363,High availability,510,44
211209,PUNO,SANDIA,ALTO INAMBARI,6.0,1.0,0.0,0.0,0.0,0.0,0.0,0.0,0.0,0.0,0.0,0.0,0.0,0.0,0.0,No missing or zero activity values,0.26784747804956727,0.0,0.13392373902478363,High availability,510,44
050508,AYACUCHO,LA MAR,TAMBO,6.0,1.0,0.0,0.0,0.0,0.0,0.0,0.0,0.0,0.0,0.0,0.0,0.0,0.0,0.0,No missing or zero activity values,0.26784747804956727,0.0,0.13392373902478363,High availability,510,44
200405,PIURA,MORROPON,MORROPON,6.0,1.0,1.0,0.0,0.0,0.0,0.0,0.0,0.0,0.0,0.0,0.0,0.0,0.0,0.0,No missing or zero activity values,0.26784747804956727,0.0,0.13392373902478363,High availability,510,44
160501,LORETO,REQUENA,REQUENA,6.0,1.0,1.0,0.0,0.0,0.0,0.0,0.0,0.0,0.0,0.0,0.0,0.0,0.0,0.0,No missing or zero activity values,0.26784747804956727,0.0,0.13392373902478363,High availability,510,44
030605,APURIMAC,CHINCHEROS,OCOBAMBA,6.0,1.0,0.0,0.0,0.0,0.0,0.0,0.0,0.0,0.0,0.0,0.0,0.0,0.0,0.0,No missing or zero activity values,0.26784747804956727,0.0,0.13392373902478363,High availability,510,44
130905,LA LIBERTAD,SANCHEZ CARRION,MARCABAL,6.0,1.0,0.0,18.0,9.0,0.0,0.0,18.0,18.0,0.0,0.0,1.0,1.0,0.0,0.0,Missing activity values present,0.26784747804956727,0.0,0.13392373902478363,High availability,510,44
081205,CUSCO,QUISPICANCHI,CCATCA,6.0,1.0,0.0,12.0,6.0,0.0,0.0,12.0,12.0,0.0,0.0,1.0,1.0,0.0,0.0,Missing activity values present,0.26784747804956727,0.0,0.13392373902478363,High availability,510,44
090413,HUANCAVELICA,CASTROVIRREYNA,TICRAPO,2.0,0.0,1.0,7.0,2.0,6.0,6.0,1.0,1.0,0.0,0.0,0.14285714285714285,0.14285714285714285,0.0,0.0,Missing activity values present,0.10129694817639363,0.1659441063176342,0.13362052724701393,High availability,511,43
090409,HUANCAVELICA,CASTROVIRREYNA,MOLLEPAMPA,2.0,0.0,0.0,7.0,2.0,6.0,6.0,1.0,1.0,0.0,0.0,0.14285714285714285,0.14285714285714285,0.0,0.0,Missing activity values present,0.10129694817639363,0.1659441063176342,0.13362052724701393,High availability,511,43
160801,LORETO,PUTUMAYO,PUTUMAYO,17.0,0.0,9.0,0.0,0.0,0.0,0.0,0.0,0.0,0.0,0.0,0.0,0.0,0.0,0.0,No missing or zero activity values,0.26650515490326,0.0,0.13325257745163,High availability,512,42
060614,CAJAMARCA,CUTERVO,SOCOTA,17.0,0.0,0.0,34.0,17.0,0.0,0.0,34.0,34.0,0.0,0.0,1.0,1.0,0.0,0.0,Missing activity values present,0.26650515490326,0.0,0.13325257745163,High availability,512,42
200604,PIURA,SULLANA,LANCONES,16.0,0.0,0.0,0.0,0.0,0.0,0.0,0.0,0.0,0.0,0.0,0.0,0.0,0.0,0.0,No missing or zero activity values,0.2612348944626003,0.0,0.13061744723130014,High availability,513,41
010609,AMAZONAS,RODRIGUEZ DE MENDOZA,OMIA,15.0,0.0,6.0,0.0,0.0,0.0,0.0,0.0,0.0,0.0,0.0,0.0,0.0,0.0,0.0,No missing or zero activity values,0.2556450342018909,0.0,0.12782251710094544,High availability,514,40
120504,JUNIN,JUNIN,ULCUMAYO,15.0,0.0,1.0,28.0,14.0,0.0,0.0,28.0,28.0,0.0,0.0,1.0,1.0,0.0,0.0,Missing activity values present,0.2556450342018909,0.0,0.12782251710094544,High availability,514,40
060906,CAJAMARCA,SAN IGNACIO,SAN JOSE DE LOURDES,15.0,0.0,1.0,30.0,15.0,0.0,0.0,30.0,30.0,0.0,0.0,1.0,1.0,0.0,0.0,Missing activity values present,0.2556450342018909,0.0,0.12782251710094544,High availability,514,40
060703,CAJAMARCA,HUALGAYOC,HUALGAYOC,15.0,0.0,3.0,26.0,13.0,0.0,0.0,26.0,26.0,0.0,0.0,1.0,1.0,0.0,0.0,Missing activity values present,0.2556450342018909,0.0,0.12782251710094544,High availability,514,40
020204,ANCASH,AIJA,LA MERCED,2.0,0.0,0.0,7.0,2.0,5.0,5.0,2.0,2.0,0.0,0.0,0.2857142857142857,0.2857142857142857,0.0,0.0,Missing activity values present,0.10129694817639363,0.15279838280382824,0.12704766549011093,High availability,515,39
080705,CUSCO,CHUMBIVILCAS,LIVITACA,5.0,1.0,0.0,18.0,9.0,0.0,0.0,18.0,18.0,0.0,0.0,1.0,1.0,0.0,0.0,Missing activity values present,0.25363409850986784,0.0,0.12681704925493392,High availability,516,38
040413,AREQUIPA,CASTILLA,URACA,5.0,1.0,4.0,10.0,5.0,0.0,0.0,10.0,10.0,0.0,0.0,1.0,1.0,0.0,0.0,Missing activity values present,0.25363409850986784,0.0,0.12681704925493392,High availability,516,38
211210,PUNO,SANDIA,SAN PEDRO DE PUTINA PUNCO,5.0,1.0,2.0,0.0,0.0,0.0,0.0,0.0,0.0,0.0,0.0,0.0,0.0,0.0,0.0,No missing or zero activity values,0.25363409850986784,0.0,0.12681704925493392,High availability,516,38
080401,CUSCO,CALCA,CALCA,5.0,1.0,2.0,0.0,0.0,0.0,0.0,0.0,0.0,0.0,0.0,0.0,0.0,0.0,0.0,No missing or zero activity values,0.25363409850986784,0.0,0.12681704925493392,High availability,516,38
200402,PIURA,MORROPON,BUENOS AIRES,5.0,1.0,0.0,0.0,0.0,0.0,0.0,0.0,0.0,0.0,0.0,0.0,0.0,0.0,0.0,No missing or zero activity values,0.25363409850986784,0.0,0.12681704925493392,High availability,516,38
110508,ICA,PISCO,TUPAC AMARU INCA,5.0,1.0,2.0,6.0,3.0,0.0,0.0,6.0,6.0,0.0,0.0,1.0,1.0,0.0,0.0,Missing activity values present,0.25363409850986784,0.0,0.12681704925493392,High availability,516,38
210606,PUNO,HUANCANE,ROSASPATA,5.0,1.0,0.0,0.0,0.0,0.0,0.0,0.0,0.0,0.0,0.0,0.0,0.0,0.0,0.0,No missing or zero activity values,0.25363409850986784,0.0,0.12681704925493392,High availability,516,38
110507,ICA,PISCO,SAN CLEMENTE,5.0,1.0,3.0,4.0,2.0,0.0,0.0,4.0,4.0,0.0,0.0,1.0,1.0,0.0,0.0,Missing activity values present,0.25363409850986784,0.0,0.12681704925493392,High availability,516,38
210607,PUNO,HUANCANE,TARACO,5.0,1.0,0.0,0.0,0.0,0.0,0.0,0.0,0.0,0.0,0.0,0.0,0.0,0.0,0.0,No missing or zero activity values,0.25363409850986784,0.0,0.12681704925493392,High availability,516,38
140120,LAMBAYEQUE,CHICLAYO,TUMAN,5.0,1.0,3.0,0.0,0.0,0.0,0.0,0.0,0.0,0.0,0.0,0.0,0.0,0.0,0.0,No missing or zero activity values,0.25363409850986784,0.0,0.12681704925493392,High availability,516,38
200409,PIURA,MORROPON,SANTO DOMINGO,5.0,1.0,0.0,0.0,0.0,0.0,0.0,0.0,0.0,0.0,0.0,0.0,0.0,0.0,0.0,No missing or zero activity values,0.25363409850986784,0.0,0.12681704925493392,High availability,516,38
220105,SAN MARTIN,MOYOBAMBA,SORITOR,5.0,1.0,0.0,10.0,5.0,0.0,0.0,10.0,10.0,0.0,0.0,1.0,1.0,0.0,0.0,Missing activity values present,0.25363409850986784,0.0,0.12681704925493392,High availability,516,38
030505,APURIMAC,COTABAMBAS,MARA,5.0,1.0,0.0,0.0,0.0,0.0,0.0,0.0,0.0,0.0,0.0,0.0,0.0,0.0,0.0,No missing or zero activity values,0.25363409850986784,0.0,0.12681704925493392,High availability,516,38
010306,AMAZONAS,BONGARA,FLORIDA,5.0,1.0,2.0,0.0,0.0,0.0,0.0,0.0,0.0,0.0,0.0,0.0,0.0,0.0,0.0,No missing or zero activity values,0.25363409850986784,0.0,0.12681704925493392,High availability,516,38
010512,AMAZONAS,LUYA,OCALLI,5.0,1.0,0.0,0.0,0.0,0.0,0.0,0.0,0.0,0.0,0.0,0.0,0.0,0.0,0.0,No missing or zero activity values,0.25363409850986784,0.0,0.12681704925493392,High availability,516,38
021305,ANCASH,MARISCAL LUZURIAGA,LLAMA,1.0,0.0,0.0,8.0,1.0,8.0,8.0,0.0,0.0,0.0,0.0,0.0,0.0,0.0,0.0,No missing or zero activity values,0.06391125855047272,0.18737579895053835,0.12564352875050555,High availability,517,37
040102,AREQUIPA,AREQUIPA,ALTO SELVA ALEGRE,14.0,0.0,7.0,12.0,6.0,0.0,0.0,12.0,12.0,0.0,0.0,1.0,1.0,0.0,0.0,Missing activity values present,0.24969429498434642,0.0,0.12484714749217321,High availability,518,36
060419,CAJAMARCA,CHOTA,CHALAMARCA,13.0,0.0,0.0,0.0,0.0,0.0,0.0,0.0,0.0,0.0,0.0,0.0,0.0,0.0,0.0,No missing or zero activity values,0.24333284481703843,0.0,0.12166642240851921,High availability,519,35
170102,MADRE DE DIOS,TAMBOPATA,INAMBARI,13.0,0.0,11.0,0.0,0.0,0.0,0.0,0.0,0.0,0.0,0.0,0.0,0.0,0.0,0.0,No missing or zero activity values,0.24333284481703843,0.0,0.12166642240851921,High availability,519,35
060105,CAJAMARCA,CAJAMARCA,ENCA?ADA,13.0,0.0,2.0,22.0,11.0,0.0,0.0,22.0,22.0,0.0,0.0,1.0,1.0,0.0,0.0,Missing activity values present,0.24333284481703843,0.0,0.12166642240851921,High availability,519,35
140203,LAMBAYEQUE,FERRE?AFE,INCAHUASI,13.0,0.0,11.0,2.0,1.0,0.0,0.0,2.0,2.0,0.0,0.0,1.0,1.0,0.0,0.0,Missing activity values present,0.24333284481703843,0.0,0.12166642240851921,High availability,519,35
060903,CAJAMARCA,SAN IGNACIO,HUARANGO,13.0,0.0,0.0,26.0,13.0,0.0,0.0,26.0,26.0,0.0,0.0,1.0,1.0,0.0,0.0,Missing activity values present,0.24333284481703843,0.0,0.12166642240851921,High availability,519,35
090715,HUANCAVELICA,TAYACAJA,SALCAHUASI,4.0,0.0,0.0,12.0,4.0,2.0,2.0,10.0,10.0,0.0,0.0,0.8333333333333334,0.8333333333333334,0.0,0.0,Missing activity values present,0.14839734680795277,0.09368789947526918,0.12104262314161097,High availability,520,34
120304,JUNIN,CHANCHAMAYO,SAN LUIS DE SHUARO,4.0,0.0,0.0,8.0,4.0,2.0,2.0,7.0,7.0,0.0,0.0,0.875,0.875,0.0,0.0,Missing activity values present,0.14839734680795277,0.09368789947526918,0.12104262314161097,High availability,520,34
090404,HUANCAVELICA,CASTROVIRREYNA,CAPILLAS,4.0,0.0,3.0,9.0,4.0,2.0,2.0,7.0,7.0,0.0,0.0,0.7777777777777778,0.7777777777777778,0.0,0.0,Missing activity values present,0.14839734680795277,0.09368789947526918,0.12104262314161097,High availability,520,34
020205,ANCASH,AIJA,SUCCHA,2.0,0.0,0.0,6.0,2.0,4.0,4.0,2.0,2.0,0.0,0.0,0.3333333333333333,0.3333333333333333,0.0,0.0,Missing activity values present,0.10129694817639363,0.13725029194295232,0.11927362005967299,High availability,521,33
021304,ANCASH,MARISCAL LUZURIAGA,FIDEL OLIVAS ESCUDERO,2.0,0.0,0.0,5.0,2.0,4.0,4.0,2.0,2.0,0.0,0.0,0.4,0.4,0.0,0.0,Missing activity values present,0.10129694817639363,0.13725029194295232,0.11927362005967299,High availability,521,33
050204,AYACUCHO,CANGALLO,MARIA PARADO DE BELLIDO,2.0,0.0,0.0,5.0,2.0,4.0,4.0,1.0,1.0,0.0,0.0,0.2,0.2,0.0,0.0,Missing activity values present,0.10129694817639363,0.13725029194295232,0.11927362005967299,High availability,521,33
090702,HUANCAVELICA,TAYACAJA,ACOSTAMBO,6.0,0.0,3.0,18.0,6.0,1.0,1.0,17.0,17.0,0.0,0.0,0.9444444444444444,0.9444444444444444,0.0,0.0,Missing activity values present,0.17942158626656576,0.05911048332855905,0.11926603479756241,High availability,522,32
200207,PIURA,AYABACA,PAIMAS,4.0,1.0,0.0,0.0,0.0,0.0,0.0,0.0,0.0,0.0,0.0,0.0,0.0,0.0,0.0,No missing or zero activity values,0.23682323859095428,0.0,0.11841161929547714,High availability,523,31
081306,CUSCO,URUBAMBA,OLLANTAYTAMBO,4.0,1.0,1.0,2.0,1.0,0.0,0.0,2.0,2.0,0.0,0.0,1.0,1.0,0.0,0.0,Missing activity values present,0.23682323859095428,0.0,0.11841161929547714,High availability,523,31
210206,PUNO,AZANGARO,CHUPA,4.0,1.0,0.0,0.0,0.0,0.0,0.0,0.0,0.0,0.0,0.0,0.0,0.0,0.0,0.0,No missing or zero activity values,0.23682323859095428,0.0,0.11841161929547714,High availability,523,31
210204,PUNO,AZANGARO,ASILLO,4.0,1.0,1.0,0.0,0.0,0.0,0.0,0.0,0.0,0.0,0.0,0.0,0.0,0.0,0.0,No missing or zero activity values,0.23682323859095428,0.0,0.11841161929547714,High availability,523,31
130801,LA LIBERTAD,PATAZ,TAYABAMBA,4.0,1.0,1.0,0.0,0.0,0.0,0.0,0.0,0.0,0.0,0.0,0.0,0.0,0.0,0.0,No missing or zero activity values,0.23682323859095428,0.0,0.11841161929547714,High availability,523,31
080405,CUSCO,CALCA,PISAC,4.0,1.0,0.0,0.0,0.0,0.0,0.0,0.0,0.0,0.0,0.0,0.0,0.0,0.0,0.0,No missing or zero activity values,0.23682323859095428,0.0,0.11841161929547714,High availability,523,31
030205,APURIMAC,ANDAHUAYLAS,HUANCARAY,4.0,1.0,0.0,0.0,0.0,0.0,0.0,0.0,0.0,0.0,0.0,0.0,0.0,0.0,0.0,No missing or zero activity values,0.23682323859095428,0.0,0.11841161929547714,High availability,523,31
030301,APURIMAC,ANTABAMBA,ANTABAMBA,4.0,1.0,0.0,0.0,0.0,0.0,0.0,0.0,0.0,0.0,0.0,0.0,0.0,0.0,0.0,No missing or zero activity values,0.23682323859095428,0.0,0.11841161929547714,High availability,523,31
030502,APURIMAC,COTABAMBAS,COTABAMBAS,4.0,1.0,0.0,0.0,0.0,0.0,0.0,0.0,0.0,0.0,0.0,0.0,0.0,0.0,0.0,No missing or zero activity values,0.23682323859095428,0.0,0.11841161929547714,High availability,523,31
130908,LA LIBERTAD,SANCHEZ CARRION,SARTIMBAMBA,4.0,1.0,0.0,10.0,5.0,0.0,0.0,10.0,10.0,0.0,0.0,1.0,1.0,0.0,0.0,Missing activity values present,0.23682323859095428,0.0,0.11841161929547714,High availability,523,31
080301,CUSCO,ANTA,ANTA,4.0,1.0,0.0,0.0,0.0,0.0,0.0,0.0,0.0,0.0,0.0,0.0,0.0,0.0,0.0,No missing or zero activity values,0.23682323859095428,0.0,0.11841161929547714,High availability,523,31
200305,PIURA,HUANCABAMBA,LALAQUIZ,4.0,1.0,0.0,0.0,0.0,0.0,0.0,0.0,0.0,0.0,0.0,0.0,0.0,0.0,0.0,No missing or zero activity values,0.23682323859095428,0.0,0.11841161929547714,High availability,523,31
050406,AYACUCHO,HUANTA,SANTILLANA,4.0,1.0,0.0,0.0,0.0,0.0,0.0,0.0,0.0,0.0,0.0,0.0,0.0,0.0,0.0,No missing or zero activity values,0.23682323859095428,0.0,0.11841161929547714,High availability,523,31
211202,PUNO,SANDIA,CUYOCUYO,4.0,1.0,0.0,0.0,0.0,0.0,0.0,0.0,0.0,0.0,0.0,0.0,0.0,0.0,0.0,No missing or zero activity values,0.23682323859095428,0.0,0.11841161929547714,High availability,523,31
120901,JUNIN,CHUPACA,CHUPACA,4.0,1.0,2.0,2.0,1.0,0.0,0.0,2.0,2.0,0.0,0.0,1.0,1.0,0.0,0.0,Missing activity values present,0.23682323859095428,0.0,0.11841161929547714,High availability,523,31
060612,CAJAMARCA,CUTERVO,SANTO DOMINGO DE LA CAPILLA,12.0,0.0,0.0,24.0,12.0,0.0,0.0,24.0,24.0,0.0,0.0,1.0,1.0,0.0,0.0,Missing activity values present,0.23649975957655378,0.0,0.11824987978827689,High availability,524,30
210407,PUNO,CHUCUITO,ZEPITA,12.0,0.0,10.0,0.0,0.0,0.0,0.0,0.0,0.0,0.0,0.0,0.0,0.0,0.0,0.0,No missing or zero activity values,0.23649975957655378,0.0,0.11824987978827689,High availability,524,30
160103,LORETO,MAYNAS,FERNANDO LORES,12.0,0.0,0.0,0.0,0.0,0.0,0.0,0.0,0.0,0.0,0.0,0.0,0.0,0.0,0.0,No missing or zero activity values,0.23649975957655378,0.0,0.11824987978827689,High availability,524,30
060613,CAJAMARCA,CUTERVO,SANTO TOMAS,12.0,0.0,0.0,24.0,12.0,0.0,0.0,24.0,24.0,0.0,0.0,1.0,1.0,0.0,0.0,Missing activity values present,0.23649975957655378,0.0,0.11824987978827689,High availability,524,30
190108,PASCO,PASCO,SAN FCO DE ASIS DE YARUSYACAN,12.0,0.0,2.0,0.0,0.0,0.0,0.0,0.0,0.0,0.0,0.0,0.0,0.0,0.0,0.0,No missing or zero activity values,0.23649975957655378,0.0,0.11824987978827689,High availability,524,30
120603,JUNIN,SATIPO,LLAYLLA,3.0,0.0,0.0,7.0,3.0,3.0,2.0,5.0,5.0,0.0,0.0,0.7142857142857143,0.7142857142857143,0.0,0.0,Missing activity values present,0.12782251710094544,0.10555163675322321,0.11668707692708433,High availability,525,29
060103,CAJAMARCA,CAJAMARCA,CHETILLA,1.0,0.0,0.0,6.0,1.0,6.0,6.0,0.0,0.0,0.0,0.0,0.0,0.0,0.0,0.0,No missing or zero activity values,0.06391125855047272,0.1659441063176342,0.11492768243405346,High availability,526,28
170103,MADRE DE DIOS,TAMBOPATA,LAS PIEDRAS,11.0,0.0,1.0,0.0,0.0,0.0,0.0,0.0,0.0,0.0,0.0,0.0,0.0,0.0,0.0,No missing or zero activity values,0.2291194652773391,0.0,0.11455973263866955,High availability,527,27
010706,AMAZONAS,UTCUBAMBA,LONYA GRANDE,11.0,0.0,0.0,0.0,0.0,0.0,0.0,0.0,0.0,0.0,0.0,0.0,0.0,0.0,0.0,No missing or zero activity values,0.2291194652773391,0.0,0.11455973263866955,High availability,527,27
100109,HUANUCO,HUANUCO,SANTA MARIA DEL VALLE,11.0,0.0,2.0,0.0,0.0,0.0,0.0,0.0,0.0,0.0,0.0,0.0,0.0,0.0,0.0,No missing or zero activity values,0.2291194652773391,0.0,0.11455973263866955,High availability,527,27
220511,SAN MARTIN,LAMAS,ZAPATERO,11.0,0.0,0.0,32.0,11.0,0.0,0.0,32.0,32.0,0.0,0.0,1.0,1.0,0.0,0.0,Missing activity values present,0.2291194652773391,0.0,0.11455973263866955,High availability,527,27
010705,AMAZONAS,UTCUBAMBA,JAMALCA,11.0,0.0,2.0,0.0,0.0,0.0,0.0,0.0,0.0,0.0,0.0,0.0,0.0,0.0,0.0,No missing or zero activity values,0.2291194652773391,0.0,0.11455973263866955,High availability,527,27
060415,CAJAMARCA,CHOTA,QUEROCOTO,11.0,0.0,1.0,0.0,0.0,0.0,0.0,0.0,0.0,0.0,0.0,0.0,0.0,0.0,0.0,No missing or zero activity values,0.2291194652773391,0.0,0.11455973263866955,High availability,527,27
040108,AREQUIPA,AREQUIPA,LA JOYA,11.0,0.0,2.0,15.0,8.0,0.0,0.0,15.0,15.0,0.0,0.0,1.0,1.0,0.0,0.0,Missing activity values present,0.2291194652773391,0.0,0.11455973263866955,High availability,527,27
090203,HUANCAVELICA,ACOBAMBA,ANTA,11.0,0.0,0.0,22.0,11.0,0.0,0.0,22.0,22.0,0.0,0.0,1.0,1.0,0.0,0.0,Missing activity values present,0.2291194652773391,0.0,0.11455973263866955,High availability,527,27
061004,CAJAMARCA,SAN MARCOS,GREGORIO PITA,5.0,0.0,0.0,10.0,5.0,1.0,1.0,9.0,9.0,0.0,0.0,0.9,0.9,0.0,0.0,Missing activity values present,0.16520820672686637,0.05911048332855905,0.11215934502771271,High availability,528,26
050102,AYACUCHO,HUAMANGA,ACOCRO,5.0,0.0,0.0,12.0,6.0,1.0,1.0,11.0,11.0,0.0,0.0,0.9166666666666666,0.9166666666666666,0.0,0.0,Missing activity values present,0.16520820672686637,0.05911048332855905,0.11215934502771271,High availability,528,26
060702,CAJAMARCA,HUALGAYOC,CHUGUR,3.0,0.0,0.0,8.0,4.0,2.0,2.0,6.0,6.0,0.0,0.0,0.75,0.75,0.0,0.0,Missing activity values present,0.12782251710094544,0.09368789947526918,0.11075520828810731,High availability,529,25
160505,LORETO,REQUENA,MAQUIA,10.0,0.0,0.0,0.0,0.0,0.0,0.0,0.0,0.0,0.0,0.0,0.0,0.0,0.0,0.0,No missing or zero activity values,0.2210966286164087,0.0,0.11054831430820435,High availability,530,24
100207,HUANUCO,AMBO,SAN RAFAEL,10.0,0.0,0.0,0.0,0.0,0.0,0.0,0.0,0.0,0.0,0.0,0.0,0.0,0.0,0.0,No missing or zero activity values,0.2210966286164087,0.0,0.11054831430820435,High availability,530,24
200605,PIURA,SULLANA,MARCAVELICA,10.0,0.0,0.0,0.0,0.0,0.0,0.0,0.0,0.0,0.0,0.0,0.0,0.0,0.0,0.0,No missing or zero activity values,0.2210966286164087,0.0,0.11054831430820435,High availability,530,24
100901,HUANUCO,PUERTO INCA,PUERTO INCA,10.0,0.0,1.0,2.0,1.0,0.0,0.0,2.0,2.0,0.0,0.0,1.0,1.0,0.0,0.0,Missing activity values present,0.2210966286164087,0.0,0.11054831430820435,High availability,530,24
160305,LORETO,LORETO,URARINAS,10.0,0.0,4.0,0.0,0.0,0.0,0.0,0.0,0.0,0.0,0.0,0.0,0.0,0.0,0.0,No missing or zero activity values,0.2210966286164087,0.0,0.11054831430820435,High availability,530,24
100507,HUANUCO,HUAMALIES,MONZON,10.0,0.0,2.0,0.0,0.0,0.0,0.0,0.0,0.0,0.0,0.0,0.0,0.0,0.0,0.0,No missing or zero activity values,0.2210966286164087,0.0,0.11054831430820435,High availability,530,24
160704,LORETO,DATEM DEL MARAÑON,MORONA,10.0,0.0,1.0,0.0,0.0,0.0,0.0,0.0,0.0,0.0,0.0,0.0,0.0,0.0,0.0,No missing or zero activity values,0.2210966286164087,0.0,0.11054831430820435,High availability,530,24
120124,JUNIN,HUANCAYO,PARIAHUANCA,10.0,0.0,1.0,40.0,10.0,0.0,0.0,40.0,40.0,0.0,0.0,1.0,1.0,0.0,0.0,Missing activity values present,0.2210966286164087,0.0,0.11054831430820435,High availability,530,24
140310,LAMBAYEQUE,LAMBAYEQUE,SALAS,10.0,0.0,0.0,3.0,2.0,0.0,0.0,3.0,3.0,0.0,0.0,1.0,1.0,0.0,0.0,Missing activity values present,0.2210966286164087,0.0,0.11054831430820435,High availability,530,24
050114,AYACUCHO,HUAMANGA,VINCHOS,10.0,0.0,0.0,22.0,11.0,0.0,0.0,22.0,22.0,0.0,0.0,1.0,1.0,0.0,0.0,Missing activity values present,0.2210966286164087,0.0,0.11054831430820435,High availability,530,24
200210,PIURA,AYABACA,SUYO,10.0,0.0,0.0,0.0,0.0,0.0,0.0,0.0,0.0,0.0,0.0,0.0,0.0,0.0,0.0,No missing or zero activity values,0.2210966286164087,0.0,0.11054831430820435,High availability,530,24
010514,AMAZONAS,LUYA,PISUQUIA,10.0,0.0,2.0,0.0,0.0,0.0,0.0,0.0,0.0,0.0,0.0,0.0,0.0,0.0,0.0,No missing or zero activity values,0.2210966286164087,0.0,0.11054831430820435,High availability,530,24
030703,APURIMAC,GRAU,MARISCAL GAMARRA,10.0,0.0,0.0,0.0,0.0,0.0,0.0,0.0,0.0,0.0,0.0,0.0,0.0,0.0,0.0,No missing or zero activity values,0.2210966286164087,0.0,0.11054831430820435,High availability,530,24
140202,LAMBAYEQUE,FERRE?AFE,CA?ARIS,10.0,0.0,0.0,2.0,1.0,0.0,0.0,2.0,2.0,0.0,0.0,1.0,1.0,0.0,0.0,Missing activity values present,0.2210966286164087,0.0,0.11054831430820435,High availability,530,24
140205,LAMBAYEQUE,FERRE?AFE,PITIPO,10.0,0.0,2.0,2.0,1.0,0.0,0.0,2.0,2.0,0.0,0.0,1.0,1.0,0.0,0.0,Missing activity values present,0.2210966286164087,0.0,0.11054831430820435,High availability,530,24
220305,SAN MARTIN,EL DORADO,SHATOJA,2.0,0.0,0.0,6.0,2.0,3.0,3.0,3.0,3.0,0.0,0.0,0.5,0.5,0.0,0.0,Missing activity values present,0.10129694817639363,0.1182209666571181,0.10975895741675587,High availability,531,23
090412,HUANCAVELICA,CASTROVIRREYNA,TANTARA,2.0,0.0,1.0,5.0,2.0,3.0,3.0,2.0,2.0,0.0,0.0,0.4,0.4,0.0,0.0,Missing activity values present,0.10129694817639363,0.1182209666571181,0.10975895741675587,High availability,531,23
211002,PUNO,SAN ANTONIO DE PUTINA,ANANEA,3.0,1.0,0.0,0.0,0.0,0.0,0.0,0.0,0.0,0.0,0.0,0.0,0.0,0.0,0.0,No missing or zero activity values,0.21624840888394695,0.0,0.10812420444197347,High availability,532,22
211207,PUNO,SANDIA,SAN JUAN DEL ORO,3.0,1.0,0.0,0.0,0.0,0.0,0.0,0.0,0.0,0.0,0.0,0.0,0.0,0.0,0.0,No missing or zero activity values,0.21624840888394695,0.0,0.10812420444197347,High availability,532,22
130109,LA LIBERTAD,TRUJILLO,SALAVERRY,3.0,1.0,0.0,0.0,0.0,0.0,0.0,0.0,0.0,0.0,0.0,0.0,0.0,0.0,0.0,No missing or zero activity values,0.21624840888394695,0.0,0.10812420444197347,High availability,532,22
040606,AREQUIPA,CONDESUYOS,RIO GRANDE,3.0,1.0,1.0,0.0,0.0,0.0,0.0,0.0,0.0,0.0,0.0,0.0,0.0,0.0,0.0,No missing or zero activity values,0.21624840888394695,0.0,0.10812420444197347,High availability,532,22
090501,HUANCAVELICA,CHURCAMPA,CHURCAMPA,3.0,1.0,2.0,6.0,3.0,0.0,0.0,6.0,6.0,0.0,0.0,1.0,1.0,0.0,0.0,Missing activity values present,0.21624840888394695,0.0,0.10812420444197347,High availability,532,22
080306,CUSCO,ANTA,LIMATAMBO,3.0,1.0,0.0,0.0,0.0,0.0,0.0,0.0,0.0,0.0,0.0,0.0,0.0,0.0,0.0,No missing or zero activity values,0.21624840888394695,0.0,0.10812420444197347,High availability,532,22
210702,PUNO,LAMPA,CABANILLA,3.0,1.0,0.0,0.0,0.0,0.0,0.0,0.0,0.0,0.0,0.0,0.0,0.0,0.0,0.0,No missing or zero activity values,0.21624840888394695,0.0,0.10812420444197347,High availability,532,22
210709,PUNO,LAMPA,SANTA LUCIA,3.0,1.0,0.0,0.0,0.0,0.0,0.0,0.0,0.0,0.0,0.0,0.0,0.0,0.0,0.0,No missing or zero activity values,0.21624840888394695,0.0,0.10812420444197347,High availability,532,22
080501,CUSCO,CANAS,YANAOCA,3.0,1.0,0.0,6.0,3.0,0.0,0.0,6.0,6.0,0.0,0.0,1.0,1.0,0.0,0.0,Missing activity values present,0.21624840888394695,0.0,0.10812420444197347,High availability,532,22
210211,PUNO,AZANGARO,SAN ANTON,3.0,1.0,0.0,0.0,0.0,0.0,0.0,0.0,0.0,0.0,0.0,0.0,0.0,0.0,0.0,No missing or zero activity values,0.21624840888394695,0.0,0.10812420444197347,High availability,532,22
030109,APURIMAC,ABANCAY,TAMBURCO,3.0,1.0,0.0,0.0,0.0,0.0,0.0,0.0,0.0,0.0,0.0,0.0,0.0,0.0,0.0,No missing or zero activity values,0.21624840888394695,0.0,0.10812420444197347,High availability,532,22
080205,CUSCO,ACOMAYO,POMACANCHI,3.0,1.0,0.0,6.0,3.0,0.0,0.0,6.0,6.0,0.0,0.0,1.0,1.0,0.0,0.0,Missing activity values present,0.21624840888394695,0.0,0.10812420444197347,High availability,532,22
030210,APURIMAC,ANDAHUAYLAS,PAMPACHIRI,3.0,1.0,0.0,0.0,0.0,0.0,0.0,0.0,0.0,0.0,0.0,0.0,0.0,0.0,0.0,No missing or zero activity values,0.21624840888394695,0.0,0.10812420444197347,High availability,532,22
080908,CUSCO,LA CONVENCION,SANTA TERESA,3.0,1.0,0.0,0.0,0.0,0.0,0.0,0.0,0.0,0.0,0.0,0.0,0.0,0.0,0.0,No missing or zero activity values,0.21624840888394695,0.0,0.10812420444197347,High availability,532,22
210203,PUNO,AZANGARO,ARAPA,3.0,1.0,0.0,0.0,0.0,0.0,0.0,0.0,0.0,0.0,0.0,0.0,0.0,0.0,0.0,No missing or zero activity values,0.21624840888394695,0.0,0.10812420444197347,High availability,532,22
081101,CUSCO,PAUCARTAMBO,PAUCARTAMBO,3.0,1.0,1.0,6.0,3.0,0.0,0.0,6.0,6.0,0.0,0.0,1.0,1.0,0.0,0.0,Missing activity values present,0.21624840888394695,0.0,0.10812420444197347,High availability,532,22
020110,ANCASH,HUARAZ,PARIACOTO,3.0,1.0,0.0,6.0,3.0,0.0,0.0,6.0,6.0,0.0,0.0,1.0,1.0,0.0,0.0,Missing activity values present,0.21624840888394695,0.0,0.10812420444197347,High availability,532,22
210602,PUNO,HUANCANE,COJATA,3.0,1.0,0.0,0.0,0.0,0.0,0.0,0.0,0.0,0.0,0.0,0.0,0.0,0.0,0.0,No missing or zero activity values,0.21624840888394695,0.0,0.10812420444197347,High availability,532,22
080904,CUSCO,LA CONVENCION,MARANURA,3.0,1.0,0.0,0.0,0.0,0.0,0.0,0.0,0.0,0.0,0.0,0.0,0.0,0.0,0.0,No missing or zero activity values,0.21624840888394695,0.0,0.10812420444197347,High availability,532,22
022005,ANCASH,YUNGAY,QUILLO,3.0,1.0,0.0,8.0,4.0,0.0,0.0,8.0,8.0,0.0,0.0,1.0,1.0,0.0,0.0,Missing activity values present,0.21624840888394695,0.0,0.10812420444197347,High availability,532,22
210306,PUNO,CARABAYA,CRUCERO,3.0,1.0,0.0,0.0,0.0,0.0,0.0,0.0,0.0,0.0,0.0,0.0,0.0,0.0,0.0,No missing or zero activity values,0.21624840888394695,0.0,0.10812420444197347,High availability,532,22
120135,JUNIN,HUANCAYO,SANTO DOMINGO DE ACOBAMBA,9.0,0.0,1.0,26.0,13.0,0.0,0.0,26.0,26.0,0.0,0.0,1.0,1.0,0.0,0.0,Missing activity values present,0.21230860535842552,0.0,0.10615430267921276,High availability,533,21
060304,CAJAMARCA,CELENDIN,HUASMIN,9.0,0.0,0.0,0.0,0.0,0.0,0.0,0.0,0.0,0.0,0.0,0.0,0.0,0.0,0.0,No missing or zero activity values,0.21230860535842552,0.0,0.10615430267921276,High availability,533,21
060202,CAJAMARCA,CAJABAMBA,CACHACHI,9.0,0.0,0.0,0.0,0.0,0.0,0.0,0.0,0.0,0.0,0.0,0.0,0.0,0.0,0.0,No missing or zero activity values,0.21230860535842552,0.0,0.10615430267921276,High availability,533,21
150810,LIMA,HUAURA,SANTA MARIA,9.0,0.0,4.0,2.0,1.0,0.0,0.0,2.0,2.0,0.0,0.0,1.0,1.0,0.0,0.0,Missing activity values present,0.21230860535842552,0.0,0.10615430267921276,High availability,533,21
101005,HUANUCO,LAURICOCHA,RONDOS,9.0,0.0,8.0,0.0,0.0,0.0,0.0,0.0,0.0,0.0,0.0,0.0,0.0,0.0,0.0,No missing or zero activity values,0.21230860535842552,0.0,0.10615430267921276,High availability,533,21
160703,LORETO,DATEM DEL MARAÑON,MANSERICHE,9.0,0.0,0.0,0.0,0.0,0.0,0.0,0.0,0.0,0.0,0.0,0.0,0.0,0.0,0.0,No missing or zero activity values,0.21230860535842552,0.0,0.10615430267921276,High availability,533,21
200202,PIURA,AYABACA,FRIAS,9.0,0.0,0.0,0.0,0.0,0.0,0.0,0.0,0.0,0.0,0.0,0.0,0.0,0.0,0.0,No missing or zero activity values,0.21230860535842552,0.0,0.10615430267921276,High availability,533,21
160303,LORETO,LORETO,TIGRE,9.0,0.0,4.0,0.0,0.0,0.0,0.0,0.0,0.0,0.0,0.0,0.0,0.0,0.0,0.0,No missing or zero activity values,0.21230860535842552,0.0,0.10615430267921276,High availability,533,21
060411,CAJAMARCA,CHOTA,LLAMA,9.0,0.0,0.0,0.0,0.0,0.0,0.0,0.0,0.0,0.0,0.0,0.0,0.0,0.0,0.0,No missing or zero activity values,0.21230860535842552,0.0,0.10615430267921276,High availability,533,21
210406,PUNO,CHUCUITO,POMATA,9.0,0.0,8.0,0.0,0.0,0.0,0.0,0.0,0.0,0.0,0.0,0.0,0.0,0.0,0.0,No missing or zero activity values,0.21230860535842552,0.0,0.10615430267921276,High availability,533,21
030107,APURIMAC,ABANCAY,PICHIRHUA,9.0,0.0,0.0,0.0,0.0,0.0,0.0,0.0,0.0,0.0,0.0,0.0,0.0,0.0,0.0,No missing or zero activity values,0.21230860535842552,0.0,0.10615430267921276,High availability,533,21
170203,MADRE DE DIOS,MANU,MADRE DE DIOS,9.0,0.0,5.0,0.0,0.0,0.0,0.0,0.0,0.0,0.0,0.0,0.0,0.0,0.0,0.0,No missing or zero activity values,0.21230860535842552,0.0,0.10615430267921276,High availability,533,21
160705,LORETO,DATEM DEL MARAÑON,PASTAZA,9.0,0.0,0.0,0.0,0.0,0.0,0.0,0.0,0.0,0.0,0.0,0.0,0.0,0.0,0.0,No missing or zero activity values,0.21230860535842552,0.0,0.10615430267921276,High availability,533,21
250401,UCAYALI,PURUS,PURUS,9.0,0.0,1.0,16.0,8.0,0.0,0.0,16.0,16.0,0.0,0.0,1.0,1.0,0.0,0.0,Missing activity values present,0.21230860535842552,0.0,0.10615430267921276,High availability,533,21
010109,AMAZONAS,CHACHAPOYAS,LA JALCA,9.0,0.0,0.0,0.0,0.0,0.0,0.0,0.0,0.0,0.0,0.0,0.0,0.0,0.0,0.0,No missing or zero activity values,0.21230860535842552,0.0,0.10615430267921276,High availability,533,21
030606,APURIMAC,CHINCHEROS,ONGOY,9.0,0.0,0.0,0.0,0.0,0.0,0.0,0.0,0.0,0.0,0.0,0.0,0.0,0.0,0.0,No missing or zero activity values,0.21230860535842552,0.0,0.10615430267921276,High availability,533,21
200303,PIURA,HUANCABAMBA,EL CARMEN DE LA FRONTERA,9.0,0.0,0.0,0.0,0.0,0.0,0.0,0.0,0.0,0.0,0.0,0.0,0.0,0.0,0.0,No missing or zero activity values,0.21230860535842552,0.0,0.10615430267921276,High availability,533,21
050505,AYACUCHO,LA MAR,CHUNGUI,9.0,0.0,3.0,0.0,0.0,0.0,0.0,0.0,0.0,0.0,0.0,0.0,0.0,0.0,0.0,No missing or zero activity values,0.21230860535842552,0.0,0.10615430267921276,High availability,533,21
090116,HUANCAVELICA,HUANCAVELICA,VILCA,4.0,0.0,0.0,8.0,4.0,1.0,1.0,7.0,7.0,0.0,0.0,0.875,0.875,0.0,0.0,Missing activity values present,0.14839734680795277,0.05911048332855905,0.10375391506825592,High availability,534,20
060605,CAJAMARCA,CUTERVO,LA RAMADA,8.0,0.0,0.0,16.0,8.0,0.0,0.0,16.0,16.0,0.0,0.0,1.0,1.0,0.0,0.0,Missing activity values present,0.20259389635278727,0.0,0.10129694817639363,High availability,535,19
060606,CAJAMARCA,CUTERVO,PIMPINGOS,8.0,0.0,0.0,16.0,8.0,0.0,0.0,16.0,16.0,0.0,0.0,1.0,1.0,0.0,0.0,Missing activity values present,0.20259389635278727,0.0,0.10129694817639363,High availability,535,19
060409,CAJAMARCA,CHOTA,HUAMBOS,8.0,0.0,0.0,0.0,0.0,0.0,0.0,0.0,0.0,0.0,0.0,0.0,0.0,0.0,0.0,No missing or zero activity values,0.20259389635278727,0.0,0.10129694817639363,High availability,535,19
100902,HUANUCO,PUERTO INCA,CODO DEL POZUZO,8.0,0.0,5.0,0.0,0.0,0.0,0.0,0.0,0.0,0.0,0.0,0.0,0.0,0.0,0.0,No missing or zero activity values,0.20259389635278727,0.0,0.10129694817639363,High availability,535,19
090613,HUANCAVELICA,HUAYTARA,SANTIAGO DE CHOCORVOS,8.0,0.0,2.0,16.0,8.0,0.0,0.0,16.0,16.0,0.0,0.0,1.0,1.0,0.0,0.0,Missing activity values present,0.20259389635278727,0.0,0.10129694817639363,High availability,535,19
170104,MADRE DE DIOS,TAMBOPATA,LABERINTO,8.0,0.0,4.0,0.0,0.0,0.0,0.0,0.0,0.0,0.0,0.0,0.0,0.0,0.0,0.0,No missing or zero activity values,0.20259389635278727,0.0,0.10129694817639363,High availability,535,19
021808,ANCASH,SANTA,SANTA,8.0,0.0,2.0,4.0,2.0,0.0,0.0,4.0,4.0,0.0,0.0,1.0,1.0,0.0,0.0,Missing activity values present,0.20259389635278727,0.0,0.10129694817639363,High availability,535,19
030218,APURIMAC,ANDAHUAYLAS,TURPO,8.0,0.0,1.0,0.0,0.0,0.0,0.0,0.0,0.0,0.0,0.0,0.0,0.0,0.0,0.0,No missing or zero activity values,0.20259389635278727,0.0,0.10129694817639363,High availability,535,19
021206,ANCASH,HUAYLAS,PAMPAROMAS,8.0,0.0,0.0,16.0,8.0,0.0,0.0,16.0,16.0,0.0,0.0,1.0,1.0,0.0,0.0,Missing activity values present,0.20259389635278727,0.0,0.10129694817639363,High availability,535,19
150203,LIMA,BARRANCA,PATIVILCA,8.0,0.0,3.0,0.0,0.0,0.0,0.0,0.0,0.0,0.0,0.0,0.0,0.0,0.0,0.0,No missing or zero activity values,0.20259389635278727,0.0,0.10129694817639363,High availability,535,19
200109,PIURA,PIURA,LA ARENA,8.0,0.0,0.0,0.0,0.0,0.0,0.0,0.0,0.0,0.0,0.0,0.0,0.0,0.0,0.0,No missing or zero activity values,0.20259389635278727,0.0,0.10129694817639363,High availability,535,19
050502,AYACUCHO,LA MAR,ANCO,8.0,0.0,0.0,0.0,0.0,0.0,0.0,0.0,0.0,0.0,0.0,0.0,0.0,0.0,0.0,No missing or zero activity values,0.20259389635278727,0.0,0.10129694817639363,High availability,535,19
230107,TACNA,TACNA,PALCA,8.0,0.0,3.0,0.0,0.0,0.0,0.0,0.0,0.0,0.0,0.0,0.0,0.0,0.0,0.0,No missing or zero activity values,0.20259389635278727,0.0,0.10129694817639363,High availability,535,19
220506,SAN MARTIN,LAMAS,PINTO RECODO,8.0,0.0,0.0,21.0,8.0,0.0,0.0,21.0,21.0,0.0,0.0,1.0,1.0,0.0,0.0,Missing activity values present,0.20259389635278727,0.0,0.10129694817639363,High availability,535,19
190303,PASCO,OXAPAMPA,HUANCABAMBA,8.0,0.0,0.0,16.0,8.0,0.0,0.0,16.0,16.0,0.0,0.0,1.0,1.0,0.0,0.0,Missing activity values present,0.20259389635278727,0.0,0.10129694817639363,High availability,535,19
120706,JUNIN,TARMA,PALCA,8.0,0.0,0.0,16.0,8.0,0.0,0.0,16.0,16.0,0.0,0.0,1.0,1.0,0.0,0.0,Missing activity values present,0.20259389635278727,0.0,0.10129694817639363,High availability,535,19
160211,LORETO,ALTO AMAZONAS,TENIENTE CESAR LOPEZ ROJAS,8.0,0.0,0.0,0.0,0.0,0.0,0.0,0.0,0.0,0.0,0.0,0.0,0.0,0.0,0.0,No missing or zero activity values,0.20259389635278727,0.0,0.10129694817639363,High availability,535,19
060902,CAJAMARCA,SAN IGNACIO,CHIRINOS,8.0,0.0,0.0,16.0,8.0,0.0,0.0,16.0,16.0,0.0,0.0,1.0,1.0,0.0,0.0,Missing activity values present,0.20259389635278727,0.0,0.10129694817639363,High availability,535,19
100701,HUANUCO,MARAÑON,HUACRACHUCO,8.0,0.0,3.0,0.0,0.0,0.0,0.0,0.0,0.0,0.0,0.0,0.0,0.0,0.0,0.0,No missing or zero activity values,0.20259389635278727,0.0,0.10129694817639363,High availability,535,19
160402,LORETO,MARISCAL RAMON CASTILLA,PEBAS,8.0,0.0,1.0,0.0,0.0,0.0,0.0,0.0,0.0,0.0,0.0,0.0,0.0,0.0,0.0,No missing or zero activity values,0.20259389635278727,0.0,0.10129694817639363,High availability,535,19
150505,LIMA,CAÑETE,CHILCA,8.0,0.0,4.0,0.0,0.0,0.0,0.0,0.0,0.0,0.0,0.0,0.0,0.0,0.0,0.0,No missing or zero activity values,0.20259389635278727,0.0,0.10129694817639363,High availability,535,19
160706,LORETO,DATEM DEL MARAÑON,ANDOAS,8.0,0.0,1.0,0.0,0.0,0.0,0.0,0.0,0.0,0.0,0.0,0.0,0.0,0.0,0.0,No missing or zero activity values,0.20259389635278727,0.0,0.10129694817639363,High availability,535,19
060407,CAJAMARCA,CHOTA,COCHABAMBA,8.0,0.0,0.0,0.0,0.0,0.0,0.0,0.0,0.0,0.0,0.0,0.0,0.0,0.0,0.0,No missing or zero activity values,0.20259389635278727,0.0,0.10129694817639363,High availability,535,19
060413,CAJAMARCA,CHOTA,PACCHA,8.0,0.0,0.0,0.0,0.0,0.0,0.0,0.0,0.0,0.0,0.0,0.0,0.0,0.0,0.0,No missing or zero activity values,0.20259389635278727,0.0,0.10129694817639363,High availability,535,19
210111,PUNO,PUNO,PICHACANI,8.0,0.0,0.0,4.0,2.0,0.0,0.0,4.0,4.0,0.0,0.0,1.0,1.0,0.0,0.0,Missing activity values present,0.20259389635278727,0.0,0.10129694817639363,High availability,535,19
010312,AMAZONAS,BONGARA,YAMBRASBAMBA,8.0,0.0,2.0,0.0,0.0,0.0,0.0,0.0,0.0,0.0,0.0,0.0,0.0,0.0,0.0,No missing or zero activity values,0.20259389635278727,0.0,0.10129694817639363,High availability,535,19
210302,PUNO,CARABAYA,AJOYANI,1.0,0.0,0.0,4.0,1.0,4.0,4.0,1.0,1.0,0.0,0.0,0.25,0.25,0.0,0.0,Missing activity values present,0.06391125855047272,0.13725029194295232,0.10058077524671252,High availability,536,18
040313,AREQUIPA,CARAVELI,YAUCA,1.0,0.0,0.0,4.0,1.0,4.0,4.0,1.0,1.0,0.0,0.0,0.25,0.25,0.0,0.0,Missing activity values present,0.06391125855047272,0.13725029194295232,0.10058077524671252,High availability,536,18
220914,SAN MARTIN,SAN MARTIN,SHAPAJA,1.0,0.0,0.0,5.0,1.0,4.0,4.0,1.0,1.0,0.0,0.0,0.2,0.2,0.0,0.0,Missing activity values present,0.06391125855047272,0.13725029194295232,0.10058077524671252,High availability,536,18
090504,HUANCAVELICA,CHURCAMPA,EL CARMEN,2.0,0.0,2.0,5.0,2.0,2.0,2.0,3.0,3.0,0.0,0.0,0.6,0.6,0.0,0.0,Missing activity values present,0.10129694817639363,0.09368789947526918,0.0974924238258314,High availability,537,17
250305,UCAYALI,PADRE ABAD,ALEXANDER VON HUMBOLDT,2.0,0.0,0.0,5.0,2.0,2.0,2.0,3.0,3.0,0.0,0.0,0.6,0.6,0.0,0.0,Missing activity values present,0.10129694817639363,0.09368789947526918,0.0974924238258314,High availability,537,17
200603,PIURA,SULLANA,IGNACIO ESCUDERO,7.0,0.0,1.0,0.0,0.0,0.0,0.0,0.0,0.0,0.0,0.0,0.0,0.0,0.0,0.0,No missing or zero activity values,0.19173377565141816,0.0,0.09586688782570908,High availability,538,16
100104,HUANUCO,HUANUCO,CHURUBAMBA,7.0,0.0,0.0,0.0,0.0,0.0,0.0,0.0,0.0,0.0,0.0,0.0,0.0,0.0,0.0,No missing or zero activity values,0.19173377565141816,0.0,0.09586688782570908,High availability,538,16
010503,AMAZONAS,LUYA,COCABAMBA,7.0,0.0,5.0,0.0,0.0,0.0,0.0,0.0,0.0,0.0,0.0,0.0,0.0,0.0,0.0,No missing or zero activity values,0.19173377565141816,0.0,0.09586688782570908,High availability,538,16
060611,CAJAMARCA,CUTERVO,SANTA CRUZ,7.0,0.0,0.0,14.0,7.0,0.0,0.0,14.0,14.0,0.0,0.0,1.0,1.0,0.0,0.0,Missing activity values present,0.19173377565141816,0.0,0.09586688782570908,High availability,538,16
200505,PIURA,PAITA,LA HUACA,7.0,0.0,2.0,0.0,0.0,0.0,0.0,0.0,0.0,0.0,0.0,0.0,0.0,0.0,0.0,No missing or zero activity values,0.19173377565141816,0.0,0.09586688782570908,High availability,538,16
140312,LAMBAYEQUE,LAMBAYEQUE,TUCUME,7.0,0.0,1.0,0.0,0.0,0.0,0.0,0.0,0.0,0.0,0.0,0.0,0.0,0.0,0.0,No missing or zero activity values,0.19173377565141816,0.0,0.09586688782570908,High availability,538,16
140307,LAMBAYEQUE,LAMBAYEQUE,MOTUPE,7.0,0.0,2.0,2.0,1.0,0.0,0.0,2.0,2.0,0.0,0.0,1.0,1.0,0.0,0.0,Missing activity values present,0.19173377565141816,0.0,0.09586688782570908,High availability,538,16
030208,APURIMAC,ANDAHUAYLAS,PACOBAMBA,7.0,0.0,0.0,0.0,0.0,0.0,0.0,0.0,0.0,0.0,0.0,0.0,0.0,0.0,0.0,No missing or zero activity values,0.19173377565141816,0.0,0.09586688782570908,High availability,538,16
140305,LAMBAYEQUE,LAMBAYEQUE,MOCHUMI,7.0,0.0,3.0,1.0,1.0,0.0,0.0,1.0,1.0,0.0,0.0,1.0,1.0,0.0,0.0,Missing activity values present,0.19173377565141816,0.0,0.09586688782570908,High availability,538,16
120707,JUNIN,TARMA,PALCAMAYO,7.0,0.0,0.0,14.0,7.0,0.0,0.0,14.0,14.0,0.0,0.0,1.0,1.0,0.0,0.0,Missing activity values present,0.19173377565141816,0.0,0.09586688782570908,High availability,538,16
150722,LIMA,HUAROCHIRI,SAN MATEO,7.0,0.0,4.0,10.0,5.0,0.0,0.0,10.0,10.0,0.0,0.0,1.0,1.0,0.0,0.0,Missing activity values present,0.19173377565141816,0.0,0.09586688782570908,High availability,538,16
200410,PIURA,MORROPON,YAMANGO,7.0,0.0,0.0,0.0,0.0,0.0,0.0,0.0,0.0,0.0,0.0,0.0,0.0,0.0,0.0,No missing or zero activity values,0.19173377565141816,0.0,0.09586688782570908,High availability,538,16
090302,HUANCAVELICA,ANGARAES,ANCHONGA,7.0,0.0,0.0,0.0,0.0,0.0,0.0,0.0,0.0,0.0,0.0,0.0,0.0,0.0,0.0,No missing or zero activity values,0.19173377565141816,0.0,0.09586688782570908,High availability,538,16
210807,PUNO,MELGAR,ORURILLO,7.0,0.0,0.0,0.0,0.0,0.0,0.0,0.0,0.0,0.0,0.0,0.0,0.0,0.0,0.0,No missing or zero activity values,0.19173377565141816,0.0,0.09586688782570908,High availability,538,16
120206,JUNIN,CONCEPCION,COMAS,7.0,0.0,1.0,14.0,7.0,0.0,0.0,14.0,14.0,0.0,0.0,1.0,1.0,0.0,0.0,Missing activity values present,0.19173377565141816,0.0,0.09586688782570908,High availability,538,16
210805,PUNO,MELGAR,MACARI,7.0,0.0,0.0,0.0,0.0,0.0,0.0,0.0,0.0,0.0,0.0,0.0,0.0,0.0,0.0,No missing or zero activity values,0.19173377565141816,0.0,0.09586688782570908,High availability,538,16
210210,PUNO,AZANGARO,SAMAN,7.0,0.0,0.0,14.0,7.0,0.0,0.0,14.0,14.0,0.0,0.0,1.0,1.0,0.0,0.0,Missing activity values present,0.19173377565141816,0.0,0.09586688782570908,High availability,538,16
120805,JUNIN,YAULI,MOROCOCHA,7.0,0.0,5.0,4.0,2.0,0.0,0.0,4.0,4.0,0.0,0.0,1.0,1.0,0.0,0.0,Missing activity values present,0.19173377565141816,0.0,0.09586688782570908,High availability,538,16
160104,LORETO,MAYNAS,INDIANA,7.0,0.0,0.0,0.0,0.0,0.0,0.0,0.0,0.0,0.0,0.0,0.0,0.0,0.0,0.0,No missing or zero activity values,0.19173377565141816,0.0,0.09586688782570908,High availability,538,16
120402,JUNIN,JAUJA,ACOLLA,7.0,0.0,0.0,14.0,7.0,0.0,0.0,14.0,14.0,0.0,0.0,1.0,1.0,0.0,0.0,Missing activity values present,0.19173377565141816,0.0,0.09586688782570908,High availability,538,16
160106,LORETO,MAYNAS,MAZAN,7.0,0.0,0.0,0.0,0.0,0.0,0.0,0.0,0.0,0.0,0.0,0.0,0.0,0.0,0.0,No missing or zero activity values,0.19173377565141816,0.0,0.09586688782570908,High availability,538,16
190106,PASCO,PASCO,PALLANCHACRA,7.0,0.0,1.0,0.0,0.0,0.0,0.0,0.0,0.0,0.0,0.0,0.0,0.0,0.0,0.0,No missing or zero activity values,0.19173377565141816,0.0,0.09586688782570908,High availability,538,16
120708,JUNIN,TARMA,SAN PEDRO DE CAJAS,7.0,0.0,1.0,12.0,6.0,0.0,0.0,12.0,12.0,0.0,0.0,1.0,1.0,0.0,0.0,Missing activity values present,0.19173377565141816,0.0,0.09586688782570908,High availability,538,16
170201,MADRE DE DIOS,MANU,MANU,7.0,0.0,1.0,0.0,0.0,0.0,0.0,0.0,0.0,0.0,0.0,0.0,0.0,0.0,0.0,No missing or zero activity values,0.19173377565141816,0.0,0.09586688782570908,High availability,538,16
140118,LAMBAYEQUE,CHICLAYO,POMALCA,7.0,0.0,4.0,0.0,0.0,0.0,0.0,0.0,0.0,0.0,0.0,0.0,0.0,0.0,0.0,No missing or zero activity values,0.19173377565141816,0.0,0.09586688782570908,High availability,538,16
140117,LAMBAYEQUE,CHICLAYO,PATAPO,7.0,0.0,4.0,2.0,1.0,0.0,0.0,2.0,2.0,0.0,0.0,1.0,1.0,0.0,0.0,Missing activity values present,0.19173377565141816,0.0,0.09586688782570908,High availability,538,16
210112,PUNO,PUNO,PLATERIA,7.0,0.0,0.0,0.0,0.0,0.0,0.0,0.0,0.0,0.0,0.0,0.0,0.0,0.0,0.0,No missing or zero activity values,0.19173377565141816,0.0,0.09586688782570908,High availability,538,16
200702,PIURA,TALARA,EL ALTO,7.0,0.0,2.0,0.0,0.0,0.0,0.0,0.0,0.0,0.0,0.0,0.0,0.0,0.0,0.0,No missing or zero activity values,0.19173377565141816,0.0,0.09586688782570908,High availability,538,16
160702,LORETO,DATEM DEL MARAÑON,CAHUAPANAS,7.0,0.0,0.0,0.0,0.0,0.0,0.0,0.0,0.0,0.0,0.0,0.0,0.0,0.0,0.0,No missing or zero activity values,0.19173377565141816,0.0,0.09586688782570908,High availability,538,16
060408,CAJAMARCA,CHOTA,CONCHAN,7.0,0.0,0.0,0.0,0.0,0.0,0.0,0.0,0.0,0.0,0.0,0.0,0.0,0.0,0.0,No missing or zero activity values,0.19173377565141816,0.0,0.09586688782570908,High availability,538,16
170303,MADRE DE DIOS,TAHUAMANU,TAHUAMANU,7.0,0.0,0.0,0.0,0.0,0.0,0.0,0.0,0.0,0.0,0.0,0.0,0.0,0.0,0.0,No missing or zero activity values,0.19173377565141816,0.0,0.09586688782570908,High availability,538,16
200404,PIURA,MORROPON,LA MATANZA,7.0,0.0,1.0,0.0,0.0,0.0,0.0,0.0,0.0,0.0,0.0,0.0,0.0,0.0,0.0,No missing or zero activity values,0.19173377565141816,0.0,0.09586688782570908,High availability,538,16
100201,HUANUCO,AMBO,AMBO,7.0,0.0,0.0,2.0,1.0,0.0,0.0,2.0,2.0,0.0,0.0,1.0,1.0,0.0,0.0,Missing activity values present,0.19173377565141816,0.0,0.09586688782570908,High availability,538,16
061107,CAJAMARCA,SAN MIGUEL,LLAPA,7.0,0.0,0.0,20.0,7.0,0.0,0.0,20.0,20.0,0.0,0.0,1.0,1.0,0.0,0.0,Missing activity values present,0.19173377565141816,0.0,0.09586688782570908,High availability,538,16
060309,CAJAMARCA,CELENDIN,SOROCHUCO,7.0,0.0,0.0,0.0,0.0,0.0,0.0,0.0,0.0,0.0,0.0,0.0,0.0,0.0,0.0,No missing or zero activity values,0.19173377565141816,0.0,0.09586688782570908,High availability,538,16
061303,CAJAMARCA,SANTA CRUZ,CATACHE,7.0,0.0,0.0,0.0,0.0,0.0,0.0,0.0,0.0,0.0,0.0,0.0,0.0,0.0,0.0,No missing or zero activity values,0.19173377565141816,0.0,0.09586688782570908,High availability,538,16
080603,CUSCO,CANCHIS,COMBAPATA,2.0,1.0,0.0,4.0,2.0,0.0,0.0,4.0,4.0,0.0,0.0,1.0,1.0,0.0,0.0,Missing activity values present,0.18972283995939515,0.0,0.09486141997969758,Medium availability,539,15
081212,CUSCO,QUISPICANCHI,QUIQUIJANA,2.0,1.0,0.0,4.0,2.0,0.0,0.0,4.0,4.0,0.0,0.0,1.0,1.0,0.0,0.0,Missing activity values present,0.18972283995939515,0.0,0.09486141997969758,Medium availability,539,15
081210,CUSCO,QUISPICANCHI,OCONGATE,2.0,1.0,0.0,4.0,2.0,0.0,0.0,4.0,4.0,0.0,0.0,1.0,1.0,0.0,0.0,Missing activity values present,0.18972283995939515,0.0,0.09486141997969758,Medium availability,539,15
040801,AREQUIPA,LA UNION,COTAHUASI,2.0,1.0,1.0,2.0,1.0,0.0,0.0,2.0,2.0,0.0,0.0,1.0,1.0,0.0,0.0,Missing activity values present,0.18972283995939515,0.0,0.09486141997969758,Medium availability,539,15
030220,APURIMAC,ANDAHUAYLAS,JOSE MARIA ARGUEDAS,2.0,1.0,0.0,0.0,0.0,0.0,0.0,0.0,0.0,0.0,0.0,0.0,0.0,0.0,0.0,No missing or zero activity values,0.18972283995939515,0.0,0.09486141997969758,Medium availability,539,15
080201,CUSCO,ACOMAYO,ACOMAYO,2.0,1.0,1.0,2.0,1.0,0.0,0.0,2.0,2.0,0.0,0.0,1.0,1.0,0.0,0.0,Missing activity values present,0.18972283995939515,0.0,0.09486141997969758,Medium availability,539,15
050301,AYACUCHO,HUANCA SANCOS,SANCOS,2.0,1.0,1.0,0.0,0.0,0.0,0.0,0.0,0.0,0.0,0.0,0.0,0.0,0.0,0.0,No missing or zero activity values,0.18972283995939515,0.0,0.09486141997969758,Medium availability,539,15
081305,CUSCO,URUBAMBA,MARAS,2.0,1.0,0.0,0.0,0.0,0.0,0.0,0.0,0.0,0.0,0.0,0.0,0.0,0.0,0.0,No missing or zero activity values,0.18972283995939515,0.0,0.09486141997969758,Medium availability,539,15
131002,LA LIBERTAD,SANTIAGO DE CHUCO,ANGASMARCA,2.0,1.0,1.0,0.0,0.0,0.0,0.0,0.0,0.0,0.0,0.0,0.0,0.0,0.0,0.0,No missing or zero activity values,0.18972283995939515,0.0,0.09486141997969758,Medium availability,539,15
210902,PUNO,MOHO,CONIMA,2.0,1.0,0.0,0.0,0.0,0.0,0.0,0.0,0.0,0.0,0.0,0.0,0.0,0.0,0.0,No missing or zero activity values,0.18972283995939515,0.0,0.09486141997969758,Medium availability,539,15
060502,CAJAMARCA,CONTUMAZA,CHILETE,2.0,1.0,0.0,12.0,2.0,0.0,0.0,12.0,12.0,0.0,0.0,1.0,1.0,0.0,0.0,Missing activity values present,0.18972283995939515,0.0,0.09486141997969758,Medium availability,539,15
081201,CUSCO,QUISPICANCHI,URCOS,2.0,1.0,1.0,2.0,1.0,0.0,0.0,2.0,2.0,0.0,0.0,1.0,1.0,0.0,0.0,Missing activity values present,0.18972283995939515,0.0,0.09486141997969758,Medium availability,539,15
100301,HUANUCO,DOS DE MAYO,LA UNION,2.0,1.0,1.0,2.0,1.0,0.0,0.0,2.0,2.0,0.0,0.0,1.0,1.0,0.0,0.0,Missing activity values present,0.18972283995939515,0.0,0.09486141997969758,Medium availability,539,15
020804,ANCASH,CASMA,YAUTAN,2.0,1.0,0.0,4.0,2.0,0.0,0.0,4.0,4.0,0.0,0.0,1.0,1.0,0.0,0.0,Missing activity values present,0.18972283995939515,0.0,0.09486141997969758,Medium availability,539,15
081302,CUSCO,URUBAMBA,CHINCHERO,2.0,1.0,0.0,0.0,0.0,0.0,0.0,0.0,0.0,0.0,0.0,0.0,0.0,0.0,0.0,No missing or zero activity values,0.18972283995939515,0.0,0.09486141997969758,Medium availability,539,15
210208,PUNO,AZANGARO,MUÑANI,2.0,1.0,0.0,0.0,0.0,0.0,0.0,0.0,0.0,0.0,0.0,0.0,0.0,0.0,0.0,No missing or zero activity values,0.18972283995939515,0.0,0.09486141997969758,Medium availability,539,15
240203,TUMBES,CONTRALMIRANTE VILLAR,CANOAS DE PUNTA SAL,3.0,0.0,0.0,7.0,3.0,1.0,1.0,6.0,6.0,0.0,0.0,0.8571428571428571,0.8571428571428571,0.0,0.0,Missing activity values present,0.12782251710094544,0.05911048332855905,0.09346650021475225,Medium availability,540,14
120111,JUNIN,HUANCAYO,CHUPURO,3.0,0.0,1.0,7.0,3.0,1.0,1.0,6.0,6.0,0.0,0.0,0.8571428571428571,0.8571428571428571,0.0,0.0,Missing activity values present,0.12782251710094544,0.05911048332855905,0.09346650021475225,Medium availability,540,14
060112,CAJAMARCA,CAJAMARCA,SAN JUAN,1.0,0.0,0.0,3.0,1.0,3.0,3.0,0.0,0.0,0.0,0.0,0.0,0.0,0.0,0.0,No missing or zero activity values,0.06391125855047272,0.1182209666571181,0.09106611260379541,Medium availability,541,13
010203,AMAZONAS,BAGUA,COPALLIN,6.0,0.0,0.0,0.0,0.0,0.0,0.0,0.0,0.0,0.0,0.0,0.0,0.0,0.0,0.0,No missing or zero activity values,0.17942158626656576,0.0,0.08971079313328288,Medium availability,542,12
250203,UCAYALI,ATALAYA,TAHUANIA,6.0,0.0,0.0,16.0,8.0,0.0,0.0,16.0,16.0,0.0,0.0,1.0,1.0,0.0,0.0,Missing activity values present,0.17942158626656576,0.0,0.08971079313328288,Medium availability,542,12
010206,AMAZONAS,BAGUA,LA PECA,6.0,0.0,0.0,0.0,0.0,0.0,0.0,0.0,0.0,0.0,0.0,0.0,0.0,0.0,0.0,No missing or zero activity values,0.17942158626656576,0.0,0.08971079313328288,Medium availability,542,12
240105,TUMBES,TUMBES,SAN JACINTO,6.0,0.0,0.0,12.0,6.0,0.0,0.0,12.0,12.0,0.0,0.0,1.0,1.0,0.0,0.0,Missing activity values present,0.17942158626656576,0.0,0.08971079313328288,Medium availability,542,12
010602,AMAZONAS,RODRIGUEZ DE MENDOZA,CHIRIMOTO,6.0,0.0,1.0,0.0,0.0,0.0,0.0,0.0,0.0,0.0,0.0,0.0,0.0,0.0,0.0,No missing or zero activity values,0.17942158626656576,0.0,0.08971079313328288,Medium availability,542,12
010521,AMAZONAS,LUYA,SANTO TOMAS,6.0,0.0,0.0,0.0,0.0,0.0,0.0,0.0,0.0,0.0,0.0,0.0,0.0,0.0,0.0,No missing or zero activity values,0.17942158626656576,0.0,0.08971079313328288,Medium availability,542,12
080903,CUSCO,LA CONVENCION,HUAYOPATA,6.0,0.0,1.0,0.0,0.0,0.0,0.0,0.0,0.0,0.0,0.0,0.0,0.0,0.0,0.0,No missing or zero activity values,0.17942158626656576,0.0,0.08971079313328288,Medium availability,542,12
010707,AMAZONAS,UTCUBAMBA,YAMON,6.0,0.0,0.0,0.0,0.0,0.0,0.0,0.0,0.0,0.0,0.0,0.0,0.0,0.0,0.0,No missing or zero activity values,0.17942158626656576,0.0,0.08971079313328288,Medium availability,542,12
160803,LORETO,PUTUMAYO,TENIENTE MANUEL CLAVERO,6.0,0.0,1.0,0.0,0.0,0.0,0.0,0.0,0.0,0.0,0.0,0.0,0.0,0.0,0.0,No missing or zero activity values,0.17942158626656576,0.0,0.08971079313328288,Medium availability,542,12
160603,LORETO,UCAYALI,PADRE MARQUEZ,6.0,0.0,0.0,0.0,0.0,0.0,0.0,0.0,0.0,0.0,0.0,0.0,0.0,0.0,0.0,No missing or zero activity values,0.17942158626656576,0.0,0.08971079313328288,Medium availability,542,12
230401,TACNA,TARATA,TARATA,6.0,0.0,2.0,2.0,1.0,0.0,0.0,2.0,2.0,0.0,0.0,1.0,1.0,0.0,0.0,Missing activity values present,0.17942158626656576,0.0,0.08971079313328288,Medium availability,542,12
120214,JUNIN,CONCEPCION,SAN JOSE DE QUERO,6.0,0.0,0.0,12.0,6.0,0.0,0.0,12.0,12.0,0.0,0.0,1.0,1.0,0.0,0.0,Missing activity values present,0.17942158626656576,0.0,0.08971079313328288,Medium availability,542,12
210806,PUNO,MELGAR,NUÑOA,6.0,0.0,0.0,0.0,0.0,0.0,0.0,0.0,0.0,0.0,0.0,0.0,0.0,0.0,0.0,No missing or zero activity values,0.17942158626656576,0.0,0.08971079313328288,Medium availability,542,12
050619,AYACUCHO,LUCANAS,SANCOS,6.0,0.0,0.0,0.0,0.0,0.0,0.0,0.0,0.0,0.0,0.0,0.0,0.0,0.0,0.0,No missing or zero activity values,0.17942158626656576,0.0,0.08971079313328288,Medium availability,542,12
051108,AYACUCHO,VILCAS HUAMAN,VISCHONGO,6.0,0.0,0.0,14.0,7.0,0.0,0.0,14.0,14.0,0.0,0.0,1.0,1.0,0.0,0.0,Missing activity values present,0.17942158626656576,0.0,0.08971079313328288,Medium availability,542,12
050410,AYACUCHO,HUANTA,UCHURACCAY,6.0,0.0,0.0,0.0,0.0,0.0,0.0,0.0,0.0,0.0,0.0,0.0,0.0,0.0,0.0,No missing or zero activity values,0.17942158626656576,0.0,0.08971079313328288,Medium availability,542,12
120602,JUNIN,SATIPO,COVIRIALI,6.0,0.0,0.0,12.0,6.0,0.0,0.0,12.0,12.0,0.0,0.0,1.0,1.0,0.0,0.0,Missing activity values present,0.17942158626656576,0.0,0.08971079313328288,Medium availability,542,12
200308,PIURA,HUANCABAMBA,SONDORILLO,6.0,0.0,0.0,0.0,0.0,0.0,0.0,0.0,0.0,0.0,0.0,0.0,0.0,0.0,0.0,No missing or zero activity values,0.17942158626656576,0.0,0.08971079313328288,Medium availability,542,12
110103,ICA,ICA,LOS AQUIJES,6.0,0.0,1.0,10.0,5.0,0.0,0.0,10.0,10.0,0.0,0.0,1.0,1.0,0.0,0.0,Missing activity values present,0.17942158626656576,0.0,0.08971079313328288,Medium availability,542,12
060303,CAJAMARCA,CELENDIN,CORTEGANA,6.0,0.0,0.0,6.0,6.0,0.0,0.0,6.0,6.0,0.0,0.0,1.0,1.0,0.0,0.0,Missing activity values present,0.17942158626656576,0.0,0.08971079313328288,Medium availability,542,12
100905,HUANUCO,PUERTO INCA,YUYAPICHIS,6.0,0.0,0.0,0.0,0.0,0.0,0.0,0.0,0.0,0.0,0.0,0.0,0.0,0.0,0.0,No missing or zero activity values,0.17942158626656576,0.0,0.08971079313328288,Medium availability,542,12
100903,HUANUCO,PUERTO INCA,HONORIA,6.0,0.0,0.0,0.0,0.0,0.0,0.0,0.0,0.0,0.0,0.0,0.0,0.0,0.0,0.0,No missing or zero activity values,0.17942158626656576,0.0,0.08971079313328288,Medium availability,542,12
060204,CAJAMARCA,CAJABAMBA,SITACOCHA,6.0,0.0,0.0,0.0,0.0,0.0,0.0,0.0,0.0,0.0,0.0,0.0,0.0,0.0,0.0,No missing or zero activity values,0.17942158626656576,0.0,0.08971079313328288,Medium availability,542,12
050205,AYACUCHO,CANGALLO,PARAS,6.0,0.0,0.0,12.0,6.0,0.0,0.0,12.0,12.0,0.0,0.0,1.0,1.0,0.0,0.0,Missing activity values present,0.17942158626656576,0.0,0.08971079313328288,Medium availability,542,12
120605,JUNIN,SATIPO,PAMPA HERMOSA,6.0,0.0,0.0,12.0,6.0,0.0,0.0,12.0,12.0,0.0,0.0,1.0,1.0,0.0,0.0,Missing activity values present,0.17942158626656576,0.0,0.08971079313328288,Medium availability,542,12
210304,PUNO,CARABAYA,COASA,6.0,0.0,0.0,0.0,0.0,0.0,0.0,0.0,0.0,0.0,0.0,0.0,0.0,0.0,0.0,No missing or zero activity values,0.17942158626656576,0.0,0.08971079313328288,Medium availability,542,12
200705,PIURA,TALARA,LOS ORGANOS,6.0,0.0,3.0,0.0,0.0,0.0,0.0,0.0,0.0,0.0,0.0,0.0,0.0,0.0,0.0,No missing or zero activity values,0.17942158626656576,0.0,0.08971079313328288,Medium availability,542,12
170204,MADRE DE DIOS,MANU,HUEPETUHE,6.0,0.0,0.0,0.0,0.0,0.0,0.0,0.0,0.0,0.0,0.0,0.0,0.0,0.0,0.0,No missing or zero activity values,0.17942158626656576,0.0,0.08971079313328288,Medium availability,542,12
100603,HUANUCO,LEONCIO PRADO,HERMILIO VALDIZAN,6.0,0.0,3.0,0.0,0.0,0.0,0.0,0.0,0.0,0.0,0.0,0.0,0.0,0.0,0.0,No missing or zero activity values,0.17942158626656576,0.0,0.08971079313328288,Medium availability,542,12
060404,CAJAMARCA,CHOTA,CHIGUIRIP,6.0,0.0,0.0,0.0,0.0,0.0,0.0,0.0,0.0,0.0,0.0,0.0,0.0,0.0,0.0,No missing or zero activity values,0.17942158626656576,0.0,0.08971079313328288,Medium availability,542,12
120709,JUNIN,TARMA,TAPO,6.0,0.0,0.0,12.0,6.0,0.0,0.0,12.0,12.0,0.0,0.0,1.0,1.0,0.0,0.0,Missing activity values present,0.17942158626656576,0.0,0.08971079313328288,Medium availability,542,12
050106,AYACUCHO,HUAMANGA,OCROS,6.0,0.0,0.0,0.0,0.0,0.0,0.0,0.0,0.0,0.0,0.0,0.0,0.0,0.0,0.0,No missing or zero activity values,0.17942158626656576,0.0,0.08971079313328288,Medium availability,542,12
060412,CAJAMARCA,CHOTA,MIRACOSTA,6.0,0.0,0.0,0.0,0.0,0.0,0.0,0.0,0.0,0.0,0.0,0.0,0.0,0.0,0.0,No missing or zero activity values,0.17942158626656576,0.0,0.08971079313328288,Medium availability,542,12
220202,SAN MARTIN,BELLAVISTA,ALTO BIAVO,6.0,0.0,0.0,16.0,7.0,0.0,0.0,16.0,16.0,0.0,0.0,1.0,1.0,0.0,0.0,Missing activity values present,0.17942158626656576,0.0,0.08971079313328288,Medium availability,542,12
200703,PIURA,TALARA,LA BREA,6.0,0.0,2.0,0.0,0.0,0.0,0.0,0.0,0.0,0.0,0.0,0.0,0.0,0.0,0.0,No missing or zero activity values,0.17942158626656576,0.0,0.08971079313328288,Medium availability,542,12
130902,LA LIBERTAD,SANCHEZ CARRION,CHUGAY,6.0,0.0,0.0,20.0,10.0,0.0,0.0,20.0,20.0,0.0,0.0,1.0,1.0,0.0,0.0,Missing activity values present,0.17942158626656576,0.0,0.08971079313328288,Medium availability,542,12
040128,AREQUIPA,AREQUIPA,YURA,6.0,0.0,4.0,6.0,3.0,0.0,0.0,6.0,6.0,0.0,0.0,1.0,1.0,0.0,0.0,Missing activity values present,0.17942158626656576,0.0,0.08971079313328288,Medium availability,542,12
040124,AREQUIPA,AREQUIPA,UCHUMAYO,6.0,0.0,3.0,6.0,3.0,0.0,0.0,6.0,6.0,0.0,0.0,1.0,1.0,0.0,0.0,Missing activity values present,0.17942158626656576,0.0,0.08971079313328288,Medium availability,542,12
150805,LIMA,HUAURA,HUALMAY,6.0,0.0,3.0,2.0,1.0,0.0,0.0,2.0,2.0,0.0,0.0,1.0,1.0,0.0,0.0,Missing activity values present,0.17942158626656576,0.0,0.08971079313328288,Medium availability,542,12
210105,PUNO,PUNO,CAPACHICA,6.0,0.0,0.0,2.0,1.0,0.0,0.0,2.0,2.0,0.0,0.0,1.0,1.0,0.0,0.0,Missing activity values present,0.17942158626656576,0.0,0.08971079313328288,Medium availability,542,12
150606,LIMA,HUARAL,IHUARI,6.0,0.0,0.0,0.0,0.0,0.0,0.0,0.0,0.0,0.0,0.0,0.0,0.0,0.0,0.0,No missing or zero activity values,0.17942158626656576,0.0,0.08971079313328288,Medium availability,542,12
150604,LIMA,HUARAL,AUCALLAMA,6.0,0.0,2.0,0.0,0.0,0.0,0.0,0.0,0.0,0.0,0.0,0.0,0.0,0.0,0.0,No missing or zero activity values,0.17942158626656576,0.0,0.08971079313328288,Medium availability,542,12
030608,APURIMAC,CHINCHEROS,RANRACANCHA,6.0,0.0,0.0,0.0,0.0,0.0,0.0,0.0,0.0,0.0,0.0,0.0,0.0,0.0,0.0,No missing or zero activity values,0.17942158626656576,0.0,0.08971079313328288,Medium availability,542,12
060905,CAJAMARCA,SAN IGNACIO,NAMBALLE,6.0,0.0,0.0,14.0,7.0,0.0,0.0,14.0,14.0,0.0,0.0,1.0,1.0,0.0,0.0,Missing activity values present,0.17942158626656576,0.0,0.08971079313328288,Medium availability,542,12
140107,LAMBAYEQUE,CHICLAYO,LAGUNAS,6.0,0.0,1.0,2.0,1.0,0.0,0.0,2.0,2.0,0.0,0.0,1.0,1.0,0.0,0.0,Missing activity values present,0.17942158626656576,0.0,0.08971079313328288,Medium availability,542,12
030105,APURIMAC,ABANCAY,HUANIPACA,6.0,0.0,0.0,0.0,0.0,0.0,0.0,0.0,0.0,0.0,0.0,0.0,0.0,0.0,0.0,No missing or zero activity values,0.17942158626656576,0.0,0.08971079313328288,Medium availability,542,12
210502,PUNO,EL COLLAO,CAPASO,6.0,0.0,1.0,0.0,0.0,0.0,0.0,0.0,0.0,0.0,0.0,0.0,0.0,0.0,0.0,No missing or zero activity values,0.17942158626656576,0.0,0.08971079313328288,Medium availability,542,12
061111,CAJAMARCA,SAN MIGUEL,SAN SILVESTRE DE COCHAN,6.0,0.0,0.0,12.0,6.0,0.0,0.0,12.0,12.0,0.0,0.0,1.0,1.0,0.0,0.0,Missing activity values present,0.17942158626656576,0.0,0.08971079313328288,Medium availability,542,12
061304,CAJAMARCA,SANTA CRUZ,CHANCAYBAÑOS,6.0,0.0,0.0,0.0,0.0,0.0,0.0,0.0,0.0,0.0,0.0,0.0,0.0,0.0,0.0,No missing or zero activity values,0.17942158626656576,0.0,0.08971079313328288,Medium availability,542,12
021207,ANCASH,HUAYLAS,PUEBLO LIBRE,6.0,0.0,0.0,12.0,6.0,0.0,0.0,12.0,12.0,0.0,0.0,1.0,1.0,0.0,0.0,Missing activity values present,0.17942158626656576,0.0,0.08971079313328288,Medium availability,542,12
022008,ANCASH,YUNGAY,YANAMA,6.0,0.0,0.0,12.0,6.0,0.0,0.0,12.0,12.0,0.0,0.0,1.0,1.0,0.0,0.0,Missing activity values present,0.17942158626656576,0.0,0.08971079313328288,Medium availability,542,12
070105,CALLAO,CALLAO,LA PUNTA,6.0,0.0,6.0,5.0,1.0,0.0,0.0,5.0,5.0,0.0,0.0,1.0,1.0,0.0,0.0,Missing activity values present,0.17942158626656576,0.0,0.08971079313328288,Medium availability,542,12
090510,HUANCAVELICA,CHURCAMPA,PACHAMARCA,6.0,0.0,6.0,12.0,6.0,0.0,0.0,12.0,12.0,0.0,0.0,1.0,1.0,0.0,0.0,Missing activity values present,0.17942158626656576,0.0,0.08971079313328288,Medium availability,542,12
010106,AMAZONAS,CHACHAPOYAS,CHUQUIBAMBA,6.0,0.0,2.0,0.0,0.0,0.0,0.0,0.0,0.0,0.0,0.0,0.0,0.0,0.0,0.0,No missing or zero activity values,0.17942158626656576,0.0,0.08971079313328288,Medium availability,542,12
110505,ICA,PISCO,PARACAS,6.0,0.0,3.0,4.0,2.0,0.0,0.0,4.0,4.0,0.0,0.0,1.0,1.0,0.0,0.0,Missing activity values present,0.17942158626656576,0.0,0.08971079313328288,Medium availability,542,12
110504,ICA,PISCO,INDEPENDENCIA,6.0,0.0,0.0,2.0,1.0,0.0,0.0,2.0,2.0,0.0,0.0,1.0,1.0,0.0,0.0,Missing activity values present,0.17942158626656576,0.0,0.08971079313328288,Medium availability,542,12
200204,PIURA,AYABACA,LAGUNAS,5.0,0.0,0.0,0.0,0.0,0.0,0.0,0.0,0.0,0.0,0.0,0.0,0.0,0.0,0.0,No missing or zero activity values,0.16520820672686637,0.0,0.08260410336343318,Medium availability,543,11
120126,JUNIN,HUANCAYO,PUCARA,5.0,0.0,0.0,10.0,5.0,0.0,0.0,10.0,10.0,0.0,0.0,1.0,1.0,0.0,0.0,Missing activity values present,0.16520820672686637,0.0,0.08260410336343318,Medium availability,543,11
050708,AYACUCHO,PARINACOCHAS,UPAHUACHO,5.0,0.0,0.0,0.0,0.0,0.0,0.0,0.0,0.0,0.0,0.0,0.0,0.0,0.0,0.0,No missing or zero activity values,0.16520820672686637,0.0,0.08260410336343318,Medium availability,543,11
050706,AYACUCHO,PARINACOCHAS,PUYUSCA,5.0,0.0,0.0,0.0,0.0,0.0,0.0,0.0,0.0,0.0,0.0,0.0,0.0,0.0,0.0,No missing or zero activity values,0.16520820672686637,0.0,0.08260410336343318,Medium availability,543,11
160110,LORETO,MAYNAS,TORRES CAUSANA,5.0,0.0,0.0,0.0,0.0,0.0,0.0,0.0,0.0,0.0,0.0,0.0,0.0,0.0,0.0,No missing or zero activity values,0.16520820672686637,0.0,0.08260410336343318,Medium availability,543,11
010509,AMAZONAS,LUYA,LUYA,5.0,0.0,0.0,0.0,0.0,0.0,0.0,0.0,0.0,0.0,0.0,0.0,0.0,0.0,0.0,No missing or zero activity values,0.16520820672686637,0.0,0.08260410336343318,Medium availability,543,11
010513,AMAZONAS,LUYA,OCUMAL,5.0,0.0,1.0,0.0,0.0,0.0,0.0,0.0,0.0,0.0,0.0,0.0,0.0,0.0,0.0,No missing or zero activity values,0.16520820672686637,0.0,0.08260410336343318,Medium availability,543,11
160403,LORETO,MARISCAL RAMON CASTILLA,YAVARI,5.0,0.0,1.0,0.0,0.0,0.0,0.0,0.0,0.0,0.0,0.0,0.0,0.0,0.0,0.0,No missing or zero activity values,0.16520820672686637,0.0,0.08260410336343318,Medium availability,543,11
160404,LORETO,MARISCAL RAMON CASTILLA,SAN PABLO,5.0,0.0,2.0,0.0,0.0,0.0,0.0,0.0,0.0,0.0,0.0,0.0,0.0,0.0,0.0,No missing or zero activity values,0.16520820672686637,0.0,0.08260410336343318,Medium availability,543,11
081104,CUSCO,PAUCARTAMBO,COLQUEPATA,5.0,0.0,0.0,10.0,5.0,0.0,0.0,10.0,10.0,0.0,0.0,1.0,1.0,0.0,0.0,Missing activity values present,0.16520820672686637,0.0,0.08260410336343318,Medium availability,543,11
080911,CUSCO,LA CONVENCION,INKAWASI,5.0,0.0,0.0,0.0,0.0,0.0,0.0,0.0,0.0,0.0,0.0,0.0,0.0,0.0,0.0,No missing or zero activity values,0.16520820672686637,0.0,0.08260410336343318,Medium availability,543,11
030304,APURIMAC,ANTABAMBA,JUAN ESPINOZA MEDRANO,5.0,0.0,0.0,0.0,0.0,0.0,0.0,0.0,0.0,0.0,0.0,0.0,0.0,0.0,0.0,No missing or zero activity values,0.16520820672686637,0.0,0.08260410336343318,Medium availability,543,11
220508,SAN MARTIN,LAMAS,SAN ROQUE DE CUMBAZA,5.0,0.0,0.0,10.0,5.0,0.0,0.0,10.0,10.0,0.0,0.0,1.0,1.0,0.0,0.0,Missing activity values present,0.16520820672686637,0.0,0.08260410336343318,Medium availability,543,11
150602,LIMA,HUARAL,ATAVILLOS ALTO,5.0,0.0,0.0,0.0,0.0,0.0,0.0,0.0,0.0,0.0,0.0,0.0,0.0,0.0,0.0,No missing or zero activity values,0.16520820672686637,0.0,0.08260410336343318,Medium availability,543,11
190105,PASCO,PASCO,NINACACA,5.0,0.0,0.0,10.0,5.0,0.0,0.0,10.0,10.0,0.0,0.0,1.0,1.0,0.0,0.0,Missing activity values present,0.16520820672686637,0.0,0.08260410336343318,Medium availability,543,11
180210,MOQUEGUA,GENERAL SANCHEZ CERRO,UBINAS,5.0,0.0,1.0,0.0,0.0,0.0,0.0,0.0,0.0,0.0,0.0,0.0,0.0,0.0,0.0,No missing or zero activity values,0.16520820672686637,0.0,0.08260410336343318,Medium availability,543,11
220605,SAN MARTIN,MARISCAL CACERES,PAJARILLO,5.0,0.0,0.0,14.0,5.0,0.0,0.0,14.0,14.0,0.0,0.0,1.0,1.0,0.0,0.0,Missing activity values present,0.16520820672686637,0.0,0.08260410336343318,Medium availability,543,11
022003,ANCASH,YUNGAY,MANCOS,5.0,0.0,0.0,10.0,5.0,0.0,0.0,10.0,10.0,0.0,0.0,1.0,1.0,0.0,0.0,Missing activity values present,0.16520820672686637,0.0,0.08260410336343318,Medium availability,543,11
061307,CAJAMARCA,SANTA CRUZ,PULAN,5.0,0.0,1.0,0.0,0.0,0.0,0.0,0.0,0.0,0.0,0.0,0.0,0.0,0.0,0.0,No missing or zero activity values,0.16520820672686637,0.0,0.08260410336343318,Medium availability,543,11
022007,ANCASH,YUNGAY,SHUPLUY,5.0,0.0,0.0,8.0,4.0,0.0,0.0,8.0,8.0,0.0,0.0,1.0,1.0,0.0,0.0,Missing activity values present,0.16520820672686637,0.0,0.08260410336343318,Medium availability,543,11
140115,LAMBAYEQUE,CHICLAYO,SA?A,5.0,0.0,0.0,2.0,1.0,0.0,0.0,2.0,2.0,0.0,0.0,1.0,1.0,0.0,0.0,Missing activity values present,0.16520820672686637,0.0,0.08260410336343318,Medium availability,543,11
140110,LAMBAYEQUE,CHICLAYO,OYOTUN,5.0,0.0,1.0,1.0,1.0,0.0,0.0,1.0,1.0,0.0,0.0,1.0,1.0,0.0,0.0,Missing activity values present,0.16520820672686637,0.0,0.08260410336343318,Medium availability,543,11
030708,APURIMAC,GRAU,PROGRESO,5.0,0.0,0.0,0.0,0.0,0.0,0.0,0.0,0.0,0.0,0.0,0.0,0.0,0.0,0.0,No missing or zero activity values,0.16520820672686637,0.0,0.08260410336343318,Medium availability,543,11
030704,APURIMAC,GRAU,HUAILLATI,5.0,0.0,0.0,0.0,0.0,0.0,0.0,0.0,0.0,0.0,0.0,0.0,0.0,0.0,0.0,No missing or zero activity values,0.16520820672686637,0.0,0.08260410336343318,Medium availability,543,11
030303,APURIMAC,ANTABAMBA,HUAQUIRCA,5.0,0.0,1.0,0.0,0.0,0.0,0.0,0.0,0.0,0.0,0.0,0.0,0.0,0.0,0.0,No missing or zero activity values,0.16520820672686637,0.0,0.08260410336343318,Medium availability,543,11
220507,SAN MARTIN,LAMAS,RUMISAPA,5.0,0.0,0.0,10.0,5.0,0.0,0.0,10.0,10.0,0.0,0.0,1.0,1.0,0.0,0.0,Missing activity values present,0.16520820672686637,0.0,0.08260410336343318,Medium availability,543,11
030305,APURIMAC,ANTABAMBA,OROPESA,5.0,0.0,0.0,0.0,0.0,0.0,0.0,0.0,0.0,0.0,0.0,0.0,0.0,0.0,0.0,No missing or zero activity values,0.16520820672686637,0.0,0.08260410336343318,Medium availability,543,11
060610,CAJAMARCA,CUTERVO,SAN LUIS DE LUCMA,5.0,0.0,0.0,10.0,5.0,0.0,0.0,10.0,10.0,0.0,0.0,1.0,1.0,0.0,0.0,Missing activity values present,0.16520820672686637,0.0,0.08260410336343318,Medium availability,543,11
140311,LAMBAYEQUE,LAMBAYEQUE,SAN JOSE,5.0,0.0,1.0,0.0,0.0,0.0,0.0,0.0,0.0,0.0,0.0,0.0,0.0,0.0,0.0,No missing or zero activity values,0.16520820672686637,0.0,0.08260410336343318,Medium availability,543,11
131102,LA LIBERTAD,GRAN CHIMU,LUCMA,5.0,0.0,0.0,0.0,0.0,0.0,0.0,0.0,0.0,0.0,0.0,0.0,0.0,0.0,0.0,No missing or zero activity values,0.16520820672686637,0.0,0.08260410336343318,Medium availability,543,11
040117,AREQUIPA,AREQUIPA,SACHACA,5.0,0.0,3.0,4.0,2.0,0.0,0.0,4.0,4.0,0.0,0.0,1.0,1.0,0.0,0.0,Missing activity values present,0.16520820672686637,0.0,0.08260410336343318,Medium availability,543,11
090704,HUANCAVELICA,TAYACAJA,AHUAYCHA,5.0,0.0,1.0,15.0,5.0,0.0,0.0,15.0,15.0,0.0,0.0,1.0,1.0,0.0,0.0,Missing activity values present,0.16520820672686637,0.0,0.08260410336343318,Medium availability,543,11
130803,LA LIBERTAD,PATAZ,CHILLIA,5.0,0.0,0.0,0.0,0.0,0.0,0.0,0.0,0.0,0.0,0.0,0.0,0.0,0.0,0.0,No missing or zero activity values,0.16520820672686637,0.0,0.08260410336343318,Medium availability,543,11
100111,HUANUCO,HUANUCO,PILLCO MARCA,5.0,0.0,4.0,6.0,3.0,0.0,0.0,6.0,6.0,0.0,0.0,1.0,1.0,0.0,0.0,Missing activity values present,0.16520820672686637,0.0,0.08260410336343318,Medium availability,543,11
100113,HUANUCO,HUANUCO,SAN PABLO DE PILLAO,5.0,0.0,2.0,0.0,0.0,0.0,0.0,0.0,0.0,0.0,0.0,0.0,0.0,0.0,0.0,No missing or zero activity values,0.16520820672686637,0.0,0.08260410336343318,Medium availability,543,11
220206,SAN MARTIN,BELLAVISTA,SAN RAFAEL,5.0,0.0,0.0,10.0,5.0,0.0,0.0,10.0,10.0,0.0,0.0,1.0,1.0,0.0,0.0,Missing activity values present,0.16520820672686637,0.0,0.08260410336343318,Medium availability,543,11
190204,PASCO,DANIEL ALCIDES CARRION,PAUCAR,5.0,0.0,0.0,0.0,0.0,0.0,0.0,0.0,0.0,0.0,0.0,0.0,0.0,0.0,0.0,No missing or zero activity values,0.16520820672686637,0.0,0.08260410336343318,Medium availability,543,11
090306,HUANCAVELICA,ANGARAES,CONGALLA,5.0,0.0,0.0,0.0,0.0,0.0,0.0,0.0,0.0,0.0,0.0,0.0,0.0,0.0,0.0,No missing or zero activity values,0.16520820672686637,0.0,0.08260410336343318,Medium availability,543,11
090304,HUANCAVELICA,ANGARAES,CCOCHACCASA,5.0,0.0,4.0,0.0,0.0,0.0,0.0,0.0,0.0,0.0,0.0,0.0,0.0,0.0,0.0,No missing or zero activity values,0.16520820672686637,0.0,0.08260410336343318,Medium availability,543,11
190202,PASCO,DANIEL ALCIDES CARRION,CHACAYAN,5.0,0.0,0.0,0.0,0.0,0.0,0.0,0.0,0.0,0.0,0.0,0.0,0.0,0.0,0.0,No missing or zero activity values,0.16520820672686637,0.0,0.08260410336343318,Medium availability,543,11
050105,AYACUCHO,HUAMANGA,CHIARA,5.0,0.0,0.0,0.0,0.0,0.0,0.0,0.0,0.0,0.0,0.0,0.0,0.0,0.0,0.0,No missing or zero activity values,0.16520820672686637,0.0,0.08260410336343318,Medium availability,543,11
120705,JUNIN,TARMA,LA UNION,5.0,0.0,1.0,8.0,4.0,0.0,0.0,8.0,8.0,0.0,0.0,1.0,1.0,0.0,0.0,Missing activity values present,0.16520820672686637,0.0,0.08260410336343318,Medium availability,543,11
060403,CAJAMARCA,CHOTA,CHADIN,5.0,0.0,0.0,0.0,0.0,0.0,0.0,0.0,0.0,0.0,0.0,0.0,0.0,0.0,0.0,No missing or zero activity values,0.16520820672686637,0.0,0.08260410336343318,Medium availability,543,11
130907,LA LIBERTAD,SANCHEZ CARRION,SARIN,5.0,0.0,0.0,10.0,5.0,0.0,0.0,10.0,10.0,0.0,0.0,1.0,1.0,0.0,0.0,Missing activity values present,0.16520820672686637,0.0,0.08260410336343318,Medium availability,543,11
100311,HUANUCO,DOS DE MAYO,MARIAS,5.0,0.0,0.0,0.0,0.0,0.0,0.0,0.0,0.0,0.0,0.0,0.0,0.0,0.0,0.0,No missing or zero activity values,0.16520820672686637,0.0,0.08260410336343318,Medium availability,543,11
130903,LA LIBERTAD,SANCHEZ CARRION,COCHORCO,5.0,0.0,0.0,10.0,5.0,0.0,0.0,10.0,10.0,0.0,0.0,1.0,1.0,0.0,0.0,Missing activity values present,0.16520820672686637,0.0,0.08260410336343318,Medium availability,543,11
100702,HUANUCO,MARAÑON,CHOLON,5.0,0.0,0.0,0.0,0.0,0.0,0.0,0.0,0.0,0.0,0.0,0.0,0.0,0.0,0.0,No missing or zero activity values,0.16520820672686637,0.0,0.08260410336343318,Medium availability,543,11
100606,HUANUCO,LEONCIO PRADO,MARIANO DAMASO BERAUN,5.0,0.0,1.0,0.0,0.0,0.0,0.0,0.0,0.0,0.0,0.0,0.0,0.0,0.0,0.0,No missing or zero activity values,0.16520820672686637,0.0,0.08260410336343318,Medium availability,543,11
061105,CAJAMARCA,SAN MIGUEL,EL PRADO,5.0,0.0,0.0,24.0,3.0,0.0,0.0,24.0,24.0,0.0,0.0,1.0,1.0,0.0,0.0,Missing activity values present,0.16520820672686637,0.0,0.08260410336343318,Medium availability,543,11
150731,LIMA,HUAROCHIRI,SANTO DOMINGO DE LOS OLLEROS,5.0,0.0,2.0,6.0,3.0,0.0,0.0,6.0,6.0,0.0,0.0,1.0,1.0,0.0,0.0,Missing activity values present,0.16520820672686637,0.0,0.08260410336343318,Medium availability,543,11
060608,CAJAMARCA,CUTERVO,SAN ANDRES DE CUTERVO,5.0,0.0,0.0,10.0,5.0,0.0,0.0,10.0,10.0,0.0,0.0,1.0,1.0,0.0,0.0,Missing activity values present,0.16520820672686637,0.0,0.08260410336343318,Medium availability,543,11
080404,CUSCO,CALCA,LARES,5.0,0.0,0.0,0.0,0.0,0.0,0.0,0.0,0.0,0.0,0.0,0.0,0.0,0.0,0.0,No missing or zero activity values,0.16520820672686637,0.0,0.08260410336343318,Medium availability,543,11
120431,JUNIN,JAUJA,SINCOS,5.0,0.0,0.0,10.0,5.0,0.0,0.0,10.0,10.0,0.0,0.0,1.0,1.0,0.0,0.0,Missing activity values present,0.16520820672686637,0.0,0.08260410336343318,Medium availability,543,11
050402,AYACUCHO,HUANTA,AYAHUANCO,5.0,0.0,0.0,0.0,0.0,0.0,0.0,0.0,0.0,0.0,0.0,0.0,0.0,0.0,0.0,No missing or zero activity values,0.16520820672686637,0.0,0.08260410336343318,Medium availability,543,11
200408,PIURA,MORROPON,SANTA CATALINA DE MOSSA,5.0,0.0,0.0,0.0,0.0,0.0,0.0,0.0,0.0,0.0,0.0,0.0,0.0,0.0,0.0,No missing or zero activity values,0.16520820672686637,0.0,0.08260410336343318,Medium availability,543,11
050104,AYACUCHO,HUAMANGA,CARMEN ALTO,5.0,0.0,1.0,10.0,5.0,0.0,0.0,10.0,10.0,0.0,0.0,1.0,1.0,0.0,0.0,Missing activity values present,0.16520820672686637,0.0,0.08260410336343318,Medium availability,543,11
050112,AYACUCHO,HUAMANGA,SOCOS,5.0,0.0,0.0,0.0,0.0,0.0,0.0,0.0,0.0,0.0,0.0,0.0,0.0,0.0,0.0,No missing or zero activity values,0.16520820672686637,0.0,0.08260410336343318,Medium availability,543,11
060203,CAJAMARCA,CAJABAMBA,CONDEBAMBA,5.0,0.0,0.0,0.0,0.0,0.0,0.0,0.0,0.0,0.0,0.0,0.0,0.0,0.0,0.0,No missing or zero activity values,0.16520820672686637,0.0,0.08260410336343318,Medium availability,543,11
100803,HUANUCO,PACHITEA,MOLINO,5.0,0.0,0.0,0.0,0.0,0.0,0.0,0.0,0.0,0.0,0.0,0.0,0.0,0.0,0.0,No missing or zero activity values,0.16520820672686637,0.0,0.08260410336343318,Medium availability,543,11
100801,HUANUCO,PACHITEA,PANAO,5.0,0.0,0.0,2.0,1.0,0.0,0.0,2.0,2.0,0.0,0.0,1.0,1.0,0.0,0.0,Missing activity values present,0.16520820672686637,0.0,0.08260410336343318,Medium availability,543,11
230106,TACNA,TACNA,PACHIA,5.0,0.0,1.0,0.0,0.0,0.0,0.0,0.0,0.0,0.0,0.0,0.0,0.0,0.0,0.0,No missing or zero activity values,0.16520820672686637,0.0,0.08260410336343318,Medium availability,543,11
200805,PIURA,SECHURA,VICE,5.0,0.0,0.0,0.0,0.0,0.0,0.0,0.0,0.0,0.0,0.0,0.0,0.0,0.0,0.0,No missing or zero activity values,0.16520820672686637,0.0,0.08260410336343318,Medium availability,543,11
210305,PUNO,CARABAYA,CORANI,5.0,0.0,0.0,10.0,5.0,0.0,0.0,10.0,10.0,0.0,0.0,1.0,1.0,0.0,0.0,Missing activity values present,0.16520820672686637,0.0,0.08260410336343318,Medium availability,543,11
100504,HUANUCO,HUAMALIES,JACAS GRANDE,5.0,0.0,0.0,10.0,5.0,0.0,0.0,10.0,10.0,0.0,0.0,1.0,1.0,0.0,0.0,Missing activity values present,0.16520820672686637,0.0,0.08260410336343318,Medium availability,543,11
110107,ICA,ICA,PUEBLO NUEVO,5.0,0.0,1.0,8.0,4.0,0.0,0.0,8.0,8.0,0.0,0.0,1.0,1.0,0.0,0.0,Missing activity values present,0.16520820672686637,0.0,0.08260410336343318,Medium availability,543,11
101101,HUANUCO,YAROWILCA,CHAVINILLO,5.0,0.0,0.0,0.0,0.0,0.0,0.0,0.0,0.0,0.0,0.0,0.0,0.0,0.0,0.0,No missing or zero activity values,0.16520820672686637,0.0,0.08260410336343318,Medium availability,543,11
101106,HUANUCO,YAROWILCA,OBAS,5.0,0.0,0.0,0.0,0.0,0.0,0.0,0.0,0.0,0.0,0.0,0.0,0.0,0.0,0.0,No missing or zero activity values,0.16520820672686637,0.0,0.08260410336343318,Medium availability,543,11
200307,PIURA,HUANCABAMBA,SONDOR,5.0,0.0,1.0,0.0,0.0,0.0,0.0,0.0,0.0,0.0,0.0,0.0,0.0,0.0,0.0,No missing or zero activity values,0.16520820672686637,0.0,0.08260410336343318,Medium availability,543,11
010502,AMAZONAS,LUYA,CAMPORREDONDO,5.0,0.0,0.0,0.0,0.0,0.0,0.0,0.0,0.0,0.0,0.0,0.0,0.0,0.0,0.0,No missing or zero activity values,0.16520820672686637,0.0,0.08260410336343318,Medium availability,543,11
210109,PUNO,PUNO,MA?AZO,5.0,0.0,0.0,1.0,1.0,0.0,0.0,1.0,1.0,0.0,0.0,1.0,1.0,0.0,0.0,Missing activity values present,0.16520820672686637,0.0,0.08260410336343318,Medium availability,543,11
090114,HUANCAVELICA,HUANCAVELICA,PALCA,5.0,0.0,0.0,10.0,5.0,0.0,0.0,10.0,10.0,0.0,0.0,1.0,1.0,0.0,0.0,Missing activity values present,0.16520820672686637,0.0,0.08260410336343318,Medium availability,543,11
080704,CUSCO,CHUMBIVILCAS,COLQUEMARCA,5.0,0.0,0.0,10.0,5.0,0.0,0.0,10.0,10.0,0.0,0.0,1.0,1.0,0.0,0.0,Missing activity values present,0.16520820672686637,0.0,0.08260410336343318,Medium availability,543,11
080703,CUSCO,CHUMBIVILCAS,CHAMACA,5.0,0.0,0.0,14.0,7.0,0.0,0.0,14.0,14.0,0.0,0.0,1.0,1.0,0.0,0.0,Missing activity values present,0.16520820672686637,0.0,0.08260410336343318,Medium availability,543,11
120403,JUNIN,JAUJA,APATA,5.0,0.0,0.0,10.0,5.0,0.0,0.0,10.0,10.0,0.0,0.0,1.0,1.0,0.0,0.0,Missing activity values present,0.16520820672686637,0.0,0.08260410336343318,Medium availability,543,11
210808,PUNO,MELGAR,SANTA ROSA,5.0,0.0,0.0,0.0,0.0,0.0,0.0,0.0,0.0,0.0,0.0,0.0,0.0,0.0,0.0,No missing or zero activity values,0.16520820672686637,0.0,0.08260410336343318,Medium availability,543,11
210708,PUNO,LAMPA,PUCARA,5.0,0.0,0.0,0.0,0.0,0.0,0.0,0.0,0.0,0.0,0.0,0.0,0.0,0.0,0.0,No missing or zero activity values,0.16520820672686637,0.0,0.08260410336343318,Medium availability,543,11
120810,JUNIN,YAULI,YAULI,5.0,0.0,4.0,2.0,1.0,0.0,0.0,2.0,2.0,0.0,0.0,1.0,1.0,0.0,0.0,Missing activity values present,0.16520820672686637,0.0,0.08260410336343318,Medium availability,543,11
060111,CAJAMARCA,CAJAMARCA,NAMORA,5.0,0.0,0.0,12.0,6.0,0.0,0.0,12.0,12.0,0.0,0.0,1.0,1.0,0.0,0.0,Missing activity values present,0.16520820672686637,0.0,0.08260410336343318,Medium availability,543,11
050507,AYACUCHO,LA MAR,SANTA ROSA,5.0,0.0,0.0,0.0,0.0,0.0,0.0,0.0,0.0,0.0,0.0,0.0,0.0,0.0,0.0,No missing or zero activity values,0.16520820672686637,0.0,0.08260410336343318,Medium availability,543,11
050411,AYACUCHO,HUANTA,PUCACOLPA,5.0,0.0,0.0,0.0,0.0,0.0,0.0,0.0,0.0,0.0,0.0,0.0,0.0,0.0,0.0,No missing or zero activity values,0.16520820672686637,0.0,0.08260410336343318,Medium availability,543,11
051010,AYACUCHO,VICTOR FAJARDO,HUALLA,2.0,0.0,0.0,4.0,2.0,1.0,1.0,3.0,3.0,0.0,0.0,0.75,0.75,0.0,0.0,Missing activity values present,0.10129694817639363,0.05911048332855905,0.08020371575247634,Medium availability,544,10
040311,AREQUIPA,CARAVELI,LOMAS,1.0,0.0,0.0,4.0,1.0,2.0,2.0,2.0,2.0,0.0,0.0,0.5,0.5,0.0,0.0,Missing activity values present,0.06391125855047272,0.09368789947526918,0.07879957901287095,Medium availability,545,9
101003,HUANUCO,LAURICOCHA,JIVIA,1.0,0.0,1.0,1.0,1.0,2.0,2.0,0.0,0.0,0.0,0.0,0.0,0.0,0.0,0.0,No missing or zero activity values,0.06391125855047272,0.09368789947526918,0.07879957901287095,Medium availability,545,9
210706,PUNO,LAMPA,PALCA,1.0,1.0,0.0,0.0,0.0,0.0,0.0,0.0,0.0,0.0,0.0,0.0,0.0,0.0,0.0,No missing or zero activity values,0.15233715033347422,0.0,0.07616857516673711,Medium availability,546,8
050604,AYACUCHO,LUCANAS,CARMEN SALCEDO,1.0,1.0,0.0,0.0,0.0,0.0,0.0,0.0,0.0,0.0,0.0,0.0,0.0,0.0,0.0,No missing or zero activity values,0.15233715033347422,0.0,0.07616857516673711,Medium availability,546,8
200504,PIURA,PAITA,COLAN,1.0,1.0,0.0,0.0,0.0,0.0,0.0,0.0,0.0,0.0,0.0,0.0,0.0,0.0,0.0,No missing or zero activity values,0.15233715033347422,0.0,0.07616857516673711,Medium availability,546,8
080503,CUSCO,CANAS,KUNTURKANKI,1.0,1.0,0.0,2.0,1.0,0.0,0.0,2.0,2.0,0.0,0.0,1.0,1.0,0.0,0.0,Missing activity values present,0.15233715033347422,0.0,0.07616857516673711,Medium availability,546,8
131003,LA LIBERTAD,SANTIAGO DE CHUCO,CACHICADAN,1.0,1.0,0.0,0.0,0.0,0.0,0.0,0.0,0.0,0.0,0.0,0.0,0.0,0.0,0.0,No missing or zero activity values,0.15233715033347422,0.0,0.07616857516673711,Medium availability,546,8
081001,CUSCO,PARURO,PARURO,1.0,1.0,0.0,2.0,1.0,0.0,0.0,2.0,2.0,0.0,0.0,1.0,1.0,0.0,0.0,Missing activity values present,0.15233715033347422,0.0,0.07616857516673711,Medium availability,546,8
081105,CUSCO,PAUCARTAMBO,HUANCARANI,1.0,1.0,0.0,2.0,1.0,0.0,0.0,2.0,2.0,0.0,0.0,1.0,1.0,0.0,0.0,Missing activity values present,0.15233715033347422,0.0,0.07616857516673711,Medium availability,546,8
030712,APURIMAC,GRAU,VILCABAMBA,1.0,1.0,0.0,0.0,0.0,0.0,0.0,0.0,0.0,0.0,0.0,0.0,0.0,0.0,0.0,No missing or zero activity values,0.15233715033347422,0.0,0.07616857516673711,Medium availability,546,8
210207,PUNO,AZANGARO,JOSE DOMINGO CHOQUEHUANCA,1.0,1.0,0.0,0.0,0.0,0.0,0.0,0.0,0.0,0.0,0.0,0.0,0.0,0.0,0.0,No missing or zero activity values,0.15233715033347422,0.0,0.07616857516673711,Medium availability,546,8
010520,AMAZONAS,LUYA,SANTA CATALINA,4.0,0.0,0.0,0.0,0.0,0.0,0.0,0.0,0.0,0.0,0.0,0.0,0.0,0.0,0.0,No missing or zero activity values,0.14839734680795277,0.0,0.07419867340397639,Medium availability,547,7
150723,LIMA,HUAROCHIRI,SAN MATEO DE OTAO,4.0,0.0,0.0,12.0,4.0,0.0,0.0,12.0,12.0,0.0,0.0,1.0,1.0,0.0,0.0,Missing activity values present,0.14839734680795277,0.0,0.07419867340397639,Medium availability,547,7
131104,LA LIBERTAD,GRAN CHIMU,SAYAPULLO,4.0,0.0,0.0,0.0,0.0,0.0,0.0,0.0,0.0,0.0,0.0,0.0,0.0,0.0,0.0,No missing or zero activity values,0.14839734680795277,0.0,0.07419867340397639,Medium availability,547,7
030214,APURIMAC,ANDAHUAYLAS,SAN MIGUEL DE CHACCRAMPA,4.0,0.0,0.0,0.0,0.0,0.0,0.0,0.0,0.0,0.0,0.0,0.0,0.0,0.0,0.0,No missing or zero activity values,0.14839734680795277,0.0,0.07419867340397639,Medium availability,547,7
210404,PUNO,CHUCUITO,KELLUYO,4.0,0.0,4.0,0.0,0.0,0.0,0.0,0.0,0.0,0.0,0.0,0.0,0.0,0.0,0.0,No missing or zero activity values,0.14839734680795277,0.0,0.07419867340397639,Medium availability,547,7
061109,CAJAMARCA,SAN MIGUEL,NIEPOS,4.0,0.0,0.0,8.0,4.0,0.0,0.0,8.0,8.0,0.0,0.0,1.0,1.0,0.0,0.0,Missing activity values present,0.14839734680795277,0.0,0.07419867340397639,Medium availability,547,7
140111,LAMBAYEQUE,CHICLAYO,PICSI,4.0,0.0,2.0,2.0,1.0,0.0,0.0,2.0,2.0,0.0,0.0,1.0,1.0,0.0,0.0,Missing activity values present,0.14839734680795277,0.0,0.07419867340397639,Medium availability,547,7
150205,LIMA,BARRANCA,SUPE PUERTO,4.0,0.0,1.0,0.0,0.0,0.0,0.0,0.0,0.0,0.0,0.0,0.0,0.0,0.0,0.0,No missing or zero activity values,0.14839734680795277,0.0,0.07419867340397639,Medium availability,547,7
021909,ANCASH,SIHUAS,SAN JUAN,4.0,0.0,0.0,8.0,4.0,0.0,0.0,8.0,8.0,0.0,0.0,1.0,1.0,0.0,0.0,Missing activity values present,0.14839734680795277,0.0,0.07419867340397639,Medium availability,547,7
021804,ANCASH,SANTA,MACATE,4.0,0.0,0.0,0.0,0.0,0.0,0.0,0.0,0.0,0.0,0.0,0.0,0.0,0.0,0.0,No missing or zero activity values,0.14839734680795277,0.0,0.07419867340397639,Medium availability,547,7
021306,ANCASH,MARISCAL LUZURIAGA,LLUMPA,4.0,0.0,0.0,10.0,5.0,0.0,0.0,10.0,10.0,0.0,0.0,1.0,1.0,0.0,0.0,Missing activity values present,0.14839734680795277,0.0,0.07419867340397639,Medium availability,547,7
090506,HUANCAVELICA,CHURCAMPA,LOCROJA,4.0,0.0,0.0,10.0,5.0,0.0,0.0,10.0,10.0,0.0,0.0,1.0,1.0,0.0,0.0,Missing activity values present,0.14839734680795277,0.0,0.07419867340397639,Medium availability,547,7
090402,HUANCAVELICA,CASTROVIRREYNA,ARMA,4.0,0.0,1.0,8.0,4.0,0.0,0.0,8.0,8.0,0.0,0.0,1.0,1.0,0.0,0.0,Missing activity values present,0.14839734680795277,0.0,0.07419867340397639,Medium availability,547,7
061311,CAJAMARCA,SANTA CRUZ,YAUYUCAN,4.0,0.0,0.0,0.0,0.0,0.0,0.0,0.0,0.0,0.0,0.0,0.0,0.0,0.0,0.0,No missing or zero activity values,0.14839734680795277,0.0,0.07419867340397639,Medium availability,547,7
020904,ANCASH,CORONGO,CUSCA,4.0,0.0,0.0,8.0,4.0,0.0,0.0,8.0,8.0,0.0,0.0,1.0,1.0,0.0,0.0,Missing activity values present,0.14839734680795277,0.0,0.07419867340397639,Medium availability,547,7
150603,LIMA,HUARAL,ATAVILLOS BAJO,4.0,0.0,0.0,0.0,0.0,0.0,0.0,0.0,0.0,0.0,0.0,0.0,0.0,0.0,0.0,No missing or zero activity values,0.14839734680795277,0.0,0.07419867340397639,Medium availability,547,7
190102,PASCO,PASCO,HUACHON,4.0,0.0,0.0,8.0,4.0,0.0,0.0,8.0,8.0,0.0,0.0,1.0,1.0,0.0,0.0,Missing activity values present,0.14839734680795277,0.0,0.07419867340397639,Medium availability,547,7
080403,CUSCO,CALCA,LAMAY,4.0,0.0,0.0,0.0,0.0,0.0,0.0,0.0,0.0,0.0,0.0,0.0,0.0,0.0,0.0,No missing or zero activity values,0.14839734680795277,0.0,0.07419867340397639,Medium availability,547,7
090503,HUANCAVELICA,CHURCAMPA,CHINCHIHUASI,4.0,0.0,0.0,6.0,3.0,0.0,0.0,6.0,6.0,0.0,0.0,1.0,1.0,0.0,0.0,Missing activity values present,0.14839734680795277,0.0,0.07419867340397639,Medium availability,547,7
200205,PIURA,AYABACA,MONTERO,4.0,0.0,0.0,0.0,0.0,0.0,0.0,0.0,0.0,0.0,0.0,0.0,0.0,0.0,0.0,No missing or zero activity values,0.14839734680795277,0.0,0.07419867340397639,Medium availability,547,7
160105,LORETO,MAYNAS,LAS AMAZONAS,4.0,0.0,0.0,0.0,0.0,0.0,0.0,0.0,0.0,0.0,0.0,0.0,0.0,0.0,0.0,No missing or zero activity values,0.14839734680795277,0.0,0.07419867340397639,Medium availability,547,7
120105,JUNIN,HUANCAYO,CHACAPAMPA,4.0,0.0,1.0,6.0,3.0,0.0,0.0,6.0,6.0,0.0,0.0,1.0,1.0,0.0,0.0,Missing activity values present,0.14839734680795277,0.0,0.07419867340397639,Medium availability,547,7
110506,ICA,PISCO,SAN ANDRES,4.0,0.0,2.0,2.0,1.0,0.0,0.0,2.0,2.0,0.0,0.0,1.0,1.0,0.0,0.0,Missing activity values present,0.14839734680795277,0.0,0.07419867340397639,Medium availability,547,7
110503,ICA,PISCO,HUMAY,4.0,0.0,0.0,4.0,2.0,0.0,0.0,4.0,4.0,0.0,0.0,1.0,1.0,0.0,0.0,Missing activity values present,0.14839734680795277,0.0,0.07419867340397639,Medium availability,547,7
110403,ICA,PALPA,RIO GRANDE,4.0,0.0,1.0,2.0,1.0,0.0,0.0,2.0,2.0,0.0,0.0,1.0,1.0,0.0,0.0,Missing activity values present,0.14839734680795277,0.0,0.07419867340397639,Medium availability,547,7
200208,PIURA,AYABACA,SAPILLICA,4.0,0.0,0.0,0.0,0.0,0.0,0.0,0.0,0.0,0.0,0.0,0.0,0.0,0.0,0.0,No missing or zero activity values,0.14839734680795277,0.0,0.07419867340397639,Medium availability,547,7
120113,JUNIN,HUANCAYO,CULLHUAS,4.0,0.0,1.0,8.0,4.0,0.0,0.0,8.0,8.0,0.0,0.0,1.0,1.0,0.0,0.0,Missing activity values present,0.14839734680795277,0.0,0.07419867340397639,Medium availability,547,7
050705,AYACUCHO,PARINACOCHAS,PULLO,4.0,0.0,0.0,0.0,0.0,0.0,0.0,0.0,0.0,0.0,0.0,0.0,0.0,0.0,0.0,No missing or zero activity values,0.14839734680795277,0.0,0.07419867340397639,Medium availability,547,7
240106,TUMBES,TUMBES,SAN JUAN DE LA VIRGEN,4.0,0.0,1.0,0.0,0.0,0.0,0.0,0.0,0.0,0.0,0.0,0.0,0.0,0.0,0.0,No missing or zero activity values,0.14839734680795277,0.0,0.07419867340397639,Medium availability,547,7
010105,AMAZONAS,CHACHAPOYAS,CHILIQUIN,4.0,0.0,0.0,0.0,0.0,0.0,0.0,0.0,0.0,0.0,0.0,0.0,0.0,0.0,0.0,No missing or zero activity values,0.14839734680795277,0.0,0.07419867340397639,Medium availability,547,7
160205,LORETO,ALTO AMAZONAS,JEBEROS,4.0,0.0,1.0,0.0,0.0,0.0,0.0,0.0,0.0,0.0,0.0,0.0,0.0,0.0,0.0,No missing or zero activity values,0.14839734680795277,0.0,0.07419867340397639,Medium availability,547,7
160302,LORETO,LORETO,PARINARI,4.0,0.0,0.0,0.0,0.0,0.0,0.0,0.0,0.0,0.0,0.0,0.0,0.0,0.0,0.0,No missing or zero activity values,0.14839734680795277,0.0,0.07419867340397639,Medium availability,547,7
180208,MOQUEGUA,GENERAL SANCHEZ CERRO,PUQUINA,4.0,0.0,0.0,0.0,0.0,0.0,0.0,0.0,0.0,0.0,0.0,0.0,0.0,0.0,0.0,No missing or zero activity values,0.14839734680795277,0.0,0.07419867340397639,Medium availability,547,7
180204,MOQUEGUA,GENERAL SANCHEZ CERRO,ICHUÑA,4.0,0.0,0.0,0.0,0.0,0.0,0.0,0.0,0.0,0.0,0.0,0.0,0.0,0.0,0.0,No missing or zero activity values,0.14839734680795277,0.0,0.07419867340397639,Medium availability,547,7
150502,LIMA,CA?ETE,ASIA,4.0,0.0,2.0,2.0,1.0,0.0,0.0,2.0,2.0,0.0,0.0,1.0,1.0,0.0,0.0,Missing activity values present,0.14839734680795277,0.0,0.07419867340397639,Medium availability,547,7
010114,AMAZONAS,CHACHAPOYAS,MOLINOPAMPA,4.0,0.0,1.0,0.0,0.0,0.0,0.0,0.0,0.0,0.0,0.0,0.0,0.0,0.0,0.0,No missing or zero activity values,0.14839734680795277,0.0,0.07419867340397639,Medium availability,547,7
050611,AYACUCHO,LUCANAS,LUCANAS,4.0,0.0,0.0,0.0,0.0,0.0,0.0,0.0,0.0,0.0,0.0,0.0,0.0,0.0,0.0,No missing or zero activity values,0.14839734680795277,0.0,0.07419867340397639,Medium availability,547,7
060405,CAJAMARCA,CHOTA,CHIMBAN,4.0,0.0,0.0,0.0,0.0,0.0,0.0,0.0,0.0,0.0,0.0,0.0,0.0,0.0,0.0,No missing or zero activity values,0.14839734680795277,0.0,0.07419867340397639,Medium availability,547,7
060307,CAJAMARCA,CELENDIN,MIGUEL IGLESIAS,4.0,0.0,0.0,0.0,0.0,0.0,0.0,0.0,0.0,0.0,0.0,0.0,0.0,0.0,0.0,No missing or zero activity values,0.14839734680795277,0.0,0.07419867340397639,Medium availability,547,7
060308,CAJAMARCA,CELENDIN,OXAMARCA,4.0,0.0,0.0,0.0,0.0,0.0,0.0,0.0,0.0,0.0,0.0,0.0,0.0,0.0,0.0,No missing or zero activity values,0.14839734680795277,0.0,0.07419867340397639,Medium availability,547,7
050109,AYACUCHO,HUAMANGA,SAN JOSE DE TICLLAS,4.0,0.0,0.0,0.0,0.0,0.0,0.0,0.0,0.0,0.0,0.0,0.0,0.0,0.0,0.0,No missing or zero activity values,0.14839734680795277,0.0,0.07419867340397639,Medium availability,547,7
190208,PASCO,DANIEL ALCIDES CARRION,VILCABAMBA,4.0,0.0,0.0,0.0,0.0,0.0,0.0,0.0,0.0,0.0,0.0,0.0,0.0,0.0,0.0,No missing or zero activity values,0.14839734680795277,0.0,0.07419867340397639,Medium availability,547,7
100205,HUANUCO,AMBO,HUACAR,4.0,0.0,0.0,0.0,0.0,0.0,0.0,0.0,0.0,0.0,0.0,0.0,0.0,0.0,0.0,No missing or zero activity values,0.14839734680795277,0.0,0.07419867340397639,Medium availability,547,7
050111,AYACUCHO,HUAMANGA,SANTIAGO DE PISCHA,4.0,0.0,0.0,6.0,3.0,0.0,0.0,6.0,6.0,0.0,0.0,1.0,1.0,0.0,0.0,Missing activity values present,0.14839734680795277,0.0,0.07419867340397639,Medium availability,547,7
100112,HUANUCO,HUANUCO,YACUS,4.0,0.0,1.0,0.0,0.0,0.0,0.0,0.0,0.0,0.0,0.0,0.0,0.0,0.0,0.0,No missing or zero activity values,0.14839734680795277,0.0,0.07419867340397639,Medium availability,547,7
100105,HUANUCO,HUANUCO,MARGOS,4.0,0.0,0.0,0.0,0.0,0.0,0.0,0.0,0.0,0.0,0.0,0.0,0.0,0.0,0.0,No missing or zero activity values,0.14839734680795277,0.0,0.07419867340397639,Medium availability,547,7
130802,LA LIBERTAD,PATAZ,BULDIBUYO,4.0,0.0,0.0,0.0,0.0,0.0,0.0,0.0,0.0,0.0,0.0,0.0,0.0,0.0,0.0,No missing or zero activity values,0.14839734680795277,0.0,0.07419867340397639,Medium availability,547,7
060414,CAJAMARCA,CHOTA,PION,4.0,0.0,0.0,0.0,0.0,0.0,0.0,0.0,0.0,0.0,0.0,0.0,0.0,0.0,0.0,No missing or zero activity values,0.14839734680795277,0.0,0.07419867340397639,Medium availability,547,7
211204,PUNO,SANDIA,PATAMBUCO,4.0,0.0,0.0,0.0,0.0,0.0,0.0,0.0,0.0,0.0,0.0,0.0,0.0,0.0,0.0,No missing or zero activity values,0.14839734680795277,0.0,0.07419867340397639,Medium availability,547,7
211103,PUNO,SAN ROMAN,CABANILLAS,4.0,0.0,0.0,2.0,1.0,0.0,0.0,2.0,2.0,0.0,0.0,1.0,1.0,0.0,0.0,Missing activity values present,0.14839734680795277,0.0,0.07419867340397639,Medium availability,547,7
131008,LA LIBERTAD,SANTIAGO DE CHUCO,SITABAMBA,4.0,0.0,0.0,4.0,4.0,0.0,0.0,4.0,4.0,0.0,0.0,1.0,1.0,0.0,0.0,Missing activity values present,0.14839734680795277,0.0,0.07419867340397639,Medium availability,547,7
130906,LA LIBERTAD,SANCHEZ CARRION,SANAGORAN,4.0,0.0,0.0,10.0,5.0,0.0,0.0,10.0,10.0,0.0,0.0,1.0,1.0,0.0,0.0,Missing activity values present,0.14839734680795277,0.0,0.07419867340397639,Medium availability,547,7
130611,LA LIBERTAD,OTUZCO,SALPO,4.0,0.0,0.0,0.0,0.0,0.0,0.0,0.0,0.0,0.0,0.0,0.0,0.0,0.0,0.0,No missing or zero activity values,0.14839734680795277,0.0,0.07419867340397639,Medium availability,547,7
100103,HUANUCO,HUANUCO,CHINCHAO,4.0,0.0,0.0,10.0,5.0,0.0,0.0,10.0,10.0,0.0,0.0,1.0,1.0,0.0,0.0,Missing activity values present,0.14839734680795277,0.0,0.07419867340397639,Medium availability,547,7
060604,CAJAMARCA,CUTERVO,CUJILLO,4.0,0.0,0.0,8.0,4.0,0.0,0.0,8.0,8.0,0.0,0.0,1.0,1.0,0.0,0.0,Missing activity values present,0.14839734680795277,0.0,0.07419867340397639,Medium availability,547,7
060609,CAJAMARCA,CUTERVO,SAN JUAN DE CUTERVO,4.0,0.0,0.0,8.0,4.0,0.0,0.0,8.0,8.0,0.0,0.0,1.0,1.0,0.0,0.0,Missing activity values present,0.14839734680795277,0.0,0.07419867340397639,Medium availability,547,7
060603,CAJAMARCA,CUTERVO,CHOROS,4.0,0.0,0.0,8.0,4.0,0.0,0.0,8.0,8.0,0.0,0.0,1.0,1.0,0.0,0.0,Missing activity values present,0.14839734680795277,0.0,0.07419867340397639,Medium availability,547,7
030212,APURIMAC,ANDAHUAYLAS,SAN ANTONIO DE CACHI,4.0,0.0,0.0,0.0,0.0,0.0,0.0,0.0,0.0,0.0,0.0,0.0,0.0,0.0,0.0,No missing or zero activity values,0.14839734680795277,0.0,0.07419867340397639,Medium availability,547,7
030103,APURIMAC,ABANCAY,CIRCA,4.0,0.0,0.0,0.0,0.0,0.0,0.0,0.0,0.0,0.0,0.0,0.0,0.0,0.0,0.0,No missing or zero activity values,0.14839734680795277,0.0,0.07419867340397639,Medium availability,547,7
030702,APURIMAC,GRAU,CURPAHUASI,4.0,0.0,0.0,0.0,0.0,0.0,0.0,0.0,0.0,0.0,0.0,0.0,0.0,0.0,0.0,No missing or zero activity values,0.14839734680795277,0.0,0.07419867340397639,Medium availability,547,7
150608,LIMA,HUARAL,PACARAOS,4.0,0.0,0.0,0.0,0.0,0.0,0.0,0.0,0.0,0.0,0.0,0.0,0.0,0.0,0.0,No missing or zero activity values,0.14839734680795277,0.0,0.07419867340397639,Medium availability,547,7
020611,ANCASH,CARHUAZ,YUNGAR,4.0,0.0,0.0,8.0,4.0,0.0,0.0,8.0,8.0,0.0,0.0,1.0,1.0,0.0,0.0,Missing activity values present,0.14839734680795277,0.0,0.07419867340397639,Medium availability,547,7
150705,LIMA,HUAROCHIRI,CHICLA,4.0,0.0,1.0,4.0,2.0,0.0,0.0,4.0,4.0,0.0,0.0,1.0,1.0,0.0,0.0,Missing activity values present,0.14839734680795277,0.0,0.07419867340397639,Medium availability,547,7
150611,LIMA,HUARAL,SUMBILCA,4.0,0.0,0.0,0.0,0.0,0.0,0.0,0.0,0.0,0.0,0.0,0.0,0.0,0.0,0.0,No missing or zero activity values,0.14839734680795277,0.0,0.07419867340397639,Medium availability,547,7
210106,PUNO,PUNO,CHUCUITO,4.0,0.0,0.0,2.0,1.0,0.0,0.0,2.0,2.0,0.0,0.0,1.0,1.0,0.0,0.0,Missing activity values present,0.14839734680795277,0.0,0.07419867340397639,Medium availability,547,7
150726,LIMA,HUAROCHIRI,SANGALLAYA,4.0,0.0,0.0,8.0,4.0,0.0,0.0,8.0,8.0,0.0,0.0,1.0,1.0,0.0,0.0,Missing activity values present,0.14839734680795277,0.0,0.07419867340397639,Medium availability,547,7
130604,LA LIBERTAD,OTUZCO,CHARAT,4.0,0.0,0.0,0.0,0.0,0.0,0.0,0.0,0.0,0.0,0.0,0.0,0.0,0.0,0.0,No missing or zero activity values,0.14839734680795277,0.0,0.07419867340397639,Medium availability,547,7
130207,LA LIBERTAD,ASCOPE,SANTIAGO DE CAO,4.0,0.0,1.0,2.0,1.0,0.0,0.0,2.0,2.0,0.0,0.0,1.0,1.0,0.0,0.0,Missing activity values present,0.14839734680795277,0.0,0.07419867340397639,Medium availability,547,7
110104,ICA,ICA,OCUCAJE,4.0,0.0,0.0,8.0,4.0,0.0,0.0,8.0,8.0,0.0,0.0,1.0,1.0,0.0,0.0,Missing activity values present,0.14839734680795277,0.0,0.07419867340397639,Medium availability,547,7
120423,JUNIN,JAUJA,PACCHA,4.0,0.0,0.0,8.0,4.0,0.0,0.0,8.0,8.0,0.0,0.0,1.0,1.0,0.0,0.0,Missing activity values present,0.14839734680795277,0.0,0.07419867340397639,Medium availability,547,7
100904,HUANUCO,PUERTO INCA,TOURNAVISTA,4.0,0.0,0.0,0.0,0.0,0.0,0.0,0.0,0.0,0.0,0.0,0.0,0.0,0.0,0.0,No missing or zero activity values,0.14839734680795277,0.0,0.07419867340397639,Medium availability,547,7
100804,HUANUCO,PACHITEA,UMARI,4.0,0.0,0.0,0.0,0.0,0.0,0.0,0.0,0.0,0.0,0.0,0.0,0.0,0.0,0.0,No missing or zero activity values,0.14839734680795277,0.0,0.07419867340397639,Medium availability,547,7
050113,AYACUCHO,HUAMANGA,TAMBILLO,4.0,0.0,0.0,8.0,4.0,0.0,0.0,8.0,8.0,0.0,0.0,1.0,1.0,0.0,0.0,Missing activity values present,0.14839734680795277,0.0,0.07419867340397639,Medium availability,547,7
020112,ANCASH,HUARAZ,TARICA,4.0,0.0,2.0,8.0,4.0,0.0,0.0,8.0,8.0,0.0,0.0,1.0,1.0,0.0,0.0,Missing activity values present,0.14839734680795277,0.0,0.07419867340397639,Medium availability,547,7
100802,HUANUCO,PACHITEA,CHAGLLA,4.0,0.0,1.0,0.0,0.0,0.0,0.0,0.0,0.0,0.0,0.0,0.0,0.0,0.0,0.0,No missing or zero activity values,0.14839734680795277,0.0,0.07419867340397639,Medium availability,547,7
100602,HUANUCO,LEONCIO PRADO,DANIEL ALOMIA ROBLES,4.0,0.0,0.0,0.0,0.0,0.0,0.0,0.0,0.0,0.0,0.0,0.0,0.0,0.0,0.0,No missing or zero activity values,0.14839734680795277,0.0,0.07419867340397639,Medium availability,547,7
170301,MADRE DE DIOS,TAHUAMANU,IÑAPARI,4.0,0.0,0.0,0.0,0.0,0.0,0.0,0.0,0.0,0.0,0.0,0.0,0.0,0.0,0.0,No missing or zero activity values,0.14839734680795277,0.0,0.07419867340397639,Medium availability,547,7
170202,MADRE DE DIOS,MANU,FITZCARRALD,4.0,0.0,1.0,0.0,0.0,0.0,0.0,0.0,0.0,0.0,0.0,0.0,0.0,0.0,0.0,No missing or zero activity values,0.14839734680795277,0.0,0.07419867340397639,Medium availability,547,7
150808,LIMA,HUAURA,PACCHO,4.0,0.0,0.0,0.0,0.0,0.0,0.0,0.0,0.0,0.0,0.0,0.0,0.0,0.0,0.0,No missing or zero activity values,0.14839734680795277,0.0,0.07419867340397639,Medium availability,547,7
180102,MOQUEGUA,MARISCAL NIETO,CARUMAS,4.0,0.0,1.0,0.0,0.0,0.0,0.0,0.0,0.0,0.0,0.0,0.0,0.0,0.0,0.0,No missing or zero activity values,0.14839734680795277,0.0,0.07419867340397639,Medium availability,547,7
210214,PUNO,AZANGARO,SANTIAGO DE PUPUJA,4.0,0.0,0.0,0.0,0.0,0.0,0.0,0.0,0.0,0.0,0.0,0.0,0.0,0.0,0.0,No missing or zero activity values,0.14839734680795277,0.0,0.07419867340397639,Medium availability,547,7
080604,CUSCO,CANCHIS,MARANGANI,4.0,0.0,0.0,8.0,4.0,0.0,0.0,8.0,8.0,0.0,0.0,1.0,1.0,0.0,0.0,Missing activity values present,0.14839734680795277,0.0,0.07419867340397639,Medium availability,547,7
120904,JUNIN,CHUPACA,HUACHAC,4.0,0.0,0.0,8.0,4.0,0.0,0.0,8.0,8.0,0.0,0.0,1.0,1.0,0.0,0.0,Missing activity values present,0.14839734680795277,0.0,0.07419867340397639,Medium availability,547,7
110109,ICA,ICA,SAN JOSE DE LOS MOLINOS,4.0,0.0,1.0,6.0,3.0,0.0,0.0,6.0,6.0,0.0,0.0,1.0,1.0,0.0,0.0,Missing activity values present,0.14839734680795277,0.0,0.07419867340397639,Medium availability,547,7
110302,ICA,NAZCA,CHANGUILLO,4.0,0.0,0.0,0.0,0.0,0.0,0.0,0.0,0.0,0.0,0.0,0.0,0.0,0.0,0.0,No missing or zero activity values,0.14839734680795277,0.0,0.07419867340397639,Medium availability,547,7
050602,AYACUCHO,LUCANAS,AUCARA,4.0,0.0,0.0,0.0,0.0,0.0,0.0,0.0,0.0,0.0,0.0,0.0,0.0,0.0,0.0,No missing or zero activity values,0.14839734680795277,0.0,0.07419867340397639,Medium availability,547,7
110209,ICA,CHINCHA,SAN PEDRO DE HUACARPANA,4.0,0.0,0.0,0.0,0.0,0.0,0.0,0.0,0.0,0.0,0.0,0.0,0.0,0.0,0.0,No missing or zero activity values,0.14839734680795277,0.0,0.07419867340397639,Medium availability,547,7
051011,AYACUCHO,VICTOR FAJARDO,SARHUA,4.0,0.0,0.0,8.0,4.0,0.0,0.0,8.0,8.0,0.0,0.0,1.0,1.0,0.0,0.0,Missing activity values present,0.14839734680795277,0.0,0.07419867340397639,Medium availability,547,7
050304,AYACUCHO,HUANCA SANCOS,SANTIAGO DE LUCANAMARCA,4.0,0.0,0.0,0.0,0.0,0.0,0.0,0.0,0.0,0.0,0.0,0.0,0.0,0.0,0.0,No missing or zero activity values,0.14839734680795277,0.0,0.07419867340397639,Medium availability,547,7
200107,PIURA,PIURA,CURA MORI,4.0,0.0,0.0,0.0,0.0,0.0,0.0,0.0,0.0,0.0,0.0,0.0,0.0,0.0,0.0,No missing or zero activity values,0.14839734680795277,0.0,0.07419867340397639,Medium availability,547,7
051012,AYACUCHO,VICTOR FAJARDO,VILCANCHOS,4.0,0.0,0.0,4.0,2.0,0.0,0.0,4.0,4.0,0.0,0.0,1.0,1.0,0.0,0.0,Missing activity values present,0.14839734680795277,0.0,0.07419867340397639,Medium availability,547,7
050302,AYACUCHO,HUANCA SANCOS,CARAPO,4.0,0.0,0.0,0.0,0.0,0.0,0.0,0.0,0.0,0.0,0.0,0.0,0.0,0.0,0.0,No missing or zero activity values,0.14839734680795277,0.0,0.07419867340397639,Medium availability,547,7
050702,AYACUCHO,PARINACOCHAS,CHUMPI,4.0,0.0,0.0,0.0,0.0,0.0,0.0,0.0,0.0,0.0,0.0,0.0,0.0,0.0,0.0,No missing or zero activity values,0.14839734680795277,0.0,0.07419867340397639,Medium availability,547,7
050621,AYACUCHO,LUCANAS,SANTA LUCIA,4.0,0.0,0.0,0.0,0.0,0.0,0.0,0.0,0.0,0.0,0.0,0.0,0.0,0.0,0.0,No missing or zero activity values,0.14839734680795277,0.0,0.07419867340397639,Medium availability,547,7
120204,JUNIN,CONCEPCION,CHAMBARA,4.0,0.0,0.0,8.0,4.0,0.0,0.0,8.0,8.0,0.0,0.0,1.0,1.0,0.0,0.0,Missing activity values present,0.14839734680795277,0.0,0.07419867340397639,Medium availability,547,7
090202,HUANCAVELICA,ACOBAMBA,ANDABAMBA,4.0,0.0,0.0,8.0,4.0,0.0,0.0,8.0,8.0,0.0,0.0,1.0,1.0,0.0,0.0,Missing activity values present,0.14839734680795277,0.0,0.07419867340397639,Medium availability,547,7
020108,ANCASH,HUARAZ,OLLEROS,4.0,0.0,0.0,8.0,4.0,0.0,0.0,8.0,8.0,0.0,0.0,1.0,1.0,0.0,0.0,Missing activity values present,0.14839734680795277,0.0,0.07419867340397639,Medium availability,547,7
150807,LIMA,HUAURA,LEONCIO PRADO,4.0,0.0,0.0,0.0,0.0,0.0,0.0,0.0,0.0,0.0,0.0,0.0,0.0,0.0,0.0,No missing or zero activity values,0.14839734680795277,0.0,0.07419867340397639,Medium availability,547,7
100510,HUANUCO,HUAMALIES,SINGA,4.0,0.0,0.0,8.0,4.0,0.0,0.0,8.0,8.0,0.0,0.0,1.0,1.0,0.0,0.0,Missing activity values present,0.14839734680795277,0.0,0.07419867340397639,Medium availability,547,7
060406,CAJAMARCA,CHOTA,CHOROPAMPA,4.0,0.0,0.0,0.0,0.0,0.0,0.0,0.0,0.0,0.0,0.0,0.0,0.0,0.0,0.0,No missing or zero activity values,0.14839734680795277,0.0,0.07419867340397639,Medium availability,547,7
160507,LORETO,REQUENA,SAQUENA,4.0,0.0,2.0,0.0,0.0,0.0,0.0,0.0,0.0,0.0,0.0,0.0,0.0,0.0,0.0,No missing or zero activity values,0.14839734680795277,0.0,0.07419867340397639,Medium availability,547,7
050609,AYACUCHO,LUCANAS,LEONCIO PRADO,4.0,0.0,0.0,0.0,0.0,0.0,0.0,0.0,0.0,0.0,0.0,0.0,0.0,0.0,0.0,No missing or zero activity values,0.14839734680795277,0.0,0.07419867340397639,Medium availability,547,7
050606,AYACUCHO,LUCANAS,CHIPAO,4.0,0.0,0.0,0.0,0.0,0.0,0.0,0.0,0.0,0.0,0.0,0.0,0.0,0.0,0.0,No missing or zero activity values,0.14839734680795277,0.0,0.07419867340397639,Medium availability,547,7
120205,JUNIN,CONCEPCION,COCHAS,4.0,0.0,0.0,8.0,4.0,0.0,0.0,8.0,8.0,0.0,0.0,1.0,1.0,0.0,0.0,Missing activity values present,0.14839734680795277,0.0,0.07419867340397639,Medium availability,547,7
120203,JUNIN,CONCEPCION,ANDAMARCA,4.0,0.0,0.0,8.0,4.0,0.0,0.0,8.0,8.0,0.0,0.0,1.0,1.0,0.0,0.0,Missing activity values present,0.14839734680795277,0.0,0.07419867340397639,Medium availability,547,7
180105,MOQUEGUA,MARISCAL NIETO,SAN CRISTOBAL,4.0,0.0,0.0,0.0,0.0,0.0,0.0,0.0,0.0,0.0,0.0,0.0,0.0,0.0,0.0,No missing or zero activity values,0.14839734680795277,0.0,0.07419867340397639,Medium availability,547,7
110205,ICA,CHINCHA,EL CARMEN,4.0,0.0,1.0,0.0,0.0,0.0,0.0,0.0,0.0,0.0,0.0,0.0,0.0,0.0,0.0,No missing or zero activity values,0.14839734680795277,0.0,0.07419867340397639,Medium availability,547,7
110113,ICA,ICA,TATE,4.0,0.0,0.0,10.0,5.0,0.0,0.0,10.0,10.0,0.0,0.0,1.0,1.0,0.0,0.0,Missing activity values present,0.14839734680795277,0.0,0.07419867340397639,Medium availability,547,7
230301,TACNA,JORGE BASADRE,LOCUMBA,4.0,0.0,1.0,2.0,1.0,0.0,0.0,2.0,2.0,0.0,0.0,1.0,1.0,0.0,0.0,Missing activity values present,0.14839734680795277,0.0,0.07419867340397639,Medium availability,547,7
230201,TACNA,CANDARAVE,CANDARAVE,4.0,0.0,0.0,0.0,0.0,0.0,0.0,0.0,0.0,0.0,0.0,0.0,0.0,0.0,0.0,No missing or zero activity values,0.14839734680795277,0.0,0.07419867340397639,Medium availability,547,7
020305,ANCASH,ANTONIO RAIMONDI,MIRGAS,4.0,0.0,0.0,0.0,0.0,0.0,0.0,0.0,0.0,0.0,0.0,0.0,0.0,0.0,0.0,No missing or zero activity values,0.14839734680795277,0.0,0.07419867340397639,Medium availability,547,7
080706,CUSCO,CHUMBIVILCAS,LLUSCO,4.0,0.0,0.0,10.0,5.0,0.0,0.0,10.0,10.0,0.0,0.0,1.0,1.0,0.0,0.0,Missing activity values present,0.14839734680795277,0.0,0.07419867340397639,Medium availability,547,7
160102,LORETO,MAYNAS,ALTO NANAY,4.0,0.0,0.0,0.0,0.0,0.0,0.0,0.0,0.0,0.0,0.0,0.0,0.0,0.0,0.0,No missing or zero activity values,0.14839734680795277,0.0,0.07419867340397639,Medium availability,547,7
240104,TUMBES,TUMBES,PAMPAS DE HOSPITAL,4.0,0.0,0.0,0.0,0.0,0.0,0.0,0.0,0.0,0.0,0.0,0.0,0.0,0.0,0.0,No missing or zero activity values,0.14839734680795277,0.0,0.07419867340397639,Medium availability,547,7
081006,CUSCO,PARURO,OMACHA,4.0,0.0,0.0,8.0,4.0,0.0,0.0,8.0,8.0,0.0,0.0,1.0,1.0,0.0,0.0,Missing activity values present,0.14839734680795277,0.0,0.07419867340397639,Medium availability,547,7
110114,ICA,ICA,YAUCA DEL ROSARIO,4.0,0.0,0.0,8.0,4.0,0.0,0.0,8.0,8.0,0.0,0.0,1.0,1.0,0.0,0.0,Missing activity values present,0.14839734680795277,0.0,0.07419867340397639,Medium availability,547,7
250202,UCAYALI,ATALAYA,SEPAHUA,4.0,0.0,0.0,10.0,5.0,0.0,0.0,10.0,10.0,0.0,0.0,1.0,1.0,0.0,0.0,Missing activity values present,0.14839734680795277,0.0,0.07419867340397639,Medium availability,547,7
160506,LORETO,REQUENA,PUINAHUA,4.0,0.0,0.0,0.0,0.0,0.0,0.0,0.0,0.0,0.0,0.0,0.0,0.0,0.0,0.0,No missing or zero activity values,0.14839734680795277,0.0,0.07419867340397639,Medium availability,547,7
010504,AMAZONAS,LUYA,COLCAMAR,4.0,0.0,0.0,0.0,0.0,0.0,0.0,0.0,0.0,0.0,0.0,0.0,0.0,0.0,0.0,No missing or zero activity values,0.14839734680795277,0.0,0.07419867340397639,Medium availability,547,7
010311,AMAZONAS,BONGARA,VALERA,4.0,0.0,1.0,0.0,0.0,0.0,0.0,0.0,0.0,0.0,0.0,0.0,0.0,0.0,0.0,No missing or zero activity values,0.14839734680795277,0.0,0.07419867340397639,Medium availability,547,7
010120,AMAZONAS,CHACHAPOYAS,SOLOCO,4.0,0.0,2.0,0.0,0.0,0.0,0.0,0.0,0.0,0.0,0.0,0.0,0.0,0.0,0.0,No missing or zero activity values,0.14839734680795277,0.0,0.07419867340397639,Medium availability,547,7
061005,CAJAMARCA,SAN MARCOS,ICHOCAN,1.0,0.0,0.0,3.0,1.0,2.0,1.0,2.0,2.0,0.0,0.0,0.6666666666666666,0.6666666666666666,0.0,0.0,Missing activity values present,0.06391125855047272,0.0758314818842781,0.06987137021737541,Medium availability,548,6
010204,AMAZONAS,BAGUA,EL PARCO,3.0,0.0,0.0,0.0,0.0,0.0,0.0,0.0,0.0,0.0,0.0,0.0,0.0,0.0,0.0,No missing or zero activity values,0.12782251710094544,0.0,0.06391125855047272,Low availability,549,5
010310,AMAZONAS,BONGARA,SHIPASBAMBA,3.0,0.0,2.0,0.0,0.0,0.0,0.0,0.0,0.0,0.0,0.0,0.0,0.0,0.0,0.0,No missing or zero activity values,0.12782251710094544,0.0,0.06391125855047272,Low availability,549,5
010501,AMAZONAS,LUYA,LAMUD,3.0,0.0,1.0,0.0,0.0,0.0,0.0,0.0,0.0,0.0,0.0,0.0,0.0,0.0,0.0,No missing or zero activity values,0.12782251710094544,0.0,0.06391125855047272,Low availability,549,5
010505,AMAZONAS,LUYA,CONILA,3.0,0.0,0.0,0.0,0.0,0.0,0.0,0.0,0.0,0.0,0.0,0.0,0.0,0.0,0.0,No missing or zero activity values,0.12782251710094544,0.0,0.06391125855047272,Low availability,549,5
250204,UCAYALI,ATALAYA,YURUA,3.0,0.0,0.0,6.0,3.0,0.0,0.0,6.0,6.0,0.0,0.0,1.0,1.0,0.0,0.0,Missing activity values present,0.12782251710094544,0.0,0.06391125855047272,Low availability,549,5
160502,LORETO,REQUENA,ALTO TAPICHE,3.0,0.0,0.0,0.0,0.0,0.0,0.0,0.0,0.0,0.0,0.0,0.0,0.0,0.0,0.0,No missing or zero activity values,0.12782251710094544,0.0,0.06391125855047272,Low availability,549,5
050906,AYACUCHO,SUCRE,MORCOLLA,3.0,0.0,0.0,3.0,3.0,0.0,0.0,3.0,3.0,0.0,0.0,1.0,1.0,0.0,0.0,Missing activity values present,0.12782251710094544,0.0,0.06391125855047272,Low availability,549,5
050909,AYACUCHO,SUCRE,SAN SALVADOR DE QUIJE,3.0,0.0,0.0,3.0,3.0,0.0,0.0,3.0,3.0,0.0,0.0,1.0,1.0,0.0,0.0,Missing activity values present,0.12782251710094544,0.0,0.06391125855047272,Low availability,549,5
080803,CUSCO,ESPINAR,COPORAQUE,3.0,0.0,0.0,6.0,3.0,0.0,0.0,6.0,6.0,0.0,0.0,1.0,1.0,0.0,0.0,Missing activity values present,0.12782251710094544,0.0,0.06391125855047272,Low availability,549,5
110404,ICA,PALPA,SANTA CRUZ,3.0,0.0,0.0,0.0,0.0,0.0,0.0,0.0,0.0,0.0,0.0,0.0,0.0,0.0,0.0,No missing or zero activity values,0.12782251710094544,0.0,0.06391125855047272,Low availability,549,5
120106,JUNIN,HUANCAYO,CHICCHE,3.0,0.0,0.0,6.0,3.0,0.0,0.0,6.0,6.0,0.0,0.0,1.0,1.0,0.0,0.0,Missing activity values present,0.12782251710094544,0.0,0.06391125855047272,Low availability,549,5
050910,AYACUCHO,SUCRE,SANTIAGO DE PAUCARAY,3.0,0.0,0.0,3.0,3.0,0.0,0.0,3.0,3.0,0.0,0.0,1.0,1.0,0.0,0.0,Missing activity values present,0.12782251710094544,0.0,0.06391125855047272,Low availability,549,5
230303,TACNA,JORGE BASADRE,ITE,3.0,0.0,1.0,2.0,1.0,0.0,0.0,2.0,2.0,0.0,0.0,1.0,1.0,0.0,0.0,Missing activity values present,0.12782251710094544,0.0,0.06391125855047272,Low availability,549,5
010604,AMAZONAS,RODRIGUEZ DE MENDOZA,HUAMBO,3.0,0.0,0.0,0.0,0.0,0.0,0.0,0.0,0.0,0.0,0.0,0.0,0.0,0.0,0.0,No missing or zero activity values,0.12782251710094544,0.0,0.06391125855047272,Low availability,549,5
020102,ANCASH,HUARAZ,COCHABAMBA,3.0,0.0,0.0,6.0,3.0,0.0,0.0,6.0,6.0,0.0,0.0,1.0,1.0,0.0,0.0,Missing activity values present,0.12782251710094544,0.0,0.06391125855047272,Low availability,549,5
160604,LORETO,UCAYALI,PAMPA HERMOSA,3.0,0.0,1.0,0.0,0.0,0.0,0.0,0.0,0.0,0.0,0.0,0.0,0.0,0.0,0.0,No missing or zero activity values,0.12782251710094544,0.0,0.06391125855047272,Low availability,549,5
180104,MOQUEGUA,MARISCAL NIETO,SAMEGUA,3.0,0.0,1.0,2.0,1.0,0.0,0.0,2.0,2.0,0.0,0.0,1.0,1.0,0.0,0.0,Missing activity values present,0.12782251710094544,0.0,0.06391125855047272,Low availability,549,5
180201,MOQUEGUA,GENERAL SANCHEZ CERRO,OMATE,3.0,0.0,1.0,2.0,1.0,0.0,0.0,2.0,2.0,0.0,0.0,1.0,1.0,0.0,0.0,Missing activity values present,0.12782251710094544,0.0,0.06391125855047272,Low availability,549,5
080707,CUSCO,CHUMBIVILCAS,QUI?OTA,3.0,0.0,0.0,8.0,4.0,0.0,0.0,8.0,8.0,0.0,0.0,1.0,1.0,0.0,0.0,Missing activity values present,0.12782251710094544,0.0,0.06391125855047272,Low availability,549,5
080708,CUSCO,CHUMBIVILCAS,VELILLE,3.0,0.0,1.0,10.0,5.0,0.0,0.0,10.0,10.0,0.0,0.0,1.0,1.0,0.0,0.0,Missing activity values present,0.12782251710094544,0.0,0.06391125855047272,Low availability,549,5
090105,HUANCAVELICA,HUANCAVELICA,CUENCA,3.0,0.0,0.0,6.0,3.0,0.0,0.0,6.0,6.0,0.0,0.0,1.0,1.0,0.0,0.0,Missing activity values present,0.12782251710094544,0.0,0.06391125855047272,Low availability,549,5
210307,PUNO,CARABAYA,ITUATA,3.0,0.0,0.0,8.0,4.0,0.0,0.0,8.0,8.0,0.0,0.0,1.0,1.0,0.0,0.0,Missing activity values present,0.12782251710094544,0.0,0.06391125855047272,Low availability,549,5
020106,ANCASH,HUARAZ,JANGAS,3.0,0.0,2.0,4.0,2.0,0.0,0.0,4.0,4.0,0.0,0.0,1.0,1.0,0.0,0.0,Missing activity values present,0.12782251710094544,0.0,0.06391125855047272,Low availability,549,5
180103,MOQUEGUA,MARISCAL NIETO,CUCHUMBAYA,3.0,0.0,0.0,0.0,0.0,0.0,0.0,0.0,0.0,0.0,0.0,0.0,0.0,0.0,0.0,No missing or zero activity values,0.12782251710094544,0.0,0.06391125855047272,Low availability,549,5
020302,ANCASH,ANTONIO RAIMONDI,ACZO,3.0,0.0,0.0,0.0,0.0,0.0,0.0,0.0,0.0,0.0,0.0,0.0,0.0,0.0,0.0,No missing or zero activity values,0.12782251710094544,0.0,0.06391125855047272,Low availability,549,5
050703,AYACUCHO,PARINACOCHAS,CORONEL CASTAÑEDA,3.0,0.0,0.0,0.0,0.0,0.0,0.0,0.0,0.0,0.0,0.0,0.0,0.0,0.0,0.0,No missing or zero activity values,0.12782251710094544,0.0,0.06391125855047272,Low availability,549,5
150809,LIMA,HUAURA,SANTA LEONOR,3.0,0.0,0.0,0.0,0.0,0.0,0.0,0.0,0.0,0.0,0.0,0.0,0.0,0.0,0.0,No missing or zero activity values,0.12782251710094544,0.0,0.06391125855047272,Low availability,549,5
150904,LIMA,OYON,COCHAMARCA,3.0,0.0,0.0,0.0,0.0,0.0,0.0,0.0,0.0,0.0,0.0,0.0,0.0,0.0,0.0,No missing or zero activity values,0.12782251710094544,0.0,0.06391125855047272,Low availability,549,5
210802,PUNO,MELGAR,ANTAUTA,3.0,0.0,1.0,0.0,0.0,0.0,0.0,0.0,0.0,0.0,0.0,0.0,0.0,0.0,0.0,No missing or zero activity values,0.12782251710094544,0.0,0.06391125855047272,Low availability,549,5
210809,PUNO,MELGAR,UMACHIRI,3.0,0.0,0.0,0.0,0.0,0.0,0.0,0.0,0.0,0.0,0.0,0.0,0.0,0.0,0.0,No missing or zero activity values,0.12782251710094544,0.0,0.06391125855047272,Low availability,549,5
120210,JUNIN,CONCEPCION,MATAHUASI,3.0,0.0,0.0,6.0,3.0,0.0,0.0,6.0,6.0,0.0,0.0,1.0,1.0,0.0,0.0,Missing activity values present,0.12782251710094544,0.0,0.06391125855047272,Low availability,549,5
120202,JUNIN,CONCEPCION,ACO,3.0,0.0,0.0,6.0,3.0,0.0,0.0,6.0,6.0,0.0,0.0,1.0,1.0,0.0,0.0,Missing activity values present,0.12782251710094544,0.0,0.06391125855047272,Low availability,549,5
050409,AYACUCHO,HUANTA,CANAYRE,3.0,0.0,0.0,0.0,0.0,0.0,0.0,0.0,0.0,0.0,0.0,0.0,0.0,0.0,0.0,No missing or zero activity values,0.12782251710094544,0.0,0.06391125855047272,Low availability,549,5
020504,ANCASH,BOLOGNESI,AQUIA,3.0,0.0,0.0,6.0,3.0,0.0,0.0,6.0,6.0,0.0,0.0,1.0,1.0,0.0,0.0,Missing activity values present,0.12782251710094544,0.0,0.06391125855047272,Low availability,549,5
200203,PIURA,AYABACA,JILILI,3.0,0.0,0.0,0.0,0.0,0.0,0.0,0.0,0.0,0.0,0.0,0.0,0.0,0.0,0.0,No missing or zero activity values,0.12782251710094544,0.0,0.06391125855047272,Low availability,549,5
050607,AYACUCHO,LUCANAS,HUAC-HUAS,3.0,0.0,0.0,0.0,0.0,0.0,0.0,0.0,0.0,0.0,0.0,0.0,0.0,0.0,0.0,No missing or zero activity values,0.12782251710094544,0.0,0.06391125855047272,Low availability,549,5
050610,AYACUCHO,LUCANAS,LLAUTA,3.0,0.0,0.0,0.0,0.0,0.0,0.0,0.0,0.0,0.0,0.0,0.0,0.0,0.0,0.0,No missing or zero activity values,0.12782251710094544,0.0,0.06391125855047272,Low availability,549,5
050612,AYACUCHO,LUCANAS,OCAÑA,3.0,0.0,0.0,0.0,0.0,0.0,0.0,0.0,0.0,0.0,0.0,0.0,0.0,0.0,0.0,No missing or zero activity values,0.12782251710094544,0.0,0.06391125855047272,Low availability,549,5
050613,AYACUCHO,LUCANAS,OTOCA,3.0,0.0,0.0,0.0,0.0,0.0,0.0,0.0,0.0,0.0,0.0,0.0,0.0,0.0,0.0,No missing or zero activity values,0.12782251710094544,0.0,0.06391125855047272,Low availability,549,5
200209,PIURA,AYABACA,SICCHEZ,3.0,0.0,0.0,0.0,0.0,0.0,0.0,0.0,0.0,0.0,0.0,0.0,0.0,0.0,0.0,No missing or zero activity values,0.12782251710094544,0.0,0.06391125855047272,Low availability,549,5
120211,JUNIN,CONCEPCION,MITO,3.0,0.0,0.0,6.0,3.0,0.0,0.0,6.0,6.0,0.0,0.0,1.0,1.0,0.0,0.0,Missing activity values present,0.12782251710094544,0.0,0.06391125855047272,Low availability,549,5
120306,JUNIN,CHANCHAMAYO,VITOC,3.0,0.0,0.0,6.0,3.0,0.0,0.0,6.0,6.0,0.0,0.0,1.0,1.0,0.0,0.0,Missing activity values present,0.12782251710094544,0.0,0.06391125855047272,Low availability,549,5
051002,AYACUCHO,VICTOR FAJARDO,ALCAMENCA,3.0,0.0,0.0,4.0,3.0,0.0,0.0,4.0,4.0,0.0,0.0,1.0,1.0,0.0,0.0,Missing activity values present,0.12782251710094544,0.0,0.06391125855047272,Low availability,549,5
051004,AYACUCHO,VICTOR FAJARDO,ASQUIPATA,3.0,0.0,0.0,6.0,3.0,0.0,0.0,6.0,6.0,0.0,0.0,1.0,1.0,0.0,0.0,Missing activity values present,0.12782251710094544,0.0,0.06391125855047272,Low availability,549,5
210705,PUNO,LAMPA,OCUVIRI,3.0,0.0,0.0,0.0,0.0,0.0,0.0,0.0,0.0,0.0,0.0,0.0,0.0,0.0,0.0,No missing or zero activity values,0.12782251710094544,0.0,0.06391125855047272,Low availability,549,5
110202,ICA,CHINCHA,ALTO LARAN,3.0,0.0,0.0,0.0,0.0,0.0,0.0,0.0,0.0,0.0,0.0,0.0,0.0,0.0,0.0,No missing or zero activity values,0.12782251710094544,0.0,0.06391125855047272,Low availability,549,5
110204,ICA,CHINCHA,CHINCHA BAJA,3.0,0.0,0.0,0.0,0.0,0.0,0.0,0.0,0.0,0.0,0.0,0.0,0.0,0.0,0.0,No missing or zero activity values,0.12782251710094544,0.0,0.06391125855047272,Low availability,549,5
110206,ICA,CHINCHA,GROCIO PRADO,3.0,0.0,0.0,0.0,0.0,0.0,0.0,0.0,0.0,0.0,0.0,0.0,0.0,0.0,0.0,No missing or zero activity values,0.12782251710094544,0.0,0.06391125855047272,Low availability,549,5
210107,PUNO,PUNO,COATA,3.0,0.0,0.0,2.0,1.0,0.0,0.0,2.0,2.0,0.0,0.0,1.0,1.0,0.0,0.0,Missing activity values present,0.12782251710094544,0.0,0.06391125855047272,Low availability,549,5
090311,HUANCAVELICA,ANGARAES,SANTO TOMAS DE PATA,3.0,0.0,2.0,0.0,0.0,0.0,0.0,0.0,0.0,0.0,0.0,0.0,0.0,0.0,0.0,No missing or zero activity values,0.12782251710094544,0.0,0.06391125855047272,Low availability,549,5
230108,TACNA,TACNA,POCOLLAY,3.0,0.0,2.0,0.0,0.0,0.0,0.0,0.0,0.0,0.0,0.0,0.0,0.0,0.0,0.0,No missing or zero activity values,0.12782251710094544,0.0,0.06391125855047272,Low availability,549,5
230109,TACNA,TACNA,SAMA,3.0,0.0,0.0,0.0,0.0,0.0,0.0,0.0,0.0,0.0,0.0,0.0,0.0,0.0,0.0,No missing or zero activity values,0.12782251710094544,0.0,0.06391125855047272,Low availability,549,5
080508,CUSCO,CANAS,TUPAC AMARU,3.0,0.0,0.0,8.0,4.0,0.0,0.0,8.0,8.0,0.0,0.0,1.0,1.0,0.0,0.0,Missing activity values present,0.12782251710094544,0.0,0.06391125855047272,Low availability,549,5
150713,LIMA,HUAROCHIRI,MARIATANA,3.0,0.0,1.0,4.0,2.0,0.0,0.0,4.0,4.0,0.0,0.0,1.0,1.0,0.0,0.0,Missing activity values present,0.12782251710094544,0.0,0.06391125855047272,Low availability,549,5
150724,LIMA,HUAROCHIRI,CASTA,3.0,0.0,1.0,6.0,3.0,0.0,0.0,6.0,6.0,0.0,0.0,1.0,1.0,0.0,0.0,Missing activity values present,0.12782251710094544,0.0,0.06391125855047272,Low availability,549,5
080407,CUSCO,CALCA,TARAY,3.0,0.0,0.0,0.0,0.0,0.0,0.0,0.0,0.0,0.0,0.0,0.0,0.0,0.0,0.0,No missing or zero activity values,0.12782251710094544,0.0,0.06391125855047272,Low availability,549,5
120421,JUNIN,JAUJA,MUQUIYAUYO,3.0,0.0,2.0,2.0,1.0,0.0,0.0,2.0,2.0,0.0,0.0,1.0,1.0,0.0,0.0,Missing activity values present,0.12782251710094544,0.0,0.06391125855047272,Low availability,549,5
110303,ICA,NAZCA,EL INGENIO,3.0,0.0,0.0,0.0,0.0,0.0,0.0,0.0,0.0,0.0,0.0,0.0,0.0,0.0,0.0,No missing or zero activity values,0.12782251710094544,0.0,0.06391125855047272,Low availability,549,5
090312,HUANCAVELICA,ANGARAES,SECCLLA,3.0,0.0,1.0,0.0,0.0,0.0,0.0,0.0,0.0,0.0,0.0,0.0,0.0,0.0,0.0,No missing or zero activity values,0.12782251710094544,0.0,0.06391125855047272,Low availability,549,5
120418,JUNIN,JAUJA,MOLINOS,3.0,0.0,0.0,6.0,3.0,0.0,0.0,6.0,6.0,0.0,0.0,1.0,1.0,0.0,0.0,Missing activity values present,0.12782251710094544,0.0,0.06391125855047272,Low availability,549,5
051008,AYACUCHO,VICTOR FAJARDO,HUAMANQUIQUIA,3.0,0.0,0.0,6.0,3.0,0.0,0.0,6.0,6.0,0.0,0.0,1.0,1.0,0.0,0.0,Missing activity values present,0.12782251710094544,0.0,0.06391125855047272,Low availability,549,5
051009,AYACUCHO,VICTOR FAJARDO,HUANCARAYLLA,3.0,0.0,0.0,6.0,3.0,0.0,0.0,6.0,6.0,0.0,0.0,1.0,1.0,0.0,0.0,Missing activity values present,0.12782251710094544,0.0,0.06391125855047272,Low availability,549,5
150728,LIMA,HUAROCHIRI,SANTA EULALIA,3.0,0.0,0.0,12.0,4.0,0.0,0.0,12.0,12.0,0.0,0.0,1.0,1.0,0.0,0.0,Missing activity values present,0.12782251710094544,0.0,0.06391125855047272,Low availability,549,5
051102,AYACUCHO,VILCAS HUAMAN,ACCOMARCA,3.0,0.0,0.0,6.0,3.0,0.0,0.0,6.0,6.0,0.0,0.0,1.0,1.0,0.0,0.0,Missing activity values present,0.12782251710094544,0.0,0.06391125855047272,Low availability,549,5
100703,HUANUCO,MARAÑON,SAN BUENAVENTURA,3.0,0.0,2.0,0.0,0.0,0.0,0.0,0.0,0.0,0.0,0.0,0.0,0.0,0.0,0.0,No missing or zero activity values,0.12782251710094544,0.0,0.06391125855047272,Low availability,549,5
101002,HUANUCO,LAURICOCHA,BA?OS,3.0,0.0,2.0,2.0,1.0,0.0,0.0,2.0,2.0,0.0,0.0,1.0,1.0,0.0,0.0,Missing activity values present,0.12782251710094544,0.0,0.06391125855047272,Low availability,549,5
150610,LIMA,HUARAL,SANTA CRUZ DE ANDAMARCA,3.0,0.0,0.0,0.0,0.0,0.0,0.0,0.0,0.0,0.0,0.0,0.0,0.0,0.0,0.0,No missing or zero activity values,0.12782251710094544,0.0,0.06391125855047272,Low availability,549,5
150706,LIMA,HUAROCHIRI,SAN JOSE DE LOS CHORRILLOS,3.0,0.0,0.0,6.0,3.0,0.0,0.0,6.0,6.0,0.0,0.0,1.0,1.0,0.0,0.0,Missing activity values present,0.12782251710094544,0.0,0.06391125855047272,Low availability,549,5
020505,ANCASH,BOLOGNESI,CAJACAY,3.0,0.0,0.0,6.0,3.0,0.0,0.0,6.0,6.0,0.0,0.0,1.0,1.0,0.0,0.0,Missing activity values present,0.12782251710094544,0.0,0.06391125855047272,Low availability,549,5
150516,LIMA,CAÑETE,ZUÑIGA,3.0,0.0,2.0,0.0,0.0,0.0,0.0,0.0,0.0,0.0,0.0,0.0,0.0,0.0,0.0,No missing or zero activity values,0.12782251710094544,0.0,0.06391125855047272,Low availability,549,5
061310,CAJAMARCA,SANTA CRUZ,UTICYACU,3.0,0.0,0.0,0.0,0.0,0.0,0.0,0.0,0.0,0.0,0.0,0.0,0.0,0.0,0.0,No missing or zero activity values,0.12782251710094544,0.0,0.06391125855047272,Low availability,549,5
200407,PIURA,MORROPON,SAN JUAN DE BIGOTE,3.0,0.0,0.0,0.0,0.0,0.0,0.0,0.0,0.0,0.0,0.0,0.0,0.0,0.0,0.0,No missing or zero activity values,0.12782251710094544,0.0,0.06391125855047272,Low availability,549,5
120426,JUNIN,JAUJA,POMACANCHA,3.0,0.0,0.0,6.0,3.0,0.0,0.0,6.0,6.0,0.0,0.0,1.0,1.0,0.0,0.0,Missing activity values present,0.12782251710094544,0.0,0.06391125855047272,Low availability,549,5
050403,AYACUCHO,HUANTA,HUAMANGUILLA,3.0,0.0,0.0,0.0,0.0,0.0,0.0,0.0,0.0,0.0,0.0,0.0,0.0,0.0,0.0,No missing or zero activity values,0.12782251710094544,0.0,0.06391125855047272,Low availability,549,5
050404,AYACUCHO,HUANTA,IGUAIN,3.0,0.0,0.0,0.0,0.0,0.0,0.0,0.0,0.0,0.0,0.0,0.0,0.0,0.0,0.0,No missing or zero activity values,0.12782251710094544,0.0,0.06391125855047272,Low availability,549,5
050405,AYACUCHO,HUANTA,LURICOCHA,3.0,0.0,0.0,0.0,0.0,0.0,0.0,0.0,0.0,0.0,0.0,0.0,0.0,0.0,0.0,No missing or zero activity values,0.12782251710094544,0.0,0.06391125855047272,Low availability,549,5
110110,ICA,ICA,SAN JUAN BAUTISTA,3.0,0.0,0.0,6.0,3.0,0.0,0.0,6.0,6.0,0.0,0.0,1.0,1.0,0.0,0.0,Missing activity values present,0.12782251710094544,0.0,0.06391125855047272,Low availability,549,5
021011,ANCASH,HUARI,PONTO,3.0,0.0,0.0,0.0,0.0,0.0,0.0,0.0,0.0,0.0,0.0,0.0,0.0,0.0,0.0,No missing or zero activity values,0.12782251710094544,0.0,0.06391125855047272,Low availability,549,5
150403,LIMA,CANTA,HUAMANTANGA,3.0,0.0,0.0,0.0,0.0,0.0,0.0,0.0,0.0,0.0,0.0,0.0,0.0,0.0,0.0,No missing or zero activity values,0.12782251710094544,0.0,0.06391125855047272,Low availability,549,5
150406,LIMA,CANTA,SAN BUENAVENTURA,3.0,0.0,1.0,0.0,0.0,0.0,0.0,0.0,0.0,0.0,0.0,0.0,0.0,0.0,0.0,No missing or zero activity values,0.12782251710094544,0.0,0.06391125855047272,Low availability,549,5
150407,LIMA,CANTA,SANTA ROSA DE QUIVES,3.0,0.0,0.0,0.0,0.0,0.0,0.0,0.0,0.0,0.0,0.0,0.0,0.0,0.0,0.0,No missing or zero activity values,0.12782251710094544,0.0,0.06391125855047272,Low availability,549,5
020802,ANCASH,CASMA,BUENA VISTA ALTA,3.0,0.0,0.0,6.0,3.0,0.0,0.0,6.0,6.0,0.0,0.0,1.0,1.0,0.0,0.0,Missing activity values present,0.12782251710094544,0.0,0.06391125855047272,Low availability,549,5
220905,SAN MARTIN,SAN MARTIN,CHIPURANA,3.0,0.0,0.0,6.0,3.0,0.0,0.0,6.0,6.0,0.0,0.0,1.0,1.0,0.0,0.0,Missing activity values present,0.12782251710094544,0.0,0.06391125855047272,Low availability,549,5
061204,CAJAMARCA,SAN PABLO,TUMBADEN,3.0,0.0,0.0,6.0,3.0,0.0,0.0,6.0,6.0,0.0,0.0,1.0,1.0,0.0,0.0,Missing activity values present,0.12782251710094544,0.0,0.06391125855047272,Low availability,549,5
061305,CAJAMARCA,SANTA CRUZ,LA ESPERANZA,3.0,0.0,0.0,0.0,0.0,0.0,0.0,0.0,0.0,0.0,0.0,0.0,0.0,0.0,0.0,No missing or zero activity values,0.12782251710094544,0.0,0.06391125855047272,Low availability,549,5
061306,CAJAMARCA,SANTA CRUZ,NINABAMBA,3.0,0.0,0.0,0.0,0.0,0.0,0.0,0.0,0.0,0.0,0.0,0.0,0.0,0.0,0.0,No missing or zero activity values,0.12782251710094544,0.0,0.06391125855047272,Low availability,549,5
090511,HUANCAVELICA,CHURCAMPA,COSME,3.0,0.0,0.0,6.0,3.0,0.0,0.0,6.0,6.0,0.0,0.0,1.0,1.0,0.0,0.0,Missing activity values present,0.12782251710094544,0.0,0.06391125855047272,Low availability,549,5
090603,HUANCAVELICA,HUAYTARA,CORDOVA,3.0,0.0,2.0,6.0,3.0,0.0,0.0,6.0,6.0,0.0,0.0,1.0,1.0,0.0,0.0,Missing activity values present,0.12782251710094544,0.0,0.06391125855047272,Low availability,549,5
090606,HUANCAVELICA,HUAYTARA,OCOYO,3.0,0.0,2.0,6.0,3.0,0.0,0.0,6.0,6.0,0.0,0.0,1.0,1.0,0.0,0.0,Missing activity values present,0.12782251710094544,0.0,0.06391125855047272,Low availability,549,5
090611,HUANCAVELICA,HUAYTARA,SAN FRANCISCO DE SANGAYAICO,3.0,0.0,1.0,6.0,3.0,0.0,0.0,6.0,6.0,0.0,0.0,1.0,1.0,0.0,0.0,Missing activity values present,0.12782251710094544,0.0,0.06391125855047272,Low availability,549,5
090615,HUANCAVELICA,HUAYTARA,SANTO DOMINGO DE CAPILLAS,3.0,0.0,1.0,6.0,3.0,0.0,0.0,6.0,6.0,0.0,0.0,1.0,1.0,0.0,0.0,Missing activity values present,0.12782251710094544,0.0,0.06391125855047272,Low availability,549,5
101104,HUANUCO,YAROWILCA,APARICIO POMARES,3.0,0.0,0.0,0.0,0.0,0.0,0.0,0.0,0.0,0.0,0.0,0.0,0.0,0.0,0.0,No missing or zero activity values,0.12782251710094544,0.0,0.06391125855047272,Low availability,549,5
120804,JUNIN,YAULI,MARCAPOMACOCHA,3.0,0.0,1.0,4.0,2.0,0.0,0.0,4.0,4.0,0.0,0.0,1.0,1.0,0.0,0.0,Missing activity values present,0.12782251710094544,0.0,0.06391125855047272,Low availability,549,5
120503,JUNIN,JUNIN,ONDORES,3.0,0.0,0.0,6.0,3.0,0.0,0.0,6.0,6.0,0.0,0.0,1.0,1.0,0.0,0.0,Missing activity values present,0.12782251710094544,0.0,0.06391125855047272,Low availability,549,5
120703,JUNIN,TARMA,HUARICOLCA,3.0,0.0,0.0,6.0,3.0,0.0,0.0,6.0,6.0,0.0,0.0,1.0,1.0,0.0,0.0,Missing activity values present,0.12782251710094544,0.0,0.06391125855047272,Low availability,549,5
050206,AYACUCHO,CANGALLO,TOTOS,3.0,0.0,0.0,0.0,0.0,0.0,0.0,0.0,0.0,0.0,0.0,0.0,0.0,0.0,0.0,No missing or zero activity values,0.12782251710094544,0.0,0.06391125855047272,Low availability,549,5
100509,HUANUCO,HUAMALIES,PU?OS,3.0,0.0,0.0,6.0,3.0,0.0,0.0,6.0,6.0,0.0,0.0,1.0,1.0,0.0,0.0,Missing activity values present,0.12782251710094544,0.0,0.06391125855047272,Low availability,549,5
100511,HUANUCO,HUAMALIES,TANTAMAYO,3.0,0.0,1.0,6.0,3.0,0.0,0.0,6.0,6.0,0.0,0.0,1.0,1.0,0.0,0.0,Missing activity values present,0.12782251710094544,0.0,0.06391125855047272,Low availability,549,5
021802,ANCASH,SANTA,CACERES DEL PERU,3.0,0.0,0.0,6.0,3.0,0.0,0.0,6.0,6.0,0.0,0.0,1.0,1.0,0.0,0.0,Missing activity values present,0.12782251710094544,0.0,0.06391125855047272,Low availability,549,5
021015,ANCASH,HUARI,SAN PEDRO DE CHANA,3.0,0.0,0.0,1.0,1.0,0.0,0.0,1.0,1.0,0.0,0.0,1.0,1.0,0.0,0.0,Missing activity values present,0.12782251710094544,0.0,0.06391125855047272,Low availability,549,5
021103,ANCASH,HUARMEY,CULEBRAS,3.0,0.0,0.0,6.0,3.0,0.0,0.0,6.0,6.0,0.0,0.0,1.0,1.0,0.0,0.0,Missing activity values present,0.12782251710094544,0.0,0.06391125855047272,Low availability,549,5
021202,ANCASH,HUAYLAS,HUALLANCA,3.0,0.0,0.0,6.0,3.0,0.0,0.0,6.0,6.0,0.0,0.0,1.0,1.0,0.0,0.0,Missing activity values present,0.12782251710094544,0.0,0.06391125855047272,Low availability,549,5
021208,ANCASH,HUAYLAS,SANTA CRUZ,3.0,0.0,0.0,6.0,3.0,0.0,0.0,6.0,6.0,0.0,0.0,1.0,1.0,0.0,0.0,Missing activity values present,0.12782251710094544,0.0,0.06391125855047272,Low availability,549,5
021210,ANCASH,HUAYLAS,YURACMARCA,3.0,0.0,0.0,6.0,3.0,0.0,0.0,6.0,6.0,0.0,0.0,1.0,1.0,0.0,0.0,Missing activity values present,0.12782251710094544,0.0,0.06391125855047272,Low availability,549,5
101007,HUANUCO,LAURICOCHA,SAN MIGUEL DE CAURI,3.0,0.0,1.0,0.0,0.0,0.0,0.0,0.0,0.0,0.0,0.0,0.0,0.0,0.0,0.0,No missing or zero activity values,0.12782251710094544,0.0,0.06391125855047272,Low availability,549,5
040804,AREQUIPA,LA UNION,HUAYNACOTAS,3.0,0.0,0.0,6.0,3.0,0.0,0.0,6.0,6.0,0.0,0.0,1.0,1.0,0.0,0.0,Missing activity values present,0.12782251710094544,0.0,0.06391125855047272,Low availability,549,5
040805,AREQUIPA,LA UNION,PAMPAMARCA,3.0,0.0,3.0,6.0,3.0,0.0,0.0,6.0,6.0,0.0,0.0,1.0,1.0,0.0,0.0,Missing activity values present,0.12782251710094544,0.0,0.06391125855047272,Low availability,549,5
050103,AYACUCHO,HUAMANGA,ACOS VINCHOS,3.0,0.0,0.0,0.0,0.0,0.0,0.0,0.0,0.0,0.0,0.0,0.0,0.0,0.0,0.0,No missing or zero activity values,0.12782251710094544,0.0,0.06391125855047272,Low availability,549,5
050108,AYACUCHO,HUAMANGA,QUINUA,3.0,0.0,0.0,0.0,0.0,0.0,0.0,0.0,0.0,0.0,0.0,0.0,0.0,0.0,0.0,No missing or zero activity values,0.12782251710094544,0.0,0.06391125855047272,Low availability,549,5
060310,CAJAMARCA,CELENDIN,SUCRE,3.0,0.0,0.0,0.0,0.0,0.0,0.0,0.0,0.0,0.0,0.0,0.0,0.0,0.0,0.0,No missing or zero activity values,0.12782251710094544,0.0,0.06391125855047272,Low availability,549,5
060312,CAJAMARCA,CELENDIN,LA LIBERTAD DE PALLAN,3.0,0.0,0.0,0.0,0.0,0.0,0.0,0.0,0.0,0.0,0.0,0.0,0.0,0.0,0.0,No missing or zero activity values,0.12782251710094544,0.0,0.06391125855047272,Low availability,549,5
100503,HUANUCO,HUAMALIES,CHAVIN DE PARIARCA,3.0,0.0,1.0,6.0,3.0,0.0,0.0,6.0,6.0,0.0,0.0,1.0,1.0,0.0,0.0,Missing activity values present,0.12782251710094544,0.0,0.06391125855047272,Low availability,549,5
040517,AREQUIPA,CAYLLOMA,TISCO,3.0,0.0,0.0,6.0,3.0,0.0,0.0,6.0,6.0,0.0,0.0,1.0,1.0,0.0,0.0,Missing activity values present,0.12782251710094544,0.0,0.06391125855047272,Low availability,549,5
211102,PUNO,SAN ROMAN,CABANA,3.0,0.0,0.0,0.0,0.0,0.0,0.0,0.0,0.0,0.0,0.0,0.0,0.0,0.0,0.0,No missing or zero activity values,0.12782251710094544,0.0,0.06391125855047272,Low availability,549,5
021906,ANCASH,SIHUAS,HUAYLLABAMBA,3.0,0.0,0.0,6.0,3.0,0.0,0.0,6.0,6.0,0.0,0.0,1.0,1.0,0.0,0.0,Missing activity values present,0.12782251710094544,0.0,0.06391125855047272,Low availability,549,5
030102,APURIMAC,ABANCAY,CHACOCHE,3.0,0.0,0.0,0.0,0.0,0.0,0.0,0.0,0.0,0.0,0.0,0.0,0.0,0.0,0.0,No missing or zero activity values,0.12782251710094544,0.0,0.06391125855047272,Low availability,549,5
150401,LIMA,CANTA,CANTA,3.0,0.0,0.0,0.0,0.0,0.0,0.0,0.0,0.0,0.0,0.0,0.0,0.0,0.0,0.0,No missing or zero activity values,0.12782251710094544,0.0,0.06391125855047272,Low availability,549,5
021307,ANCASH,MARISCAL LUZURIAGA,LUCMA,3.0,0.0,0.0,6.0,3.0,0.0,0.0,6.0,6.0,0.0,0.0,1.0,1.0,0.0,0.0,Missing activity values present,0.12782251710094544,0.0,0.06391125855047272,Low availability,549,5
150124,LIMA,LIMA,PUCUSANA,3.0,0.0,1.0,2.0,1.0,0.0,0.0,2.0,2.0,0.0,0.0,1.0,1.0,0.0,0.0,Missing activity values present,0.12782251710094544,0.0,0.06391125855047272,Low availability,549,5
021602,ANCASH,POMABAMBA,HUAYLLAN,3.0,0.0,0.0,6.0,3.0,0.0,0.0,6.0,6.0,0.0,0.0,1.0,1.0,0.0,0.0,Missing activity values present,0.12782251710094544,0.0,0.06391125855047272,Low availability,549,5
120906,JUNIN,CHUPACA,SAN JUAN DE YSCOS,3.0,0.0,0.0,6.0,3.0,0.0,0.0,6.0,6.0,0.0,0.0,1.0,1.0,0.0,0.0,Missing activity values present,0.12782251710094544,0.0,0.06391125855047272,Low availability,549,5
211205,PUNO,SANDIA,PHARA,3.0,0.0,0.0,0.0,0.0,0.0,0.0,0.0,0.0,0.0,0.0,0.0,0.0,0.0,0.0,No missing or zero activity values,0.12782251710094544,0.0,0.06391125855047272,Low availability,549,5
211104,PUNO,SAN ROMAN,CARACOTO,3.0,0.0,0.0,2.0,1.0,0.0,0.0,2.0,2.0,0.0,0.0,1.0,1.0,0.0,0.0,Missing activity values present,0.12782251710094544,0.0,0.06391125855047272,Low availability,549,5
211203,PUNO,SANDIA,LIMBANI,3.0,0.0,1.0,0.0,0.0,0.0,0.0,0.0,0.0,0.0,0.0,0.0,0.0,0.0,0.0,No missing or zero activity values,0.12782251710094544,0.0,0.06391125855047272,Low availability,549,5
211206,PUNO,SANDIA,QUIACA,3.0,0.0,2.0,0.0,0.0,0.0,0.0,0.0,0.0,0.0,0.0,0.0,0.0,0.0,0.0,No missing or zero activity values,0.12782251710094544,0.0,0.06391125855047272,Low availability,549,5
040603,AREQUIPA,CONDESUYOS,CAYARANI,3.0,0.0,1.0,4.0,2.0,0.0,0.0,4.0,4.0,0.0,0.0,1.0,1.0,0.0,0.0,Missing activity values present,0.12782251710094544,0.0,0.06391125855047272,Low availability,549,5
130503,LA LIBERTAD,JULCAN,CARABAMBA,3.0,0.0,0.0,6.0,3.0,0.0,0.0,6.0,6.0,0.0,0.0,1.0,1.0,0.0,0.0,Missing activity values present,0.12782251710094544,0.0,0.06391125855047272,Low availability,549,5
040604,AREQUIPA,CONDESUYOS,CHICHAS,3.0,0.0,3.0,6.0,3.0,0.0,0.0,6.0,6.0,0.0,0.0,1.0,1.0,0.0,0.0,Missing activity values present,0.12782251710094544,0.0,0.06391125855047272,Low availability,549,5
081103,CUSCO,PAUCARTAMBO,CHALLABAMBA,3.0,0.0,0.0,2.0,1.0,0.0,0.0,2.0,2.0,0.0,0.0,1.0,1.0,0.0,0.0,Missing activity values present,0.12782251710094544,0.0,0.06391125855047272,Low availability,549,5
100401,HUANUCO,HUACAYBAMBA,HUACAYBAMBA,3.0,0.0,1.0,6.0,3.0,0.0,0.0,6.0,6.0,0.0,0.0,1.0,1.0,0.0,0.0,Missing activity values present,0.12782251710094544,0.0,0.06391125855047272,Low availability,549,5
040410,AREQUIPA,CASTILLA,PAMPACOLCA,3.0,0.0,3.0,6.0,3.0,0.0,0.0,6.0,6.0,0.0,0.0,1.0,1.0,0.0,0.0,Missing activity values present,0.12782251710094544,0.0,0.06391125855047272,Low availability,549,5
210405,PUNO,CHUCUITO,PISACOMA,3.0,0.0,2.0,0.0,0.0,0.0,0.0,0.0,0.0,0.0,0.0,0.0,0.0,0.0,0.0,No missing or zero activity values,0.12782251710094544,0.0,0.06391125855047272,Low availability,549,5
030203,APURIMAC,ANDAHUAYLAS,CHIARA,3.0,0.0,0.0,0.0,0.0,0.0,0.0,0.0,0.0,0.0,0.0,0.0,0.0,0.0,0.0,No missing or zero activity values,0.12782251710094544,0.0,0.06391125855047272,Low availability,549,5
140303,LAMBAYEQUE,LAMBAYEQUE,ILLIMO,3.0,0.0,0.0,2.0,1.0,0.0,0.0,2.0,2.0,0.0,0.0,1.0,1.0,0.0,0.0,Missing activity values present,0.12782251710094544,0.0,0.06391125855047272,Low availability,549,5
140304,LAMBAYEQUE,LAMBAYEQUE,JAYANCA,3.0,0.0,1.0,2.0,1.0,0.0,0.0,2.0,2.0,0.0,0.0,1.0,1.0,0.0,0.0,Missing activity values present,0.12782251710094544,0.0,0.06391125855047272,Low availability,549,5
030217,APURIMAC,ANDAHUAYLAS,TUMAY HUARACA,3.0,0.0,0.0,0.0,0.0,0.0,0.0,0.0,0.0,0.0,0.0,0.0,0.0,0.0,0.0,No missing or zero activity values,0.12782251710094544,0.0,0.06391125855047272,Low availability,549,5
040505,AREQUIPA,CAYLLOMA,CAYLLOMA,3.0,0.0,1.0,4.0,2.0,0.0,0.0,4.0,4.0,0.0,0.0,1.0,1.0,0.0,0.0,Missing activity values present,0.12782251710094544,0.0,0.06391125855047272,Low availability,549,5
030306,APURIMAC,ANTABAMBA,PACHACONAS,3.0,0.0,0.0,0.0,0.0,0.0,0.0,0.0,0.0,0.0,0.0,0.0,0.0,0.0,0.0,No missing or zero activity values,0.12782251710094544,0.0,0.06391125855047272,Low availability,549,5
021805,ANCASH,SANTA,MORO,3.0,0.0,0.0,6.0,3.0,0.0,0.0,6.0,6.0,0.0,0.0,1.0,1.0,0.0,0.0,Missing activity values present,0.12782251710094544,0.0,0.06391125855047272,Low availability,549,5
021807,ANCASH,SANTA,SAMANCO,3.0,0.0,0.0,6.0,3.0,0.0,0.0,6.0,6.0,0.0,0.0,1.0,1.0,0.0,0.0,Missing activity values present,0.12782251710094544,0.0,0.06391125855047272,Low availability,549,5
040511,AREQUIPA,CAYLLOMA,LLUTA,3.0,0.0,0.0,6.0,3.0,0.0,0.0,6.0,6.0,0.0,0.0,1.0,1.0,0.0,0.0,Missing activity values present,0.12782251710094544,0.0,0.06391125855047272,Low availability,549,5
190112,PASCO,PASCO,VICCO,3.0,0.0,0.0,0.0,0.0,0.0,0.0,0.0,0.0,0.0,0.0,0.0,0.0,0.0,0.0,No missing or zero activity values,0.12782251710094544,0.0,0.06391125855047272,Low availability,549,5
040514,AREQUIPA,CAYLLOMA,SAN ANTONIO DE CHUCA,3.0,0.0,1.0,4.0,2.0,0.0,0.0,4.0,4.0,0.0,0.0,1.0,1.0,0.0,0.0,Missing activity values present,0.12782251710094544,0.0,0.06391125855047272,Low availability,549,5
040306,AREQUIPA,CARAVELI,CAHUACHO,3.0,0.0,0.0,0.0,0.0,0.0,0.0,0.0,0.0,0.0,0.0,0.0,0.0,0.0,0.0,No missing or zero activity values,0.12782251710094544,0.0,0.06391125855047272,Low availability,549,5
061202,CAJAMARCA,SAN PABLO,SAN BERNARDINO,3.0,0.0,0.0,6.0,3.0,0.0,0.0,6.0,6.0,0.0,0.0,1.0,1.0,0.0,0.0,Missing activity values present,0.12782251710094544,0.0,0.06391125855047272,Low availability,549,5
061103,CAJAMARCA,SAN MIGUEL,CALQUIS,3.0,0.0,0.0,24.0,3.0,0.0,0.0,24.0,24.0,0.0,0.0,1.0,1.0,0.0,0.0,Missing activity values present,0.12782251710094544,0.0,0.06391125855047272,Low availability,549,5
030603,APURIMAC,CHINCHEROS,COCHARCAS,3.0,0.0,0.0,0.0,0.0,0.0,0.0,0.0,0.0,0.0,0.0,0.0,0.0,0.0,0.0,No missing or zero activity values,0.12782251710094544,0.0,0.06391125855047272,Low availability,549,5
030607,APURIMAC,CHINCHEROS,URANMARCA,3.0,0.0,0.0,0.0,0.0,0.0,0.0,0.0,0.0,0.0,0.0,0.0,0.0,0.0,0.0,No missing or zero activity values,0.12782251710094544,0.0,0.06391125855047272,Low availability,549,5
140116,LAMBAYEQUE,CHICLAYO,CAYALTI,3.0,0.0,0.0,2.0,1.0,0.0,0.0,2.0,2.0,0.0,0.0,1.0,1.0,0.0,0.0,Missing activity values present,0.12782251710094544,0.0,0.06391125855047272,Low availability,549,5
140119,LAMBAYEQUE,CHICLAYO,PUCALA,3.0,0.0,2.0,2.0,1.0,0.0,0.0,2.0,2.0,0.0,0.0,1.0,1.0,0.0,0.0,Missing activity values present,0.12782251710094544,0.0,0.06391125855047272,Low availability,549,5
061110,CAJAMARCA,SAN MIGUEL,SAN GREGORIO,3.0,0.0,0.0,6.0,3.0,0.0,0.0,6.0,6.0,0.0,0.0,1.0,1.0,0.0,0.0,Missing activity values present,0.12782251710094544,0.0,0.06391125855047272,Low availability,549,5
061112,CAJAMARCA,SAN MIGUEL,TONGOD,3.0,0.0,0.0,8.0,4.0,0.0,0.0,8.0,8.0,0.0,0.0,1.0,1.0,0.0,0.0,Missing activity values present,0.12782251710094544,0.0,0.06391125855047272,Low availability,549,5
100607,HUANUCO,LEONCIO PRADO,PUCAYACU,3.0,0.0,2.0,0.0,0.0,0.0,0.0,0.0,0.0,0.0,0.0,0.0,0.0,0.0,0.0,No missing or zero activity values,0.12782251710094544,0.0,0.06391125855047272,Low availability,549,5
040307,AREQUIPA,CARAVELI,CHALA,3.0,0.0,2.0,0.0,0.0,0.0,0.0,0.0,0.0,0.0,0.0,0.0,0.0,0.0,0.0,No missing or zero activity values,0.12782251710094544,0.0,0.06391125855047272,Low availability,549,5
040409,AREQUIPA,CASTILLA,ORCOPAMPA,3.0,0.0,2.0,2.0,1.0,0.0,0.0,2.0,2.0,0.0,0.0,1.0,1.0,0.0,0.0,Missing activity values present,0.12782251710094544,0.0,0.06391125855047272,Low availability,549,5
190207,PASCO,DANIEL ALCIDES CARRION,TAPUC,3.0,0.0,0.0,6.0,3.0,0.0,0.0,6.0,6.0,0.0,0.0,1.0,1.0,0.0,0.0,Missing activity values present,0.12782251710094544,0.0,0.06391125855047272,Low availability,549,5
100203,HUANUCO,AMBO,COLPAS,3.0,0.0,0.0,0.0,0.0,0.0,0.0,0.0,0.0,0.0,0.0,0.0,0.0,0.0,0.0,No missing or zero activity values,0.12782251710094544,0.0,0.06391125855047272,Low availability,549,5
100202,HUANUCO,AMBO,CAYNA,3.0,0.0,0.0,0.0,0.0,0.0,0.0,0.0,0.0,0.0,0.0,0.0,0.0,0.0,0.0,No missing or zero activity values,0.12782251710094544,0.0,0.06391125855047272,Low availability,549,5
100206,HUANUCO,AMBO,SAN FRANCISCO,3.0,0.0,0.0,0.0,0.0,0.0,0.0,0.0,0.0,0.0,0.0,0.0,0.0,0.0,0.0,No missing or zero activity values,0.12782251710094544,0.0,0.06391125855047272,Low availability,549,5
100317,HUANUCO,DOS DE MAYO,RIPAN,3.0,0.0,0.0,0.0,0.0,0.0,0.0,0.0,0.0,0.0,0.0,0.0,0.0,0.0,0.0,No missing or zero activity values,0.12782251710094544,0.0,0.06391125855047272,Low availability,549,5
040123,AREQUIPA,AREQUIPA,TIABAYA,3.0,0.0,2.0,2.0,1.0,0.0,0.0,2.0,2.0,0.0,0.0,1.0,1.0,0.0,0.0,Missing activity values present,0.12782251710094544,0.0,0.06391125855047272,Low availability,549,5
040125,AREQUIPA,AREQUIPA,VITOR,3.0,0.0,1.0,4.0,2.0,0.0,0.0,4.0,4.0,0.0,0.0,1.0,1.0,0.0,0.0,Missing activity values present,0.12782251710094544,0.0,0.06391125855047272,Low availability,549,5
100108,HUANUCO,HUANUCO,SAN PEDRO DE CHAULAN,3.0,0.0,0.0,6.0,3.0,0.0,0.0,6.0,6.0,0.0,0.0,1.0,1.0,0.0,0.0,Missing activity values present,0.12782251710094544,0.0,0.06391125855047272,Low availability,549,5
100110,HUANUCO,HUANUCO,YARUMAYO,3.0,0.0,0.0,6.0,3.0,0.0,0.0,6.0,6.0,0.0,0.0,1.0,1.0,0.0,0.0,Missing activity values present,0.12782251710094544,0.0,0.06391125855047272,Low availability,549,5
131007,LA LIBERTAD,SANTIAGO DE CHUCO,SANTA CRUZ DE CHUCA,3.0,0.0,0.0,0.0,0.0,0.0,0.0,0.0,0.0,0.0,0.0,0.0,0.0,0.0,0.0,No missing or zero activity values,0.12782251710094544,0.0,0.06391125855047272,Low availability,549,5
131103,LA LIBERTAD,GRAN CHIMU,MARMOT,3.0,0.0,0.0,0.0,0.0,0.0,0.0,0.0,0.0,0.0,0.0,0.0,0.0,0.0,0.0,No missing or zero activity values,0.12782251710094544,0.0,0.06391125855047272,Low availability,549,5
140103,LAMBAYEQUE,CHICLAYO,ETEN,3.0,0.0,2.0,2.0,1.0,0.0,0.0,2.0,2.0,0.0,0.0,1.0,1.0,0.0,0.0,Missing activity values present,0.12782251710094544,0.0,0.06391125855047272,Low availability,549,5
200507,PIURA,PAITA,VICHAYAL,3.0,0.0,0.0,0.0,0.0,0.0,0.0,0.0,0.0,0.0,0.0,0.0,0.0,0.0,0.0,No missing or zero activity values,0.12782251710094544,0.0,0.06391125855047272,Low availability,549,5
061002,CAJAMARCA,SAN MARCOS,CHANCAY,3.0,0.0,0.0,9.0,3.0,0.0,0.0,9.0,9.0,0.0,0.0,1.0,1.0,0.0,0.0,Missing activity values present,0.12782251710094544,0.0,0.06391125855047272,Low availability,549,5
100404,HUANUCO,HUACAYBAMBA,PINRA,3.0,0.0,0.0,6.0,3.0,0.0,0.0,6.0,6.0,0.0,0.0,1.0,1.0,0.0,0.0,Missing activity values present,0.12782251710094544,0.0,0.06391125855047272,Low availability,549,5
130608,LA LIBERTAD,OTUZCO,MACHE,3.0,0.0,0.0,0.0,0.0,0.0,0.0,0.0,0.0,0.0,0.0,0.0,0.0,0.0,0.0,No missing or zero activity values,0.12782251710094544,0.0,0.06391125855047272,Low availability,549,5
130613,LA LIBERTAD,OTUZCO,SINSICAP,3.0,0.0,0.0,0.0,0.0,0.0,0.0,0.0,0.0,0.0,0.0,0.0,0.0,0.0,0.0,No missing or zero activity values,0.12782251710094544,0.0,0.06391125855047272,Low availability,549,5
130705,LA LIBERTAD,PACASMAYO,SAN JOSE,3.0,0.0,0.0,4.0,2.0,0.0,0.0,4.0,4.0,0.0,0.0,1.0,1.0,0.0,0.0,Missing activity values present,0.12782251710094544,0.0,0.06391125855047272,Low availability,549,5
130804,LA LIBERTAD,PATAZ,HUANCASPATA,3.0,0.0,0.0,0.0,0.0,0.0,0.0,0.0,0.0,0.0,0.0,0.0,0.0,0.0,0.0,No missing or zero activity values,0.12782251710094544,0.0,0.06391125855047272,Low availability,549,5
130806,LA LIBERTAD,PATAZ,HUAYO,3.0,0.0,0.0,0.0,0.0,0.0,0.0,0.0,0.0,0.0,0.0,0.0,0.0,0.0,0.0,No missing or zero activity values,0.12782251710094544,0.0,0.06391125855047272,Low availability,549,5
040120,AREQUIPA,AREQUIPA,SANTA ISABEL DE SIGUAS,3.0,0.0,0.0,6.0,3.0,0.0,0.0,6.0,6.0,0.0,0.0,1.0,1.0,0.0,0.0,Missing activity values present,0.12782251710094544,0.0,0.06391125855047272,Low availability,549,5
060505,CAJAMARCA,CONTUMAZA,SAN BENITO,3.0,0.0,0.0,9.0,3.0,0.0,0.0,9.0,9.0,0.0,0.0,1.0,1.0,0.0,0.0,Missing activity values present,0.12782251710094544,0.0,0.06391125855047272,Low availability,549,5
100106,HUANUCO,HUANUCO,QUISQUI,3.0,0.0,0.0,0.0,0.0,0.0,0.0,0.0,0.0,0.0,0.0,0.0,0.0,0.0,0.0,No missing or zero activity values,0.12782251710094544,0.0,0.06391125855047272,Low availability,549,5
040202,AREQUIPA,CAMANA,JOSE MARIA QUIMPER,3.0,0.0,0.0,6.0,3.0,0.0,0.0,6.0,6.0,0.0,0.0,1.0,1.0,0.0,0.0,Missing activity values present,0.12782251710094544,0.0,0.06391125855047272,Low availability,549,5
040203,AREQUIPA,CAMANA,MARIANO NICOLAS VALCARCEL,3.0,0.0,0.0,2.0,1.0,0.0,0.0,2.0,2.0,0.0,0.0,1.0,1.0,0.0,0.0,Missing activity values present,0.12782251710094544,0.0,0.06391125855047272,Low availability,549,5
040204,AREQUIPA,CAMANA,MARISCAL CACERES,3.0,0.0,1.0,4.0,2.0,0.0,0.0,4.0,4.0,0.0,0.0,1.0,1.0,0.0,0.0,Missing activity values present,0.12782251710094544,0.0,0.06391125855047272,Low availability,549,5
040205,AREQUIPA,CAMANA,NICOLAS DE PIEROLA,3.0,0.0,0.0,6.0,3.0,0.0,0.0,6.0,6.0,0.0,0.0,1.0,1.0,0.0,0.0,Missing activity values present,0.12782251710094544,0.0,0.06391125855047272,Low availability,549,5
040206,AREQUIPA,CAMANA,OCO?A,3.0,0.0,0.0,6.0,3.0,0.0,0.0,6.0,6.0,0.0,0.0,1.0,1.0,0.0,0.0,Missing activity values present,0.12782251710094544,0.0,0.06391125855047272,Low availability,549,5
060416,CAJAMARCA,CHOTA,SAN JUAN DE LICUPIS,3.0,0.0,0.0,0.0,0.0,0.0,0.0,0.0,0.0,0.0,0.0,0.0,0.0,0.0,0.0,No missing or zero activity values,0.12782251710094544,0.0,0.06391125855047272,Low availability,549,5
010103,AMAZONAS,CHACHAPOYAS,BALSAS,3.0,0.0,0.0,0.0,0.0,0.0,0.0,0.0,0.0,0.0,0.0,0.0,0.0,0.0,0.0,No missing or zero activity values,0.12782251710094544,0.0,0.06391125855047272,Low availability,549,5
010508,AMAZONAS,LUYA,LONYA CHICO,3.0,0.0,0.0,0.0,0.0,0.0,0.0,0.0,0.0,0.0,0.0,0.0,0.0,0.0,0.0,No missing or zero activity values,0.12782251710094544,0.0,0.06391125855047272,Low availability,549,5
240202,TUMBES,CONTRALMIRANTE VILLAR,CASITAS,3.0,0.0,0.0,6.0,3.0,0.0,0.0,6.0,6.0,0.0,0.0,1.0,1.0,0.0,0.0,Missing activity values present,0.12782251710094544,0.0,0.06391125855047272,Low availability,549,5
010110,AMAZONAS,CHACHAPOYAS,LEIMEBAMBA,3.0,0.0,1.0,0.0,0.0,0.0,0.0,0.0,0.0,0.0,0.0,0.0,0.0,0.0,0.0,No missing or zero activity values,0.12782251710094544,0.0,0.06391125855047272,Low availability,549,5
010515,AMAZONAS,LUYA,PROVIDENCIA,3.0,0.0,0.0,0.0,0.0,0.0,0.0,0.0,0.0,0.0,0.0,0.0,0.0,0.0,0.0,No missing or zero activity values,0.12782251710094544,0.0,0.06391125855047272,Low availability,549,5
081207,CUSCO,QUISPICANCHI,HUARO,3.0,0.0,1.0,8.0,4.0,0.0,0.0,8.0,8.0,0.0,0.0,1.0,1.0,0.0,0.0,Missing activity values present,0.12782251710094544,0.0,0.06391125855047272,Low availability,549,5
080905,CUSCO,LA CONVENCION,OCOBAMBA,3.0,0.0,0.0,1.0,1.0,0.0,0.0,1.0,1.0,0.0,0.0,1.0,1.0,0.0,0.0,Missing activity values present,0.12782251710094544,0.0,0.06391125855047272,Low availability,549,5
090115,HUANCAVELICA,HUANCAVELICA,PILCHACA,1.0,0.0,0.0,2.0,1.0,1.0,1.0,1.0,1.0,0.0,0.0,0.5,0.5,0.0,0.0,Missing activity values present,0.06391125855047272,0.05911048332855905,0.06151087093951589,Low availability,550,4
120125,JUNIN,HUANCAYO,PILCOMAYO,1.0,0.0,0.0,4.0,2.0,1.0,1.0,3.0,3.0,0.0,0.0,0.75,0.75,0.0,0.0,Missing activity values present,0.06391125855047272,0.05911048332855905,0.06151087093951589,Low availability,550,4
090713,HUANCAVELICA,TAYACAJA,QUISHUAR,1.0,0.0,0.0,3.0,1.0,1.0,1.0,2.0,2.0,0.0,0.0,0.6666666666666666,0.6666666666666666,0.0,0.0,Missing activity values present,0.06391125855047272,0.05911048332855905,0.06151087093951589,Low availability,550,4
010117,AMAZONAS,CHACHAPOYAS,QUINJALCA,2.0,0.0,0.0,0.0,0.0,0.0,0.0,0.0,0.0,0.0,0.0,0.0,0.0,0.0,0.0,No missing or zero activity values,0.10129694817639363,0.0,0.05064847408819682,Low availability,551,3
081102,CUSCO,PAUCARTAMBO,CAICAY,2.0,0.0,0.0,4.0,2.0,0.0,0.0,4.0,4.0,0.0,0.0,1.0,1.0,0.0,0.0,Missing activity values present,0.10129694817639363,0.0,0.05064847408819682,Low availability,551,3
081004,CUSCO,PARURO,COLCHA,2.0,0.0,0.0,4.0,2.0,0.0,0.0,4.0,4.0,0.0,0.0,1.0,1.0,0.0,0.0,Missing activity values present,0.10129694817639363,0.0,0.05064847408819682,Low availability,551,3
081003,CUSCO,PARURO,CCAPI,2.0,0.0,0.0,4.0,2.0,0.0,0.0,4.0,4.0,0.0,0.0,1.0,1.0,0.0,0.0,Missing activity values present,0.10129694817639363,0.0,0.05064847408819682,Low availability,551,3
081209,CUSCO,QUISPICANCHI,MARCAPATA,2.0,0.0,0.0,4.0,2.0,0.0,0.0,4.0,4.0,0.0,0.0,1.0,1.0,0.0,0.0,Missing activity values present,0.10129694817639363,0.0,0.05064847408819682,Low availability,551,3
081206,CUSCO,QUISPICANCHI,CUSIPATA,2.0,0.0,0.0,4.0,2.0,0.0,0.0,4.0,4.0,0.0,0.0,1.0,1.0,0.0,0.0,Missing activity values present,0.10129694817639363,0.0,0.05064847408819682,Low availability,551,3
081203,CUSCO,QUISPICANCHI,CAMANTI,2.0,0.0,1.0,2.0,1.0,0.0,0.0,2.0,2.0,0.0,0.0,1.0,1.0,0.0,0.0,Missing activity values present,0.10129694817639363,0.0,0.05064847408819682,Low availability,551,3
081106,CUSCO,PAUCARTAMBO,KOS?IPATA,2.0,0.0,0.0,4.0,2.0,0.0,0.0,4.0,4.0,0.0,0.0,1.0,1.0,0.0,0.0,Missing activity values present,0.10129694817639363,0.0,0.05064847408819682,Low availability,551,3
010519,AMAZONAS,LUYA,SAN JUAN DE LOPECANCHA,2.0,0.0,0.0,0.0,0.0,0.0,0.0,0.0,0.0,0.0,0.0,0.0,0.0,0.0,0.0,No missing or zero activity values,0.10129694817639363,0.0,0.05064847408819682,Low availability,551,3
010108,AMAZONAS,CHACHAPOYAS,HUANCAS,2.0,0.0,0.0,0.0,0.0,0.0,0.0,0.0,0.0,0.0,0.0,0.0,0.0,0.0,0.0,No missing or zero activity values,0.10129694817639363,0.0,0.05064847408819682,Low availability,551,3
120121,JUNIN,HUANCAYO,HUAYUCACHI,2.0,0.0,0.0,4.0,2.0,0.0,0.0,4.0,4.0,0.0,0.0,1.0,1.0,0.0,0.0,Missing activity values present,0.10129694817639363,0.0,0.05064847408819682,Low availability,551,3
120112,JUNIN,HUANCAYO,COLCA,2.0,0.0,0.0,4.0,2.0,0.0,0.0,4.0,4.0,0.0,0.0,1.0,1.0,0.0,0.0,Missing activity values present,0.10129694817639363,0.0,0.05064847408819682,Low availability,551,3
010121,AMAZONAS,CHACHAPOYAS,SONCHE,2.0,0.0,0.0,0.0,0.0,0.0,0.0,0.0,0.0,0.0,0.0,0.0,0.0,0.0,0.0,No missing or zero activity values,0.10129694817639363,0.0,0.05064847408819682,Low availability,551,3
010116,AMAZONAS,CHACHAPOYAS,OLLEROS,2.0,0.0,0.0,0.0,0.0,0.0,0.0,0.0,0.0,0.0,0.0,0.0,0.0,0.0,0.0,No missing or zero activity values,0.10129694817639363,0.0,0.05064847408819682,Low availability,551,3
010113,AMAZONAS,CHACHAPOYAS,MARISCAL CASTILLA,2.0,0.0,0.0,0.0,0.0,0.0,0.0,0.0,0.0,0.0,0.0,0.0,0.0,0.0,0.0,No missing or zero activity values,0.10129694817639363,0.0,0.05064847408819682,Low availability,551,3
010305,AMAZONAS,BONGARA,CUISPES,2.0,0.0,2.0,0.0,0.0,0.0,0.0,0.0,0.0,0.0,0.0,0.0,0.0,0.0,0.0,No missing or zero activity values,0.10129694817639363,0.0,0.05064847408819682,Low availability,551,3
010301,AMAZONAS,BONGARA,JUMBILLA,2.0,0.0,0.0,0.0,0.0,0.0,0.0,0.0,0.0,0.0,0.0,0.0,0.0,0.0,0.0,No missing or zero activity values,0.10129694817639363,0.0,0.05064847408819682,Low availability,551,3
210205,PUNO,AZANGARO,CAMINACA,2.0,0.0,0.0,4.0,2.0,0.0,0.0,4.0,4.0,0.0,0.0,1.0,1.0,0.0,0.0,Missing activity values present,0.10129694817639363,0.0,0.05064847408819682,Low availability,551,3
210115,PUNO,PUNO,VILQUE,2.0,0.0,0.0,0.0,0.0,0.0,0.0,0.0,0.0,0.0,0.0,0.0,0.0,0.0,0.0,No missing or zero activity values,0.10129694817639363,0.0,0.05064847408819682,Low availability,551,3
210114,PUNO,PUNO,TIQUILLACA,2.0,0.0,0.0,0.0,0.0,0.0,0.0,0.0,0.0,0.0,0.0,0.0,0.0,0.0,0.0,No missing or zero activity values,0.10129694817639363,0.0,0.05064847408819682,Low availability,551,3
160509,LORETO,REQUENA,TAPICHE,2.0,0.0,0.0,0.0,0.0,0.0,0.0,0.0,0.0,0.0,0.0,0.0,0.0,0.0,0.0,No missing or zero activity values,0.10129694817639363,0.0,0.05064847408819682,Low availability,551,3
160508,LORETO,REQUENA,SOPLIN,2.0,0.0,0.0,0.0,0.0,0.0,0.0,0.0,0.0,0.0,0.0,0.0,0.0,0.0,0.0,No missing or zero activity values,0.10129694817639363,0.0,0.05064847408819682,Low availability,551,3
160504,LORETO,REQUENA,EMILIO SAN MARTIN,2.0,0.0,0.0,0.0,0.0,0.0,0.0,0.0,0.0,0.0,0.0,0.0,0.0,0.0,0.0,No missing or zero activity values,0.10129694817639363,0.0,0.05064847408819682,Low availability,551,3
160503,LORETO,REQUENA,CAPELO,2.0,0.0,0.0,0.0,0.0,0.0,0.0,0.0,0.0,0.0,0.0,0.0,0.0,0.0,0.0,No missing or zero activity values,0.10129694817639363,0.0,0.05064847408819682,Low availability,551,3
100107,HUANUCO,HUANUCO,SAN FRANCISCO DE CAYRAN,2.0,0.0,0.0,0.0,0.0,0.0,0.0,0.0,0.0,0.0,0.0,0.0,0.0,0.0,0.0,No missing or zero activity values,0.10129694817639363,0.0,0.05064847408819682,Low availability,551,3
200608,PIURA,SULLANA,SALITRAL,2.0,0.0,0.0,0.0,0.0,0.0,0.0,0.0,0.0,0.0,0.0,0.0,0.0,0.0,0.0,No missing or zero activity values,0.10129694817639363,0.0,0.05064847408819682,Low availability,551,3
200606,PIURA,SULLANA,MIGUEL CHECA,2.0,0.0,0.0,0.0,0.0,0.0,0.0,0.0,0.0,0.0,0.0,0.0,0.0,0.0,0.0,No missing or zero activity values,0.10129694817639363,0.0,0.05064847408819682,Low availability,551,3
060504,CAJAMARCA,CONTUMAZA,GUZMANGO,2.0,0.0,0.0,6.0,2.0,0.0,0.0,6.0,6.0,0.0,0.0,1.0,1.0,0.0,0.0,Missing activity values present,0.10129694817639363,0.0,0.05064847408819682,Low availability,551,3
060503,CAJAMARCA,CONTUMAZA,CUPISNIQUE,2.0,0.0,0.0,6.0,2.0,0.0,0.0,6.0,6.0,0.0,0.0,1.0,1.0,0.0,0.0,Missing activity values present,0.10129694817639363,0.0,0.05064847408819682,Low availability,551,3
130813,LA LIBERTAD,PATAZ,URPAY,2.0,0.0,0.0,0.0,0.0,0.0,0.0,0.0,0.0,0.0,0.0,0.0,0.0,0.0,0.0,No missing or zero activity values,0.10129694817639363,0.0,0.05064847408819682,Low availability,551,3
130811,LA LIBERTAD,PATAZ,SANTIAGO DE CHALLAS,2.0,0.0,0.0,0.0,0.0,0.0,0.0,0.0,0.0,0.0,0.0,0.0,0.0,0.0,0.0,No missing or zero activity values,0.10129694817639363,0.0,0.05064847408819682,Low availability,551,3
130807,LA LIBERTAD,PATAZ,ONGON,2.0,0.0,0.0,0.0,0.0,0.0,0.0,0.0,0.0,0.0,0.0,0.0,0.0,0.0,0.0,No missing or zero activity values,0.10129694817639363,0.0,0.05064847408819682,Low availability,551,3
040121,AREQUIPA,AREQUIPA,SANTA RITA DE SIHUAS,2.0,0.0,1.0,2.0,1.0,0.0,0.0,2.0,2.0,0.0,0.0,1.0,1.0,0.0,0.0,Missing activity values present,0.10129694817639363,0.0,0.05064847408819682,Low availability,551,3
040119,AREQUIPA,AREQUIPA,SAN JUAN DE TARUCANI,2.0,0.0,0.0,4.0,2.0,0.0,0.0,4.0,4.0,0.0,0.0,1.0,1.0,0.0,0.0,Missing activity values present,0.10129694817639363,0.0,0.05064847408819682,Low availability,551,3
130703,LA LIBERTAD,PACASMAYO,JEQUETEPEQUE,2.0,0.0,1.0,2.0,1.0,0.0,0.0,2.0,2.0,0.0,0.0,1.0,1.0,0.0,0.0,Missing activity values present,0.10129694817639363,0.0,0.05064847408819682,Low availability,551,3
130605,LA LIBERTAD,OTUZCO,HUARANCHAL,2.0,0.0,0.0,0.0,0.0,0.0,0.0,0.0,0.0,0.0,0.0,0.0,0.0,0.0,0.0,No missing or zero activity values,0.10129694817639363,0.0,0.05064847408819682,Low availability,551,3
131004,LA LIBERTAD,SANTIAGO DE CHUCO,MOLLEBAMBA,2.0,0.0,0.0,0.0,0.0,0.0,0.0,0.0,0.0,0.0,0.0,0.0,0.0,0.0,0.0,No missing or zero activity values,0.10129694817639363,0.0,0.05064847408819682,Low availability,551,3
100403,HUANUCO,HUACAYBAMBA,COCHABAMBA,2.0,0.0,0.0,4.0,2.0,0.0,0.0,4.0,4.0,0.0,0.0,1.0,1.0,0.0,0.0,Missing activity values present,0.10129694817639363,0.0,0.05064847408819682,Low availability,551,3
100402,HUANUCO,HUACAYBAMBA,CANCHABAMBA,2.0,0.0,0.0,4.0,2.0,0.0,0.0,4.0,4.0,0.0,0.0,1.0,1.0,0.0,0.0,Missing activity values present,0.10129694817639363,0.0,0.05064847408819682,Low availability,551,3
061102,CAJAMARCA,SAN MIGUEL,BOLIVAR,2.0,0.0,0.0,4.0,2.0,0.0,0.0,4.0,4.0,0.0,0.0,1.0,1.0,0.0,0.0,Missing activity values present,0.10129694817639363,0.0,0.05064847408819682,Low availability,551,3
060615,CAJAMARCA,CUTERVO,TORIBIO CASANOVA,2.0,0.0,0.0,4.0,2.0,0.0,0.0,4.0,4.0,0.0,0.0,1.0,1.0,0.0,0.0,Missing activity values present,0.10129694817639363,0.0,0.05064847408819682,Low availability,551,3
040113,AREQUIPA,AREQUIPA,POCSI,2.0,0.0,0.0,4.0,2.0,0.0,0.0,4.0,4.0,0.0,0.0,1.0,1.0,0.0,0.0,Missing activity values present,0.10129694817639363,0.0,0.05064847408819682,Low availability,551,3
040111,AREQUIPA,AREQUIPA,MOLLEBAYA,2.0,0.0,0.0,4.0,2.0,0.0,0.0,4.0,4.0,0.0,0.0,1.0,1.0,0.0,0.0,Missing activity values present,0.10129694817639363,0.0,0.05064847408819682,Low availability,551,3
131005,LA LIBERTAD,SANTIAGO DE CHUCO,MOLLEPATA,2.0,0.0,0.0,0.0,0.0,0.0,0.0,0.0,0.0,0.0,0.0,0.0,0.0,0.0,0.0,No missing or zero activity values,0.10129694817639363,0.0,0.05064847408819682,Low availability,551,3
220302,SAN MARTIN,EL DORADO,AGUA BLANCA,2.0,0.0,0.0,4.0,2.0,0.0,0.0,4.0,4.0,0.0,0.0,1.0,1.0,0.0,0.0,Missing activity values present,0.10129694817639363,0.0,0.05064847408819682,Low availability,551,3
220204,SAN MARTIN,BELLAVISTA,HUALLAGA,2.0,0.0,0.0,6.0,2.0,0.0,0.0,6.0,6.0,0.0,0.0,1.0,1.0,0.0,0.0,Missing activity values present,0.10129694817639363,0.0,0.05064847408819682,Low availability,551,3
040106,AREQUIPA,AREQUIPA,CHIGUATA,2.0,0.0,0.0,4.0,2.0,0.0,0.0,4.0,4.0,0.0,0.0,1.0,1.0,0.0,0.0,Missing activity values present,0.10129694817639363,0.0,0.05064847408819682,Low availability,551,3
030714,APURIMAC,GRAU,CURASCO,2.0,0.0,0.0,0.0,0.0,0.0,0.0,0.0,0.0,0.0,0.0,0.0,0.0,0.0,0.0,No missing or zero activity values,0.10129694817639363,0.0,0.05064847408819682,Low availability,551,3
100321,HUANUCO,DOS DE MAYO,SHUNQUI,2.0,0.0,0.0,0.0,0.0,0.0,0.0,0.0,0.0,0.0,0.0,0.0,0.0,0.0,0.0,No missing or zero activity values,0.10129694817639363,0.0,0.05064847408819682,Low availability,551,3
100204,HUANUCO,AMBO,CONCHAMARCA,2.0,0.0,0.0,0.0,0.0,0.0,0.0,0.0,0.0,0.0,0.0,0.0,0.0,0.0,0.0,No missing or zero activity values,0.10129694817639363,0.0,0.05064847408819682,Low availability,551,3
190205,PASCO,DANIEL ALCIDES CARRION,SAN PEDRO DE PILLAO,2.0,0.0,0.0,0.0,0.0,0.0,0.0,0.0,0.0,0.0,0.0,0.0,0.0,0.0,0.0,No missing or zero activity values,0.10129694817639363,0.0,0.05064847408819682,Low availability,551,3
040405,AREQUIPA,CASTILLA,CHILCAYMARCA,2.0,0.0,0.0,4.0,2.0,0.0,0.0,4.0,4.0,0.0,0.0,1.0,1.0,0.0,0.0,Missing activity values present,0.10129694817639363,0.0,0.05064847408819682,Low availability,551,3
040404,AREQUIPA,CASTILLA,CHACHAS,2.0,0.0,1.0,4.0,2.0,0.0,0.0,4.0,4.0,0.0,0.0,1.0,1.0,0.0,0.0,Missing activity values present,0.10129694817639363,0.0,0.05064847408819682,Low availability,551,3
040402,AREQUIPA,CASTILLA,ANDAGUA,2.0,0.0,0.0,4.0,2.0,0.0,0.0,4.0,4.0,0.0,0.0,1.0,1.0,0.0,0.0,Missing activity values present,0.10129694817639363,0.0,0.05064847408819682,Low availability,551,3
040308,AREQUIPA,CARAVELI,CHAPARRA,2.0,0.0,0.0,0.0,0.0,0.0,0.0,0.0,0.0,0.0,0.0,0.0,0.0,0.0,0.0,No missing or zero activity values,0.10129694817639363,0.0,0.05064847408819682,Low availability,551,3
210310,PUNO,CARABAYA,USICAYOS,2.0,0.0,0.0,0.0,0.0,0.0,0.0,0.0,0.0,0.0,0.0,0.0,0.0,0.0,0.0,No missing or zero activity values,0.10129694817639363,0.0,0.05064847408819682,Low availability,551,3
061113,CAJAMARCA,SAN MIGUEL,UNION AGUA BLANCA,2.0,0.0,0.0,8.0,1.0,0.0,0.0,8.0,8.0,0.0,0.0,1.0,1.0,0.0,0.0,Missing activity values present,0.10129694817639363,0.0,0.05064847408819682,Low availability,551,3
061108,CAJAMARCA,SAN MIGUEL,NANCHOC,2.0,0.0,0.0,4.0,2.0,0.0,0.0,4.0,4.0,0.0,0.0,1.0,1.0,0.0,0.0,Missing activity values present,0.10129694817639363,0.0,0.05064847408819682,Low availability,551,3
030710,APURIMAC,GRAU,SANTA ROSA,2.0,0.0,0.0,0.0,0.0,0.0,0.0,0.0,0.0,0.0,0.0,0.0,0.0,0.0,0.0,No missing or zero activity values,0.10129694817639363,0.0,0.05064847408819682,Low availability,551,3
140109,LAMBAYEQUE,CHICLAYO,NUEVA ARICA,2.0,0.0,0.0,0.0,0.0,0.0,0.0,0.0,0.0,0.0,0.0,0.0,0.0,0.0,0.0,No missing or zero activity values,0.10129694817639363,0.0,0.05064847408819682,Low availability,551,3
030707,APURIMAC,GRAU,PATAYPAMPA,2.0,0.0,0.0,0.0,0.0,0.0,0.0,0.0,0.0,0.0,0.0,0.0,0.0,0.0,0.0,No missing or zero activity values,0.10129694817639363,0.0,0.05064847408819682,Low availability,551,3
030307,APURIMAC,ANTABAMBA,SABAINO,2.0,0.0,1.0,0.0,0.0,0.0,0.0,0.0,0.0,0.0,0.0,0.0,0.0,0.0,0.0,No missing or zero activity values,0.10129694817639363,0.0,0.05064847408819682,Low availability,551,3
061104,CAJAMARCA,SAN MIGUEL,CATILLUC,2.0,0.0,0.0,4.0,2.0,0.0,0.0,4.0,4.0,0.0,0.0,1.0,1.0,0.0,0.0,Missing activity values present,0.10129694817639363,0.0,0.05064847408819682,Low availability,551,3
040304,AREQUIPA,CARAVELI,ATIQUIPA,2.0,0.0,0.0,0.0,0.0,0.0,0.0,0.0,0.0,0.0,0.0,0.0,0.0,0.0,0.0,No missing or zero activity values,0.10129694817639363,0.0,0.05064847408819682,Low availability,551,3
040303,AREQUIPA,CARAVELI,ATICO,2.0,0.0,1.0,0.0,0.0,0.0,0.0,0.0,0.0,0.0,0.0,0.0,0.0,0.0,0.0,No missing or zero activity values,0.10129694817639363,0.0,0.05064847408819682,Low availability,551,3
040301,AREQUIPA,CARAVELI,CARAVELI,2.0,0.0,1.0,0.0,0.0,0.0,0.0,0.0,0.0,0.0,0.0,0.0,0.0,0.0,0.0,No missing or zero activity values,0.10129694817639363,0.0,0.05064847408819682,Low availability,551,3
040516,AREQUIPA,CAYLLOMA,TAPAY,2.0,0.0,1.0,2.0,1.0,0.0,0.0,2.0,2.0,0.0,0.0,1.0,1.0,0.0,0.0,Missing activity values present,0.10129694817639363,0.0,0.05064847408819682,Low availability,551,3
130304,LA LIBERTAD,BOLIVAR,LONGOTEA,2.0,0.0,0.0,2.0,1.0,0.0,0.0,2.0,2.0,0.0,0.0,1.0,1.0,0.0,0.0,Missing activity values present,0.10129694817639363,0.0,0.05064847408819682,Low availability,551,3
130302,LA LIBERTAD,BOLIVAR,BAMBAMARCA,2.0,0.0,0.0,2.0,1.0,0.0,0.0,2.0,2.0,0.0,0.0,1.0,1.0,0.0,0.0,Missing activity values present,0.10129694817639363,0.0,0.05064847408819682,Low availability,551,3
130206,LA LIBERTAD,ASCOPE,RAZURI,2.0,0.0,1.0,0.0,0.0,0.0,0.0,0.0,0.0,0.0,0.0,0.0,0.0,0.0,0.0,No missing or zero activity values,0.10129694817639363,0.0,0.05064847408819682,Low availability,551,3
040504,AREQUIPA,CAYLLOMA,CALLALLI,2.0,0.0,0.0,4.0,2.0,0.0,0.0,4.0,4.0,0.0,0.0,1.0,1.0,0.0,0.0,Missing activity values present,0.10129694817639363,0.0,0.05064847408819682,Low availability,551,3
040503,AREQUIPA,CAYLLOMA,CABANACONDE,2.0,0.0,0.0,4.0,2.0,0.0,0.0,4.0,4.0,0.0,0.0,1.0,1.0,0.0,0.0,Missing activity values present,0.10129694817639363,0.0,0.05064847408819682,Low availability,551,3
040414,AREQUIPA,CASTILLA,VIRACO,2.0,0.0,2.0,4.0,2.0,0.0,0.0,4.0,4.0,0.0,0.0,1.0,1.0,0.0,0.0,Missing activity values present,0.10129694817639363,0.0,0.05064847408819682,Low availability,551,3
040411,AREQUIPA,CASTILLA,TIPAN,2.0,0.0,2.0,4.0,2.0,0.0,0.0,4.0,4.0,0.0,0.0,1.0,1.0,0.0,0.0,Missing activity values present,0.10129694817639363,0.0,0.05064847408819682,Low availability,551,3
021904,ANCASH,SIHUAS,CASHAPAMPA,2.0,0.0,0.0,4.0,2.0,0.0,0.0,4.0,4.0,0.0,0.0,1.0,1.0,0.0,0.0,Missing activity values present,0.10129694817639363,0.0,0.05064847408819682,Low availability,551,3
030219,APURIMAC,ANDAHUAYLAS,KAQUIABAMBA,2.0,0.0,0.0,0.0,0.0,0.0,0.0,0.0,0.0,0.0,0.0,0.0,0.0,0.0,0.0,No missing or zero activity values,0.10129694817639363,0.0,0.05064847408819682,Low availability,551,3
140309,LAMBAYEQUE,LAMBAYEQUE,PACORA,2.0,0.0,0.0,2.0,1.0,0.0,0.0,2.0,2.0,0.0,0.0,1.0,1.0,0.0,0.0,Missing activity values present,0.10129694817639363,0.0,0.05064847408819682,Low availability,551,3
030206,APURIMAC,ANDAHUAYLAS,HUAYANA,2.0,0.0,0.0,0.0,0.0,0.0,0.0,0.0,0.0,0.0,0.0,0.0,0.0,0.0,0.0,No missing or zero activity values,0.10129694817639363,0.0,0.05064847408819682,Low availability,551,3
210505,PUNO,EL COLLAO,CONDURIRI,2.0,0.0,0.0,0.0,0.0,0.0,0.0,0.0,0.0,0.0,0.0,0.0,0.0,0.0,0.0,No missing or zero activity values,0.10129694817639363,0.0,0.05064847408819682,Low availability,551,3
090710,HUANCAVELICA,TAYACAJA,?AHUIMPUQUIO,2.0,0.0,1.0,6.0,2.0,0.0,0.0,6.0,6.0,0.0,0.0,1.0,1.0,0.0,0.0,Missing activity values present,0.10129694817639363,0.0,0.05064847408819682,Low availability,551,3
210403,PUNO,CHUCUITO,HUACULLANI,2.0,0.0,1.0,0.0,0.0,0.0,0.0,0.0,0.0,0.0,0.0,0.0,0.0,0.0,0.0,No missing or zero activity values,0.10129694817639363,0.0,0.05064847408819682,Low availability,551,3
040607,AREQUIPA,CONDESUYOS,SALAMANCA,2.0,0.0,2.0,4.0,2.0,0.0,0.0,4.0,4.0,0.0,0.0,1.0,1.0,0.0,0.0,Missing activity values present,0.10129694817639363,0.0,0.05064847408819682,Low availability,551,3
120909,JUNIN,CHUPACA,YANACANCHA,2.0,0.0,0.0,4.0,2.0,0.0,0.0,4.0,4.0,0.0,0.0,1.0,1.0,0.0,0.0,Missing activity values present,0.10129694817639363,0.0,0.05064847408819682,Low availability,551,3
120907,JUNIN,CHUPACA,SAN JUAN DE JARPA,2.0,0.0,0.0,4.0,2.0,0.0,0.0,4.0,4.0,0.0,0.0,1.0,1.0,0.0,0.0,Missing activity values present,0.10129694817639363,0.0,0.05064847408819682,Low availability,551,3
120905,JUNIN,CHUPACA,HUAMANCACA CHICO,2.0,0.0,1.0,2.0,1.0,0.0,0.0,2.0,2.0,0.0,0.0,1.0,1.0,0.0,0.0,Missing activity values present,0.10129694817639363,0.0,0.05064847408819682,Low availability,551,3
211105,PUNO,SAN ROMAN,SAN MIGUEL,2.0,0.0,0.0,12.0,6.0,0.0,0.0,12.0,12.0,0.0,0.0,1.0,1.0,0.0,0.0,Missing activity values present,0.10129694817639363,0.0,0.05064847408819682,Low availability,551,3
021511,ANCASH,PALLASCA,TAUCA,2.0,0.0,0.0,0.0,0.0,0.0,0.0,0.0,0.0,0.0,0.0,0.0,0.0,0.0,0.0,No missing or zero activity values,0.10129694817639363,0.0,0.05064847408819682,Low availability,551,3
021502,ANCASH,PALLASCA,BOLOGNESI,2.0,0.0,0.0,0.0,0.0,0.0,0.0,0.0,0.0,0.0,0.0,0.0,0.0,0.0,0.0,No missing or zero activity values,0.10129694817639363,0.0,0.05064847408819682,Low availability,551,3
150127,LIMA,LIMA,PUNTA NEGRA,2.0,0.0,1.0,0.0,0.0,0.0,0.0,0.0,0.0,0.0,0.0,0.0,0.0,0.0,0.0,No missing or zero activity values,0.10129694817639363,0.0,0.05064847408819682,Low availability,551,3
150126,LIMA,LIMA,PUNTA HERMOSA,2.0,0.0,1.0,0.0,0.0,0.0,0.0,0.0,0.0,0.0,0.0,0.0,0.0,0.0,0.0,No missing or zero activity values,0.10129694817639363,0.0,0.05064847408819682,Low availability,551,3
220704,SAN MARTIN,PICOTA,PILLUANA,2.0,0.0,0.0,4.0,2.0,0.0,0.0,4.0,4.0,0.0,0.0,1.0,1.0,0.0,0.0,Missing activity values present,0.10129694817639363,0.0,0.05064847408819682,Low availability,551,3
021303,ANCASH,MARISCAL LUZURIAGA,ELEAZAR GUZMAN BARRON,2.0,0.0,0.0,4.0,2.0,0.0,0.0,4.0,4.0,0.0,0.0,1.0,1.0,0.0,0.0,Missing activity values present,0.10129694817639363,0.0,0.05064847408819682,Low availability,551,3
150305,LIMA,CAJATAMBO,MANAS,2.0,0.0,1.0,0.0,0.0,0.0,0.0,0.0,0.0,0.0,0.0,0.0,0.0,0.0,0.0,No missing or zero activity values,0.10129694817639363,0.0,0.05064847408819682,Low availability,551,3
022006,ANCASH,YUNGAY,RANRAHIRCA,2.0,0.0,0.0,4.0,2.0,0.0,0.0,4.0,4.0,0.0,0.0,1.0,1.0,0.0,0.0,Missing activity values present,0.10129694817639363,0.0,0.05064847408819682,Low availability,551,3
021910,ANCASH,SIHUAS,SICSIBAMBA,2.0,0.0,0.0,4.0,2.0,0.0,0.0,4.0,4.0,0.0,0.0,1.0,1.0,0.0,0.0,Missing activity values present,0.10129694817639363,0.0,0.05064847408819682,Low availability,551,3
021908,ANCASH,SIHUAS,RAGASH,2.0,0.0,0.0,4.0,2.0,0.0,0.0,4.0,4.0,0.0,0.0,1.0,1.0,0.0,0.0,Missing activity values present,0.10129694817639363,0.0,0.05064847408819682,Low availability,551,3
060306,CAJAMARCA,CELENDIN,JOSE GALVEZ,2.0,0.0,0.0,0.0,0.0,0.0,0.0,0.0,0.0,0.0,0.0,0.0,0.0,0.0,0.0,No missing or zero activity values,0.10129694817639363,0.0,0.05064847408819682,Low availability,551,3
050107,AYACUCHO,HUAMANGA,PACAYCASA,2.0,0.0,0.0,6.0,3.0,0.0,0.0,6.0,6.0,0.0,0.0,1.0,1.0,0.0,0.0,Missing activity values present,0.10129694817639363,0.0,0.05064847408819682,Low availability,551,3
040811,AREQUIPA,LA UNION,TORO,2.0,0.0,2.0,4.0,2.0,0.0,0.0,4.0,4.0,0.0,0.0,1.0,1.0,0.0,0.0,Missing activity values present,0.10129694817639363,0.0,0.05064847408819682,Low availability,551,3
040806,AREQUIPA,LA UNION,PUYCA,2.0,0.0,1.0,4.0,2.0,0.0,0.0,4.0,4.0,0.0,0.0,1.0,1.0,0.0,0.0,Missing activity values present,0.10129694817639363,0.0,0.05064847408819682,Low availability,551,3
040803,AREQUIPA,LA UNION,CHARCANA,2.0,0.0,2.0,4.0,2.0,0.0,0.0,4.0,4.0,0.0,0.0,1.0,1.0,0.0,0.0,Missing activity values present,0.10129694817639363,0.0,0.05064847408819682,Low availability,551,3
040608,AREQUIPA,CONDESUYOS,YANAQUIHUA,2.0,0.0,2.0,4.0,2.0,0.0,0.0,4.0,4.0,0.0,0.0,1.0,1.0,0.0,0.0,Missing activity values present,0.10129694817639363,0.0,0.05064847408819682,Low availability,551,3
150139,LIMA,LIMA,SANTA ROSA,2.0,0.0,0.0,0.0,0.0,0.0,0.0,0.0,0.0,0.0,0.0,0.0,0.0,0.0,0.0,No missing or zero activity values,0.10129694817639363,0.0,0.05064847408819682,Low availability,551,3
150138,LIMA,LIMA,SANTA MARIA DEL MAR,2.0,0.0,1.0,0.0,0.0,0.0,0.0,0.0,0.0,0.0,0.0,0.0,0.0,0.0,0.0,No missing or zero activity values,0.10129694817639363,0.0,0.05064847408819682,Low availability,551,3
021209,ANCASH,HUAYLAS,SANTO TORIBIO,2.0,0.0,0.0,4.0,2.0,0.0,0.0,4.0,4.0,0.0,0.0,1.0,1.0,0.0,0.0,Missing activity values present,0.10129694817639363,0.0,0.05064847408819682,Low availability,551,3
021205,ANCASH,HUAYLAS,MATO,2.0,0.0,0.0,4.0,2.0,0.0,0.0,4.0,4.0,0.0,0.0,1.0,1.0,0.0,0.0,Missing activity values present,0.10129694817639363,0.0,0.05064847408819682,Low availability,551,3
021203,ANCASH,HUAYLAS,HUATA,2.0,0.0,0.0,4.0,2.0,0.0,0.0,4.0,4.0,0.0,0.0,1.0,1.0,0.0,0.0,Missing activity values present,0.10129694817639363,0.0,0.05064847408819682,Low availability,551,3
021105,ANCASH,HUARMEY,MALVAS,2.0,0.0,0.0,4.0,2.0,0.0,0.0,4.0,4.0,0.0,0.0,1.0,1.0,0.0,0.0,Missing activity values present,0.10129694817639363,0.0,0.05064847408819682,Low availability,551,3
021012,ANCASH,HUARI,RAHUAPAMPA,2.0,0.0,0.0,0.0,0.0,0.0,0.0,0.0,0.0,0.0,0.0,0.0,0.0,0.0,0.0,No missing or zero activity values,0.10129694817639363,0.0,0.05064847408819682,Low availability,551,3
021710,ANCASH,RECUAY,TICAPAMPA,2.0,0.0,0.0,4.0,2.0,0.0,0.0,4.0,4.0,0.0,0.0,1.0,1.0,0.0,0.0,Missing activity values present,0.10129694817639363,0.0,0.05064847408819682,Low availability,551,3
021707,ANCASH,RECUAY,PAMPAS CHICO,2.0,0.0,0.0,4.0,2.0,0.0,0.0,4.0,4.0,0.0,0.0,1.0,1.0,0.0,0.0,Missing activity values present,0.10129694817639363,0.0,0.05064847408819682,Low availability,551,3
021705,ANCASH,RECUAY,LLACLLIN,2.0,0.0,0.0,4.0,2.0,0.0,0.0,4.0,4.0,0.0,0.0,1.0,1.0,0.0,0.0,Missing activity values present,0.10129694817639363,0.0,0.05064847408819682,Low availability,551,3
101006,HUANUCO,LAURICOCHA,SAN FRANCISCO DE ASIS,2.0,0.0,0.0,0.0,0.0,0.0,0.0,0.0,0.0,0.0,0.0,0.0,0.0,0.0,0.0,No missing or zero activity values,0.10129694817639363,0.0,0.05064847408819682,Low availability,551,3
060302,CAJAMARCA,CELENDIN,CHUMUCH,2.0,0.0,0.0,0.0,0.0,0.0,0.0,0.0,0.0,0.0,0.0,0.0,0.0,0.0,0.0,No missing or zero activity values,0.10129694817639363,0.0,0.05064847408819682,Low availability,551,3
120434,JUNIN,JAUJA,YAUYOS,2.0,0.0,0.0,6.0,3.0,0.0,0.0,6.0,6.0,0.0,0.0,1.0,1.0,0.0,0.0,Missing activity values present,0.10129694817639363,0.0,0.05064847408819682,Low availability,551,3
120903,JUNIN,CHUPACA,CHONGOS BAJO,2.0,0.0,0.0,4.0,2.0,0.0,0.0,4.0,4.0,0.0,0.0,1.0,1.0,0.0,0.0,Missing activity values present,0.10129694817639363,0.0,0.05064847408819682,Low availability,551,3
120902,JUNIN,CHUPACA,AHUAC,2.0,0.0,0.0,6.0,3.0,0.0,0.0,6.0,6.0,0.0,0.0,1.0,1.0,0.0,0.0,Missing activity values present,0.10129694817639363,0.0,0.05064847408819682,Low availability,551,3
120807,JUNIN,YAULI,SANTA BARBARA DE CARHUACAYAN,2.0,0.0,1.0,2.0,1.0,0.0,0.0,2.0,2.0,0.0,0.0,1.0,1.0,0.0,0.0,Missing activity values present,0.10129694817639363,0.0,0.05064847408819682,Low availability,551,3
120803,JUNIN,YAULI,HUAY HUAY,2.0,0.0,1.0,2.0,1.0,0.0,0.0,2.0,2.0,0.0,0.0,1.0,1.0,0.0,0.0,Missing activity values present,0.10129694817639363,0.0,0.05064847408819682,Low availability,551,3
101108,HUANUCO,YAROWILCA,CHORAS,2.0,0.0,0.0,0.0,0.0,0.0,0.0,0.0,0.0,0.0,0.0,0.0,0.0,0.0,0.0,No missing or zero activity values,0.10129694817639363,0.0,0.05064847408819682,Low availability,551,3
101103,HUANUCO,YAROWILCA,CHACABAMBA,2.0,0.0,2.0,0.0,0.0,0.0,0.0,0.0,0.0,0.0,0.0,0.0,0.0,0.0,0.0,No missing or zero activity values,0.10129694817639363,0.0,0.05064847408819682,Low availability,551,3
021009,ANCASH,HUARI,MASIN,2.0,0.0,0.0,0.0,0.0,0.0,0.0,0.0,0.0,0.0,0.0,0.0,0.0,0.0,0.0,No missing or zero activity values,0.10129694817639363,0.0,0.05064847408819682,Low availability,551,3
090610,HUANCAVELICA,HUAYTARA,SAN ANTONIO DE CUSICANCHA,2.0,0.0,0.0,4.0,2.0,0.0,0.0,4.0,4.0,0.0,0.0,1.0,1.0,0.0,0.0,Missing activity values present,0.10129694817639363,0.0,0.05064847408819682,Low availability,551,3
090609,HUANCAVELICA,HUAYTARA,QUITO ARMA,2.0,0.0,1.0,4.0,2.0,0.0,0.0,4.0,4.0,0.0,0.0,1.0,1.0,0.0,0.0,Missing activity values present,0.10129694817639363,0.0,0.05064847408819682,Low availability,551,3
090605,HUANCAVELICA,HUAYTARA,LARAMARCA,2.0,0.0,1.0,2.0,1.0,0.0,0.0,2.0,2.0,0.0,0.0,1.0,1.0,0.0,0.0,Missing activity values present,0.10129694817639363,0.0,0.05064847408819682,Low availability,551,3
090602,HUANCAVELICA,HUAYTARA,AYAVI,2.0,0.0,0.0,4.0,2.0,0.0,0.0,4.0,4.0,0.0,0.0,1.0,1.0,0.0,0.0,Missing activity values present,0.10129694817639363,0.0,0.05064847408819682,Low availability,551,3
061203,CAJAMARCA,SAN PABLO,SAN LUIS,2.0,0.0,0.0,4.0,2.0,0.0,0.0,4.0,4.0,0.0,0.0,1.0,1.0,0.0,0.0,Missing activity values present,0.10129694817639363,0.0,0.05064847408819682,Low availability,551,3
150302,LIMA,CAJATAMBO,COPA,2.0,0.0,0.0,0.0,0.0,0.0,0.0,0.0,0.0,0.0,0.0,0.0,0.0,0.0,0.0,No missing or zero activity values,0.10129694817639363,0.0,0.05064847408819682,Low availability,551,3
150301,LIMA,CAJATAMBO,CAJATAMBO,2.0,0.0,1.0,0.0,0.0,0.0,0.0,0.0,0.0,0.0,0.0,0.0,0.0,0.0,0.0,No missing or zero activity values,0.10129694817639363,0.0,0.05064847408819682,Low availability,551,3
220902,SAN MARTIN,SAN MARTIN,ALBERTO LEVEAU,2.0,0.0,0.0,4.0,2.0,0.0,0.0,4.0,4.0,0.0,0.0,1.0,1.0,0.0,0.0,Missing activity values present,0.10129694817639363,0.0,0.05064847408819682,Low availability,551,3
020803,ANCASH,CASMA,COMANDANTE NOEL,2.0,0.0,0.0,4.0,2.0,0.0,0.0,4.0,4.0,0.0,0.0,1.0,1.0,0.0,0.0,Missing activity values present,0.10129694817639363,0.0,0.05064847408819682,Low availability,551,3
150709,LIMA,HUAROCHIRI,HUAROCHIRI,2.0,0.0,0.0,4.0,2.0,0.0,0.0,4.0,4.0,0.0,0.0,1.0,1.0,0.0,0.0,Missing activity values present,0.10129694817639363,0.0,0.05064847408819682,Low availability,551,3
180207,MOQUEGUA,GENERAL SANCHEZ CERRO,MATALAQUE,2.0,0.0,0.0,0.0,0.0,0.0,0.0,0.0,0.0,0.0,0.0,0.0,0.0,0.0,0.0,No missing or zero activity values,0.10129694817639363,0.0,0.05064847408819682,Low availability,551,3
180205,MOQUEGUA,GENERAL SANCHEZ CERRO,LA CAPILLA,2.0,0.0,0.0,0.0,0.0,0.0,0.0,0.0,0.0,0.0,0.0,0.0,0.0,0.0,0.0,No missing or zero activity values,0.10129694817639363,0.0,0.05064847408819682,Low availability,551,3
150504,LIMA,CAÑETE,CERRO AZUL,2.0,0.0,2.0,0.0,0.0,0.0,0.0,0.0,0.0,0.0,0.0,0.0,0.0,0.0,0.0,No missing or zero activity values,0.10129694817639363,0.0,0.05064847408819682,Low availability,551,3
150405,LIMA,CANTA,LACHAQUI,2.0,0.0,0.0,0.0,0.0,0.0,0.0,0.0,0.0,0.0,0.0,0.0,0.0,0.0,0.0,No missing or zero activity values,0.10129694817639363,0.0,0.05064847408819682,Low availability,551,3
150404,LIMA,CANTA,HUAROS,2.0,0.0,0.0,0.0,0.0,0.0,0.0,0.0,0.0,0.0,0.0,0.0,0.0,0.0,0.0,No missing or zero activity values,0.10129694817639363,0.0,0.05064847408819682,Low availability,551,3
150402,LIMA,CANTA,ARAHUAY,2.0,0.0,0.0,0.0,0.0,0.0,0.0,0.0,0.0,0.0,0.0,0.0,0.0,0.0,0.0,No missing or zero activity values,0.10129694817639363,0.0,0.05064847408819682,Low availability,551,3
021010,ANCASH,HUARI,PAUCAS,2.0,0.0,0.0,0.0,0.0,0.0,0.0,0.0,0.0,0.0,0.0,0.0,0.0,0.0,0.0,No missing or zero activity values,0.10129694817639363,0.0,0.05064847408819682,Low availability,551,3
110105,ICA,ICA,PACHACUTEC,2.0,0.0,0.0,4.0,2.0,0.0,0.0,4.0,4.0,0.0,0.0,1.0,1.0,0.0,0.0,Missing activity values present,0.10129694817639363,0.0,0.05064847408819682,Low availability,551,3
200502,PIURA,PAITA,AMOTAPE,2.0,0.0,0.0,0.0,0.0,0.0,0.0,0.0,0.0,0.0,0.0,0.0,0.0,0.0,0.0,No missing or zero activity values,0.10129694817639363,0.0,0.05064847408819682,Low availability,551,3
120427,JUNIN,JAUJA,RICRAN,2.0,0.0,0.0,4.0,2.0,0.0,0.0,4.0,4.0,0.0,0.0,1.0,1.0,0.0,0.0,Missing activity values present,0.10129694817639363,0.0,0.05064847408819682,Low availability,551,3
120425,JUNIN,JAUJA,PARCO,2.0,0.0,0.0,4.0,2.0,0.0,0.0,4.0,4.0,0.0,0.0,1.0,1.0,0.0,0.0,Missing activity values present,0.10129694817639363,0.0,0.05064847408819682,Low availability,551,3
120424,JUNIN,JAUJA,PANCAN,2.0,0.0,0.0,4.0,2.0,0.0,0.0,4.0,4.0,0.0,0.0,1.0,1.0,0.0,0.0,Missing activity values present,0.10129694817639363,0.0,0.05064847408819682,Low availability,551,3
120422,JUNIN,JAUJA,PACA,2.0,0.0,0.0,4.0,2.0,0.0,0.0,4.0,4.0,0.0,0.0,1.0,1.0,0.0,0.0,Missing activity values present,0.10129694817639363,0.0,0.05064847408819682,Low availability,551,3
200108,PIURA,PIURA,EL TALLAN,2.0,0.0,0.0,0.0,0.0,0.0,0.0,0.0,0.0,0.0,0.0,0.0,0.0,0.0,0.0,No missing or zero activity values,0.10129694817639363,0.0,0.05064847408819682,Low availability,551,3
050303,AYACUCHO,HUANCA SANCOS,SACSAMARCA,2.0,0.0,0.0,0.0,0.0,0.0,0.0,0.0,0.0,0.0,0.0,0.0,0.0,0.0,0.0,No missing or zero activity values,0.10129694817639363,0.0,0.05064847408819682,Low availability,551,3
051106,AYACUCHO,VILCAS HUAMAN,INDEPENDENCIA,2.0,0.0,1.0,4.0,2.0,0.0,0.0,4.0,4.0,0.0,0.0,1.0,1.0,0.0,0.0,Missing activity values present,0.10129694817639363,0.0,0.05064847408819682,Low availability,551,3
051105,AYACUCHO,VILCAS HUAMAN,HUAMBALPA,2.0,0.0,0.0,4.0,2.0,0.0,0.0,4.0,4.0,0.0,0.0,1.0,1.0,0.0,0.0,Missing activity values present,0.10129694817639363,0.0,0.05064847408819682,Low availability,551,3
080402,CUSCO,CALCA,COYA,2.0,0.0,1.0,0.0,0.0,0.0,0.0,0.0,0.0,0.0,0.0,0.0,0.0,0.0,0.0,No missing or zero activity values,0.10129694817639363,0.0,0.05064847408819682,Low availability,551,3
080307,CUSCO,ANTA,MOLLEPATA,2.0,0.0,0.0,0.0,0.0,0.0,0.0,0.0,0.0,0.0,0.0,0.0,0.0,0.0,0.0,No missing or zero activity values,0.10129694817639363,0.0,0.05064847408819682,Low availability,551,3
080305,CUSCO,ANTA,HUAROCONDO,2.0,0.0,0.0,0.0,0.0,0.0,0.0,0.0,0.0,0.0,0.0,0.0,0.0,0.0,0.0,No missing or zero activity values,0.10129694817639363,0.0,0.05064847408819682,Low availability,551,3
080304,CUSCO,ANTA,CHINCHAYPUJIO,2.0,0.0,0.0,0.0,0.0,0.0,0.0,0.0,0.0,0.0,0.0,0.0,0.0,0.0,0.0,No missing or zero activity values,0.10129694817639363,0.0,0.05064847408819682,Low availability,551,3
080207,CUSCO,ACOMAYO,SANGARARA,2.0,0.0,0.0,4.0,2.0,0.0,0.0,4.0,4.0,0.0,0.0,1.0,1.0,0.0,0.0,Missing activity values present,0.10129694817639363,0.0,0.05064847408819682,Low availability,551,3
090410,HUANCAVELICA,CASTROVIRREYNA,SAN JUAN,2.0,0.0,1.0,4.0,2.0,0.0,0.0,4.0,4.0,0.0,0.0,1.0,1.0,0.0,0.0,Missing activity values present,0.10129694817639363,0.0,0.05064847408819682,Low availability,551,3
090405,HUANCAVELICA,CASTROVIRREYNA,CHUPAMARCA,2.0,0.0,0.0,4.0,2.0,0.0,0.0,4.0,4.0,0.0,0.0,1.0,1.0,0.0,0.0,Missing activity values present,0.10129694817639363,0.0,0.05064847408819682,Low availability,551,3
090403,HUANCAVELICA,CASTROVIRREYNA,AURAHUA,2.0,0.0,1.0,4.0,2.0,0.0,0.0,4.0,4.0,0.0,0.0,1.0,1.0,0.0,0.0,Missing activity values present,0.10129694817639363,0.0,0.05064847408819682,Low availability,551,3
061308,CAJAMARCA,SANTA CRUZ,SAUCEPAMPA,2.0,0.0,0.0,0.0,0.0,0.0,0.0,0.0,0.0,0.0,0.0,0.0,0.0,0.0,0.0,No missing or zero activity values,0.10129694817639363,0.0,0.05064847408819682,Low availability,551,3
021008,ANCASH,HUARI,HUANTAR,2.0,0.0,0.0,2.0,2.0,0.0,0.0,2.0,2.0,0.0,0.0,1.0,1.0,0.0,0.0,Missing activity values present,0.10129694817639363,0.0,0.05064847408819682,Low availability,551,3
021007,ANCASH,HUARI,HUACHIS,2.0,0.0,0.0,0.0,0.0,0.0,0.0,0.0,0.0,0.0,0.0,0.0,0.0,0.0,0.0,No missing or zero activity values,0.10129694817639363,0.0,0.05064847408819682,Low availability,551,3
021006,ANCASH,HUARI,HUACCHIS,2.0,0.0,0.0,0.0,0.0,0.0,0.0,0.0,0.0,0.0,0.0,0.0,0.0,0.0,0.0,No missing or zero activity values,0.10129694817639363,0.0,0.05064847408819682,Low availability,551,3
021003,ANCASH,HUARI,CAJAY,2.0,0.0,0.0,0.0,0.0,0.0,0.0,0.0,0.0,0.0,0.0,0.0,0.0,0.0,0.0,No missing or zero activity values,0.10129694817639363,0.0,0.05064847408819682,Low availability,551,3
220906,SAN MARTIN,SAN MARTIN,EL PORVENIR,2.0,0.0,0.0,4.0,2.0,0.0,0.0,4.0,4.0,0.0,0.0,1.0,1.0,0.0,0.0,Missing activity values present,0.10129694817639363,0.0,0.05064847408819682,Low availability,551,3
150710,LIMA,HUAROCHIRI,LAHUAYTAMBO,2.0,0.0,0.0,4.0,2.0,0.0,0.0,4.0,4.0,0.0,0.0,1.0,1.0,0.0,0.0,Missing activity values present,0.10129694817639363,0.0,0.05064847408819682,Low availability,551,3
020603,ANCASH,CARHUAZ,AMASHCA,2.0,0.0,0.0,4.0,2.0,0.0,0.0,4.0,4.0,0.0,0.0,1.0,1.0,0.0,0.0,Missing activity values present,0.10129694817639363,0.0,0.05064847408819682,Low availability,551,3
020513,ANCASH,BOLOGNESI,PACLLON,2.0,0.0,0.0,4.0,2.0,0.0,0.0,4.0,4.0,0.0,0.0,1.0,1.0,0.0,0.0,Missing activity values present,0.10129694817639363,0.0,0.05064847408819682,Low availability,551,3
020510,ANCASH,BOLOGNESI,HUAYLLACAYAN,2.0,0.0,0.0,4.0,2.0,0.0,0.0,4.0,4.0,0.0,0.0,1.0,1.0,0.0,0.0,Missing activity values present,0.10129694817639363,0.0,0.05064847408819682,Low availability,551,3
020509,ANCASH,BOLOGNESI,HUASTA,2.0,0.0,0.0,4.0,2.0,0.0,0.0,4.0,4.0,0.0,0.0,1.0,1.0,0.0,0.0,Missing activity values present,0.10129694817639363,0.0,0.05064847408819682,Low availability,551,3
150708,LIMA,HUAROCHIRI,HUANZA,2.0,0.0,0.0,4.0,2.0,0.0,0.0,4.0,4.0,0.0,0.0,1.0,1.0,0.0,0.0,Missing activity values present,0.10129694817639363,0.0,0.05064847408819682,Low availability,551,3
150707,LIMA,HUAROCHIRI,HUACHUPAMPA,2.0,0.0,0.0,4.0,2.0,0.0,0.0,4.0,4.0,0.0,0.0,1.0,1.0,0.0,0.0,Missing activity values present,0.10129694817639363,0.0,0.05064847408819682,Low availability,551,3
150702,LIMA,HUAROCHIRI,ANTIOQUIA,2.0,0.0,0.0,4.0,2.0,0.0,0.0,4.0,4.0,0.0,0.0,1.0,1.0,0.0,0.0,Missing activity values present,0.10129694817639363,0.0,0.05064847408819682,Low availability,551,3
150612,LIMA,HUARAL,VEINTISIETE DE NOVIEMBRE,2.0,0.0,0.0,0.0,0.0,0.0,0.0,0.0,0.0,0.0,0.0,0.0,0.0,0.0,0.0,No missing or zero activity values,0.10129694817639363,0.0,0.05064847408819682,Low availability,551,3
150609,LIMA,HUARAL,SAN MIGUEL DE ACOS,2.0,0.0,0.0,0.0,0.0,0.0,0.0,0.0,0.0,0.0,0.0,0.0,0.0,0.0,0.0,No missing or zero activity values,0.10129694817639363,0.0,0.05064847408819682,Low availability,551,3
150607,LIMA,HUARAL,LAMPIAN,2.0,0.0,0.0,0.0,0.0,0.0,0.0,0.0,0.0,0.0,0.0,0.0,0.0,0.0,0.0,No missing or zero activity values,0.10129694817639363,0.0,0.05064847408819682,Low availability,551,3
150727,LIMA,HUAROCHIRI,SANTA CRUZ DE COCACHACRA,2.0,0.0,0.0,6.0,2.0,0.0,0.0,6.0,6.0,0.0,0.0,1.0,1.0,0.0,0.0,Missing activity values present,0.10129694817639363,0.0,0.05064847408819682,Low availability,551,3
051104,AYACUCHO,VILCAS HUAMAN,CONCEPCION,2.0,0.0,0.0,4.0,2.0,0.0,0.0,4.0,4.0,0.0,0.0,1.0,1.0,0.0,0.0,Missing activity values present,0.10129694817639363,0.0,0.05064847408819682,Low availability,551,3
051007,AYACUCHO,VICTOR FAJARDO,COLCA,2.0,0.0,0.0,4.0,2.0,0.0,0.0,4.0,4.0,0.0,0.0,1.0,1.0,0.0,0.0,Missing activity values present,0.10129694817639363,0.0,0.05064847408819682,Low availability,551,3
210710,PUNO,LAMPA,VILAVILA,2.0,0.0,0.0,0.0,0.0,0.0,0.0,0.0,0.0,0.0,0.0,0.0,0.0,0.0,0.0,No missing or zero activity values,0.10129694817639363,0.0,0.05064847408819682,Low availability,551,3
050603,AYACUCHO,LUCANAS,CABANA,2.0,0.0,0.0,0.0,0.0,0.0,0.0,0.0,0.0,0.0,0.0,0.0,0.0,0.0,0.0,No missing or zero activity values,0.10129694817639363,0.0,0.05064847408819682,Low availability,551,3
050510,AYACUCHO,LA MAR,ANCHIHUAY,2.0,0.0,0.0,0.0,0.0,0.0,0.0,0.0,0.0,0.0,0.0,0.0,0.0,0.0,0.0,No missing or zero activity values,0.10129694817639363,0.0,0.05064847408819682,Low availability,551,3
120419,JUNIN,JAUJA,MONOBAMBA,2.0,0.0,0.0,6.0,3.0,0.0,0.0,6.0,6.0,0.0,0.0,1.0,1.0,0.0,0.0,Missing activity values present,0.10129694817639363,0.0,0.05064847408819682,Low availability,551,3
120416,JUNIN,JAUJA,MASMA,2.0,0.0,0.0,4.0,2.0,0.0,0.0,4.0,4.0,0.0,0.0,1.0,1.0,0.0,0.0,Missing activity values present,0.10129694817639363,0.0,0.05064847408819682,Low availability,551,3
120414,JUNIN,JAUJA,LLOCLLAPAMPA,2.0,0.0,0.0,4.0,2.0,0.0,0.0,4.0,4.0,0.0,0.0,1.0,1.0,0.0,0.0,Missing activity values present,0.10129694817639363,0.0,0.05064847408819682,Low availability,551,3
120405,JUNIN,JAUJA,CANCHAYLLO,2.0,0.0,1.0,2.0,1.0,0.0,0.0,2.0,2.0,0.0,0.0,1.0,1.0,0.0,0.0,Missing activity values present,0.10129694817639363,0.0,0.05064847408819682,Low availability,551,3
050504,AYACUCHO,LA MAR,CHILCAS,2.0,0.0,0.0,0.0,0.0,0.0,0.0,0.0,0.0,0.0,0.0,0.0,0.0,0.0,0.0,No missing or zero activity values,0.10129694817639363,0.0,0.05064847408819682,Low availability,551,3
090310,HUANCAVELICA,ANGARAES,SAN ANTONIO DE ANTAPARCO,2.0,0.0,0.0,0.0,0.0,0.0,0.0,0.0,0.0,0.0,0.0,0.0,0.0,0.0,0.0,No missing or zero activity values,0.10129694817639363,0.0,0.05064847408819682,Low availability,551,3
090307,HUANCAVELICA,ANGARAES,HUANCA-HUANCA,2.0,0.0,0.0,0.0,0.0,0.0,0.0,0.0,0.0,0.0,0.0,0.0,0.0,0.0,0.0,No missing or zero activity values,0.10129694817639363,0.0,0.05064847408819682,Low availability,551,3
090305,HUANCAVELICA,ANGARAES,CHINCHO,2.0,0.0,0.0,0.0,0.0,0.0,0.0,0.0,0.0,0.0,0.0,0.0,0.0,0.0,0.0,No missing or zero activity values,0.10129694817639363,0.0,0.05064847408819682,Low availability,551,3
210103,PUNO,PUNO,AMANTANI,2.0,0.0,0.0,0.0,0.0,0.0,0.0,0.0,0.0,0.0,0.0,0.0,0.0,0.0,0.0,No missing or zero activity values,0.10129694817639363,0.0,0.05064847408819682,Low availability,551,3
080406,CUSCO,CALCA,SAN SALVADOR,2.0,0.0,0.0,0.0,0.0,0.0,0.0,0.0,0.0,0.0,0.0,0.0,0.0,0.0,0.0,No missing or zero activity values,0.10129694817639363,0.0,0.05064847408819682,Low availability,551,3
150721,LIMA,HUAROCHIRI,SAN LORENZO DE QUINTI,2.0,0.0,0.0,4.0,2.0,0.0,0.0,4.0,4.0,0.0,0.0,1.0,1.0,0.0,0.0,Missing activity values present,0.10129694817639363,0.0,0.05064847408819682,Low availability,551,3
150720,LIMA,HUAROCHIRI,SAN JUAN DE TANTARANCHE,2.0,0.0,0.0,4.0,2.0,0.0,0.0,4.0,4.0,0.0,0.0,1.0,1.0,0.0,0.0,Missing activity values present,0.10129694817639363,0.0,0.05064847408819682,Low availability,551,3
150718,LIMA,HUAROCHIRI,SAN DAMIAN,2.0,0.0,0.0,6.0,2.0,0.0,0.0,6.0,6.0,0.0,0.0,1.0,1.0,0.0,0.0,Missing activity values present,0.10129694817639363,0.0,0.05064847408819682,Low availability,551,3
150717,LIMA,HUAROCHIRI,SAN BARTOLOME,2.0,0.0,0.0,6.0,2.0,0.0,0.0,6.0,6.0,0.0,0.0,1.0,1.0,0.0,0.0,Missing activity values present,0.10129694817639363,0.0,0.05064847408819682,Low availability,551,3
150711,LIMA,HUAROCHIRI,LANGA,2.0,0.0,0.0,4.0,2.0,0.0,0.0,4.0,4.0,0.0,0.0,1.0,1.0,0.0,0.0,Missing activity values present,0.10129694817639363,0.0,0.05064847408819682,Low availability,551,3
200804,PIURA,SECHURA,CRISTO NOS VALGA,2.0,0.0,0.0,0.0,0.0,0.0,0.0,0.0,0.0,0.0,0.0,0.0,0.0,0.0,0.0,No missing or zero activity values,0.10129694817639363,0.0,0.05064847408819682,Low availability,551,3
200802,PIURA,SECHURA,BELLAVISTA DE LA UNION,2.0,0.0,0.0,0.0,0.0,0.0,0.0,0.0,0.0,0.0,0.0,0.0,0.0,0.0,0.0,No missing or zero activity values,0.10129694817639363,0.0,0.05064847408819682,Low availability,551,3
210212,PUNO,AZANGARO,SAN JOSE,2.0,0.0,0.0,0.0,0.0,0.0,0.0,0.0,0.0,0.0,0.0,0.0,0.0,0.0,0.0,No missing or zero activity values,0.10129694817639363,0.0,0.05064847408819682,Low availability,551,3
210209,PUNO,AZANGARO,POTONI,2.0,0.0,0.0,0.0,0.0,0.0,0.0,0.0,0.0,0.0,0.0,0.0,0.0,0.0,0.0,No missing or zero activity values,0.10129694817639363,0.0,0.05064847408819682,Low availability,551,3
080507,CUSCO,CANAS,QUEHUE,2.0,0.0,0.0,6.0,3.0,0.0,0.0,6.0,6.0,0.0,0.0,1.0,1.0,0.0,0.0,Missing activity values present,0.10129694817639363,0.0,0.05064847408819682,Low availability,551,3
080504,CUSCO,CANAS,LANGUI,2.0,0.0,0.0,4.0,2.0,0.0,0.0,4.0,4.0,0.0,0.0,1.0,1.0,0.0,0.0,Missing activity values present,0.10129694817639363,0.0,0.05064847408819682,Low availability,551,3
150803,LIMA,HUAURA,CALETA DE CARQUIN,2.0,0.0,1.0,0.0,0.0,0.0,0.0,0.0,0.0,0.0,0.0,0.0,0.0,0.0,0.0,No missing or zero activity values,0.10129694817639363,0.0,0.05064847408819682,Low availability,551,3
150802,LIMA,HUAURA,AMBAR,2.0,0.0,0.0,1.0,1.0,0.0,0.0,1.0,1.0,0.0,0.0,1.0,1.0,0.0,0.0,Missing activity values present,0.10129694817639363,0.0,0.05064847408819682,Low availability,551,3
230105,TACNA,TACNA,INCLAN,2.0,0.0,0.0,0.0,0.0,0.0,0.0,0.0,0.0,0.0,0.0,0.0,0.0,0.0,0.0,No missing or zero activity values,0.10129694817639363,0.0,0.05064847408819682,Low availability,551,3
020402,ANCASH,ASUNCION,ACOCHACA,2.0,0.0,0.0,4.0,2.0,0.0,0.0,4.0,4.0,0.0,0.0,1.0,1.0,0.0,0.0,Missing activity values present,0.10129694817639363,0.0,0.05064847408819682,Low availability,551,3
020306,ANCASH,ANTONIO RAIMONDI,SAN JUAN DE RONTOY,2.0,0.0,0.0,0.0,0.0,0.0,0.0,0.0,0.0,0.0,0.0,0.0,0.0,0.0,0.0,No missing or zero activity values,0.10129694817639363,0.0,0.05064847408819682,Low availability,551,3
080502,CUSCO,CANAS,CHECCA,2.0,0.0,0.0,4.0,2.0,0.0,0.0,4.0,4.0,0.0,0.0,1.0,1.0,0.0,0.0,Missing activity values present,0.10129694817639363,0.0,0.05064847408819682,Low availability,551,3
110211,ICA,CHINCHA,TAMBO DE MORA,2.0,0.0,1.0,2.0,1.0,0.0,0.0,2.0,2.0,0.0,0.0,1.0,1.0,0.0,0.0,Missing activity values present,0.10129694817639363,0.0,0.05064847408819682,Low availability,551,3
110208,ICA,CHINCHA,SAN JUAN DE YANAC,2.0,0.0,0.0,0.0,0.0,0.0,0.0,0.0,0.0,0.0,0.0,0.0,0.0,0.0,0.0,No missing or zero activity values,0.10129694817639363,0.0,0.05064847408819682,Low availability,551,3
210707,PUNO,LAMPA,PARATIA,2.0,0.0,0.0,0.0,0.0,0.0,0.0,0.0,0.0,0.0,0.0,0.0,0.0,0.0,0.0,No missing or zero activity values,0.10129694817639363,0.0,0.05064847408819682,Low availability,551,3
210704,PUNO,LAMPA,NICASIO,2.0,0.0,0.0,4.0,2.0,0.0,0.0,4.0,4.0,0.0,0.0,1.0,1.0,0.0,0.0,Missing activity values present,0.10129694817639363,0.0,0.05064847408819682,Low availability,551,3
210604,PUNO,HUANCANE,INCHUPALLA,2.0,0.0,0.0,0.0,0.0,0.0,0.0,0.0,0.0,0.0,0.0,0.0,0.0,0.0,0.0,No missing or zero activity values,0.10129694817639363,0.0,0.05064847408819682,Low availability,551,3
050617,AYACUCHO,LUCANAS,SAN PEDRO,2.0,0.0,0.0,0.0,0.0,0.0,0.0,0.0,0.0,0.0,0.0,0.0,0.0,0.0,0.0,No missing or zero activity values,0.10129694817639363,0.0,0.05064847408819682,Low availability,551,3
050615,AYACUCHO,LUCANAS,SAN CRISTOBAL,2.0,0.0,0.0,0.0,0.0,0.0,0.0,0.0,0.0,0.0,0.0,0.0,0.0,0.0,0.0,No missing or zero activity values,0.10129694817639363,0.0,0.05064847408819682,Low availability,551,3
120215,JUNIN,CONCEPCION,SANTA ROSA DE OCOPA,2.0,0.0,0.0,4.0,2.0,0.0,0.0,4.0,4.0,0.0,0.0,1.0,1.0,0.0,0.0,Missing activity values present,0.10129694817639363,0.0,0.05064847408819682,Low availability,551,3
120213,JUNIN,CONCEPCION,ORCOTUNA,2.0,0.0,0.0,4.0,2.0,0.0,0.0,4.0,4.0,0.0,0.0,1.0,1.0,0.0,0.0,Missing activity values present,0.10129694817639363,0.0,0.05064847408819682,Low availability,551,3
050608,AYACUCHO,LUCANAS,LARAMATE,2.0,0.0,0.0,0.0,0.0,0.0,0.0,0.0,0.0,0.0,0.0,0.0,0.0,0.0,0.0,No missing or zero activity values,0.10129694817639363,0.0,0.05064847408819682,Low availability,551,3
210803,PUNO,MELGAR,CUPI,2.0,0.0,0.0,0.0,0.0,0.0,0.0,0.0,0.0,0.0,0.0,0.0,0.0,0.0,0.0,No missing or zero activity values,0.10129694817639363,0.0,0.05064847408819682,Low availability,551,3
050618,AYACUCHO,LUCANAS,SAN PEDRO DE PALCO,2.0,0.0,0.0,0.0,0.0,0.0,0.0,0.0,0.0,0.0,0.0,0.0,0.0,0.0,0.0,No missing or zero activity values,0.10129694817639363,0.0,0.05064847408819682,Low availability,551,3
230206,TACNA,CANDARAVE,QUILAHUANI,2.0,0.0,0.0,0.0,0.0,0.0,0.0,0.0,0.0,0.0,0.0,0.0,0.0,0.0,0.0,No missing or zero activity values,0.10129694817639363,0.0,0.05064847408819682,Low availability,551,3
230202,TACNA,CANDARAVE,CAIRANI,2.0,0.0,0.0,0.0,0.0,0.0,0.0,0.0,0.0,0.0,0.0,0.0,0.0,0.0,0.0,No missing or zero activity values,0.10129694817639363,0.0,0.05064847408819682,Low availability,551,3
151002,LIMA,YAUYOS,ALIS,2.0,0.0,0.0,0.0,0.0,0.0,0.0,0.0,0.0,0.0,0.0,0.0,0.0,0.0,0.0,No missing or zero activity values,0.10129694817639363,0.0,0.05064847408819682,Low availability,551,3
151001,LIMA,YAUYOS,YAUYOS,2.0,0.0,0.0,0.0,0.0,0.0,0.0,0.0,0.0,0.0,0.0,0.0,0.0,0.0,0.0,No missing or zero activity values,0.10129694817639363,0.0,0.05064847408819682,Low availability,551,3
180203,MOQUEGUA,GENERAL SANCHEZ CERRO,COALAQUE,2.0,0.0,0.0,0.0,0.0,0.0,0.0,0.0,0.0,0.0,0.0,0.0,0.0,0.0,0.0,No missing or zero activity values,0.10129694817639363,0.0,0.05064847408819682,Low availability,551,3
180202,MOQUEGUA,GENERAL SANCHEZ CERRO,CHOJATA,2.0,0.0,0.0,0.0,0.0,0.0,0.0,0.0,0.0,0.0,0.0,0.0,0.0,0.0,0.0,No missing or zero activity values,0.10129694817639363,0.0,0.05064847408819682,Low availability,551,3
020111,ANCASH,HUARAZ,PIRA,2.0,0.0,0.0,4.0,2.0,0.0,0.0,4.0,4.0,0.0,0.0,1.0,1.0,0.0,0.0,Missing activity values present,0.10129694817639363,0.0,0.05064847408819682,Low availability,551,3
080605,CUSCO,CANCHIS,PITUMARCA,2.0,0.0,0.0,4.0,2.0,0.0,0.0,4.0,4.0,0.0,0.0,1.0,1.0,0.0,0.0,Missing activity values present,0.10129694817639363,0.0,0.05064847408819682,Low availability,551,3
090113,HUANCAVELICA,HUANCAVELICA,NUEVO OCCORO,2.0,0.0,0.0,4.0,2.0,0.0,0.0,4.0,4.0,0.0,0.0,1.0,1.0,0.0,0.0,Missing activity values present,0.10129694817639363,0.0,0.05064847408819682,Low availability,551,3
090109,HUANCAVELICA,HUANCAVELICA,LARIA,2.0,0.0,0.0,4.0,2.0,0.0,0.0,4.0,4.0,0.0,0.0,1.0,1.0,0.0,0.0,Missing activity values present,0.10129694817639363,0.0,0.05064847408819682,Low availability,551,3
090106,HUANCAVELICA,HUANCAVELICA,HUACHOCOLPA,2.0,0.0,1.0,2.0,1.0,0.0,0.0,2.0,2.0,0.0,0.0,1.0,1.0,0.0,0.0,Missing activity values present,0.10129694817639363,0.0,0.05064847408819682,Low availability,551,3
080702,CUSCO,CHUMBIVILCAS,CAPACMARCA,2.0,0.0,0.0,6.0,3.0,0.0,0.0,6.0,6.0,0.0,0.0,1.0,1.0,0.0,0.0,Missing activity values present,0.10129694817639363,0.0,0.05064847408819682,Low availability,551,3
080606,CUSCO,CANCHIS,SAN PABLO,2.0,0.0,0.0,4.0,2.0,0.0,0.0,4.0,4.0,0.0,0.0,1.0,1.0,0.0,0.0,Missing activity values present,0.10129694817639363,0.0,0.05064847408819682,Low availability,551,3
020104,ANCASH,HUARAZ,HUANCHAY,2.0,0.0,0.0,4.0,2.0,0.0,0.0,4.0,4.0,0.0,0.0,1.0,1.0,0.0,0.0,Missing activity values present,0.10129694817639363,0.0,0.05064847408819682,Low availability,551,3
230406,TACNA,TARATA,SUSAPAYA,2.0,0.0,0.0,0.0,0.0,0.0,0.0,0.0,0.0,0.0,0.0,0.0,0.0,0.0,0.0,No missing or zero activity values,0.10129694817639363,0.0,0.05064847408819682,Low availability,551,3
151006,LIMA,YAUYOS,CACRA,2.0,0.0,0.0,0.0,0.0,0.0,0.0,0.0,0.0,0.0,0.0,0.0,0.0,0.0,0.0,No missing or zero activity values,0.10129694817639363,0.0,0.05064847408819682,Low availability,551,3
151003,LIMA,YAUYOS,ALLAUCA,2.0,0.0,0.0,0.0,0.0,0.0,0.0,0.0,0.0,0.0,0.0,0.0,0.0,0.0,0.0,No missing or zero activity values,0.10129694817639363,0.0,0.05064847408819682,Low availability,551,3
230402,TACNA,TARATA,HEROES ALBARRACIN,2.0,0.0,0.0,0.0,0.0,0.0,0.0,0.0,0.0,0.0,0.0,0.0,0.0,0.0,0.0,No missing or zero activity values,0.10129694817639363,0.0,0.05064847408819682,Low availability,551,3
160602,LORETO,UCAYALI,INAHUAYA,2.0,0.0,0.0,0.0,0.0,0.0,0.0,0.0,0.0,0.0,0.0,0.0,0.0,0.0,0.0,No missing or zero activity values,0.10129694817639363,0.0,0.05064847408819682,Low availability,551,3
160511,LORETO,REQUENA,YAQUERANA,2.0,0.0,0.0,0.0,0.0,0.0,0.0,0.0,0.0,0.0,0.0,0.0,0.0,0.0,0.0,No missing or zero activity values,0.10129694817639363,0.0,0.05064847408819682,Low availability,551,3
010612,AMAZONAS,RODRIGUEZ DE MENDOZA,VISTA ALEGRE,2.0,0.0,1.0,0.0,0.0,0.0,0.0,0.0,0.0,0.0,0.0,0.0,0.0,0.0,0.0,No missing or zero activity values,0.10129694817639363,0.0,0.05064847408819682,Low availability,551,3
010608,AMAZONAS,RODRIGUEZ DE MENDOZA,MILPUCC,2.0,0.0,0.0,0.0,0.0,0.0,0.0,0.0,0.0,0.0,0.0,0.0,0.0,0.0,0.0,No missing or zero activity values,0.10129694817639363,0.0,0.05064847408819682,Low availability,551,3
010607,AMAZONAS,RODRIGUEZ DE MENDOZA,MARISCAL BENAVIDES,2.0,0.0,0.0,0.0,0.0,0.0,0.0,0.0,0.0,0.0,0.0,0.0,0.0,0.0,0.0,No missing or zero activity values,0.10129694817639363,0.0,0.05064847408819682,Low availability,551,3
151032,LIMA,YAUYOS,VIÑAC,2.0,0.0,0.0,0.0,0.0,0.0,0.0,0.0,0.0,0.0,0.0,0.0,0.0,0.0,0.0,No missing or zero activity values,0.10129694817639363,0.0,0.05064847408819682,Low availability,551,3
151030,LIMA,YAUYOS,TOMAS,2.0,0.0,0.0,0.0,0.0,0.0,0.0,0.0,0.0,0.0,0.0,0.0,0.0,0.0,0.0,No missing or zero activity values,0.10129694817639363,0.0,0.05064847408819682,Low availability,551,3
151025,LIMA,YAUYOS,QUINOCAY,2.0,0.0,1.0,0.0,0.0,0.0,0.0,0.0,0.0,0.0,0.0,0.0,0.0,0.0,0.0,No missing or zero activity values,0.10129694817639363,0.0,0.05064847408819682,Low availability,551,3
010606,AMAZONAS,RODRIGUEZ DE MENDOZA,LONGAR,2.0,0.0,0.0,0.0,0.0,0.0,0.0,0.0,0.0,0.0,0.0,0.0,0.0,0.0,0.0,No missing or zero activity values,0.10129694817639363,0.0,0.05064847408819682,Low availability,551,3
010605,AMAZONAS,RODRIGUEZ DE MENDOZA,LIMABAMBA,2.0,0.0,1.0,0.0,0.0,0.0,0.0,0.0,0.0,0.0,0.0,0.0,0.0,0.0,0.0,No missing or zero activity values,0.10129694817639363,0.0,0.05064847408819682,Low availability,551,3
010523,AMAZONAS,LUYA,TRITA,2.0,0.0,0.0,0.0,0.0,0.0,0.0,0.0,0.0,0.0,0.0,0.0,0.0,0.0,0.0,No missing or zero activity values,0.10129694817639363,0.0,0.05064847408819682,Low availability,551,3
010522,AMAZONAS,LUYA,TINGO,2.0,0.0,0.0,0.0,0.0,0.0,0.0,0.0,0.0,0.0,0.0,0.0,0.0,0.0,0.0,No missing or zero activity values,0.10129694817639363,0.0,0.05064847408819682,Low availability,551,3
080806,CUSCO,ESPINAR,PICHIGUA,2.0,0.0,0.0,4.0,2.0,0.0,0.0,4.0,4.0,0.0,0.0,1.0,1.0,0.0,0.0,Missing activity values present,0.10129694817639363,0.0,0.05064847408819682,Low availability,551,3
110502,ICA,PISCO,HUANCANO,2.0,0.0,0.0,0.0,0.0,0.0,0.0,0.0,0.0,0.0,0.0,0.0,0.0,0.0,0.0,No missing or zero activity values,0.10129694817639363,0.0,0.05064847408819682,Low availability,551,3
050907,AYACUCHO,SUCRE,PAICO,2.0,0.0,0.0,2.0,2.0,0.0,0.0,2.0,2.0,0.0,0.0,1.0,1.0,0.0,0.0,Missing activity values present,0.10129694817639363,0.0,0.05064847408819682,Low availability,551,3
050806,AYACUCHO,PAUCAR DEL SARA SARA,OYOLO,2.0,0.0,0.0,0.0,0.0,0.0,0.0,0.0,0.0,0.0,0.0,0.0,0.0,0.0,0.0,No missing or zero activity values,0.10129694817639363,0.0,0.05064847408819682,Low availability,551,3
050804,AYACUCHO,PAUCAR DEL SARA SARA,LAMPA,2.0,0.0,0.0,0.0,0.0,0.0,0.0,0.0,0.0,0.0,0.0,0.0,0.0,0.0,0.0,No missing or zero activity values,0.10129694817639363,0.0,0.05064847408819682,Low availability,551,3
211004,PUNO,SAN ANTONIO DE PUTINA,QUILCAPUNCU,2.0,0.0,1.0,4.0,2.0,0.0,0.0,4.0,4.0,0.0,0.0,1.0,1.0,0.0,0.0,Missing activity values present,0.10129694817639363,0.0,0.05064847408819682,Low availability,551,3
210904,PUNO,MOHO,TILALI,2.0,0.0,0.0,0.0,0.0,0.0,0.0,0.0,0.0,0.0,0.0,0.0,0.0,0.0,0.0,No missing or zero activity values,0.10129694817639363,0.0,0.05064847408819682,Low availability,551,3
210903,PUNO,MOHO,HUAYRAPATA,2.0,0.0,0.0,0.0,0.0,0.0,0.0,0.0,0.0,0.0,0.0,0.0,0.0,0.0,0.0,No missing or zero activity values,0.10129694817639363,0.0,0.05064847408819682,Low availability,551,3
120129,JUNIN,HUANCAYO,SAN AGUSTIN,2.0,0.0,0.0,4.0,2.0,0.0,0.0,4.0,4.0,0.0,0.0,1.0,1.0,0.0,0.0,Missing activity values present,0.10129694817639363,0.0,0.05064847408819682,Low availability,551,3
120128,JUNIN,HUANCAYO,QUILCAS,2.0,0.0,1.0,4.0,2.0,0.0,0.0,4.0,4.0,0.0,0.0,1.0,1.0,0.0,0.0,Missing activity values present,0.10129694817639363,0.0,0.05064847408819682,Low availability,551,3
120122,JUNIN,HUANCAYO,INGENIO,2.0,0.0,0.0,4.0,2.0,0.0,0.0,4.0,4.0,0.0,0.0,1.0,1.0,0.0,0.0,Missing activity values present,0.10129694817639363,0.0,0.05064847408819682,Low availability,551,3
010507,AMAZONAS,LUYA,LONGUITA,2.0,0.0,0.0,0.0,0.0,0.0,0.0,0.0,0.0,0.0,0.0,0.0,0.0,0.0,0.0,No missing or zero activity values,0.10129694817639363,0.0,0.05064847408819682,Low availability,551,3
230408,TACNA,TARATA,TICACO,1.0,0.0,0.0,0.0,0.0,0.0,0.0,0.0,0.0,0.0,0.0,0.0,0.0,0.0,0.0,No missing or zero activity values,0.06391125855047272,0.0,0.03195562927523636,Very low availability,552,2
010308,AMAZONAS,BONGARA,RECTA,1.0,0.0,0.0,0.0,0.0,0.0,0.0,0.0,0.0,0.0,0.0,0.0,0.0,0.0,0.0,No missing or zero activity values,0.06391125855047272,0.0,0.03195562927523636,Very low availability,552,2
010309,AMAZONAS,BONGARA,SAN CARLOS,1.0,0.0,1.0,0.0,0.0,0.0,0.0,0.0,0.0,0.0,0.0,0.0,0.0,0.0,0.0,No missing or zero activity values,0.06391125855047272,0.0,0.03195562927523636,Very low availability,552,2
010506,AMAZONAS,LUYA,INGUILPATA,1.0,0.0,0.0,0.0,0.0,0.0,0.0,0.0,0.0,0.0,0.0,0.0,0.0,0.0,0.0,No missing or zero activity values,0.06391125855047272,0.0,0.03195562927523636,Very low availability,552,2
010510,AMAZONAS,LUYA,LUYA VIEJO,1.0,0.0,0.0,0.0,0.0,0.0,0.0,0.0,0.0,0.0,0.0,0.0,0.0,0.0,0.0,No missing or zero activity values,0.06391125855047272,0.0,0.03195562927523636,Very low availability,552,2
010511,AMAZONAS,LUYA,MARIA,1.0,0.0,0.0,0.0,0.0,0.0,0.0,0.0,0.0,0.0,0.0,0.0,0.0,0.0,0.0,No missing or zero activity values,0.06391125855047272,0.0,0.03195562927523636,Very low availability,552,2
010516,AMAZONAS,LUYA,SAN CRISTOBAL,1.0,0.0,0.0,0.0,0.0,0.0,0.0,0.0,0.0,0.0,0.0,0.0,0.0,0.0,0.0,No missing or zero activity values,0.06391125855047272,0.0,0.03195562927523636,Very low availability,552,2
010517,AMAZONAS,LUYA,SAN FRANCISCO DE YESO,1.0,0.0,0.0,0.0,0.0,0.0,0.0,0.0,0.0,0.0,0.0,0.0,0.0,0.0,0.0,No missing or zero activity values,0.06391125855047272,0.0,0.03195562927523636,Very low availability,552,2
010518,AMAZONAS,LUYA,SAN JERONIMO,1.0,0.0,0.0,0.0,0.0,0.0,0.0,0.0,0.0,0.0,0.0,0.0,0.0,0.0,0.0,No missing or zero activity values,0.06391125855047272,0.0,0.03195562927523636,Very low availability,552,2
010603,AMAZONAS,RODRIGUEZ DE MENDOZA,COCHAMAL,1.0,0.0,0.0,0.0,0.0,0.0,0.0,0.0,0.0,0.0,0.0,0.0,0.0,0.0,0.0,No missing or zero activity values,0.06391125855047272,0.0,0.03195562927523636,Very low availability,552,2
010610,AMAZONAS,RODRIGUEZ DE MENDOZA,SANTA ROSA,1.0,0.0,0.0,0.0,0.0,0.0,0.0,0.0,0.0,0.0,0.0,0.0,0.0,0.0,0.0,No missing or zero activity values,0.06391125855047272,0.0,0.03195562927523636,Very low availability,552,2
010611,AMAZONAS,RODRIGUEZ DE MENDOZA,TOTORA,1.0,0.0,0.0,0.0,0.0,0.0,0.0,0.0,0.0,0.0,0.0,0.0,0.0,0.0,0.0,No missing or zero activity values,0.06391125855047272,0.0,0.03195562927523636,Very low availability,552,2
230203,TACNA,CANDARAVE,CAMILACA,1.0,0.0,0.0,0.0,0.0,0.0,0.0,0.0,0.0,0.0,0.0,0.0,0.0,0.0,0.0,No missing or zero activity values,0.06391125855047272,0.0,0.03195562927523636,Very low availability,552,2
230204,TACNA,CANDARAVE,CURIBAYA,1.0,0.0,0.0,0.0,0.0,0.0,0.0,0.0,0.0,0.0,0.0,0.0,0.0,0.0,0.0,No missing or zero activity values,0.06391125855047272,0.0,0.03195562927523636,Very low availability,552,2
230205,TACNA,CANDARAVE,HUANUARA,1.0,0.0,0.0,0.0,0.0,0.0,0.0,0.0,0.0,0.0,0.0,0.0,0.0,0.0,0.0,No missing or zero activity values,0.06391125855047272,0.0,0.03195562927523636,Very low availability,552,2
010302,AMAZONAS,BONGARA,CHISQUILLA,1.0,0.0,0.0,0.0,0.0,0.0,0.0,0.0,0.0,0.0,0.0,0.0,0.0,0.0,0.0,No missing or zero activity values,0.06391125855047272,0.0,0.03195562927523636,Very low availability,552,2
010303,AMAZONAS,BONGARA,CHURUJA,1.0,0.0,0.0,0.0,0.0,0.0,0.0,0.0,0.0,0.0,0.0,0.0,0.0,0.0,0.0,No missing or zero activity values,0.06391125855047272,0.0,0.03195562927523636,Very low availability,552,2
151023,LIMA,YAUYOS,PUTINZA,1.0,0.0,0.0,0.0,0.0,0.0,0.0,0.0,0.0,0.0,0.0,0.0,0.0,0.0,0.0,No missing or zero activity values,0.06391125855047272,0.0,0.03195562927523636,Very low availability,552,2
151024,LIMA,YAUYOS,QUINCHES,1.0,0.0,0.0,0.0,0.0,0.0,0.0,0.0,0.0,0.0,0.0,0.0,0.0,0.0,0.0,No missing or zero activity values,0.06391125855047272,0.0,0.03195562927523636,Very low availability,552,2
151027,LIMA,YAUYOS,SAN PEDRO DE PILAS,1.0,0.0,1.0,0.0,0.0,0.0,0.0,0.0,0.0,0.0,0.0,0.0,0.0,0.0,0.0,No missing or zero activity values,0.06391125855047272,0.0,0.03195562927523636,Very low availability,552,2
151028,LIMA,YAUYOS,TANTA,1.0,0.0,0.0,0.0,0.0,0.0,0.0,0.0,0.0,0.0,0.0,0.0,0.0,0.0,0.0,No missing or zero activity values,0.06391125855047272,0.0,0.03195562927523636,Very low availability,552,2
151029,LIMA,YAUYOS,TAURIPAMPA,1.0,0.0,1.0,0.0,0.0,0.0,0.0,0.0,0.0,0.0,0.0,0.0,0.0,0.0,0.0,No missing or zero activity values,0.06391125855047272,0.0,0.03195562927523636,Very low availability,552,2
151031,LIMA,YAUYOS,TUPE,1.0,0.0,0.0,0.0,0.0,0.0,0.0,0.0,0.0,0.0,0.0,0.0,0.0,0.0,0.0,No missing or zero activity values,0.06391125855047272,0.0,0.03195562927523636,Very low availability,552,2
151033,LIMA,YAUYOS,VITIS,1.0,0.0,0.0,0.0,0.0,0.0,0.0,0.0,0.0,0.0,0.0,0.0,0.0,0.0,0.0,No missing or zero activity values,0.06391125855047272,0.0,0.03195562927523636,Very low availability,552,2
160510,LORETO,REQUENA,JENARO HERRERA,1.0,0.0,0.0,0.0,0.0,0.0,0.0,0.0,0.0,0.0,0.0,0.0,0.0,0.0,0.0,No missing or zero activity values,0.06391125855047272,0.0,0.03195562927523636,Very low availability,552,2
010104,AMAZONAS,CHACHAPOYAS,CHETO,1.0,0.0,0.0,0.0,0.0,0.0,0.0,0.0,0.0,0.0,0.0,0.0,0.0,0.0,0.0,No missing or zero activity values,0.06391125855047272,0.0,0.03195562927523636,Very low availability,552,2
010107,AMAZONAS,CHACHAPOYAS,GRANADA,1.0,0.0,0.0,0.0,0.0,0.0,0.0,0.0,0.0,0.0,0.0,0.0,0.0,0.0,0.0,No missing or zero activity values,0.06391125855047272,0.0,0.03195562927523636,Very low availability,552,2
010111,AMAZONAS,CHACHAPOYAS,LEVANTO,1.0,0.0,0.0,0.0,0.0,0.0,0.0,0.0,0.0,0.0,0.0,0.0,0.0,0.0,0.0,No missing or zero activity values,0.06391125855047272,0.0,0.03195562927523636,Very low availability,552,2
010112,AMAZONAS,CHACHAPOYAS,MAGDALENA,1.0,0.0,0.0,0.0,0.0,0.0,0.0,0.0,0.0,0.0,0.0,0.0,0.0,0.0,0.0,No missing or zero activity values,0.06391125855047272,0.0,0.03195562927523636,Very low availability,552,2
010115,AMAZONAS,CHACHAPOYAS,MONTEVIDEO,1.0,0.0,0.0,0.0,0.0,0.0,0.0,0.0,0.0,0.0,0.0,0.0,0.0,0.0,0.0,No missing or zero activity values,0.06391125855047272,0.0,0.03195562927523636,Very low availability,552,2
151019,LIMA,YAUYOS,LINCHA,1.0,0.0,0.0,0.0,0.0,0.0,0.0,0.0,0.0,0.0,0.0,0.0,0.0,0.0,0.0,No missing or zero activity values,0.06391125855047272,0.0,0.03195562927523636,Very low availability,552,2
010118,AMAZONAS,CHACHAPOYAS,SAN FRANCISCO DE DAGUAS,1.0,0.0,0.0,0.0,0.0,0.0,0.0,0.0,0.0,0.0,0.0,0.0,0.0,0.0,0.0,No missing or zero activity values,0.06391125855047272,0.0,0.03195562927523636,Very low availability,552,2
150508,LIMA,CAÑETE,LUNAHUANA,1.0,0.0,0.0,0.0,0.0,0.0,0.0,0.0,0.0,0.0,0.0,0.0,0.0,0.0,0.0,No missing or zero activity values,0.06391125855047272,0.0,0.03195562927523636,Very low availability,552,2
150513,LIMA,CAÑETE,SAN ANTONIO,1.0,0.0,0.0,0.0,0.0,0.0,0.0,0.0,0.0,0.0,0.0,0.0,0.0,0.0,0.0,No missing or zero activity values,0.06391125855047272,0.0,0.03195562927523636,Very low availability,552,2
150515,LIMA,CAÑETE,SANTA CRUZ DE FLORES,1.0,0.0,0.0,0.0,0.0,0.0,0.0,0.0,0.0,0.0,0.0,0.0,0.0,0.0,0.0,No missing or zero activity values,0.06391125855047272,0.0,0.03195562927523636,Very low availability,552,2
150703,LIMA,HUAROCHIRI,CALLAHUANCA,1.0,0.0,0.0,2.0,1.0,0.0,0.0,2.0,2.0,0.0,0.0,1.0,1.0,0.0,0.0,Missing activity values present,0.06391125855047272,0.0,0.03195562927523636,Very low availability,552,2
150704,LIMA,HUAROCHIRI,CARAMPOMA,1.0,0.0,0.0,2.0,1.0,0.0,0.0,2.0,2.0,0.0,0.0,1.0,1.0,0.0,0.0,Missing activity values present,0.06391125855047272,0.0,0.03195562927523636,Very low availability,552,2
150712,LIMA,HUAROCHIRI,LARAOS,1.0,0.0,0.0,2.0,1.0,0.0,0.0,2.0,2.0,0.0,0.0,1.0,1.0,0.0,0.0,Missing activity values present,0.06391125855047272,0.0,0.03195562927523636,Very low availability,552,2
150715,LIMA,HUAROCHIRI,SAN ANDRES DE TUPICOCHA,1.0,0.0,0.0,3.0,1.0,0.0,0.0,3.0,3.0,0.0,0.0,1.0,1.0,0.0,0.0,Missing activity values present,0.06391125855047272,0.0,0.03195562927523636,Very low availability,552,2
150719,LIMA,HUAROCHIRI,SAN JUAN DE IRIS,1.0,0.0,0.0,2.0,1.0,0.0,0.0,2.0,2.0,0.0,0.0,1.0,1.0,0.0,0.0,Missing activity values present,0.06391125855047272,0.0,0.03195562927523636,Very low availability,552,2
150725,LIMA,HUAROCHIRI,SAN PEDRO DE HUANCAYRE,1.0,0.0,0.0,2.0,1.0,0.0,0.0,2.0,2.0,0.0,0.0,1.0,1.0,0.0,0.0,Missing activity values present,0.06391125855047272,0.0,0.03195562927523636,Very low availability,552,2
150729,LIMA,HUAROCHIRI,SANTIAGO DE ANCHUCAYA,1.0,0.0,0.0,2.0,1.0,0.0,0.0,2.0,2.0,0.0,0.0,1.0,1.0,0.0,0.0,Missing activity values present,0.06391125855047272,0.0,0.03195562927523636,Very low availability,552,2
150730,LIMA,HUAROCHIRI,SANTIAGO DE TUNA,1.0,0.0,0.0,3.0,1.0,0.0,0.0,3.0,3.0,0.0,0.0,1.0,1.0,0.0,0.0,Missing activity values present,0.06391125855047272,0.0,0.03195562927523636,Very low availability,552,2
150732,LIMA,HUAROCHIRI,SURCO,1.0,0.0,0.0,2.0,1.0,0.0,0.0,2.0,2.0,0.0,0.0,1.0,1.0,0.0,0.0,Missing activity values present,0.06391125855047272,0.0,0.03195562927523636,Very low availability,552,2
150804,LIMA,HUAURA,CHECRAS,1.0,0.0,0.0,0.0,0.0,0.0,0.0,0.0,0.0,0.0,0.0,0.0,0.0,0.0,0.0,No missing or zero activity values,0.06391125855047272,0.0,0.03195562927523636,Very low availability,552,2
150902,LIMA,OYON,ANDAJES,1.0,0.0,0.0,0.0,0.0,0.0,0.0,0.0,0.0,0.0,0.0,0.0,0.0,0.0,0.0,No missing or zero activity values,0.06391125855047272,0.0,0.03195562927523636,Very low availability,552,2
150903,LIMA,OYON,CAUJUL,1.0,0.0,0.0,0.0,0.0,0.0,0.0,0.0,0.0,0.0,0.0,0.0,0.0,0.0,0.0,No missing or zero activity values,0.06391125855047272,0.0,0.03195562927523636,Very low availability,552,2
150905,LIMA,OYON,NAVAN,1.0,0.0,0.0,0.0,0.0,0.0,0.0,0.0,0.0,0.0,0.0,0.0,0.0,0.0,0.0,No missing or zero activity values,0.06391125855047272,0.0,0.03195562927523636,Very low availability,552,2
130810,LA LIBERTAD,PATAZ,PIAS,1.0,0.0,0.0,0.0,0.0,0.0,0.0,0.0,0.0,0.0,0.0,0.0,0.0,0.0,0.0,No missing or zero activity values,0.06391125855047272,0.0,0.03195562927523636,Very low availability,552,2
130812,LA LIBERTAD,PATAZ,TAURIJA,1.0,0.0,0.0,0.0,0.0,0.0,0.0,0.0,0.0,0.0,0.0,0.0,0.0,0.0,0.0,No missing or zero activity values,0.06391125855047272,0.0,0.03195562927523636,Very low availability,552,2
130904,LA LIBERTAD,SANCHEZ CARRION,CURGOS,1.0,0.0,0.0,6.0,3.0,0.0,0.0,6.0,6.0,0.0,0.0,1.0,1.0,0.0,0.0,Missing activity values present,0.06391125855047272,0.0,0.03195562927523636,Very low availability,552,2
131203,LA LIBERTAD,VIRU,GUADALUPITO,1.0,0.0,0.0,0.0,0.0,0.0,0.0,0.0,0.0,0.0,0.0,0.0,0.0,0.0,0.0,No missing or zero activity values,0.06391125855047272,0.0,0.03195562927523636,Very low availability,552,2
140104,LAMBAYEQUE,CHICLAYO,ETEN PUERTO,1.0,0.0,0.0,0.0,0.0,0.0,0.0,0.0,0.0,0.0,0.0,0.0,0.0,0.0,0.0,No missing or zero activity values,0.06391125855047272,0.0,0.03195562927523636,Very low availability,552,2
140114,LAMBAYEQUE,CHICLAYO,SANTA ROSA,1.0,0.0,0.0,2.0,1.0,0.0,0.0,2.0,2.0,0.0,0.0,1.0,1.0,0.0,0.0,Missing activity values present,0.06391125855047272,0.0,0.03195562927523636,Very low availability,552,2
140204,LAMBAYEQUE,FERRE?AFE,MANUEL ANTONIO MESONES MURO,1.0,0.0,0.0,2.0,1.0,0.0,0.0,2.0,2.0,0.0,0.0,1.0,1.0,0.0,0.0,Missing activity values present,0.06391125855047272,0.0,0.03195562927523636,Very low availability,552,2
140302,LAMBAYEQUE,LAMBAYEQUE,CHOCHOPE,1.0,0.0,0.0,0.0,0.0,0.0,0.0,0.0,0.0,0.0,0.0,0.0,0.0,0.0,0.0,No missing or zero activity values,0.06391125855047272,0.0,0.03195562927523636,Very low availability,552,2
150303,LIMA,CAJATAMBO,GORGOR,1.0,0.0,0.0,0.0,0.0,0.0,0.0,0.0,0.0,0.0,0.0,0.0,0.0,0.0,0.0,No missing or zero activity values,0.06391125855047272,0.0,0.03195562927523636,Very low availability,552,2
150304,LIMA,CAJATAMBO,HUANCAPON,1.0,0.0,0.0,0.0,0.0,0.0,0.0,0.0,0.0,0.0,0.0,0.0,0.0,0.0,0.0,No missing or zero activity values,0.06391125855047272,0.0,0.03195562927523636,Very low availability,552,2
150503,LIMA,CAÑETE,CALANGO,1.0,0.0,0.0,0.0,0.0,0.0,0.0,0.0,0.0,0.0,0.0,0.0,0.0,0.0,0.0,No missing or zero activity values,0.06391125855047272,0.0,0.03195562927523636,Very low availability,552,2
180206,MOQUEGUA,GENERAL SANCHEZ CERRO,LLOQUE,1.0,0.0,0.0,0.0,0.0,0.0,0.0,0.0,0.0,0.0,0.0,0.0,0.0,0.0,0.0,No missing or zero activity values,0.06391125855047272,0.0,0.03195562927523636,Very low availability,552,2
180209,MOQUEGUA,GENERAL SANCHEZ CERRO,QUINISTAQUILLAS,1.0,0.0,0.0,0.0,0.0,0.0,0.0,0.0,0.0,0.0,0.0,0.0,0.0,0.0,0.0,No missing or zero activity values,0.06391125855047272,0.0,0.03195562927523636,Very low availability,552,2
180211,MOQUEGUA,GENERAL SANCHEZ CERRO,YUNGA,1.0,0.0,0.0,0.0,0.0,0.0,0.0,0.0,0.0,0.0,0.0,0.0,0.0,0.0,0.0,No missing or zero activity values,0.06391125855047272,0.0,0.03195562927523636,Very low availability,552,2
180302,MOQUEGUA,ILO,EL ALGARROBAL,1.0,0.0,1.0,0.0,0.0,0.0,0.0,0.0,0.0,0.0,0.0,0.0,0.0,0.0,0.0,No missing or zero activity values,0.06391125855047272,0.0,0.03195562927523636,Very low availability,552,2
150506,LIMA,CAÑETE,COAYLLO,1.0,0.0,1.0,0.0,0.0,0.0,0.0,0.0,0.0,0.0,0.0,0.0,0.0,0.0,0.0,No missing or zero activity values,0.06391125855047272,0.0,0.03195562927523636,Very low availability,552,2
120502,JUNIN,JUNIN,CARHUAMAYO,1.0,0.0,0.0,4.0,2.0,0.0,0.0,4.0,4.0,0.0,0.0,1.0,1.0,0.0,0.0,Missing activity values present,0.06391125855047272,0.0,0.03195562927523636,Very low availability,552,2
151020,LIMA,YAUYOS,MADEAN,1.0,0.0,0.0,0.0,0.0,0.0,0.0,0.0,0.0,0.0,0.0,0.0,0.0,0.0,0.0,No missing or zero activity values,0.06391125855047272,0.0,0.03195562927523636,Very low availability,552,2
120802,JUNIN,YAULI,CHACAPALPA,1.0,0.0,0.0,2.0,1.0,0.0,0.0,2.0,2.0,0.0,0.0,1.0,1.0,0.0,0.0,Missing activity values present,0.06391125855047272,0.0,0.03195562927523636,Very low availability,552,2
120806,JUNIN,YAULI,PACCHA,1.0,0.0,0.0,2.0,1.0,0.0,0.0,2.0,2.0,0.0,0.0,1.0,1.0,0.0,0.0,Missing activity values present,0.06391125855047272,0.0,0.03195562927523636,Very low availability,552,2
120809,JUNIN,YAULI,SUITUCANCHA,1.0,0.0,0.0,2.0,1.0,0.0,0.0,2.0,2.0,0.0,0.0,1.0,1.0,0.0,0.0,Missing activity values present,0.06391125855047272,0.0,0.03195562927523636,Very low availability,552,2
120908,JUNIN,CHUPACA,TRES DE DICIEMBRE,1.0,0.0,0.0,2.0,1.0,0.0,0.0,2.0,2.0,0.0,0.0,1.0,1.0,0.0,0.0,Missing activity values present,0.06391125855047272,0.0,0.03195562927523636,Very low availability,552,2
130108,LA LIBERTAD,TRUJILLO,POROTO,1.0,0.0,0.0,2.0,1.0,0.0,0.0,2.0,2.0,0.0,0.0,1.0,1.0,0.0,0.0,Missing activity values present,0.06391125855047272,0.0,0.03195562927523636,Very low availability,552,2
130110,LA LIBERTAD,TRUJILLO,SIMBAL,1.0,0.0,0.0,2.0,1.0,0.0,0.0,2.0,2.0,0.0,0.0,1.0,1.0,0.0,0.0,Missing activity values present,0.06391125855047272,0.0,0.03195562927523636,Very low availability,552,2
130204,LA LIBERTAD,ASCOPE,MAGDALENA DE CAO,1.0,0.0,0.0,0.0,0.0,0.0,0.0,0.0,0.0,0.0,0.0,0.0,0.0,0.0,0.0,No missing or zero activity values,0.06391125855047272,0.0,0.03195562927523636,Very low availability,552,2
130303,LA LIBERTAD,BOLIVAR,CONDORMARCA,1.0,0.0,0.0,0.0,0.0,0.0,0.0,0.0,0.0,0.0,0.0,0.0,0.0,0.0,0.0,No missing or zero activity values,0.06391125855047272,0.0,0.03195562927523636,Very low availability,552,2
130305,LA LIBERTAD,BOLIVAR,UCHUMARCA,1.0,0.0,0.0,0.0,0.0,0.0,0.0,0.0,0.0,0.0,0.0,0.0,0.0,0.0,0.0,No missing or zero activity values,0.06391125855047272,0.0,0.03195562927523636,Very low availability,552,2
130306,LA LIBERTAD,BOLIVAR,UCUNCHA,1.0,0.0,0.0,0.0,0.0,0.0,0.0,0.0,0.0,0.0,0.0,0.0,0.0,0.0,0.0,No missing or zero activity values,0.06391125855047272,0.0,0.03195562927523636,Very low availability,552,2
190203,PASCO,DANIEL ALCIDES CARRION,GOYLLARISQUIZGA,1.0,0.0,0.0,0.0,0.0,0.0,0.0,0.0,0.0,0.0,0.0,0.0,0.0,0.0,0.0,No missing or zero activity values,0.06391125855047272,0.0,0.03195562927523636,Very low availability,552,2
130606,LA LIBERTAD,OTUZCO,LA CUESTA,1.0,0.0,0.0,0.0,0.0,0.0,0.0,0.0,0.0,0.0,0.0,0.0,0.0,0.0,0.0,No missing or zero activity values,0.06391125855047272,0.0,0.03195562927523636,Very low availability,552,2
130610,LA LIBERTAD,OTUZCO,PARANDAY,1.0,0.0,0.0,0.0,0.0,0.0,0.0,0.0,0.0,0.0,0.0,0.0,0.0,0.0,0.0,No missing or zero activity values,0.06391125855047272,0.0,0.03195562927523636,Very low availability,552,2
130805,LA LIBERTAD,PATAZ,HUAYLILLAS,1.0,0.0,0.0,0.0,0.0,0.0,0.0,0.0,0.0,0.0,0.0,0.0,0.0,0.0,0.0,No missing or zero activity values,0.06391125855047272,0.0,0.03195562927523636,Very low availability,552,2
120406,JUNIN,JAUJA,CURICACA,1.0,0.0,0.0,2.0,1.0,0.0,0.0,2.0,2.0,0.0,0.0,1.0,1.0,0.0,0.0,Missing activity values present,0.06391125855047272,0.0,0.03195562927523636,Very low availability,552,2
120407,JUNIN,JAUJA,EL MANTARO,1.0,0.0,0.0,2.0,1.0,0.0,0.0,2.0,2.0,0.0,0.0,1.0,1.0,0.0,0.0,Missing activity values present,0.06391125855047272,0.0,0.03195562927523636,Very low availability,552,2
120408,JUNIN,JAUJA,HUAMALI,1.0,0.0,0.0,2.0,1.0,0.0,0.0,2.0,2.0,0.0,0.0,1.0,1.0,0.0,0.0,Missing activity values present,0.06391125855047272,0.0,0.03195562927523636,Very low availability,552,2
120409,JUNIN,JAUJA,HUARIPAMPA,1.0,0.0,0.0,2.0,1.0,0.0,0.0,2.0,2.0,0.0,0.0,1.0,1.0,0.0,0.0,Missing activity values present,0.06391125855047272,0.0,0.03195562927523636,Very low availability,552,2
120410,JUNIN,JAUJA,HUERTAS,1.0,0.0,0.0,2.0,1.0,0.0,0.0,2.0,2.0,0.0,0.0,1.0,1.0,0.0,0.0,Missing activity values present,0.06391125855047272,0.0,0.03195562927523636,Very low availability,552,2
120411,JUNIN,JAUJA,JANJAILLO,1.0,0.0,0.0,2.0,1.0,0.0,0.0,2.0,2.0,0.0,0.0,1.0,1.0,0.0,0.0,Missing activity values present,0.06391125855047272,0.0,0.03195562927523636,Very low availability,552,2
120412,JUNIN,JAUJA,JULCAN,1.0,0.0,0.0,2.0,1.0,0.0,0.0,2.0,2.0,0.0,0.0,1.0,1.0,0.0,0.0,Missing activity values present,0.06391125855047272,0.0,0.03195562927523636,Very low availability,552,2
120413,JUNIN,JAUJA,LEONOR ORDO?EZ,1.0,0.0,0.0,2.0,1.0,0.0,0.0,2.0,2.0,0.0,0.0,1.0,1.0,0.0,0.0,Missing activity values present,0.06391125855047272,0.0,0.03195562927523636,Very low availability,552,2
120415,JUNIN,JAUJA,MARCO,1.0,0.0,0.0,2.0,1.0,0.0,0.0,2.0,2.0,0.0,0.0,1.0,1.0,0.0,0.0,Missing activity values present,0.06391125855047272,0.0,0.03195562927523636,Very low availability,552,2
120417,JUNIN,JAUJA,MASMA CHICCHE,1.0,0.0,0.0,2.0,1.0,0.0,0.0,2.0,2.0,0.0,0.0,1.0,1.0,0.0,0.0,Missing activity values present,0.06391125855047272,0.0,0.03195562927523636,Very low availability,552,2
120420,JUNIN,JAUJA,MUQUI,1.0,0.0,0.0,2.0,1.0,0.0,0.0,2.0,2.0,0.0,0.0,1.0,1.0,0.0,0.0,Missing activity values present,0.06391125855047272,0.0,0.03195562927523636,Very low availability,552,2
120428,JUNIN,JAUJA,SAN LORENZO,1.0,0.0,0.0,2.0,1.0,0.0,0.0,2.0,2.0,0.0,0.0,1.0,1.0,0.0,0.0,Missing activity values present,0.06391125855047272,0.0,0.03195562927523636,Very low availability,552,2
120429,JUNIN,JAUJA,SAN PEDRO DE CHUNAN,1.0,0.0,0.0,2.0,1.0,0.0,0.0,2.0,2.0,0.0,0.0,1.0,1.0,0.0,0.0,Missing activity values present,0.06391125855047272,0.0,0.03195562927523636,Very low availability,552,2
120430,JUNIN,JAUJA,SAUSA,1.0,0.0,0.0,2.0,1.0,0.0,0.0,2.0,2.0,0.0,0.0,1.0,1.0,0.0,0.0,Missing activity values present,0.06391125855047272,0.0,0.03195562927523636,Very low availability,552,2
120432,JUNIN,JAUJA,TUNAN MARCA,1.0,0.0,0.0,2.0,1.0,0.0,0.0,2.0,2.0,0.0,0.0,1.0,1.0,0.0,0.0,Missing activity values present,0.06391125855047272,0.0,0.03195562927523636,Very low availability,552,2
120433,JUNIN,JAUJA,YAULI,1.0,0.0,0.0,2.0,1.0,0.0,0.0,2.0,2.0,0.0,0.0,1.0,1.0,0.0,0.0,Missing activity values present,0.06391125855047272,0.0,0.03195562927523636,Very low availability,552,2
110405,ICA,PALPA,TIBILLO,1.0,0.0,0.0,0.0,0.0,0.0,0.0,0.0,0.0,0.0,0.0,0.0,0.0,0.0,0.0,No missing or zero activity values,0.06391125855047272,0.0,0.03195562927523636,Very low availability,552,2
120104,JUNIN,HUANCAYO,CARHUACALLANGA,1.0,0.0,0.0,2.0,1.0,0.0,0.0,2.0,2.0,0.0,0.0,1.0,1.0,0.0,0.0,Missing activity values present,0.06391125855047272,0.0,0.03195562927523636,Very low availability,552,2
120108,JUNIN,HUANCAYO,CHONGOS ALTO,1.0,0.0,0.0,2.0,1.0,0.0,0.0,2.0,2.0,0.0,0.0,1.0,1.0,0.0,0.0,Missing activity values present,0.06391125855047272,0.0,0.03195562927523636,Very low availability,552,2
120116,JUNIN,HUANCAYO,HUACRAPUQUIO,1.0,0.0,0.0,2.0,1.0,0.0,0.0,2.0,2.0,0.0,0.0,1.0,1.0,0.0,0.0,Missing activity values present,0.06391125855047272,0.0,0.03195562927523636,Very low availability,552,2
120117,JUNIN,HUANCAYO,HUALHUAS,1.0,0.0,0.0,2.0,1.0,0.0,0.0,2.0,2.0,0.0,0.0,1.0,1.0,0.0,0.0,Missing activity values present,0.06391125855047272,0.0,0.03195562927523636,Very low availability,552,2
120120,JUNIN,HUANCAYO,HUASICANCHA,1.0,0.0,0.0,2.0,1.0,0.0,0.0,2.0,2.0,0.0,0.0,1.0,1.0,0.0,0.0,Missing activity values present,0.06391125855047272,0.0,0.03195562927523636,Very low availability,552,2
120127,JUNIN,HUANCAYO,QUICHUAY,1.0,0.0,0.0,2.0,1.0,0.0,0.0,2.0,2.0,0.0,0.0,1.0,1.0,0.0,0.0,Missing activity values present,0.06391125855047272,0.0,0.03195562927523636,Very low availability,552,2
120130,JUNIN,HUANCAYO,SAN JERONIMO DE TUNAN,1.0,0.0,0.0,2.0,1.0,0.0,0.0,2.0,2.0,0.0,0.0,1.0,1.0,0.0,0.0,Missing activity values present,0.06391125855047272,0.0,0.03195562927523636,Very low availability,552,2
120132,JUNIN,HUANCAYO,SA?O,1.0,0.0,0.0,2.0,1.0,0.0,0.0,2.0,2.0,0.0,0.0,1.0,1.0,0.0,0.0,Missing activity values present,0.06391125855047272,0.0,0.03195562927523636,Very low availability,552,2
120134,JUNIN,HUANCAYO,SICAYA,1.0,0.0,0.0,2.0,1.0,0.0,0.0,2.0,2.0,0.0,0.0,1.0,1.0,0.0,0.0,Missing activity values present,0.06391125855047272,0.0,0.03195562927523636,Very low availability,552,2
120136,JUNIN,HUANCAYO,VIQUES,1.0,0.0,0.0,2.0,1.0,0.0,0.0,2.0,2.0,0.0,0.0,1.0,1.0,0.0,0.0,Missing activity values present,0.06391125855047272,0.0,0.03195562927523636,Very low availability,552,2
120207,JUNIN,CONCEPCION,HEROINAS TOLEDO,1.0,0.0,0.0,2.0,1.0,0.0,0.0,2.0,2.0,0.0,0.0,1.0,1.0,0.0,0.0,Missing activity values present,0.06391125855047272,0.0,0.03195562927523636,Very low availability,552,2
120208,JUNIN,CONCEPCION,MANZANARES,1.0,0.0,0.0,2.0,1.0,0.0,0.0,2.0,2.0,0.0,0.0,1.0,1.0,0.0,0.0,Missing activity values present,0.06391125855047272,0.0,0.03195562927523636,Very low availability,552,2
120209,JUNIN,CONCEPCION,MARISCAL CASTILLA,1.0,0.0,0.0,3.0,2.0,0.0,0.0,3.0,3.0,0.0,0.0,1.0,1.0,0.0,0.0,Missing activity values present,0.06391125855047272,0.0,0.03195562927523636,Very low availability,552,2
120212,JUNIN,CONCEPCION,NUEVE DE JULIO,1.0,0.0,0.0,2.0,1.0,0.0,0.0,2.0,2.0,0.0,0.0,1.0,1.0,0.0,0.0,Missing activity values present,0.06391125855047272,0.0,0.03195562927523636,Very low availability,552,2
120404,JUNIN,JAUJA,ATAURA,1.0,0.0,0.0,2.0,1.0,0.0,0.0,2.0,2.0,0.0,0.0,1.0,1.0,0.0,0.0,Missing activity values present,0.06391125855047272,0.0,0.03195562927523636,Very low availability,552,2
100322,HUANUCO,DOS DE MAYO,SILLAPATA,1.0,0.0,0.0,0.0,0.0,0.0,0.0,0.0,0.0,0.0,0.0,0.0,0.0,0.0,0.0,No missing or zero activity values,0.06391125855047272,0.0,0.03195562927523636,Very low availability,552,2
100323,HUANUCO,DOS DE MAYO,YANAS,1.0,0.0,0.0,0.0,0.0,0.0,0.0,0.0,0.0,0.0,0.0,0.0,0.0,0.0,0.0,No missing or zero activity values,0.06391125855047272,0.0,0.03195562927523636,Very low availability,552,2
100502,HUANUCO,HUAMALIES,ARANCAY,1.0,0.0,0.0,4.0,2.0,0.0,0.0,4.0,4.0,0.0,0.0,1.0,1.0,0.0,0.0,Missing activity values present,0.06391125855047272,0.0,0.03195562927523636,Very low availability,552,2
100505,HUANUCO,HUAMALIES,JIRCAN,1.0,0.0,0.0,2.0,1.0,0.0,0.0,2.0,2.0,0.0,0.0,1.0,1.0,0.0,0.0,Missing activity values present,0.06391125855047272,0.0,0.03195562927523636,Very low availability,552,2
100506,HUANUCO,HUAMALIES,MIRAFLORES,1.0,0.0,0.0,2.0,1.0,0.0,0.0,2.0,2.0,0.0,0.0,1.0,1.0,0.0,0.0,Missing activity values present,0.06391125855047272,0.0,0.03195562927523636,Very low availability,552,2
100508,HUANUCO,HUAMALIES,PUNCHAO,1.0,0.0,0.0,2.0,1.0,0.0,0.0,2.0,2.0,0.0,0.0,1.0,1.0,0.0,0.0,Missing activity values present,0.06391125855047272,0.0,0.03195562927523636,Very low availability,552,2
100608,HUANUCO,LEONCIO PRADO,CASTILLO GRANDE,1.0,0.0,0.0,0.0,0.0,0.0,0.0,0.0,0.0,0.0,0.0,0.0,0.0,0.0,0.0,No missing or zero activity values,0.06391125855047272,0.0,0.03195562927523636,Very low availability,552,2
100609,HUANUCO,LEONCIO PRADO,PUEBLO NUEVO,1.0,0.0,0.0,0.0,0.0,0.0,0.0,0.0,0.0,0.0,0.0,0.0,0.0,0.0,0.0,No missing or zero activity values,0.06391125855047272,0.0,0.03195562927523636,Very low availability,552,2
100610,HUANUCO,LEONCIO PRADO,SANTO DOMINGO DE ANDA,1.0,0.0,0.0,0.0,0.0,0.0,0.0,0.0,0.0,0.0,0.0,0.0,0.0,0.0,0.0,No missing or zero activity values,0.06391125855047272,0.0,0.03195562927523636,Very low availability,552,2
100704,HUANUCO,MARAÑON,LA MORADA,1.0,0.0,0.0,0.0,0.0,0.0,0.0,0.0,0.0,0.0,0.0,0.0,0.0,0.0,0.0,No missing or zero activity values,0.06391125855047272,0.0,0.03195562927523636,Very low availability,552,2
101004,HUANUCO,LAURICOCHA,QUEROPALCA,1.0,0.0,1.0,0.0,0.0,0.0,0.0,0.0,0.0,0.0,0.0,0.0,0.0,0.0,0.0,No missing or zero activity values,0.06391125855047272,0.0,0.03195562927523636,Very low availability,552,2
101102,HUANUCO,YAROWILCA,CAHUAC,1.0,0.0,0.0,0.0,0.0,0.0,0.0,0.0,0.0,0.0,0.0,0.0,0.0,0.0,0.0,No missing or zero activity values,0.06391125855047272,0.0,0.03195562927523636,Very low availability,552,2
101105,HUANUCO,YAROWILCA,JACAS CHICO,1.0,0.0,0.0,0.0,0.0,0.0,0.0,0.0,0.0,0.0,0.0,0.0,0.0,0.0,0.0,No missing or zero activity values,0.06391125855047272,0.0,0.03195562927523636,Very low availability,552,2
101107,HUANUCO,YAROWILCA,PAMPAMARCA,1.0,0.0,0.0,0.0,0.0,0.0,0.0,0.0,0.0,0.0,0.0,0.0,0.0,0.0,0.0,No missing or zero activity values,0.06391125855047272,0.0,0.03195562927523636,Very low availability,552,2
110203,ICA,CHINCHA,CHAVIN,1.0,0.0,0.0,0.0,0.0,0.0,0.0,0.0,0.0,0.0,0.0,0.0,0.0,0.0,0.0,No missing or zero activity values,0.06391125855047272,0.0,0.03195562927523636,Very low availability,552,2
110402,ICA,PALPA,LLIPATA,1.0,0.0,0.0,2.0,1.0,0.0,0.0,2.0,2.0,0.0,0.0,1.0,1.0,0.0,0.0,Missing activity values present,0.06391125855047272,0.0,0.03195562927523636,Very low availability,552,2
090309,HUANCAVELICA,ANGARAES,JULCAMARCA,1.0,0.0,1.0,0.0,0.0,0.0,0.0,0.0,0.0,0.0,0.0,0.0,0.0,0.0,0.0,No missing or zero activity values,0.06391125855047272,0.0,0.03195562927523636,Very low availability,552,2
090406,HUANCAVELICA,CASTROVIRREYNA,COCAS,1.0,0.0,0.0,2.0,1.0,0.0,0.0,2.0,2.0,0.0,0.0,1.0,1.0,0.0,0.0,Missing activity values present,0.06391125855047272,0.0,0.03195562927523636,Very low availability,552,2
090408,HUANCAVELICA,CASTROVIRREYNA,HUAMATAMBO,1.0,0.0,0.0,2.0,1.0,0.0,0.0,2.0,2.0,0.0,0.0,1.0,1.0,0.0,0.0,Missing activity values present,0.06391125855047272,0.0,0.03195562927523636,Very low availability,552,2
090505,HUANCAVELICA,CHURCAMPA,LA MERCED,1.0,0.0,1.0,2.0,1.0,0.0,0.0,2.0,2.0,0.0,0.0,1.0,1.0,0.0,0.0,Missing activity values present,0.06391125855047272,0.0,0.03195562927523636,Very low availability,552,2
090604,HUANCAVELICA,HUAYTARA,HUAYACUNDO ARMA,1.0,0.0,1.0,2.0,1.0,0.0,0.0,2.0,2.0,0.0,0.0,1.0,1.0,0.0,0.0,Missing activity values present,0.06391125855047272,0.0,0.03195562927523636,Very low availability,552,2
090608,HUANCAVELICA,HUAYTARA,QUERCO,1.0,0.0,0.0,2.0,1.0,0.0,0.0,2.0,2.0,0.0,0.0,1.0,1.0,0.0,0.0,Missing activity values present,0.06391125855047272,0.0,0.03195562927523636,Very low availability,552,2
090612,HUANCAVELICA,HUAYTARA,SAN ISIDRO,1.0,0.0,0.0,2.0,1.0,0.0,0.0,2.0,2.0,0.0,0.0,1.0,1.0,0.0,0.0,Missing activity values present,0.06391125855047272,0.0,0.03195562927523636,Very low availability,552,2
090614,HUANCAVELICA,HUAYTARA,SANTIAGO DE QUIRAHUARA,1.0,0.0,0.0,2.0,1.0,0.0,0.0,2.0,2.0,0.0,0.0,1.0,1.0,0.0,0.0,Missing activity values present,0.06391125855047272,0.0,0.03195562927523636,Very low availability,552,2
090616,HUANCAVELICA,HUAYTARA,TAMBO,1.0,0.0,0.0,2.0,1.0,0.0,0.0,2.0,2.0,0.0,0.0,1.0,1.0,0.0,0.0,Missing activity values present,0.06391125855047272,0.0,0.03195562927523636,Very low availability,552,2
010304,AMAZONAS,BONGARA,COROSHA,1.0,0.0,0.0,0.0,0.0,0.0,0.0,0.0,0.0,0.0,0.0,0.0,0.0,0.0,0.0,No missing or zero activity values,0.06391125855047272,0.0,0.03195562927523636,Very low availability,552,2
010102,AMAZONAS,CHACHAPOYAS,ASUNCION,1.0,0.0,0.0,0.0,0.0,0.0,0.0,0.0,0.0,0.0,0.0,0.0,0.0,0.0,0.0,No missing or zero activity values,0.06391125855047272,0.0,0.03195562927523636,Very low availability,552,2
240303,TUMBES,ZARUMILLA,MATAPALO,1.0,0.0,0.0,2.0,1.0,0.0,0.0,2.0,2.0,0.0,0.0,1.0,1.0,0.0,0.0,Missing activity values present,0.06391125855047272,0.0,0.03195562927523636,Very low availability,552,2
200503,PIURA,PAITA,ARENAL,1.0,0.0,0.0,0.0,0.0,0.0,0.0,0.0,0.0,0.0,0.0,0.0,0.0,0.0,0.0,No missing or zero activity values,0.06391125855047272,0.0,0.03195562927523636,Very low availability,552,2
200506,PIURA,PAITA,TAMARINDO,1.0,0.0,0.0,0.0,0.0,0.0,0.0,0.0,0.0,0.0,0.0,0.0,0.0,0.0,0.0,No missing or zero activity values,0.06391125855047272,0.0,0.03195562927523636,Very low availability,552,2
100208,HUANUCO,AMBO,TOMAY-KICHWA,1.0,0.0,0.0,0.0,0.0,0.0,0.0,0.0,0.0,0.0,0.0,0.0,0.0,0.0,0.0,No missing or zero activity values,0.06391125855047272,0.0,0.03195562927523636,Very low availability,552,2
100316,HUANUCO,DOS DE MAYO,QUIVILLA,1.0,0.0,1.0,0.0,0.0,0.0,0.0,0.0,0.0,0.0,0.0,0.0,0.0,0.0,0.0,No missing or zero activity values,0.06391125855047272,0.0,0.03195562927523636,Very low availability,552,2
210113,PUNO,PUNO,SAN ANTONIO,1.0,0.0,0.0,2.0,1.0,0.0,0.0,2.0,2.0,0.0,0.0,1.0,1.0,0.0,0.0,Missing activity values present,0.06391125855047272,0.0,0.03195562927523636,Very low availability,552,2
210202,PUNO,AZANGARO,ACHAYA,1.0,0.0,0.0,2.0,1.0,0.0,0.0,2.0,2.0,0.0,0.0,1.0,1.0,0.0,0.0,Missing activity values present,0.06391125855047272,0.0,0.03195562927523636,Very low availability,552,2
081202,CUSCO,QUISPICANCHI,ANDAHUAYLILLAS,1.0,0.0,0.0,2.0,1.0,0.0,0.0,2.0,2.0,0.0,0.0,1.0,1.0,0.0,0.0,Missing activity values present,0.06391125855047272,0.0,0.03195562927523636,Very low availability,552,2
081204,CUSCO,QUISPICANCHI,CCARHUAYO,1.0,0.0,0.0,2.0,1.0,0.0,0.0,2.0,2.0,0.0,0.0,1.0,1.0,0.0,0.0,Missing activity values present,0.06391125855047272,0.0,0.03195562927523636,Very low availability,552,2
081208,CUSCO,QUISPICANCHI,LUCRE,1.0,0.0,0.0,2.0,1.0,0.0,0.0,2.0,2.0,0.0,0.0,1.0,1.0,0.0,0.0,Missing activity values present,0.06391125855047272,0.0,0.03195562927523636,Very low availability,552,2
081211,CUSCO,QUISPICANCHI,OROPESA,1.0,0.0,0.0,2.0,1.0,0.0,0.0,2.0,2.0,0.0,0.0,1.0,1.0,0.0,0.0,Missing activity values present,0.06391125855047272,0.0,0.03195562927523636,Very low availability,552,2
081303,CUSCO,URUBAMBA,HUAYLLABAMBA,1.0,0.0,0.0,0.0,0.0,0.0,0.0,0.0,0.0,0.0,0.0,0.0,0.0,0.0,0.0,No missing or zero activity values,0.06391125855047272,0.0,0.03195562927523636,Very low availability,552,2
081307,CUSCO,URUBAMBA,YUCAY,1.0,0.0,0.0,0.0,0.0,0.0,0.0,0.0,0.0,0.0,0.0,0.0,0.0,0.0,0.0,No missing or zero activity values,0.06391125855047272,0.0,0.03195562927523636,Very low availability,552,2
090104,HUANCAVELICA,HUANCAVELICA,CONAYCA,1.0,0.0,0.0,2.0,1.0,0.0,0.0,2.0,2.0,0.0,0.0,1.0,1.0,0.0,0.0,Missing activity values present,0.06391125855047272,0.0,0.03195562927523636,Very low availability,552,2
090107,HUANCAVELICA,HUANCAVELICA,HUAYLLAHUARA,1.0,0.0,0.0,2.0,1.0,0.0,0.0,2.0,2.0,0.0,0.0,1.0,1.0,0.0,0.0,Missing activity values present,0.06391125855047272,0.0,0.03195562927523636,Very low availability,552,2
090111,HUANCAVELICA,HUANCAVELICA,MARISCAL CACERES,1.0,0.0,0.0,2.0,1.0,0.0,0.0,2.0,2.0,0.0,0.0,1.0,1.0,0.0,0.0,Missing activity values present,0.06391125855047272,0.0,0.03195562927523636,Very low availability,552,2
200704,PIURA,TALARA,LOBITOS,1.0,0.0,0.0,0.0,0.0,0.0,0.0,0.0,0.0,0.0,0.0,0.0,0.0,0.0,0.0,No missing or zero activity values,0.06391125855047272,0.0,0.03195562927523636,Very low availability,552,2
200806,PIURA,SECHURA,RINCONADA-LLICUAR,1.0,0.0,0.0,0.0,0.0,0.0,0.0,0.0,0.0,0.0,0.0,0.0,0.0,0.0,0.0,No missing or zero activity values,0.06391125855047272,0.0,0.03195562927523636,Very low availability,552,2
210104,PUNO,PUNO,ATUNCOLLA,1.0,0.0,0.0,2.0,1.0,0.0,0.0,2.0,2.0,0.0,0.0,1.0,1.0,0.0,0.0,Missing activity values present,0.06391125855047272,0.0,0.03195562927523636,Very low availability,552,2
090303,HUANCAVELICA,ANGARAES,CALLANMARCA,1.0,0.0,0.0,0.0,0.0,0.0,0.0,0.0,0.0,0.0,0.0,0.0,0.0,0.0,0.0,No missing or zero activity values,0.06391125855047272,0.0,0.03195562927523636,Very low availability,552,2
090308,HUANCAVELICA,ANGARAES,HUALLAY-GRANDE,1.0,0.0,0.0,0.0,0.0,0.0,0.0,0.0,0.0,0.0,0.0,0.0,0.0,0.0,0.0,No missing or zero activity values,0.06391125855047272,0.0,0.03195562927523636,Very low availability,552,2
080802,CUSCO,ESPINAR,CONDOROMA,1.0,0.0,0.0,2.0,1.0,0.0,0.0,2.0,2.0,0.0,0.0,1.0,1.0,0.0,0.0,Missing activity values present,0.06391125855047272,0.0,0.03195562927523636,Very low availability,552,2
080804,CUSCO,ESPINAR,OCORURO,1.0,0.0,0.0,2.0,1.0,0.0,0.0,2.0,2.0,0.0,0.0,1.0,1.0,0.0,0.0,Missing activity values present,0.06391125855047272,0.0,0.03195562927523636,Very low availability,552,2
080805,CUSCO,ESPINAR,PALLPATA,1.0,0.0,0.0,2.0,1.0,0.0,0.0,2.0,2.0,0.0,0.0,1.0,1.0,0.0,0.0,Missing activity values present,0.06391125855047272,0.0,0.03195562927523636,Very low availability,552,2
080807,CUSCO,ESPINAR,SUYCKUTAMBO,1.0,0.0,0.0,2.0,1.0,0.0,0.0,2.0,2.0,0.0,0.0,1.0,1.0,0.0,0.0,Missing activity values present,0.06391125855047272,0.0,0.03195562927523636,Very low availability,552,2
080808,CUSCO,ESPINAR,ALTO PICHIGUA,1.0,0.0,0.0,2.0,1.0,0.0,0.0,2.0,2.0,0.0,0.0,1.0,1.0,0.0,0.0,Missing activity values present,0.06391125855047272,0.0,0.03195562927523636,Very low availability,552,2
151021,LIMA,YAUYOS,MIRAFLORES,1.0,0.0,0.0,0.0,0.0,0.0,0.0,0.0,0.0,0.0,0.0,0.0,0.0,0.0,0.0,No missing or zero activity values,0.06391125855047272,0.0,0.03195562927523636,Very low availability,552,2
151022,LIMA,YAUYOS,OMAS,1.0,0.0,1.0,0.0,0.0,0.0,0.0,0.0,0.0,0.0,0.0,0.0,0.0,0.0,0.0,No missing or zero activity values,0.06391125855047272,0.0,0.03195562927523636,Very low availability,552,2
230403,TACNA,TARATA,ESTIQUE,1.0,0.0,0.0,0.0,0.0,0.0,0.0,0.0,0.0,0.0,0.0,0.0,0.0,0.0,0.0,No missing or zero activity values,0.06391125855047272,0.0,0.03195562927523636,Very low availability,552,2
151004,LIMA,YAUYOS,AYAVIRI,1.0,0.0,1.0,0.0,0.0,0.0,0.0,0.0,0.0,0.0,0.0,0.0,0.0,0.0,0.0,No missing or zero activity values,0.06391125855047272,0.0,0.03195562927523636,Very low availability,552,2
081002,CUSCO,PARURO,ACCHA,1.0,0.0,0.0,2.0,1.0,0.0,0.0,2.0,2.0,0.0,0.0,1.0,1.0,0.0,0.0,Missing activity values present,0.06391125855047272,0.0,0.03195562927523636,Very low availability,552,2
081005,CUSCO,PARURO,HUANOQUITE,1.0,0.0,0.0,2.0,1.0,0.0,0.0,2.0,2.0,0.0,0.0,1.0,1.0,0.0,0.0,Missing activity values present,0.06391125855047272,0.0,0.03195562927523636,Very low availability,552,2
081007,CUSCO,PARURO,PACCARITAMBO,1.0,0.0,0.0,2.0,1.0,0.0,0.0,2.0,2.0,0.0,0.0,1.0,1.0,0.0,0.0,Missing activity values present,0.06391125855047272,0.0,0.03195562927523636,Very low availability,552,2
081008,CUSCO,PARURO,PILLPINTO,1.0,0.0,0.0,2.0,1.0,0.0,0.0,2.0,2.0,0.0,0.0,1.0,1.0,0.0,0.0,Missing activity values present,0.06391125855047272,0.0,0.03195562927523636,Very low availability,552,2
081009,CUSCO,PARURO,YAURISQUE,1.0,0.0,0.0,2.0,1.0,0.0,0.0,2.0,2.0,0.0,0.0,1.0,1.0,0.0,0.0,Missing activity values present,0.06391125855047272,0.0,0.03195562927523636,Very low availability,552,2
210108,PUNO,PUNO,HUATA,1.0,0.0,0.0,2.0,1.0,0.0,0.0,2.0,2.0,0.0,0.0,1.0,1.0,0.0,0.0,Missing activity values present,0.06391125855047272,0.0,0.03195562927523636,Very low availability,552,2
210110,PUNO,PUNO,PAUCARCOLLA,1.0,0.0,0.0,2.0,1.0,0.0,0.0,2.0,2.0,0.0,0.0,1.0,1.0,0.0,0.0,Missing activity values present,0.06391125855047272,0.0,0.03195562927523636,Very low availability,552,2
080107,CUSCO,CUSCO,SAYLLA,1.0,0.0,0.0,2.0,1.0,0.0,0.0,2.0,2.0,0.0,0.0,1.0,1.0,0.0,0.0,Missing activity values present,0.06391125855047272,0.0,0.03195562927523636,Very low availability,552,2
080202,CUSCO,ACOMAYO,ACOPIA,1.0,0.0,0.0,2.0,1.0,0.0,0.0,2.0,2.0,0.0,0.0,1.0,1.0,0.0,0.0,Missing activity values present,0.06391125855047272,0.0,0.03195562927523636,Very low availability,552,2
080203,CUSCO,ACOMAYO,ACOS,1.0,0.0,0.0,2.0,1.0,0.0,0.0,2.0,2.0,0.0,0.0,1.0,1.0,0.0,0.0,Missing activity values present,0.06391125855047272,0.0,0.03195562927523636,Very low availability,552,2
080204,CUSCO,ACOMAYO,MOSOC LLACTA,1.0,0.0,0.0,2.0,1.0,0.0,0.0,2.0,2.0,0.0,0.0,1.0,1.0,0.0,0.0,Missing activity values present,0.06391125855047272,0.0,0.03195562927523636,Very low availability,552,2
080206,CUSCO,ACOMAYO,RONDOCAN,1.0,0.0,0.0,2.0,1.0,0.0,0.0,2.0,2.0,0.0,0.0,1.0,1.0,0.0,0.0,Missing activity values present,0.06391125855047272,0.0,0.03195562927523636,Very low availability,552,2
080302,CUSCO,ANTA,ANCAHUASI,1.0,0.0,0.0,0.0,0.0,0.0,0.0,0.0,0.0,0.0,0.0,0.0,0.0,0.0,0.0,No missing or zero activity values,0.06391125855047272,0.0,0.03195562927523636,Very low availability,552,2
080303,CUSCO,ANTA,CACHIMAYO,1.0,0.0,0.0,0.0,0.0,0.0,0.0,0.0,0.0,0.0,0.0,0.0,0.0,0.0,0.0,No missing or zero activity values,0.06391125855047272,0.0,0.03195562927523636,Very low availability,552,2
080308,CUSCO,ANTA,PUCYURA,1.0,0.0,0.0,0.0,0.0,0.0,0.0,0.0,0.0,0.0,0.0,0.0,0.0,0.0,0.0,No missing or zero activity values,0.06391125855047272,0.0,0.03195562927523636,Very low availability,552,2
080309,CUSCO,ANTA,ZURITE,1.0,0.0,0.0,0.0,0.0,0.0,0.0,0.0,0.0,0.0,0.0,0.0,0.0,0.0,0.0,No missing or zero activity values,0.06391125855047272,0.0,0.03195562927523636,Very low availability,552,2
080505,CUSCO,CANAS,LAYO,1.0,0.0,0.0,2.0,1.0,0.0,0.0,2.0,2.0,0.0,0.0,1.0,1.0,0.0,0.0,Missing activity values present,0.06391125855047272,0.0,0.03195562927523636,Very low availability,552,2
080506,CUSCO,CANAS,PAMPAMARCA,1.0,0.0,0.0,2.0,1.0,0.0,0.0,2.0,2.0,0.0,0.0,1.0,1.0,0.0,0.0,Missing activity values present,0.06391125855047272,0.0,0.03195562927523636,Very low availability,552,2
080602,CUSCO,CANCHIS,CHECACUPE,1.0,0.0,0.0,2.0,1.0,0.0,0.0,2.0,2.0,0.0,0.0,1.0,1.0,0.0,0.0,Missing activity values present,0.06391125855047272,0.0,0.03195562927523636,Very low availability,552,2
210213,PUNO,AZANGARO,SAN JUAN DE SALINAS,1.0,0.0,0.0,0.0,0.0,0.0,0.0,0.0,0.0,0.0,0.0,0.0,0.0,0.0,0.0,No missing or zero activity values,0.06391125855047272,0.0,0.03195562927523636,Very low availability,552,2
210215,PUNO,AZANGARO,TIRAPATA,1.0,0.0,0.0,0.0,0.0,0.0,0.0,0.0,0.0,0.0,0.0,0.0,0.0,0.0,0.0,No missing or zero activity values,0.06391125855047272,0.0,0.03195562927523636,Very low availability,552,2
080607,CUSCO,CANCHIS,SAN PEDRO,1.0,0.0,0.0,2.0,1.0,0.0,0.0,2.0,2.0,0.0,0.0,1.0,1.0,0.0,0.0,Missing activity values present,0.06391125855047272,0.0,0.03195562927523636,Very low availability,552,2
080608,CUSCO,CANCHIS,TINTA,1.0,0.0,0.0,2.0,1.0,0.0,0.0,2.0,2.0,0.0,0.0,1.0,1.0,0.0,0.0,Missing activity values present,0.06391125855047272,0.0,0.03195562927523636,Very low availability,552,2
051103,AYACUCHO,VILCAS HUAMAN,CARHUANCA,1.0,0.0,0.0,2.0,1.0,0.0,0.0,2.0,2.0,0.0,0.0,1.0,1.0,0.0,0.0,Missing activity values present,0.06391125855047272,0.0,0.03195562927523636,Very low availability,552,2
051107,AYACUCHO,VILCAS HUAMAN,SAURAMA,1.0,0.0,0.0,2.0,1.0,0.0,0.0,2.0,2.0,0.0,0.0,1.0,1.0,0.0,0.0,Missing activity values present,0.06391125855047272,0.0,0.03195562927523636,Very low availability,552,2
060107,CAJAMARCA,CAJAMARCA,LLACANORA,1.0,0.0,0.0,6.0,2.0,0.0,0.0,6.0,6.0,0.0,0.0,1.0,1.0,0.0,0.0,Missing activity values present,0.06391125855047272,0.0,0.03195562927523636,Very low availability,552,2
060110,CAJAMARCA,CAJAMARCA,MATARA,1.0,0.0,0.0,2.0,1.0,0.0,0.0,2.0,2.0,0.0,0.0,1.0,1.0,0.0,0.0,Missing activity values present,0.06391125855047272,0.0,0.03195562927523636,Very low availability,552,2
060305,CAJAMARCA,CELENDIN,JORGE CHAVEZ,1.0,0.0,0.0,0.0,0.0,0.0,0.0,0.0,0.0,0.0,0.0,0.0,0.0,0.0,0.0,No missing or zero activity values,0.06391125855047272,0.0,0.03195562927523636,Very low availability,552,2
060311,CAJAMARCA,CELENDIN,UTCO,1.0,0.0,0.0,0.0,0.0,0.0,0.0,0.0,0.0,0.0,0.0,0.0,0.0,0.0,0.0,No missing or zero activity values,0.06391125855047272,0.0,0.03195562927523636,Very low availability,552,2
060418,CAJAMARCA,CHOTA,TOCMOCHE,1.0,0.0,0.0,0.0,0.0,0.0,0.0,0.0,0.0,0.0,0.0,0.0,0.0,0.0,0.0,No missing or zero activity values,0.06391125855047272,0.0,0.03195562927523636,Very low availability,552,2
060506,CAJAMARCA,CONTUMAZA,SANTA CRUZ DE TOLED,1.0,0.0,0.0,3.0,1.0,0.0,0.0,3.0,3.0,0.0,0.0,1.0,1.0,0.0,0.0,Missing activity values present,0.06391125855047272,0.0,0.03195562927523636,Very low availability,552,2
060507,CAJAMARCA,CONTUMAZA,TANTARICA,1.0,0.0,0.0,6.0,1.0,0.0,0.0,6.0,6.0,0.0,0.0,1.0,1.0,0.0,0.0,Missing activity values present,0.06391125855047272,0.0,0.03195562927523636,Very low availability,552,2
061003,CAJAMARCA,SAN MARCOS,EDUARDO VILLANUEVA,1.0,0.0,0.0,3.0,1.0,0.0,0.0,3.0,3.0,0.0,0.0,1.0,1.0,0.0,0.0,Missing activity values present,0.06391125855047272,0.0,0.03195562927523636,Very low availability,552,2
061106,CAJAMARCA,SAN MIGUEL,LA FLORIDA,1.0,0.0,0.0,2.0,1.0,0.0,0.0,2.0,2.0,0.0,0.0,1.0,1.0,0.0,0.0,Missing activity values present,0.06391125855047272,0.0,0.03195562927523636,Very low availability,552,2
210603,PUNO,HUANCANE,HUATASANI,1.0,0.0,0.0,0.0,0.0,0.0,0.0,0.0,0.0,0.0,0.0,0.0,0.0,0.0,0.0,No missing or zero activity values,0.06391125855047272,0.0,0.03195562927523636,Very low availability,552,2
061302,CAJAMARCA,SANTA CRUZ,ANDABAMBA,1.0,0.0,0.0,0.0,0.0,0.0,0.0,0.0,0.0,0.0,0.0,0.0,0.0,0.0,0.0,No missing or zero activity values,0.06391125855047272,0.0,0.03195562927523636,Very low availability,552,2
061309,CAJAMARCA,SANTA CRUZ,SEXI,1.0,0.0,0.0,0.0,0.0,0.0,0.0,0.0,0.0,0.0,0.0,0.0,0.0,0.0,0.0,No missing or zero activity values,0.06391125855047272,0.0,0.03195562927523636,Very low availability,552,2
080102,CUSCO,CUSCO,CCORCA,1.0,0.0,0.0,0.0,0.0,0.0,0.0,0.0,0.0,0.0,0.0,0.0,0.0,0.0,0.0,No missing or zero activity values,0.06391125855047272,0.0,0.03195562927523636,Very low availability,552,2
080103,CUSCO,CUSCO,POROY,1.0,0.0,0.0,0.0,0.0,0.0,0.0,0.0,0.0,0.0,0.0,0.0,0.0,0.0,0.0,No missing or zero activity values,0.06391125855047272,0.0,0.03195562927523636,Very low availability,552,2
050802,AYACUCHO,PAUCAR DEL SARA SARA,COLTA,1.0,0.0,0.0,0.0,0.0,0.0,0.0,0.0,0.0,0.0,0.0,0.0,0.0,0.0,0.0,No missing or zero activity values,0.06391125855047272,0.0,0.03195562927523636,Very low availability,552,2
050803,AYACUCHO,PAUCAR DEL SARA SARA,CORCULLA,1.0,0.0,0.0,0.0,0.0,0.0,0.0,0.0,0.0,0.0,0.0,0.0,0.0,0.0,0.0,No missing or zero activity values,0.06391125855047272,0.0,0.03195562927523636,Very low availability,552,2
050805,AYACUCHO,PAUCAR DEL SARA SARA,MARCABAMBA,1.0,0.0,0.0,0.0,0.0,0.0,0.0,0.0,0.0,0.0,0.0,0.0,0.0,0.0,0.0,No missing or zero activity values,0.06391125855047272,0.0,0.03195562927523636,Very low availability,552,2
050807,AYACUCHO,PAUCAR DEL SARA SARA,PARARCA,1.0,0.0,0.0,0.0,0.0,0.0,0.0,0.0,0.0,0.0,0.0,0.0,0.0,0.0,0.0,No missing or zero activity values,0.06391125855047272,0.0,0.03195562927523636,Very low availability,552,2
050808,AYACUCHO,PAUCAR DEL SARA SARA,SAN JAVIER DE ALPABAMBA,1.0,0.0,0.0,0.0,0.0,0.0,0.0,0.0,0.0,0.0,0.0,0.0,0.0,0.0,0.0,No missing or zero activity values,0.06391125855047272,0.0,0.03195562927523636,Very low availability,552,2
050809,AYACUCHO,PAUCAR DEL SARA SARA,SAN JOSE DE USHUA,1.0,0.0,0.0,0.0,0.0,0.0,0.0,0.0,0.0,0.0,0.0,0.0,0.0,0.0,0.0,No missing or zero activity values,0.06391125855047272,0.0,0.03195562927523636,Very low availability,552,2
050810,AYACUCHO,PAUCAR DEL SARA SARA,SARA SARA,1.0,0.0,0.0,0.0,0.0,0.0,0.0,0.0,0.0,0.0,0.0,0.0,0.0,0.0,0.0,No missing or zero activity values,0.06391125855047272,0.0,0.03195562927523636,Very low availability,552,2
050902,AYACUCHO,SUCRE,BELEN,1.0,0.0,0.0,1.0,1.0,0.0,0.0,1.0,1.0,0.0,0.0,1.0,1.0,0.0,0.0,Missing activity values present,0.06391125855047272,0.0,0.03195562927523636,Very low availability,552,2
050903,AYACUCHO,SUCRE,CHALCOS,1.0,0.0,0.0,1.0,1.0,0.0,0.0,1.0,1.0,0.0,0.0,1.0,1.0,0.0,0.0,Missing activity values present,0.06391125855047272,0.0,0.03195562927523636,Very low availability,552,2
050904,AYACUCHO,SUCRE,CHILCAYOC,1.0,0.0,0.0,1.0,1.0,0.0,0.0,1.0,1.0,0.0,0.0,1.0,1.0,0.0,0.0,Missing activity values present,0.06391125855047272,0.0,0.03195562927523636,Very low availability,552,2
050905,AYACUCHO,SUCRE,HUACA?A,1.0,0.0,0.0,1.0,1.0,0.0,0.0,1.0,1.0,0.0,0.0,1.0,1.0,0.0,0.0,Missing activity values present,0.06391125855047272,0.0,0.03195562927523636,Very low availability,552,2
050908,AYACUCHO,SUCRE,SAN PEDRO DE LARCAY,1.0,0.0,0.0,1.0,1.0,0.0,0.0,1.0,1.0,0.0,0.0,1.0,1.0,0.0,0.0,Missing activity values present,0.06391125855047272,0.0,0.03195562927523636,Very low availability,552,2
051003,AYACUCHO,VICTOR FAJARDO,APONGO,1.0,0.0,0.0,2.0,1.0,0.0,0.0,2.0,2.0,0.0,0.0,1.0,1.0,0.0,0.0,Missing activity values present,0.06391125855047272,0.0,0.03195562927523636,Very low availability,552,2
051006,AYACUCHO,VICTOR FAJARDO,CAYARA,1.0,0.0,0.0,2.0,1.0,0.0,0.0,2.0,2.0,0.0,0.0,1.0,1.0,0.0,0.0,Missing activity values present,0.06391125855047272,0.0,0.03195562927523636,Very low availability,552,2
210605,PUNO,HUANCANE,PUSI,1.0,0.0,0.0,2.0,1.0,0.0,0.0,2.0,2.0,0.0,0.0,1.0,1.0,0.0,0.0,Missing activity values present,0.06391125855047272,0.0,0.03195562927523636,Very low availability,552,2
210703,PUNO,LAMPA,CALAPUJA,1.0,0.0,0.0,2.0,1.0,0.0,0.0,2.0,2.0,0.0,0.0,1.0,1.0,0.0,0.0,Missing activity values present,0.06391125855047272,0.0,0.03195562927523636,Very low availability,552,2
040705,AREQUIPA,ISLAY,MEJIA,1.0,0.0,0.0,2.0,1.0,0.0,0.0,2.0,2.0,0.0,0.0,1.0,1.0,0.0,0.0,Missing activity values present,0.06391125855047272,0.0,0.03195562927523636,Very low availability,552,2
040802,AREQUIPA,LA UNION,ALCA,1.0,0.0,0.0,2.0,1.0,0.0,0.0,2.0,2.0,0.0,0.0,1.0,1.0,0.0,0.0,Missing activity values present,0.06391125855047272,0.0,0.03195562927523636,Very low availability,552,2
040807,AREQUIPA,LA UNION,QUECHUALLA,1.0,0.0,1.0,2.0,1.0,0.0,0.0,2.0,2.0,0.0,0.0,1.0,1.0,0.0,0.0,Missing activity values present,0.06391125855047272,0.0,0.03195562927523636,Very low availability,552,2
040808,AREQUIPA,LA UNION,SAYLA,1.0,0.0,1.0,2.0,1.0,0.0,0.0,2.0,2.0,0.0,0.0,1.0,1.0,0.0,0.0,Missing activity values present,0.06391125855047272,0.0,0.03195562927523636,Very low availability,552,2
040809,AREQUIPA,LA UNION,TAURIA,1.0,0.0,1.0,2.0,1.0,0.0,0.0,2.0,2.0,0.0,0.0,1.0,1.0,0.0,0.0,Missing activity values present,0.06391125855047272,0.0,0.03195562927523636,Very low availability,552,2
040810,AREQUIPA,LA UNION,TOMEPAMPA,1.0,0.0,1.0,2.0,1.0,0.0,0.0,2.0,2.0,0.0,0.0,1.0,1.0,0.0,0.0,Missing activity values present,0.06391125855047272,0.0,0.03195562927523636,Very low availability,552,2
050412,AYACUCHO,HUANTA,CHACA,1.0,0.0,0.0,0.0,0.0,0.0,0.0,0.0,0.0,0.0,0.0,0.0,0.0,0.0,0.0,No missing or zero activity values,0.06391125855047272,0.0,0.03195562927523636,Very low availability,552,2
050506,AYACUCHO,LA MAR,LUIS CARRANZA,1.0,0.0,0.0,0.0,0.0,0.0,0.0,0.0,0.0,0.0,0.0,0.0,0.0,0.0,0.0,No missing or zero activity values,0.06391125855047272,0.0,0.03195562927523636,Very low availability,552,2
050605,AYACUCHO,LUCANAS,CHAVIÑA,1.0,0.0,0.0,0.0,0.0,0.0,0.0,0.0,0.0,0.0,0.0,0.0,0.0,0.0,0.0,No missing or zero activity values,0.06391125855047272,0.0,0.03195562927523636,Very low availability,552,2
050614,AYACUCHO,LUCANAS,SAISA,1.0,0.0,0.0,0.0,0.0,0.0,0.0,0.0,0.0,0.0,0.0,0.0,0.0,0.0,0.0,No missing or zero activity values,0.06391125855047272,0.0,0.03195562927523636,Very low availability,552,2
050616,AYACUCHO,LUCANAS,SAN JUAN,1.0,0.0,0.0,0.0,0.0,0.0,0.0,0.0,0.0,0.0,0.0,0.0,0.0,0.0,0.0,No missing or zero activity values,0.06391125855047272,0.0,0.03195562927523636,Very low availability,552,2
050620,AYACUCHO,LUCANAS,SANTA ANA DE HUAYCAHUACHO,1.0,0.0,0.0,0.0,0.0,0.0,0.0,0.0,0.0,0.0,0.0,0.0,0.0,0.0,0.0,No missing or zero activity values,0.06391125855047272,0.0,0.03195562927523636,Very low availability,552,2
210804,PUNO,MELGAR,LLALLI,1.0,0.0,0.0,0.0,0.0,0.0,0.0,0.0,0.0,0.0,0.0,0.0,0.0,0.0,0.0,No missing or zero activity values,0.06391125855047272,0.0,0.03195562927523636,Very low availability,552,2
211003,PUNO,SAN ANTONIO DE PUTINA,PEDRO VILCA APAZA,1.0,0.0,0.0,0.0,0.0,0.0,0.0,0.0,0.0,0.0,0.0,0.0,0.0,0.0,0.0,No missing or zero activity values,0.06391125855047272,0.0,0.03195562927523636,Very low availability,552,2
050704,AYACUCHO,PARINACOCHAS,PACAPAUSA,1.0,0.0,0.0,0.0,0.0,0.0,0.0,0.0,0.0,0.0,0.0,0.0,0.0,0.0,0.0,No missing or zero activity values,0.06391125855047272,0.0,0.03195562927523636,Very low availability,552,2
050707,AYACUCHO,PARINACOCHAS,SAN FRANCISCO DE RAVACAYCO,1.0,0.0,0.0,0.0,0.0,0.0,0.0,0.0,0.0,0.0,0.0,0.0,0.0,0.0,0.0,No missing or zero activity values,0.06391125855047272,0.0,0.03195562927523636,Very low availability,552,2
211306,PUNO,YUNGUYO,TINICACHI,1.0,0.0,0.0,0.0,0.0,0.0,0.0,0.0,0.0,0.0,0.0,0.0,0.0,0.0,0.0,No missing or zero activity values,0.06391125855047272,0.0,0.03195562927523636,Very low availability,552,2
211307,PUNO,YUNGUYO,UNICACHI,1.0,0.0,0.0,2.0,1.0,0.0,0.0,2.0,2.0,0.0,0.0,1.0,1.0,0.0,0.0,Missing activity values present,0.06391125855047272,0.0,0.03195562927523636,Very low availability,552,2
220103,SAN MARTIN,MOYOBAMBA,HABANA,1.0,0.0,0.0,2.0,1.0,0.0,0.0,2.0,2.0,0.0,0.0,1.0,1.0,0.0,0.0,Missing activity values present,0.06391125855047272,0.0,0.03195562927523636,Very low availability,552,2
040507,AREQUIPA,CAYLLOMA,HUAMBO,1.0,0.0,0.0,2.0,1.0,0.0,0.0,2.0,2.0,0.0,0.0,1.0,1.0,0.0,0.0,Missing activity values present,0.06391125855047272,0.0,0.03195562927523636,Very low availability,552,2
040508,AREQUIPA,CAYLLOMA,HUANCA,1.0,0.0,0.0,2.0,1.0,0.0,0.0,2.0,2.0,0.0,0.0,1.0,1.0,0.0,0.0,Missing activity values present,0.06391125855047272,0.0,0.03195562927523636,Very low availability,552,2
040509,AREQUIPA,CAYLLOMA,ICHUPAMPA,1.0,0.0,0.0,2.0,1.0,0.0,0.0,2.0,2.0,0.0,0.0,1.0,1.0,0.0,0.0,Missing activity values present,0.06391125855047272,0.0,0.03195562927523636,Very low availability,552,2
040510,AREQUIPA,CAYLLOMA,LARI,1.0,0.0,0.0,2.0,1.0,0.0,0.0,2.0,2.0,0.0,0.0,1.0,1.0,0.0,0.0,Missing activity values present,0.06391125855047272,0.0,0.03195562927523636,Very low availability,552,2
040512,AREQUIPA,CAYLLOMA,MACA,1.0,0.0,0.0,2.0,1.0,0.0,0.0,2.0,2.0,0.0,0.0,1.0,1.0,0.0,0.0,Missing activity values present,0.06391125855047272,0.0,0.03195562927523636,Very low availability,552,2
040513,AREQUIPA,CAYLLOMA,MADRIGAL,1.0,0.0,0.0,2.0,1.0,0.0,0.0,2.0,2.0,0.0,0.0,1.0,1.0,0.0,0.0,Missing activity values present,0.06391125855047272,0.0,0.03195562927523636,Very low availability,552,2
040515,AREQUIPA,CAYLLOMA,SIBAYO,1.0,0.0,0.0,2.0,1.0,0.0,0.0,2.0,2.0,0.0,0.0,1.0,1.0,0.0,0.0,Missing activity values present,0.06391125855047272,0.0,0.03195562927523636,Very low availability,552,2
040518,AREQUIPA,CAYLLOMA,TUTI,1.0,0.0,0.0,2.0,1.0,0.0,0.0,2.0,2.0,0.0,0.0,1.0,1.0,0.0,0.0,Missing activity values present,0.06391125855047272,0.0,0.03195562927523636,Very low availability,552,2
040519,AREQUIPA,CAYLLOMA,YANQUE,1.0,0.0,0.0,2.0,1.0,0.0,0.0,2.0,2.0,0.0,0.0,1.0,1.0,0.0,0.0,Missing activity values present,0.06391125855047272,0.0,0.03195562927523636,Very low availability,552,2
040602,AREQUIPA,CONDESUYOS,ANDARAY,1.0,0.0,1.0,2.0,1.0,0.0,0.0,2.0,2.0,0.0,0.0,1.0,1.0,0.0,0.0,Missing activity values present,0.06391125855047272,0.0,0.03195562927523636,Very low availability,552,2
211005,PUNO,SAN ANTONIO DE PUTINA,SINA,1.0,0.0,0.0,0.0,0.0,0.0,0.0,0.0,0.0,0.0,0.0,0.0,0.0,0.0,0.0,No missing or zero activity values,0.06391125855047272,0.0,0.03195562927523636,Very low availability,552,2
211208,PUNO,SANDIA,YANAHUAYA,1.0,0.0,0.0,0.0,0.0,0.0,0.0,0.0,0.0,0.0,0.0,0.0,0.0,0.0,0.0,No missing or zero activity values,0.06391125855047272,0.0,0.03195562927523636,Very low availability,552,2
040605,AREQUIPA,CONDESUYOS,IRAY,1.0,0.0,1.0,2.0,1.0,0.0,0.0,2.0,2.0,0.0,0.0,1.0,1.0,0.0,0.0,Missing activity values present,0.06391125855047272,0.0,0.03195562927523636,Very low availability,552,2
040118,AREQUIPA,AREQUIPA,SAN JUAN DE SIGUAS,1.0,0.0,0.0,2.0,1.0,0.0,0.0,2.0,2.0,0.0,0.0,1.0,1.0,0.0,0.0,Missing activity values present,0.06391125855047272,0.0,0.03195562927523636,Very low availability,552,2
040127,AREQUIPA,AREQUIPA,YARABAMBA,1.0,0.0,0.0,2.0,1.0,0.0,0.0,2.0,2.0,0.0,0.0,1.0,1.0,0.0,0.0,Missing activity values present,0.06391125855047272,0.0,0.03195562927523636,Very low availability,552,2
040207,AREQUIPA,CAMANA,QUILCA,1.0,0.0,0.0,1.0,1.0,0.0,0.0,1.0,1.0,0.0,0.0,1.0,1.0,0.0,0.0,Missing activity values present,0.06391125855047272,0.0,0.03195562927523636,Very low availability,552,2
040309,AREQUIPA,CARAVELI,HUANUHUANU,1.0,0.0,0.0,0.0,0.0,0.0,0.0,0.0,0.0,0.0,0.0,0.0,0.0,0.0,0.0,No missing or zero activity values,0.06391125855047272,0.0,0.03195562927523636,Very low availability,552,2
040312,AREQUIPA,CARAVELI,QUICACHA,1.0,0.0,0.0,0.0,0.0,0.0,0.0,0.0,0.0,0.0,0.0,0.0,0.0,0.0,0.0,No missing or zero activity values,0.06391125855047272,0.0,0.03195562927523636,Very low availability,552,2
040403,AREQUIPA,CASTILLA,AYO,1.0,0.0,0.0,2.0,1.0,0.0,0.0,2.0,2.0,0.0,0.0,1.0,1.0,0.0,0.0,Missing activity values present,0.06391125855047272,0.0,0.03195562927523636,Very low availability,552,2
040406,AREQUIPA,CASTILLA,CHOCO,1.0,0.0,0.0,2.0,1.0,0.0,0.0,2.0,2.0,0.0,0.0,1.0,1.0,0.0,0.0,Missing activity values present,0.06391125855047272,0.0,0.03195562927523636,Very low availability,552,2
040407,AREQUIPA,CASTILLA,HUANCARQUI,1.0,0.0,1.0,2.0,1.0,0.0,0.0,2.0,2.0,0.0,0.0,1.0,1.0,0.0,0.0,Missing activity values present,0.06391125855047272,0.0,0.03195562927523636,Very low availability,552,2
040408,AREQUIPA,CASTILLA,MACHAGUAY,1.0,0.0,1.0,2.0,1.0,0.0,0.0,2.0,2.0,0.0,0.0,1.0,1.0,0.0,0.0,Missing activity values present,0.06391125855047272,0.0,0.03195562927523636,Very low availability,552,2
040412,AREQUIPA,CASTILLA,U?ON,1.0,0.0,1.0,2.0,1.0,0.0,0.0,2.0,2.0,0.0,0.0,1.0,1.0,0.0,0.0,Missing activity values present,0.06391125855047272,0.0,0.03195562927523636,Very low availability,552,2
040502,AREQUIPA,CAYLLOMA,ACHOMA,1.0,0.0,0.0,2.0,1.0,0.0,0.0,2.0,2.0,0.0,0.0,1.0,1.0,0.0,0.0,Missing activity values present,0.06391125855047272,0.0,0.03195562927523636,Very low availability,552,2
040506,AREQUIPA,CAYLLOMA,COPORAQUE,1.0,0.0,0.0,2.0,1.0,0.0,0.0,2.0,2.0,0.0,0.0,1.0,1.0,0.0,0.0,Missing activity values present,0.06391125855047272,0.0,0.03195562927523636,Very low availability,552,2
211302,PUNO,YUNGUYO,ANAPIA,1.0,0.0,0.0,0.0,0.0,0.0,0.0,0.0,0.0,0.0,0.0,0.0,0.0,0.0,0.0,No missing or zero activity values,0.06391125855047272,0.0,0.03195562927523636,Very low availability,552,2
211303,PUNO,YUNGUYO,COPANI,1.0,0.0,0.0,2.0,1.0,0.0,0.0,2.0,2.0,0.0,0.0,1.0,1.0,0.0,0.0,Missing activity values present,0.06391125855047272,0.0,0.03195562927523636,Very low availability,552,2
211304,PUNO,YUNGUYO,CUTURAPI,1.0,0.0,0.0,2.0,1.0,0.0,0.0,2.0,2.0,0.0,0.0,1.0,1.0,0.0,0.0,Missing activity values present,0.06391125855047272,0.0,0.03195562927523636,Very low availability,552,2
211305,PUNO,YUNGUYO,OLLARAYA,1.0,0.0,0.0,2.0,1.0,0.0,0.0,2.0,2.0,0.0,0.0,1.0,1.0,0.0,0.0,Missing activity values present,0.06391125855047272,0.0,0.03195562927523636,Very low availability,552,2
220509,SAN MARTIN,LAMAS,SHANAO,1.0,0.0,0.0,2.0,1.0,0.0,0.0,2.0,2.0,0.0,0.0,1.0,1.0,0.0,0.0,Missing activity values present,0.06391125855047272,0.0,0.03195562927523636,Very low availability,552,2
022002,ANCASH,YUNGAY,CASCAPARA,1.0,0.0,0.0,2.0,1.0,0.0,0.0,2.0,2.0,0.0,0.0,1.0,1.0,0.0,0.0,Missing activity values present,0.06391125855047272,0.0,0.03195562927523636,Very low availability,552,2
022004,ANCASH,YUNGAY,MATACOTO,1.0,0.0,0.0,2.0,1.0,0.0,0.0,2.0,2.0,0.0,0.0,1.0,1.0,0.0,0.0,Missing activity values present,0.06391125855047272,0.0,0.03195562927523636,Very low availability,552,2
030108,APURIMAC,ABANCAY,SAN PEDRO DE CACHORA,1.0,0.0,0.0,0.0,0.0,0.0,0.0,0.0,0.0,0.0,0.0,0.0,0.0,0.0,0.0,No missing or zero activity values,0.06391125855047272,0.0,0.03195562927523636,Very low availability,552,2
030211,APURIMAC,ANDAHUAYLAS,POMACOCHA,1.0,0.0,0.0,0.0,0.0,0.0,0.0,0.0,0.0,0.0,0.0,0.0,0.0,0.0,0.0,No missing or zero activity values,0.06391125855047272,0.0,0.03195562927523636,Very low availability,552,2
030302,APURIMAC,ANTABAMBA,EL ORO,1.0,0.0,0.0,0.0,0.0,0.0,0.0,0.0,0.0,0.0,0.0,0.0,0.0,0.0,0.0,No missing or zero activity values,0.06391125855047272,0.0,0.03195562927523636,Very low availability,552,2
030705,APURIMAC,GRAU,MAMARA,1.0,0.0,0.0,0.0,0.0,0.0,0.0,0.0,0.0,0.0,0.0,0.0,0.0,0.0,0.0,No missing or zero activity values,0.06391125855047272,0.0,0.03195562927523636,Very low availability,552,2
030706,APURIMAC,GRAU,MICAELA BASTIDAS,1.0,0.0,0.0,0.0,0.0,0.0,0.0,0.0,0.0,0.0,0.0,0.0,0.0,0.0,0.0,No missing or zero activity values,0.06391125855047272,0.0,0.03195562927523636,Very low availability,552,2
030709,APURIMAC,GRAU,SAN ANTONIO,1.0,0.0,0.0,0.0,0.0,0.0,0.0,0.0,0.0,0.0,0.0,0.0,0.0,0.0,0.0,No missing or zero activity values,0.06391125855047272,0.0,0.03195562927523636,Very low availability,552,2
030711,APURIMAC,GRAU,TURPAY,1.0,0.0,0.0,0.0,0.0,0.0,0.0,0.0,0.0,0.0,0.0,0.0,0.0,0.0,0.0,No missing or zero activity values,0.06391125855047272,0.0,0.03195562927523636,Very low availability,552,2
030713,APURIMAC,GRAU,VIRUNDO,1.0,0.0,0.0,0.0,0.0,0.0,0.0,0.0,0.0,0.0,0.0,0.0,0.0,0.0,0.0,No missing or zero activity values,0.06391125855047272,0.0,0.03195562927523636,Very low availability,552,2
040105,AREQUIPA,AREQUIPA,CHARACATO,1.0,0.0,0.0,2.0,1.0,0.0,0.0,2.0,2.0,0.0,0.0,1.0,1.0,0.0,0.0,Missing activity values present,0.06391125855047272,0.0,0.03195562927523636,Very low availability,552,2
220406,SAN MARTIN,HUALLAGA,TINGO DE SAPOSOA,1.0,0.0,0.0,2.0,1.0,0.0,0.0,2.0,2.0,0.0,0.0,1.0,1.0,0.0,0.0,Missing activity values present,0.06391125855047272,0.0,0.03195562927523636,Very low availability,552,2
040114,AREQUIPA,AREQUIPA,POLOBAYA,1.0,0.0,0.0,2.0,1.0,0.0,0.0,2.0,2.0,0.0,0.0,1.0,1.0,0.0,0.0,Missing activity values present,0.06391125855047272,0.0,0.03195562927523636,Very low availability,552,2
040115,AREQUIPA,AREQUIPA,QUEQUE?A,1.0,0.0,0.0,2.0,1.0,0.0,0.0,2.0,2.0,0.0,0.0,1.0,1.0,0.0,0.0,Missing activity values present,0.06391125855047272,0.0,0.03195562927523636,Very low availability,552,2
040116,AREQUIPA,AREQUIPA,SABANDIA,1.0,0.0,0.0,2.0,1.0,0.0,0.0,2.0,2.0,0.0,0.0,1.0,1.0,0.0,0.0,Missing activity values present,0.06391125855047272,0.0,0.03195562927523636,Very low availability,552,2
021406,ANCASH,OCROS,CONGAS,1.0,0.0,0.0,2.0,1.0,0.0,0.0,2.0,2.0,0.0,0.0,1.0,1.0,0.0,0.0,Missing activity values present,0.06391125855047272,0.0,0.03195562927523636,Very low availability,552,2
021407,ANCASH,OCROS,LLIPA,1.0,0.0,0.0,2.0,1.0,0.0,0.0,2.0,2.0,0.0,0.0,1.0,1.0,0.0,0.0,Missing activity values present,0.06391125855047272,0.0,0.03195562927523636,Very low availability,552,2
021408,ANCASH,OCROS,SAN CRISTOBAL DE RAJAN,1.0,0.0,0.0,2.0,1.0,0.0,0.0,2.0,2.0,0.0,0.0,1.0,1.0,0.0,0.0,Missing activity values present,0.06391125855047272,0.0,0.03195562927523636,Very low availability,552,2
021409,ANCASH,OCROS,SAN PEDRO,1.0,0.0,0.0,2.0,1.0,0.0,0.0,2.0,2.0,0.0,0.0,1.0,1.0,0.0,0.0,Missing activity values present,0.06391125855047272,0.0,0.03195562927523636,Very low availability,552,2
021410,ANCASH,OCROS,SANTIAGO DE CHILCAS,1.0,0.0,0.0,2.0,1.0,0.0,0.0,2.0,2.0,0.0,0.0,1.0,1.0,0.0,0.0,Missing activity values present,0.06391125855047272,0.0,0.03195562927523636,Very low availability,552,2
021504,ANCASH,PALLASCA,HUACASCHUQUE,1.0,0.0,0.0,0.0,0.0,0.0,0.0,0.0,0.0,0.0,0.0,0.0,0.0,0.0,0.0,No missing or zero activity values,0.06391125855047272,0.0,0.03195562927523636,Very low availability,552,2
021505,ANCASH,PALLASCA,HUANDOVAL,1.0,0.0,0.0,0.0,0.0,0.0,0.0,0.0,0.0,0.0,0.0,0.0,0.0,0.0,0.0,No missing or zero activity values,0.06391125855047272,0.0,0.03195562927523636,Very low availability,552,2
021506,ANCASH,PALLASCA,LACABAMBA,1.0,0.0,0.0,0.0,0.0,0.0,0.0,0.0,0.0,0.0,0.0,0.0,0.0,0.0,0.0,No missing or zero activity values,0.06391125855047272,0.0,0.03195562927523636,Very low availability,552,2
021507,ANCASH,PALLASCA,LLAPO,1.0,0.0,0.0,0.0,0.0,0.0,0.0,0.0,0.0,0.0,0.0,0.0,0.0,0.0,0.0,No missing or zero activity values,0.06391125855047272,0.0,0.03195562927523636,Very low availability,552,2
021510,ANCASH,PALLASCA,SANTA ROSA,1.0,0.0,0.0,0.0,0.0,0.0,0.0,0.0,0.0,0.0,0.0,0.0,0.0,0.0,0.0,No missing or zero activity values,0.06391125855047272,0.0,0.03195562927523636,Very low availability,552,2
021702,ANCASH,RECUAY,CATAC,1.0,0.0,0.0,2.0,1.0,0.0,0.0,2.0,2.0,0.0,0.0,1.0,1.0,0.0,0.0,Missing activity values present,0.06391125855047272,0.0,0.03195562927523636,Very low availability,552,2
021703,ANCASH,RECUAY,COTAPARACO,1.0,0.0,0.0,2.0,1.0,0.0,0.0,2.0,2.0,0.0,0.0,1.0,1.0,0.0,0.0,Missing activity values present,0.06391125855047272,0.0,0.03195562927523636,Very low availability,552,2
021704,ANCASH,RECUAY,HUAYLLAPAMPA,1.0,0.0,0.0,2.0,1.0,0.0,0.0,2.0,2.0,0.0,0.0,1.0,1.0,0.0,0.0,Missing activity values present,0.06391125855047272,0.0,0.03195562927523636,Very low availability,552,2
021706,ANCASH,RECUAY,MARCA,1.0,0.0,0.0,2.0,1.0,0.0,0.0,2.0,2.0,0.0,0.0,1.0,1.0,0.0,0.0,Missing activity values present,0.06391125855047272,0.0,0.03195562927523636,Very low availability,552,2
021708,ANCASH,RECUAY,PARARIN,1.0,0.0,0.0,2.0,1.0,0.0,0.0,2.0,2.0,0.0,0.0,1.0,1.0,0.0,0.0,Missing activity values present,0.06391125855047272,0.0,0.03195562927523636,Very low availability,552,2
021709,ANCASH,RECUAY,TAPACOCHA,1.0,0.0,0.0,2.0,1.0,0.0,0.0,2.0,2.0,0.0,0.0,1.0,1.0,0.0,0.0,Missing activity values present,0.06391125855047272,0.0,0.03195562927523636,Very low availability,552,2
020907,ANCASH,CORONGO,YUPAN,1.0,0.0,0.0,2.0,1.0,0.0,0.0,2.0,2.0,0.0,0.0,1.0,1.0,0.0,0.0,Missing activity values present,0.06391125855047272,0.0,0.03195562927523636,Very low availability,552,2
021002,ANCASH,HUARI,ANRA,1.0,0.0,0.0,0.0,0.0,0.0,0.0,0.0,0.0,0.0,0.0,0.0,0.0,0.0,0.0,No missing or zero activity values,0.06391125855047272,0.0,0.03195562927523636,Very low availability,552,2
021005,ANCASH,HUARI,HUACACHI,1.0,0.0,0.0,0.0,0.0,0.0,0.0,0.0,0.0,0.0,0.0,0.0,0.0,0.0,0.0,No missing or zero activity values,0.06391125855047272,0.0,0.03195562927523636,Very low availability,552,2
021013,ANCASH,HUARI,RAPAYAN,1.0,0.0,0.0,0.0,0.0,0.0,0.0,0.0,0.0,0.0,0.0,0.0,0.0,0.0,0.0,No missing or zero activity values,0.06391125855047272,0.0,0.03195562927523636,Very low availability,552,2
021016,ANCASH,HUARI,UCO,1.0,0.0,0.0,0.0,0.0,0.0,0.0,0.0,0.0,0.0,0.0,0.0,0.0,0.0,0.0,No missing or zero activity values,0.06391125855047272,0.0,0.03195562927523636,Very low availability,552,2
021102,ANCASH,HUARMEY,COCHAPETI,1.0,0.0,0.0,2.0,1.0,0.0,0.0,2.0,2.0,0.0,0.0,1.0,1.0,0.0,0.0,Missing activity values present,0.06391125855047272,0.0,0.03195562927523636,Very low availability,552,2
021104,ANCASH,HUARMEY,HUAYAN,1.0,0.0,0.0,2.0,1.0,0.0,0.0,2.0,2.0,0.0,0.0,1.0,1.0,0.0,0.0,Missing activity values present,0.06391125855047272,0.0,0.03195562927523636,Very low availability,552,2
021204,ANCASH,HUAYLAS,HUAYLAS,1.0,0.0,0.0,2.0,1.0,0.0,0.0,2.0,2.0,0.0,0.0,1.0,1.0,0.0,0.0,Missing activity values present,0.06391125855047272,0.0,0.03195562927523636,Very low availability,552,2
021302,ANCASH,MARISCAL LUZURIAGA,CASCA,1.0,0.0,0.0,2.0,1.0,0.0,0.0,2.0,2.0,0.0,0.0,1.0,1.0,0.0,0.0,Missing activity values present,0.06391125855047272,0.0,0.03195562927523636,Very low availability,552,2
021401,ANCASH,OCROS,OCROS,1.0,0.0,0.0,2.0,1.0,0.0,0.0,2.0,2.0,0.0,0.0,1.0,1.0,0.0,0.0,Missing activity values present,0.06391125855047272,0.0,0.03195562927523636,Very low availability,552,2
021402,ANCASH,OCROS,ACAS,1.0,0.0,0.0,2.0,1.0,0.0,0.0,2.0,2.0,0.0,0.0,1.0,1.0,0.0,0.0,Missing activity values present,0.06391125855047272,0.0,0.03195562927523636,Very low availability,552,2
021403,ANCASH,OCROS,CAJAMARQUILLA,1.0,0.0,0.0,2.0,1.0,0.0,0.0,2.0,2.0,0.0,0.0,1.0,1.0,0.0,0.0,Missing activity values present,0.06391125855047272,0.0,0.03195562927523636,Very low availability,552,2
021404,ANCASH,OCROS,CARHUAPAMPA,1.0,0.0,0.0,2.0,1.0,0.0,0.0,2.0,2.0,0.0,0.0,1.0,1.0,0.0,0.0,Missing activity values present,0.06391125855047272,0.0,0.03195562927523636,Very low availability,552,2
021405,ANCASH,OCROS,COCHAS,1.0,0.0,0.0,2.0,1.0,0.0,0.0,2.0,2.0,0.0,0.0,1.0,1.0,0.0,0.0,Missing activity values present,0.06391125855047272,0.0,0.03195562927523636,Very low availability,552,2
220706,SAN MARTIN,PICOTA,SAN CRISTOBAL,1.0,0.0,0.0,2.0,1.0,0.0,0.0,2.0,2.0,0.0,0.0,1.0,1.0,0.0,0.0,Missing activity values present,0.06391125855047272,0.0,0.03195562927523636,Very low availability,552,2
220806,SAN MARTIN,RIOJA,POSIC,1.0,0.0,0.0,2.0,1.0,0.0,0.0,2.0,2.0,0.0,0.0,1.0,1.0,0.0,0.0,Missing activity values present,0.06391125855047272,0.0,0.03195562927523636,Very low availability,552,2
020511,ANCASH,BOLOGNESI,LA PRIMAVERA,1.0,0.0,0.0,2.0,1.0,0.0,0.0,2.0,2.0,0.0,0.0,1.0,1.0,0.0,0.0,Missing activity values present,0.06391125855047272,0.0,0.03195562927523636,Very low availability,552,2
020512,ANCASH,BOLOGNESI,MANGAS,1.0,0.0,0.0,2.0,1.0,0.0,0.0,2.0,2.0,0.0,0.0,1.0,1.0,0.0,0.0,Missing activity values present,0.06391125855047272,0.0,0.03195562927523636,Very low availability,552,2
020514,ANCASH,BOLOGNESI,SAN MIGUEL DE CORPANQUI,1.0,0.0,0.0,2.0,1.0,0.0,0.0,2.0,2.0,0.0,0.0,1.0,1.0,0.0,0.0,Missing activity values present,0.06391125855047272,0.0,0.03195562927523636,Very low availability,552,2
020515,ANCASH,BOLOGNESI,TICLLOS,1.0,0.0,0.0,2.0,1.0,0.0,0.0,2.0,2.0,0.0,0.0,1.0,1.0,0.0,0.0,Missing activity values present,0.06391125855047272,0.0,0.03195562927523636,Very low availability,552,2
020602,ANCASH,CARHUAZ,ACOPAMPA,1.0,0.0,0.0,2.0,1.0,0.0,0.0,2.0,2.0,0.0,0.0,1.0,1.0,0.0,0.0,Missing activity values present,0.06391125855047272,0.0,0.03195562927523636,Very low availability,552,2
020604,ANCASH,CARHUAZ,ANTA,1.0,0.0,1.0,2.0,1.0,0.0,0.0,2.0,2.0,0.0,0.0,1.0,1.0,0.0,0.0,Missing activity values present,0.06391125855047272,0.0,0.03195562927523636,Very low availability,552,2
020605,ANCASH,CARHUAZ,ATAQUERO,1.0,0.0,0.0,2.0,1.0,0.0,0.0,2.0,2.0,0.0,0.0,1.0,1.0,0.0,0.0,Missing activity values present,0.06391125855047272,0.0,0.03195562927523636,Very low availability,552,2
020607,ANCASH,CARHUAZ,PARIAHUANCA,1.0,0.0,1.0,3.0,1.0,0.0,0.0,3.0,3.0,0.0,0.0,1.0,1.0,0.0,0.0,Missing activity values present,0.06391125855047272,0.0,0.03195562927523636,Very low availability,552,2
020608,ANCASH,CARHUAZ,SAN MIGUEL DE ACO,1.0,0.0,1.0,3.0,1.0,0.0,0.0,3.0,3.0,0.0,0.0,1.0,1.0,0.0,0.0,Missing activity values present,0.06391125855047272,0.0,0.03195562927523636,Very low availability,552,2
020609,ANCASH,CARHUAZ,SHILLA,1.0,0.0,0.0,2.0,1.0,0.0,0.0,2.0,2.0,0.0,0.0,1.0,1.0,0.0,0.0,Missing activity values present,0.06391125855047272,0.0,0.03195562927523636,Very low availability,552,2
020610,ANCASH,CARHUAZ,TINCO,1.0,0.0,0.0,2.0,1.0,0.0,0.0,2.0,2.0,0.0,0.0,1.0,1.0,0.0,0.0,Missing activity values present,0.06391125855047272,0.0,0.03195562927523636,Very low availability,552,2
020901,ANCASH,CORONGO,CORONGO,1.0,0.0,0.0,2.0,1.0,0.0,0.0,2.0,2.0,0.0,0.0,1.0,1.0,0.0,0.0,Missing activity values present,0.06391125855047272,0.0,0.03195562927523636,Very low availability,552,2
020902,ANCASH,CORONGO,ACO,1.0,0.0,0.0,2.0,1.0,0.0,0.0,2.0,2.0,0.0,0.0,1.0,1.0,0.0,0.0,Missing activity values present,0.06391125855047272,0.0,0.03195562927523636,Very low availability,552,2
020903,ANCASH,CORONGO,BAMBAS,1.0,0.0,0.0,2.0,1.0,0.0,0.0,2.0,2.0,0.0,0.0,1.0,1.0,0.0,0.0,Missing activity values present,0.06391125855047272,0.0,0.03195562927523636,Very low availability,552,2
020905,ANCASH,CORONGO,LA PAMPA,1.0,0.0,0.0,2.0,1.0,0.0,0.0,2.0,2.0,0.0,0.0,1.0,1.0,0.0,0.0,Missing activity values present,0.06391125855047272,0.0,0.03195562927523636,Very low availability,552,2
020906,ANCASH,CORONGO,YANAC,1.0,0.0,0.0,2.0,1.0,0.0,0.0,2.0,2.0,0.0,0.0,1.0,1.0,0.0,0.0,Missing activity values present,0.06391125855047272,0.0,0.03195562927523636,Very low availability,552,2
230404,TACNA,TARATA,ESTIQUE PAMPA,1.0,0.0,0.0,0.0,0.0,0.0,0.0,0.0,0.0,0.0,0.0,0.0,0.0,0.0,0.0,No missing or zero activity values,0.06391125855047272,0.0,0.03195562927523636,Very low availability,552,2
230405,TACNA,TARATA,SITAJARA,1.0,0.0,0.0,0.0,0.0,0.0,0.0,0.0,0.0,0.0,0.0,0.0,0.0,0.0,0.0,No missing or zero activity values,0.06391125855047272,0.0,0.03195562927523636,Very low availability,552,2
230407,TACNA,TARATA,TARUCACHI,1.0,0.0,0.0,0.0,0.0,0.0,0.0,0.0,0.0,0.0,0.0,0.0,0.0,0.0,0.0,No missing or zero activity values,0.06391125855047272,0.0,0.03195562927523636,Very low availability,552,2
020103,ANCASH,HUARAZ,COLCABAMBA,1.0,0.0,0.0,2.0,1.0,0.0,0.0,2.0,2.0,0.0,0.0,1.0,1.0,0.0,0.0,Missing activity values present,0.06391125855047272,0.0,0.03195562927523636,Very low availability,552,2
020107,ANCASH,HUARAZ,LA LIBERTAD,1.0,0.0,0.0,2.0,1.0,0.0,0.0,2.0,2.0,0.0,0.0,1.0,1.0,0.0,0.0,Missing activity values present,0.06391125855047272,0.0,0.03195562927523636,Very low availability,552,2
020109,ANCASH,HUARAZ,PAMPAS GRANDE,1.0,0.0,0.0,2.0,1.0,0.0,0.0,2.0,2.0,0.0,0.0,1.0,1.0,0.0,0.0,Missing activity values present,0.06391125855047272,0.0,0.03195562927523636,Very low availability,552,2
020203,ANCASH,AIJA,HUACLLAN,1.0,0.0,0.0,2.0,1.0,0.0,0.0,2.0,2.0,0.0,0.0,1.0,1.0,0.0,0.0,Missing activity values present,0.06391125855047272,0.0,0.03195562927523636,Very low availability,552,2
020301,ANCASH,ANTONIO RAIMONDI,LLAMELLIN,1.0,0.0,0.0,0.0,0.0,0.0,0.0,0.0,0.0,0.0,0.0,0.0,0.0,0.0,0.0,No missing or zero activity values,0.06391125855047272,0.0,0.03195562927523636,Very low availability,552,2
020303,ANCASH,ANTONIO RAIMONDI,CHACCHO,1.0,0.0,0.0,0.0,0.0,0.0,0.0,0.0,0.0,0.0,0.0,0.0,0.0,0.0,0.0,No missing or zero activity values,0.06391125855047272,0.0,0.03195562927523636,Very low availability,552,2
020304,ANCASH,ANTONIO RAIMONDI,CHINGAS,1.0,0.0,0.0,0.0,0.0,0.0,0.0,0.0,0.0,0.0,0.0,0.0,0.0,0.0,0.0,No missing or zero activity values,0.06391125855047272,0.0,0.03195562927523636,Very low availability,552,2
020502,ANCASH,BOLOGNESI,ABELARDO PARDO LEZAMETA,1.0,0.0,0.0,2.0,1.0,0.0,0.0,2.0,2.0,0.0,0.0,1.0,1.0,0.0,0.0,Missing activity values present,0.06391125855047272,0.0,0.03195562927523636,Very low availability,552,2
020503,ANCASH,BOLOGNESI,ANTONIO RAIMONDI,1.0,0.0,0.0,2.0,1.0,0.0,0.0,2.0,2.0,0.0,0.0,1.0,1.0,0.0,0.0,Missing activity values present,0.06391125855047272,0.0,0.03195562927523636,Very low availability,552,2
221004,SAN MARTIN,TOCACHE,SHUNTE,1.0,0.0,0.0,0.0,0.0,0.0,0.0,0.0,0.0,0.0,0.0,0.0,0.0,0.0,0.0,No missing or zero activity values,0.06391125855047272,0.0,0.03195562927523636,Very low availability,552,2
230111,TACNA,TACNA,LA YARADA LOS PALOS,1.0,0.0,0.0,0.0,0.0,0.0,0.0,0.0,0.0,0.0,0.0,0.0,0.0,0.0,0.0,No missing or zero activity values,0.06391125855047272,0.0,0.03195562927523636,Very low availability,552,2
020506,ANCASH,BOLOGNESI,CANIS,1.0,0.0,0.0,2.0,1.0,0.0,0.0,2.0,2.0,0.0,0.0,1.0,1.0,0.0,0.0,Missing activity values present,0.06391125855047272,0.0,0.03195562927523636,Very low availability,552,2
010119,AMAZONAS,CHACHAPOYAS,SAN ISIDRO DE MAINO,1.0,0.0,0.0,0.0,0.0,0.0,0.0,0.0,0.0,0.0,0.0,0.0,0.0,0.0,0.0,No missing or zero activity values,0.06391125855047272,0.0,0.03195562927523636,Very low availability,552,2
151005,LIMA,YAUYOS,AZANGARO,1.0,0.0,0.0,0.0,0.0,0.0,0.0,0.0,0.0,0.0,0.0,0.0,0.0,0.0,0.0,No missing or zero activity values,0.06391125855047272,0.0,0.03195562927523636,Very low availability,552,2
151007,LIMA,YAUYOS,CARANIA,1.0,0.0,0.0,0.0,0.0,0.0,0.0,0.0,0.0,0.0,0.0,0.0,0.0,0.0,0.0,No missing or zero activity values,0.06391125855047272,0.0,0.03195562927523636,Very low availability,552,2
151008,LIMA,YAUYOS,CATAHUASI,1.0,0.0,0.0,0.0,0.0,0.0,0.0,0.0,0.0,0.0,0.0,0.0,0.0,0.0,0.0,No missing or zero activity values,0.06391125855047272,0.0,0.03195562927523636,Very low availability,552,2
151009,LIMA,YAUYOS,CHOCOS,1.0,0.0,0.0,0.0,0.0,0.0,0.0,0.0,0.0,0.0,0.0,0.0,0.0,0.0,0.0,No missing or zero activity values,0.06391125855047272,0.0,0.03195562927523636,Very low availability,552,2
151011,LIMA,YAUYOS,COLONIA,1.0,0.0,0.0,0.0,0.0,0.0,0.0,0.0,0.0,0.0,0.0,0.0,0.0,0.0,0.0,No missing or zero activity values,0.06391125855047272,0.0,0.03195562927523636,Very low availability,552,2
151012,LIMA,YAUYOS,HONGOS,1.0,0.0,0.0,0.0,0.0,0.0,0.0,0.0,0.0,0.0,0.0,0.0,0.0,0.0,0.0,No missing or zero activity values,0.06391125855047272,0.0,0.03195562927523636,Very low availability,552,2
151013,LIMA,YAUYOS,HUAMPARA,1.0,0.0,0.0,0.0,0.0,0.0,0.0,0.0,0.0,0.0,0.0,0.0,0.0,0.0,0.0,No missing or zero activity values,0.06391125855047272,0.0,0.03195562927523636,Very low availability,552,2
151014,LIMA,YAUYOS,HUANCAYA,1.0,0.0,0.0,0.0,0.0,0.0,0.0,0.0,0.0,0.0,0.0,0.0,0.0,0.0,0.0,No missing or zero activity values,0.06391125855047272,0.0,0.03195562927523636,Very low availability,552,2
151015,LIMA,YAUYOS,HUANGASCAR,1.0,0.0,0.0,0.0,0.0,0.0,0.0,0.0,0.0,0.0,0.0,0.0,0.0,0.0,0.0,No missing or zero activity values,0.06391125855047272,0.0,0.03195562927523636,Very low availability,552,2
151016,LIMA,YAUYOS,HUANTAN,1.0,0.0,0.0,0.0,0.0,0.0,0.0,0.0,0.0,0.0,0.0,0.0,0.0,0.0,0.0,No missing or zero activity values,0.06391125855047272,0.0,0.03195562927523636,Very low availability,552,2
151017,LIMA,YAUYOS,HUAÑEC,1.0,0.0,0.0,0.0,0.0,0.0,0.0,0.0,0.0,0.0,0.0,0.0,0.0,0.0,0.0,No missing or zero activity values,0.06391125855047272,0.0,0.03195562927523636,Very low availability,552,2
151018,LIMA,YAUYOS,LARAOS,1.0,0.0,0.0,0.0,0.0,0.0,0.0,0.0,0.0,0.0,0.0,0.0,0.0,0.0,0.0,No missing or zero activity values,0.06391125855047272,0.0,0.03195562927523636,Very low availability,552,2
250306,UCAYALI,PADRE ABAD,HUIPOCA,0.0,0.0,0.0,8.0,4.0,0.0,0.0,8.0,8.0,0.0,0.0,1.0,1.0,0.0,0.0,Missing activity values present,0.0,0.0,0.0,Very low availability,553,1
120609,JUNIN,SATIPO,VIZCATAN DEL ENE,0.0,0.0,0.0,12.0,6.0,0.0,0.0,12.0,12.0,0.0,0.0,1.0,1.0,0.0,0.0,Missing activity values present,0.0,0.0,0.0,Very low availability,553,1
090723,HUANCAVELICA,TAYACAJA,SANTIAGO DE TUCUMA,0.0,0.0,0.0,3.0,1.0,0.0,0.0,3.0,3.0,0.0,0.0,1.0,1.0,0.0,0.0,Missing activity values present,0.0,0.0,0.0,Very low availability,553,1
090724,HUANCAVELICA,TAYACAJA,LAMBRAS,0.0,0.0,0.0,9.0,3.0,0.0,0.0,9.0,9.0,0.0,0.0,1.0,1.0,0.0,0.0,Missing activity values present,0.0,0.0,0.0,Very low availability,553,1
090725,HUANCAVELICA,TAYACAJA,COCHABAMBA,0.0,0.0,0.0,3.0,1.0,0.0,0.0,3.0,3.0,0.0,0.0,1.0,1.0,0.0,0.0,Missing activity values present,0.0,0.0,0.0,Very low availability,553,1
080913,CUSCO,LA CONVENCION,VILLA KINTIARINA,0.0,0.0,0.0,2.0,1.0,0.0,0.0,2.0,2.0,0.0,0.0,1.0,1.0,0.0,0.0,Missing activity values present,0.0,0.0,0.0,Very low availability,553,1
080916,CUSCO,LA CONVENCION,CIELO PUNCO,0.0,0.0,0.0,2.0,1.0,0.0,0.0,2.0,2.0,0.0,0.0,1.0,1.0,0.0,0.0,Missing activity values present,0.0,0.0,0.0,Very low availability,553,1
080917,CUSCO,LA CONVENCION,MANITEA,0.0,0.0,0.0,2.0,1.0,0.0,0.0,2.0,2.0,0.0,0.0,1.0,1.0,0.0,0.0,Missing activity values present,0.0,0.0,0.0,Very low availability,553,1
080918,CUSCO,LA CONVENCION,UNION ASHANINKA,0.0,0.0,0.0,2.0,1.0,0.0,0.0,2.0,2.0,0.0,0.0,1.0,1.0,0.0,0.0,Missing activity values present,0.0,0.0,0.0,Very low availability,553,1
250307,UCAYALI,PADRE ABAD,BOQUERON,0.0,0.0,0.0,10.0,5.0,0.0,0.0,10.0,10.0,0.0,0.0,1.0,1.0,0.0,0.0,Missing activity values present,0.0,0.0,0.0,Very low availability,553,1
221006,SAN MARTIN,TOCACHE,SANTA LUCIA,0.0,0.0,0.0,4.0,2.0,0.0,0.0,4.0,4.0,0.0,0.0,1.0,1.0,0.0,0.0,Missing activity values present,0.0,0.0,0.0,Very low availability,553,1
