ubigeo,departamento,provincia,distrito,c1_rows,atenciones_missing_share,atendidos_missing_share,total_emergency_attentions,total_emergency_attended,total_populated_centers,matched_centers,coverage_share,mean_distance_km,median_distance_km,share_over_20km,share_over_30km,q1_territorial_availability_score,q2_settlement_access_score,q2_observed_settlement_access_score,q3_baseline_combined_score,q4_alternative_combined_score,baseline_rank_best_to_worst,alternative_rank_best_to_worst,rank_shift_alt_minus_base,abs_rank_shift,q1_missing_dominant,q1_reported_zero_activity,q2_no_matched_centers,q2_observed_low_access,q4_observed_no_matched_centers,q3_low_score_cause,q3_baseline_level,q4_alternative_level,facility_component,activity_component,distance_component,remote_tail_component,coverage_component,matched_centers_observed,coverage_share_observed,mean_distance_km_observed,median_distance_km_observed,share_over_20km_observed,share_over_30km_observed,distance_component_observed,remote_tail_component_observed
150122,LIMA,LIMA,MIRAFLORES,383.0,0.0704960835509138,0.0704960835509138,78157.0,57290.0,1.0,1.0,1.0,0.5220617107969155,0.5220617107969155,0.0,0.0,0.9217896566903644,0.9638133846219492,0.9659839951425082,0.9428015206561569,0.9438868259164364,1,1,0,0,False,False,False,False,False,Mixed/other profile,Very high availability,Very high availability,0.8964693862866305,0.9471099270940986,0.9483048351742132,1.0,1.0,1.0,1.0,0.5220617107969155,0.5220617107969155,0.0,0.0,0.9514057073464405,1.0
040101,AREQUIPA,AREQUIPA,AREQUIPA,428.0,0.058411214953271,0.058411214953271,107957.0,45313.0,1.0,1.0,1.0,0.6541433504722787,0.6541433504722787,0.0,0.0,0.924027385924541,0.9530115511378938,0.9558300966243751,0.9385194685312175,0.9399287412744581,2,2,0,0,False,False,False,False,False,Mixed/other profile,Very high availability,Very high availability,0.8979526612347961,0.950102110614286,0.9328736444827056,1.0,1.0,1.0,1.0,0.6541433504722787,0.6541433504722787,0.0,0.0,0.9369001380348216,1.0
150101,LIMA,LIMA,LIMA,718.0,0.0250696378830083,0.0250696378830083,168141.0,85261.0,1.0,1.0,1.0,0.8243509115217436,0.8243509115217436,0.0,0.0,0.9341080166709914,0.9402985654842348,0.9438796840966981,0.9372032910776131,0.9389938503838448,3,3,0,0,False,False,False,False,False,Mixed/other profile,Very high availability,Very high availability,0.8720044393619406,0.9962115939800422,0.9147122364060496,1.0,1.0,1.0,1.0,0.8243509115217436,0.8243509115217436,0.0,0.0,0.9198281201381401,1.0
150113,LIMA,LIMA,JESUS MARIA,351.0,0.0569800569800569,0.0569800569800569,80503.0,47138.0,1.0,1.0,1.0,0.7525951889284053,0.7525951889284053,0.0,0.0,0.9097017699348628,0.94550709878987,0.9487757898079927,0.9276044343623664,0.9292387798714278,4,4,0,0,False,False,False,False,False,Mixed/other profile,Very high availability,Very high availability,0.8796635498874232,0.9397399899823022,0.9221529982712428,1.0,1.0,1.0,1.0,0.7525951889284053,0.7525951889284053,0.0,0.0,0.926822556868561,1.0
150131,LIMA,LIMA,SAN ISIDRO,418.0,0.1100478468899521,0.1100478468899521,41850.0,37472.0,1.0,1.0,1.0,0.6540926740780957,0.6540926740780957,0.0,0.0,0.8974034726845246,0.9530155278325974,0.9558338347818387,0.925209500258561,0.9266186537331816,5,5,0,0,False,False,False,False,False,Mixed/other profile,Very high availability,Very high availability,0.8921513317863623,0.9026556135826868,0.9328793254751392,1.0,1.0,1.0,1.0,0.6540926740780957,0.6540926740780957,0.0,0.0,0.9369054782597696,1.0
070101,CALLAO,CALLAO,CALLAO,460.0,0.1608695652173913,0.1608695652173913,104160.0,54424.0,7.0,7.0,1.0,1.3257342728911683,0.7867994948332891,0.0,0.0,0.8813018256560549,0.9429982277431244,0.9464174103679337,0.9121500266995897,0.9138596180119942,6,6,0,0,False,False,False,False,False,Mixed/other profile,Very high availability,Very high availability,0.8059097424569646,0.9566939088551452,0.9185688967758922,1.0,1.0,7.0,1.0,1.3257342728911683,0.7867994948332891,0.0,0.0,0.9234534433827625,1.0
070102,CALLAO,CALLAO,BELLAVISTA,431.0,0.0208816705336426,0.0208816705336426,54948.0,45485.0,1.0,1.0,1.0,0.1517513267869207,0.1517513267869207,0.0,0.0,0.8216893150234287,1.0,1.0,0.9108446575117144,0.9108446575117144,7,7,0,0,False,False,False,False,False,Mixed/other profile,Very high availability,Very high availability,0.7209599258669348,0.9224187041799226,1.0,1.0,1.0,1.0,1.0,0.15175132678692077,0.15175132678692077,0.0,0.0,1.0,1.0
130101,LA LIBERTAD,TRUJILLO,TRUJILLO,751.0,0.0705725699067909,0.0705725699067909,46878.0,43847.0,11.0,11.0,1.0,1.3239382098842434,1.516917595544344,0.0,0.0,0.9147112644044224,0.898526731830138,0.9042467396242024,0.9066189981172802,0.9094790020143124,8,8,0,0,False,False,False,False,False,Mixed/other profile,Very high availability,Very high availability,0.9151692217868268,0.914253307022018,0.8550381883287685,1.0,1.0,11.0,1.0,1.5110752126641316,1.524494056562445,0.0,0.0,0.8632096280345751,1.0
150121,LIMA,LIMA,PUEBLO LIBRE,205.0,0.0585365853658536,0.0585365853658536,28224.0,24946.0,1.0,1.0,1.0,0.2229230877962696,0.2229230877962696,0.0,0.0,0.8136825361092086,0.9922170048628868,0.9926838584481028,0.9029497704860476,0.9031831972786557,9,9,0,0,False,False,False,False,False,Mixed/other profile,Very high availability,Very high availability,0.758871996054334,0.8684930761640833,0.9888814355184096,1.0,1.0,1.0,1.0,0.2229230877962696,0.2229230877962696,0.0,0.0,0.9895483692115755,1.0
040126,AREQUIPA,AREQUIPA,YANAHUARA,145.0,0.0827586206896551,0.0827586206896551,159512.0,36841.0,1.0,1.0,1.0,0.7261133684745763,0.7261133684745763,0.0,0.0,0.8409204361942586,0.9474833912438734,0.950633536740467,0.894201913719066,0.8957769864673628,10,11,-1,1,False,False,False,False,False,Mixed/other profile,Very high availability,Very high availability,0.7247548835416479,0.9570859888468696,0.9249762732055336,1.0,1.0,1.0,1.0,0.7261133684745763,0.7261133684745763,0.0,0.0,0.9294764810578101,1.0
150132,LIMA,LIMA,SAN JUAN DE LURIGANCHO,340.0,0.0235294117647058,0.0235294117647058,93445.0,48605.0,16.0,16.0,1.0,2.2487055153831195,2.286766926899203,0.0,0.0,0.920490937972679,0.8638864171511187,0.878202345617628,0.8921886775618988,0.8993466417951534,11,10,1,1,False,False,False,False,False,Mixed/other profile,Very high availability,Very high availability,0.8937444542294222,0.9472374217159358,0.8055520245015981,1.0,1.0,16.0,1.0,2.1606667276517273,2.125175782362958,0.0,0.0,0.8260033508823258,1.0
150130,LIMA,LIMA,SAN BORJA,399.0,0.0977443609022556,0.0977443609022556,26696.0,22937.0,3.0,3.0,1.0,1.1184893914362686,1.4118333430880576,0.0,0.0,0.8799084231339758,0.904062521958706,0.9098172159795967,0.8919854725463409,0.8948628195567863,12,12,0,0,False,False,False,False,False,Mixed/other profile,Very high availability,Very high availability,0.897316492525307,0.8625003537426446,0.8629464599410087,1.0,1.0,3.0,1.0,1.1184893914362686,1.4118333430880576,0.0,0.0,0.8711674513994239,1.0
150142,LIMA,LIMA,VILLA EL SALVADOR,249.0,0.036144578313253,0.036144578313253,41634.0,37366.0,1.0,1.0,1.0,0.6137750142895653,0.6137750142895653,0.0,0.0,0.8117799258468767,0.9562185940753845,0.926178596099748,0.8839992599611306,0.8689792609733124,13,19,-6,6,False,False,False,False,False,Mixed/other profile,Very high availability,Very high availability,0.7212423816874498,0.9023174700063036,0.9374551343934064,1.0,1.0,1.0,1.0,1.1091722799546668,1.1091722799546668,0.0,0.0,0.8945408515710684,1.0
150133,LIMA,LIMA,SAN JUAN DE MIRAFLORES,336.0,0.0446428571428571,0.0446428571428571,36057.0,29178.0,2.0,2.0,1.0,1.0846044456912436,1.0846044456912436,0.0,0.0,0.8411740658211919,0.922988771572704,0.9276081973155952,0.8820814186969479,0.8843911315683936,14,14,0,0,False,False,False,False,False,Mixed/other profile,Very high availability,Very high availability,0.7968539833782942,0.8854941482640897,0.8899839593895774,1.0,1.0,2.0,1.0,1.0846044456912436,1.0846044456912436,0.0,0.0,0.8965831390222789,1.0
150140,LIMA,LIMA,SANTIAGO DE SURCO,285.0,0.1508771929824561,0.1508771929824561,20908.0,15700.0,4.0,4.0,1.0,1.7246965318734706,1.6691635028766263,0.0,0.0,0.8689095770920251,0.8909034116356018,0.8974474390332152,0.8799064943638135,0.8831785080626202,15,15,0,0,False,False,False,False,False,Mixed/other profile,Very high availability,Very high availability,0.9020904682362147,0.8357286859478354,0.8441477309080028,1.0,1.0,4.0,1.0,1.7246965318734706,1.6691635028766265,0.0,0.0,0.8534963414760219,1.0
150110,LIMA,LIMA,COMAS,431.0,0.1020881670533642,0.1020881670533642,147103.0,55635.0,13.0,13.0,1.0,1.838482322474971,2.0472388018599847,0.0,0.0,0.8829898792334452,0.8737083790831786,0.8812838297893748,0.8783491291583119,0.88213685451141,16,16,0,0,False,False,False,False,False,Mixed/other profile,Very high availability,Very high availability,0.794080875128734,0.9718988833381564,0.8195833986902552,1.0,1.0,13.0,1.0,1.906611873404544,2.0472388018599847,0.0,0.0,0.8304054711276785,1.0
150143,LIMA,LIMA,VILLA MARIA DEL TRIUNFO,66.0,0.0909090909090909,0.0909090909090909,47599.0,38097.0,6.0,6.0,1.0,1.2162165322400516,1.1916187466594734,0.0,0.0,0.8363973440128816,0.9164906897911368,0.8705449309394244,0.8764440169020091,0.853471137476153,17,24,-7,7,False,False,False,False,False,Mixed/other profile,Very high availability,Very high availability,0.764102444111554,0.9086922439142092,0.8807009854159097,1.0,1.0,6.0,1.0,2.1144920824838533,2.327588160228217,0.0,0.0,0.8150641870563207,1.0
150108,LIMA,LIMA,CHORRILLOS,356.0,0.047752808988764,0.047752808988764,25887.0,24465.0,3.0,3.0,1.0,1.1995010779634507,1.2316039398774437,0.0,0.0,0.8376856945436495,0.9141438401999616,0.9016309071266504,0.8759147673718055,0.8696583008351499,18,18,0,0,False,False,False,False,False,Mixed/other profile,Very high availability,Very high availability,0.8112999553249683,0.8640714337623305,0.8773483431428024,1.0,1.0,3.0,1.0,1.1792043346678962,1.5791993692001198,0.0,0.0,0.8594727244666435,1.0
150103,LIMA,LIMA,ATE,269.0,0.0260223048327137,0.0260223048327137,84405.0,41692.0,11.0,11.0,1.0,1.9640627444454088,1.4733982563065664,0.0,0.0,0.8393935177420948,0.9007907416186332,0.8844710244278755,0.870092129680364,0.8619322710849852,19,20,-1,1,False,False,False,False,False,Mixed/other profile,Very high availability,Very high availability,0.7425017316502263,0.9362853038339634,0.8582724880266188,1.0,1.0,11.0,1.0,2.80455281769994,1.968672386683079,0.0,0.0,0.8349586063255365,1.0
140101,LAMBAYEQUE,CHICLAYO,CHICLAYO,698.0,0.0329512893982808,0.0329512893982808,64455.0,39325.0,9.0,9.0,1.0,2.4525368880850205,2.864189620837753,0.0,0.0,0.894849896884712,0.8428781945170347,0.8523029566957441,0.8688640457008734,0.873576426790228,20,17,3,3,False,False,False,False,False,Mixed/other profile,Very high availability,Very high availability,0.8671088192462604,0.9225909745231636,0.7755402778814782,1.0,1.0,9.0,1.0,2.667205767780077,2.864189620837753,0.0,0.0,0.7890042238510631,1.0
110101,ICA,ICA,ICA,524.0,0.0629770992366412,0.0629770992366412,184319.0,51599.0,29.0,29.0,1.0,3.633909726367956,3.273266816799037,0.0,0.0,0.8934575684200574,0.8298166098178892,0.82590492889584,0.8616370891189733,0.8596812486579487,21,21,0,0,False,False,False,False,False,Mixed/other profile,Very high availability,Very high availability,0.8090320125806314,0.9778831242594832,0.7568808711684131,1.0,1.0,29.0,1.0,3.9259744212992684,3.797524706391679,0.0,0.0,0.7512927555654858,1.0
150117,LIMA,LIMA,LOS OLIVOS,350.0,0.1142857142857142,0.1142857142857142,13827.0,13084.0,8.0,8.0,1.0,2.0255053393508846,1.90562245541686,0.0,0.0,0.8422528172992334,0.8798854502680733,0.9450889133783622,0.8610691337836534,0.8936708653387978,22,13,9,9,False,False,False,False,False,Mixed/other profile,Very high availability,Very high availability,0.8738551626675015,0.8106504719309654,0.8284077860972477,1.0,1.0,8.0,1.0,1.155491948985048,0.8063601965799982,0.0,0.0,0.9215555905405176,1.0
080108,CUSCO,CUSCO,WANCHAQ,318.0,0.0,0.0,33242.0,25340.0,3.0,3.0,1.0,1.951420204949444,1.500437999029075,0.0,0.0,0.800987143810251,0.8993794122412662,0.9137075897953468,0.8501832780257585,0.8573473668027989,23,23,0,0,False,False,False,False,False,Mixed/other profile,Very high availability,Very high availability,0.7260429134072921,0.87593137421321,0.8562563032018089,1.0,1.0,3.0,1.0,1.1774217269814686,1.3361474181990731,0.0,0.0,0.876725128279067,1.0
150115,LIMA,LIMA,LA VICTORIA,144.0,0.0277777777777777,0.0277777777777777,38221.0,26204.0,1.0,1.0,1.0,0.8748176439424431,0.8748176439424431,0.0,0.0,0.751692270502767,0.9367566267593171,0.8947340991524511,0.8442244486310421,0.823213184827609,24,32,-8,8,False,False,False,False,False,Mixed/other profile,Very high availability,Very high availability,0.6202210641576336,0.8831634768479004,0.9096523239418818,1.0,1.0,1.0,1.0,1.7291838852687278,1.7291838852687278,0.0,0.0,0.8496201416463586,1.0
150116,LIMA,LIMA,LINCE,137.0,0.1532846715328467,0.1532846715328467,2121.0,2077.0,1.0,1.0,1.0,0.5975203520602711,0.5975203520602711,0.0,0.0,0.7203065686548253,0.9575326517815884,0.9600800044936371,0.8389196102182068,0.8401932865742312,25,26,-1,1,False,False,False,False,False,Mixed/other profile,Very high availability,Very high availability,0.7882935983296822,0.6523195389799685,0.9393323596879838,1.0,1.0,1.0,1.0,0.5975203520602711,0.5975203520602711,0.0,0.0,0.9429714349909101,1.0
150135,LIMA,LIMA,SAN MARTIN DE PORRES,274.0,0.1386861313868613,0.1386861313868613,25416.0,18076.0,8.0,8.0,1.0,2.0371616923470066,1.968886682226329,0.0,0.0,0.8000280613453222,0.8770895836870936,0.8844622169092908,0.838558822516208,0.8422451391273065,26,25,1,1,False,False,False,False,False,Mixed/other profile,Very high availability,Very high availability,0.7500701343909535,0.849985988299691,0.8244136909815624,1.0,1.0,8.0,1.0,1.909266718241243,1.9688866822263291,0.0,0.0,0.8349460241561297,1.0
150137,LIMA,LIMA,SANTA ANITA,121.0,0.0743801652892562,0.0743801652892562,12468.0,12166.0,3.0,3.0,1.0,0.9554074942106064,0.9845512548944376,0.0,0.0,0.7433997777698262,0.929373276286311,0.8923087468317445,0.8363865270280686,0.8178542623007854,27,33,-6,6,False,False,False,False,False,Mixed/other profile,Very high availability,Very high availability,0.6836186475312636,0.803180908008389,0.8991046804090157,1.0,1.0,3.0,1.0,1.6814813356241312,1.7839753232647093,0.0,0.0,0.846155352616778,1.0
150136,LIMA,LIMA,SAN MIGUEL,264.0,0.0265151515151515,0.0265151515151515,28702.0,24579.0,1.0,1.0,1.0,1.63196738120512,1.63196738120512,0.0,0.0,0.7758682434056056,0.8927249960080672,0.8991597578620081,0.8342966197068364,0.8375140006338069,28,27,1,1,False,False,False,False,False,Mixed/other profile,Very high availability,Very high availability,0.6832035448283318,0.8685329419828793,0.8467499942972391,1.0,1.0,1.0,1.0,1.6319673812051199,1.6319673812051199,0.0,0.0,0.85594251123144,1.0
150125,LIMA,LIMA,PUENTE PIEDRA,322.0,0.0496894409937888,0.0496894409937888,17110.0,10173.0,14.0,14.0,1.0,1.5624261380763425,1.664945967343314,0.0,0.0,0.7606072113400881,0.8911086742935008,0.8976403892579103,0.8258579428167945,0.8291238002989992,29,29,0,0,False,False,False,False,False,Mixed/other profile,Very high availability,Very high availability,0.7128606273282841,0.808353795351892,0.8444409632764297,1.0,1.0,14.0,1.0,1.5624261380763425,1.664945967343314,0.0,0.0,0.8537719846541577,1.0
070106,CALLAO,CALLAO,VENTANILLA,210.0,0.119047619047619,0.119047619047619,13562.0,12023.0,8.0,8.0,1.0,1.5924184190527402,1.4202500965767846,0.0,0.0,0.7413975297955483,0.9036103291476832,0.9093921474094753,0.8225039294716158,0.8253948386025118,30,30,0,0,False,False,False,False,False,Mixed/other profile,Very high availability,Very high availability,0.6766666143631654,0.8061284452279311,0.862300470210976,1.0,1.0,8.0,1.0,1.5924184190527402,1.4202500965767846,0.0,0.0,0.8705602105849648,1.0
150128,LIMA,LIMA,RIMAC,289.0,0.0622837370242214,0.0622837370242214,9406.0,6631.0,1.0,1.0,1.0,0.5008193795776471,0.5008193795776471,0.0,0.0,0.6653726458888809,0.9656377057713468,0.9676988865859666,0.8155051758301138,0.8165357662374237,31,34,-3,3,False,False,False,False,False,Mixed/other profile,Very high availability,Very high availability,0.5659091951295487,0.7648360966482131,0.9509110082447813,1.0,1.0,1.0,1.0,0.5008193795776471,0.5008193795776471,0.0,0.0,0.9538555522656665,1.0
150141,LIMA,LIMA,SURQUILLO,75.0,0.1733333333333333,0.1733333333333333,4402.0,3339.0,1.0,1.0,1.0,1.1639861633180044,1.1639861633180044,0.0,0.0,0.7083473022154261,0.9181376832267504,0.9087374574593066,0.8132424927210882,0.8085423798373663,32,38,-6,6,False,False,False,False,False,Mixed/other profile,Very high availability,Very high availability,0.7133740332264813,0.7033205712043709,0.8830538331810722,1.0,1.0,1.0,1.0,1.4332710620533857,1.4332710620533857,0.0,0.0,0.8696249392275808,1.0
110201,ICA,CHINCHA,CHINCHA ALTA,416.0,0.0,0.0,25271.0,19647.0,14.0,14.0,1.0,1.950629979359304,1.7652883236815873,0.0,0.0,0.7348444978835521,0.886311028326024,0.8931305243028917,0.8105777631047881,0.813987511093222,33,36,-3,3,False,False,False,False,False,Mixed/other profile,Very high availability,Very high availability,0.6162689185097445,0.8534200772573597,0.8375871833228916,1.0,1.0,14.0,1.0,1.9879178334530538,1.7652883236815873,0.0,0.0,0.8473293204327025,1.0
060101,CAJAMARCA,CAJAMARCA,CAJAMARCA,663.0,0.0814479638009049,0.0814479638009049,13877.0,13076.0,200.0,200.0,1.0,6.419265681474599,5.477581892502256,0.02,0.0,0.8410602179542936,0.7758228380006724,0.8777068087687347,0.808441527977483,0.8593835133615142,34,22,12,12,False,False,False,False,False,Mixed/other profile,Very high availability,Very high availability,0.8713480519167447,0.8107723839918425,0.679746911429532,1.0,1.0,200.0,1.0,2.5279420003562763,2.1378936473978554,0.0,0.0,0.8252954410981925,1.0
120101,JUNIN,HUANCAYO,HUANCAYO,330.0,0.0878787878787878,0.0878787878787878,51966.0,47748.0,20.0,20.0,1.0,7.290029293035097,6.274202376135608,0.05,0.0,0.8548999681502042,0.7607674501736348,0.7776561920480269,0.8078337091619194,0.8162780800991156,35,35,0,0,False,False,False,False,False,Mixed/other profile,Very high availability,Very high availability,0.7875439644788531,0.9222559718215552,0.6582392145337641,1.0,1.0,20.0,1.0,6.379747335915552,6.124419422577122,0.0,0.0,0.6823659886400386,1.0
150111,LIMA,LIMA,EL AGUSTINO,120.0,0.0333333333333333,0.0333333333333333,14348.0,11610.0,3.0,3.0,1.0,0.6093622305967171,0.6366448751090622,0.0,0.0,0.6604364767974997,0.95439199071077,0.9173990240054901,0.8074142337541348,0.7889177504014949,36,46,-10,10,False,False,False,False,False,Mixed/other profile,Very high availability,Very high availability,0.5139605673408778,0.8069123862541218,0.9348457010153854,1.0,1.0,3.0,1.0,1.3052027187443553,1.2665290111288705,0.0,0.0,0.881998605722129,1.0
150114,LIMA,LIMA,LA MOLINA,287.0,0.0139372822299651,0.0139372822299651,32006.0,21603.0,10.0,10.0,1.0,3.721762881212065,3.3083217759863555,0.0,0.0,0.7798744922040004,0.8287561426607699,0.8390279991037768,0.8043153174323852,0.8094512456538886,37,37,0,0,False,False,False,False,False,Mixed/other profile,Very high availability,Very high availability,0.6924064051672734,0.8673425792407276,0.7553659180868141,1.0,1.0,10.0,1.0,3.721762881212065,3.3083217759863555,0.0,0.0,0.7700399987196812,1.0
130105,LA LIBERTAD,TRUJILLO,LA ESPERANZA,270.0,0.1111111111111111,0.1111111111111111,10449.0,10428.0,1.0,1.0,1.0,0.5806933977351947,0.5806933977351947,0.0,0.0,0.6491588042565396,0.9589071351952794,0.961372041175935,0.8040329697259094,0.8052654227162372,38,40,-2,2,False,False,False,False,False,Mixed/other profile,Very high availability,Very high availability,0.5092094069756016,0.7891082015374776,0.941295907421828,1.0,1.0,1.0,1.0,0.5806933977351947,0.5806933977351947,0.0,0.0,0.9448172016799071,1.0
150105,LIMA,LIMA,BRE?A,32.0,0.125,0.125,10228.0,9172.0,1.0,1.0,1.0,0.8456820866821636,0.8456820866821636,0.0,0.0,0.6658832236003548,0.9387896575745568,0.9424612862098305,0.8023364405874558,0.8041722549050927,39,41,-2,2,False,False,False,False,False,Mixed/other profile,Very high availability,Very high availability,0.549191129841289,0.7825753173594205,0.9125566536779384,1.0,1.0,1.0,1.0,0.8456820866821636,0.8456820866821636,0.0,0.0,0.9178018374426151,1.0
160101,LORETO,MAYNAS,IQUITOS,424.0,0.0141509433962264,0.0141509433962264,17574.0,15786.0,19.0,19.0,1.0,7.903733751655101,3.487786683267221,0.1052631578947368,0.0,0.7772984982021071,0.8234587487567258,0.8340483629899968,0.8003786234794164,0.805673430596052,40,39,1,1,False,False,False,False,False,Mixed/other profile,Very high availability,Very high availability,0.725791066363628,0.8288059300405861,0.7477982125096083,1.0,1.0,19.0,1.0,7.903733751655101,3.487786683267221,0.10526315789473684,0.0,0.7629262328428527,1.0
080101,CUSCO,CUSCO,CUSCO,177.0,0.0451977401129943,0.0451977401129943,9307.0,8256.0,77.0,77.0,1.0,4.231437265162328,4.220673524573858,0.0,0.0,0.7941856154287723,0.8038239428919132,0.8120276434908347,0.7990047791603427,0.8031066294598035,41,42,-1,1,False,False,False,False,False,Mixed/other profile,Very high availability,Very high availability,0.8143199986601943,0.7740512321973503,0.7197484898455904,1.0,1.0,77.0,1.0,4.435948999427622,4.375400090835254,0.0,0.0,0.731468062129764,1.0
070103,CALLAO,CALLAO,CARMEN DE LA LEGUA-REYNOSO,66.0,0.0909090909090909,0.0909090909090909,13462.0,12306.0,1.0,1.0,1.0,0.9147714959607472,0.9147714959607472,0.0,0.0,0.660404171109121,0.9340194953167502,0.9379772563872737,0.7972118332129356,0.7991907137481973,42,44,-2,2,False,False,False,False,False,Mixed/other profile,Very high availability,Very high availability,0.5139605673408778,0.8068477748773641,0.905742136166786,1.0,1.0,1.0,1.0,0.9147714959607471,0.9147714959607471,0.0,0.0,0.9113960805532483,1.0
150120,LIMA,LIMA,MAGDALENA DEL MAR,60.0,0.15,0.15,1108.0,947.0,1.0,1.0,1.0,0.4837297466763857,0.4837297466763857,0.0,0.0,0.62326589324187,0.9671242292749072,0.953615866006418,0.7951950612583886,0.788440879624144,43,47,-4,4,False,False,False,False,False,Mixed/other profile,Very high availability,Very high availability,0.6555346563401685,0.5909971301435715,0.9530346132498676,1.0,1.0,1.0,1.0,0.6844350852375041,0.6844350852375041,0.0,0.0,0.9337369514377399,1.0
230101,TACNA,TACNA,TACNA,202.0,0.0346534653465346,0.0346534653465346,6516.0,5311.0,17.0,17.0,1.0,5.803264887732875,2.949774409718647,0.0588235294117647,0.0,0.7494580775136287,0.8400346791792921,0.8496300061992554,0.7947463783464603,0.7995440418564421,44,43,1,1,False,False,False,False,False,Mixed/other profile,Very high availability,Very high availability,0.7589904437791917,0.7399257112480657,0.7714781131132744,1.0,1.0,17.0,1.0,5.8000669214323715,2.949774409718647,0.058823529411764705,0.0,0.7851857231417936,1.0
150112,LIMA,LIMA,INDEPENDENCIA,198.0,0.0909090909090909,0.0909090909090909,23206.0,18444.0,3.0,3.0,1.0,1.2817232512648584,1.4109892551140453,0.0,0.0,0.6846447167832089,0.904107957892888,0.9736936217818775,0.7943763373380485,0.8291691692825431,45,28,17,17,False,False,False,False,False,Mixed/other profile,Very high availability,Very high availability,0.5221672051882373,0.8471222283781805,0.8630113684184112,1.0,1.0,3.0,1.0,0.8602622887028802,0.4288653415509874,0.0,0.0,0.9624194596883966,1.0
040112,AREQUIPA,AREQUIPA,PAUCARPATA,155.0,0.1870967741935484,0.1870967741935484,18655.0,18464.0,2.0,2.0,1.0,1.8760815009244,1.8760815009244,0.0,0.0,0.6977800016057683,0.8812118837752865,0.8883372457938397,0.7894959426905274,0.793058623699804,46,45,1,1,False,False,False,False,False,Mixed/other profile,Very high availability,Very high availability,0.5573919634194093,0.8381680397921273,0.8303026911075523,1.0,1.0,2.0,1.0,1.8760815009243996,1.8760815009243996,0.0,0.0,0.8404817797054854,1.0
240101,TUMBES,TUMBES,TUMBES,135.0,0.0296296296296296,0.0296296296296296,37200.0,11468.0,23.0,23.0,1.0,3.6927406786162087,2.6754318268253945,0.0,0.0,0.7266713252000301,0.8493788798307458,0.8358389115145426,0.7880251025153879,0.7812551183572863,47,50,-3,3,False,False,False,False,False,Mixed/other profile,Very high availability,Very high availability,0.6076855667137544,0.8456570836863058,0.7848269711867799,1.0,1.0,23.0,1.0,4.422709922263614,3.4224108463903455,0.0,0.0,0.7654841593064895,1.0
110501,ICA,PISCO,PISCO,211.0,0.0284360189573459,0.0284360189573459,45233.0,20674.0,24.0,24.0,1.0,2.3829012710181554,2.393090973601564,0.0,0.0,0.703691702379206,0.8597539064559485,0.8616973974013842,0.7817228044175772,0.7826945498902951,48,49,-1,1,False,False,False,False,False,Mixed/other profile,Very high availability,Very high availability,0.527712139239223,0.879671265519189,0.7996484377942121,1.0,1.0,24.0,1.0,2.6057124548348867,2.577838175550552,0.0,0.0,0.8024248534305489,1.0
120114,JUNIN,HUANCAYO,EL TAMBO,416.0,0.0913461538461538,0.0913461538461538,15498.0,14632.0,27.0,27.0,1.0,4.1395320605404295,3.9305290020943167,0.0,0.0,0.7470283598291055,0.8112460671770567,0.8184572272499244,0.7791372135030812,0.782742793539515,49,48,1,1,False,False,False,False,False,Mixed/other profile,Very high availability,Very high availability,0.6737775380922186,0.8202791815659924,0.7303515245386525,1.0,1.0,27.0,1.0,4.209902894715738,4.099480157187401,0.0,0.0,0.7406531817856062,1.0
220901,SAN MARTIN,SAN MARTIN,TARAPOTO,459.0,0.0196078431372549,0.0196078431372549,16246.0,11726.0,13.0,13.0,1.0,3.71559536745246,4.08727271521144,0.0,0.0,0.7379212714146096,0.8071838215947049,0.9088639874249722,0.7725525465046572,0.8233926294197909,50,31,19,19,False,False,False,False,False,Mixed/other profile,Very high availability,Very high availability,0.6633693171413036,0.8124732256879156,0.7245483165638641,1.0,1.0,13.0,1.0,1.4735590967610834,1.430749089565226,0.0,0.0,0.8698056963213889,1.0
200101,PIURA,PIURA,PIURA,528.0,0.0303030303030303,0.0303030303030303,23214.0,22570.0,40.0,40.0,1.0,7.91290358201401,8.088282494166577,0.0,0.0,0.8074182662456042,0.7318666941857435,0.7387693976171817,0.7696424802156738,0.7730938319313929,51,51,0,0,False,False,False,False,False,Mixed/other profile,Very high availability,Very high availability,0.7588097550288404,0.8560267774623679,0.6169524202653479,1.0,1.0,40.0,1.0,8.176392250032084,8.798501726303225,0.0,0.0,0.6268134251674026,1.0
200602,PIURA,SULLANA,BELLAVISTA,2325.0,0.0,0.0,28883.0,14697.0,1.0,1.0,1.0,0.9575234270429502,0.9575234270429502,0.0,0.0,0.5979034890689802,0.9311532194443112,0.9352829106193374,0.7645283542566457,0.7665931998441589,52,54,-2,2,False,False,False,False,False,Mixed/other profile,Very high availability,Very high availability,0.3496607862456018,0.8461461918923585,0.901647456349016,1.0,1.0,1.0,1.0,0.9575234270429502,0.9575234270429502,0.0,0.0,0.907547015170482,1.0
030101,APURIMAC,ABANCAY,ABANCAY,175.0,0.0114285714285714,0.0114285714285714,22873.0,7776.0,107.0,107.0,1.0,4.32761387560174,4.140544325332504,0.0,0.0,0.721694792798496,0.8058316561538332,0.812848235745794,0.7637632244761646,0.767271514272145,53,53,0,0,False,False,False,False,False,Mixed/other profile,Very high availability,Very high availability,0.6348967642671084,0.8084928213298836,0.7226166516483332,1.0,1.0,107.0,1.0,4.695247214644097,4.3393704213385345,0.0,0.0,0.7326403367797059,1.0
130102,LA LIBERTAD,TRUJILLO,EL PORVENIR,138.0,0.144927536231884,0.144927536231884,3320.0,3320.0,1.0,1.0,1.0,0.8768260983788156,0.8768260983788156,0.0,0.0,0.5786987038302935,0.936617646388476,0.9404195604975922,0.7576581751093847,0.7595591321639429,54,57,-3,3,False,False,False,False,False,Mixed/other profile,Very high availability,Very high availability,0.4659583213086449,0.6914390863519422,0.909453780554966,1.0,1.0,1.0,1.0,0.8768260983788156,0.8768260983788156,0.0,0.0,0.9148850864251318,1.0
210101,PUNO,PUNO,PUNO,359.0,0.0557103064066852,0.0557103064066852,24017.0,10153.0,206.0,206.0,1.0,7.841170025134938,6.617264286741959,0.0097087378640776,0.0,0.7571653165377445,0.7547857463151209,0.7659238214562434,0.7559755314264327,0.761544568996994,55,56,-1,1,False,False,False,False,False,Mixed/other profile,Very high availability,Very high availability,0.6920800727270434,0.8222505603484458,0.6496939233073155,1.0,1.0,206.0,1.0,8.119613000291924,6.843477127911328,0.009708737864077669,0.0,0.6656054592232049,1.0
150118,LIMA,LIMA,LURIGANCHO,64.0,0.0625,0.0625,10431.0,8952.0,26.0,26.0,1.0,3.6673378798183416,3.982547157934525,0.0,0.0,0.6870354561304614,0.8098837961295575,0.8087702655536735,0.7484596261300094,0.7479028608420675,56,58,-2,2,False,False,False,False,False,Mixed/other profile,Very high availability,Very high availability,0.5917542852772157,0.782316626983707,0.728405423042225,1.0,1.0,26.0,1.0,4.629097190001414,4.520835606537663,0.0,0.0,0.7268146650766765,1.0
021809,ANCASH,SANTA,NUEVO CHIMBOTE,138.0,0.0942028985507246,0.0942028985507246,25644.0,18393.0,29.0,29.0,1.0,5.011783122224237,4.454398878670153,0.0,0.0,0.6934707856791039,0.7981391134540377,0.8010383689295226,0.7458049495665708,0.7472545773043133,57,59,-2,2,False,False,False,False,False,Mixed/other profile,Very high availability,Very high availability,0.5358217177193971,0.8511198536388107,0.7116273049343397,1.0,1.0,29.0,1.0,5.2514304494146575,4.882000267999221,0.0,0.0,0.7157690984707467,1.0
140112,LAMBAYEQUE,CHICLAYO,PIMENTEL,92.0,0.0217391304347826,0.0217391304347826,16421.0,11609.0,49.0,49.0,1.0,2.042182880409777,1.9720063536332275,0.0,0.0,0.6092223541068955,0.8769532603555665,0.8843340707685432,0.743087807231231,0.7467782124377194,58,60,-2,2,False,False,False,False,False,Mixed/other profile,Very high availability,Very high availability,0.4059712488433421,0.8124734593704488,0.8242189433650952,1.0,1.0,49.0,1.0,2.0421828804097775,1.9720063536332273,0.0,0.0,0.8347629582407761,1.0
211101,PUNO,SAN ROMAN,JULIACA,323.0,0.0340557275541795,0.0340557275541795,14833.0,13941.0,92.0,92.0,1.0,7.622198125228563,7.594861216244983,0.0,0.0,0.7398548414349411,0.7391124581353608,0.7288810920380866,0.7394836497851509,0.7343679667365138,59,66,-7,7,False,False,False,False,False,Mixed/other profile,Very high availability,Very high availability,0.6633693171413036,0.8163403657285786,0.627303511621944,1.0,1.0,92.0,1.0,9.061234910072068,9.62564318890444,0.0,0.0,0.6126872743401237,1.0
200104,PIURA,PIURA,CASTILLA,380.0,0.0184210526315789,0.0184210526315789,8494.0,7631.0,36.0,36.0,1.0,9.82149654407059,6.0335237582128505,0.0833333333333333,0.0,0.7112484451728972,0.7651348292639204,0.779002262718528,0.7381916372184087,0.7451253539457126,60,61,-1,1,False,False,False,False,False,Mixed/other profile,Very high availability,Very high availability,0.65568116126804,0.7668157290777544,0.6644783275198864,1.0,1.0,36.0,1.0,10.066341956658473,6.046255629900089,0.1111111111111111,0.0,0.6842889467407545,1.0
040109,AREQUIPA,AREQUIPA,MARIANO MELGAR,137.0,0.0656934306569343,0.0656934306569343,1071.0,988.0,1.0,1.0,1.0,0.4701619688811105,0.4701619688811105,0.0,0.0,0.5024069706602444,0.9683166519816238,0.9702171394358037,0.7353618113209341,0.736312055048024,61,63,-2,2,False,False,False,False,False,Mixed/other profile,Very high availability,Very high availability,0.4133515431425568,0.5914623981779321,0.9547380742594628,1.0,1.0,1.0,1.0,0.47016196888111056,0.47016196888111056,0.0,0.0,0.9574530563368626,1.0
130111,LA LIBERTAD,TRUJILLO,VICTOR LARCO HERRERA,185.0,0.054054054054054,0.054054054054054,6063.0,4417.0,6.0,6.0,1.0,1.737825507829644,1.8282351132620625,0.0,0.0,0.5828927261404488,0.883389436848792,0.8903841809700634,0.7331410814946204,0.7366384535552561,62,62,0,0,False,False,False,False,False,Mixed/other profile,Very high availability,Very high availability,0.4369464161847899,0.7288390360961079,0.8334134812125602,1.0,1.0,6.0,1.0,1.737825507829644,1.8282351132620622,0.0,0.0,0.8434059728143763,1.0
200601,PIURA,SULLANA,SULLANA,242.0,0.0082644628099173,0.0082644628099173,8302.0,7976.0,96.0,96.0,1.0,10.946367980699168,9.40002138581485,0.1145833333333333,0.0,0.749358478522036,0.7143664731924956,0.7202480447300553,0.7318624758572658,0.7348032616260456,63,65,-2,2,False,False,False,False,False,Mixed/other profile,Very high availability,Very high availability,0.7308969002028973,0.7678200568411745,0.591952104560708,1.0,1.0,96.0,1.0,13.204034718331165,9.83520754688585,0.3333333333333333,0.020833333333333332,0.6092829210429362,0.9791666666666666
050110,AYACUCHO,HUAMANGA,SAN JUAN BAUTISTA,142.0,0.0422535211267605,0.0422535211267605,29023.0,7515.0,15.0,15.0,1.0,2.3451104895178103,1.4894824182083082,0.0,0.0,0.5610846660738759,0.8999493868608359,0.9087670634008151,0.730517026467356,0.7349258647373456,64,64,0,0,False,False,False,False,False,Mixed/other profile,Very high availability,Very high availability,0.3053599292957507,0.816809402852001,0.857070552658337,1.0,1.0,15.0,1.0,2.135479913713568,1.4326807273638769,0.0,0.0,0.869667233429736,1.0
150134,LIMA,LIMA,SAN LUIS,59.0,0.0,0.0,1055.0,1055.0,1.0,1.0,1.0,1.329009868413625,1.329009868413625,0.0,0.0,0.5515040619247866,0.9085983342624008,0.9000365249258055,0.7300511980935938,0.7257702934252961,65,69,-4,4,False,False,False,False,False,Mixed/other profile,Very high availability,Very high availability,0.5092791327117587,0.5937289911378145,0.8694261918034301,1.0,1.0,1.0,1.0,1.613122780311164,1.613122780311164,0.0,0.0,0.8571950356082938,1.0
130103,LA LIBERTAD,TRUJILLO,FLORENCIA DE MORA,187.0,0.0427807486631016,0.0427807486631016,4279.0,4269.0,1.0,1.0,1.0,1.0101676173897305,1.0101676173897305,0.0,0.0,0.522427798000529,0.9277085216859836,0.9320448389053706,0.7250681598432562,0.7272363184529498,66,68,-2,2,False,False,False,False,False,Mixed/other profile,Very high availability,Very high availability,0.3318854982203025,0.7129700977807553,0.8967264595514052,1.0,1.0,1.0,1.0,1.0101676173897303,1.0101676173897303,0.0,0.0,0.9029211984362436,1.0
060801,CAJAMARCA,JAEN,JAEN,581.0,0.0946643717728055,0.0946643717728055,6787.0,6075.0,146.0,146.0,1.0,9.040539828696694,8.091476059613672,0.0205479452054794,0.0,0.7177779571066966,0.7318210904158196,0.8276442289776593,0.7247995237612581,0.7727110930421779,67,52,15,15,False,False,False,False,False,Mixed/other profile,Very high availability,Very high availability,0.6880321064326087,0.7475238077807844,0.6168872720225995,1.0,1.0,146.0,1.0,3.861744612273958,3.729622844527343,0.0,0.0,0.7537774699680848,1.0
030201,APURIMAC,ANDAHUAYLAS,ANDAHUAYLAS,128.0,0.0390625,0.0390625,12117.0,5418.0,66.0,66.0,1.0,5.06947957402277,4.149578916627283,0.0,0.0,0.6399845778885578,0.8056037263703641,0.7858333502328985,0.722794152129461,0.7129089640607281,68,76,-8,8,False,False,False,False,False,Mixed/other profile,Very high availability,Very high availability,0.5135855015187674,0.7663836542583483,0.7222910376719487,1.0,1.0,66.0,1.0,7.6643691190760235,5.6626105782414236,0.0,0.0,0.694047643189855,1.0
130107,LA LIBERTAD,TRUJILLO,MOCHE,136.0,0.0735294117647058,0.0735294117647058,3254.0,3240.0,52.0,52.0,1.0,1.6791698518617495,1.578324099801366,0.0,0.0,0.5344915455056868,0.8953978897479016,0.9016723212915492,0.7149447176267942,0.7180819333986179,69,71,-2,2,False,False,False,False,False,Mixed/other profile,Very high availability,Very high availability,0.3794456799187903,0.6895374110925833,0.8505684139255738,1.0,1.0,52.0,1.0,1.6999019847052983,1.5783240998013661,0.0,0.0,0.859531887559356,1.0
021801,ANCASH,SANTA,CHIMBOTE,382.0,0.0549738219895288,0.0549738219895288,106256.0,36950.0,111.0,111.0,1.0,17.915183286504206,15.105729035330148,0.3783783783783784,0.1621621621621621,0.8079297086636064,0.6089464730064044,0.6501672038650027,0.7084380908350054,0.7290484562643045,70,67,3,3,False,False,False,False,False,Mixed/other profile,Very high availability,Very high availability,0.675397301364677,0.9404621159625356,0.510850173792933,0.8378378378378378,1.0,111.0,1.0,15.968892617739339,13.210399392068394,0.26126126126126126,0.14414414414414414,0.5620149244403514,0.8558558558558559
150601,LIMA,HUARAL,HUARAL,124.0,0.032258064516129,0.032258064516129,16097.0,11933.0,107.0,107.0,1.0,7.915048332076805,5.637052904535046,0.102803738317757,0.0093457943925233,0.6454061467079296,0.7698622057744089,0.7834985651929307,0.7076341762411693,0.7144523559504301,71,73,-2,2,False,False,False,False,False,Mixed/other profile,Very high availability,Very high availability,0.4779484303218317,0.8128638630940275,0.6752370629888085,0.9906542056074766,1.0,107.0,1.0,7.915048332076805,5.637052904535046,0.102803738317757,0.009345794392523364,0.6947175764438396,0.9906542056074766
180101,MOQUEGUA,MARISCAL NIETO,MOQUEGUA,124.0,0.032258064516129,0.032258064516129,33483.0,10799.0,133.0,133.0,1.0,9.4996925172497,5.45824252160956,0.0827067669172932,0.0526315789473684,0.6546186170559896,0.7604214803512643,0.77384519661988,0.707520048703627,0.7142319068379348,72,74,-2,2,False,False,False,False,False,Mixed/other profile,Very high availability,Very high availability,0.4705681360226171,0.8386690980893619,0.6803013629078214,0.9473684210526316,1.0,133.0,1.0,9.461978760023579,5.45824252160956,0.08270676691729323,0.05263157894736842,0.699478100434415,0.9473684210526316
080901,CUSCO,LA CONVENCION,SANTA ANA,177.0,0.0,0.0,10544.0,6439.0,107.0,107.0,1.0,5.787455042731885,5.927686710548201,0.0,0.0,0.64261731323821,0.7671028786563222,0.7760738098193325,0.7048600959472662,0.7093455615287713,73,81,-8,8,False,False,False,False,False,Mixed/other profile,Very high availability,Very high availability,0.5169829060253739,0.7682517204510463,0.667289826651889,1.0,1.0,107.0,1.0,6.124881880588926,6.217414859206423,0.0,0.0,0.6801054425990464,1.0
050101,AYACUCHO,HUAMANGA,AYACUCHO,184.0,0.0326086956521739,0.0326086956521739,4397.0,3158.0,45.0,45.0,1.0,4.665321795428501,4.735703499197062,0.0,0.0,0.6166442541007906,0.7916116064375524,0.8045107712202106,0.7041279302691714,0.7105775126605006,74,78,-4,4,False,False,False,False,False,Mixed/other profile,Very high availability,Very high availability,0.5324684588810668,0.7008200493205143,0.7023022949107891,1.0,1.0,45.0,1.0,4.2210092150708,4.716966934175142,0.0,0.0,0.7207296731717295,1.0
100102,HUANUCO,HUANUCO,AMARILIS,139.0,0.0575539568345323,0.0575539568345323,46369.0,13837.0,86.0,86.0,1.0,5.391569544325766,5.656429357127299,0.0,0.0,0.6344916490387398,0.7722875460775984,0.785946603245075,0.7033895975581691,0.7102191261419074,75,79,-4,4,False,False,False,False,False,Mixed/other profile,Very high availability,Very high availability,0.4059712488433421,0.8630120492341375,0.6746964943965693,1.0,1.0,86.0,1.0,5.391569544325766,5.656429357127299,0.0,0.0,0.6942094332072501,1.0
150201,LIMA,BARRANCA,BARRANCA,62.0,0.032258064516129,0.032258064516129,6871.0,6122.0,64.0,64.0,1.0,7.094826932878229,3.736847789043676,0.015625,0.0,0.589602066205573,0.8164478234375407,0.8274579795783013,0.7030249448215569,0.7085300228919371,76,83,-7,7,False,False,False,False,False,Mixed/other profile,Very high availability,Very high availability,0.4308337831477513,0.7483703492633946,0.7377826049107725,1.0,1.0,64.0,1.0,7.094826932878229,3.736847789043676,0.015625,0.0,0.7535113993975734,1.0
080106,CUSCO,CUSCO,SANTIAGO,121.0,0.0330578512396694,0.0330578512396694,3746.0,3486.0,43.0,43.0,1.0,5.395421115303962,5.838139913210536,0.0,0.0,0.6369706450490162,0.7687916347143606,0.782660389912579,0.7028811398816884,0.7098155174807976,77,80,-3,3,False,False,False,False,False,Mixed/other profile,Very high availability,Very high availability,0.5753770240529691,0.6985642660450633,0.6697023353062295,1.0,1.0,43.0,1.0,5.400478385176592,5.838139913210536,0.0,0.0,0.6895148427322557,1.0
010101,AMAZONAS,CHACHAPOYAS,CHACHAPOYAS,126.0,0.0476190476190476,0.0476190476190476,6241.0,3219.0,49.0,49.0,1.0,4.543350751637454,4.687490458438631,0.0,0.0,0.6129483649406214,0.7927073087611991,0.8051415110687978,0.7028278368509102,0.7090449380047097,78,82,-4,4,False,False,False,False,False,Mixed/other profile,Very high availability,Very high availability,0.5097945045233452,0.7161022253578977,0.7038675839445703,1.0,1.0,49.0,1.0,4.545677419071201,4.687490458438631,0.0,0.0,0.7216307300982826,1.0
020101,ANCASH,HUARAZ,HUARAZ,86.0,0.2790697674418604,0.2790697674418604,7053.0,7053.0,221.0,221.0,1.0,7.441243781427258,8.089397369281953,0.0,0.0,0.6729487192110934,0.7318507720690115,0.7517825888432483,0.7023997456400525,0.7123656540271709,79,77,2,2,False,False,False,False,False,Mixed/other profile,Very high availability,Very high availability,0.5902156688309272,0.7556817695912595,0.6169296743843021,1.0,1.0,221.0,1.0,7.266999550919497,7.807277473432071,0.0,0.0,0.6454036983474978,1.0
040104,AREQUIPA,AREQUIPA,CERRO COLORADO,165.0,0.1333333333333333,0.1333333333333333,3954.0,2802.0,12.0,12.0,1.0,3.709507886921604,3.792805915990726,0.0,0.0,0.5892538078380967,0.8149234054195478,0.8260250019382773,0.7020886066288222,0.707639404888187,80,84,-4,4,False,False,False,False,False,Mixed/other profile,Very high availability,Very high availability,0.4873314629788841,0.6911761526973091,0.7356048648850684,1.0,1.0,12.0,1.0,3.7095078869216036,3.792805915990726,0.0,0.0,0.7514642884832534,1.0
150102,LIMA,LIMA,ANCON,64.0,0.0625,0.0625,2700.0,2700.0,3.0,3.0,1.0,1.16912510535398,1.335829588549731,0.0,0.0,0.4956810923873196,0.9082188068128464,0.9137241910948573,0.701949949600083,0.7047026417410884,81,85,-4,4,False,False,False,False,False,Mixed/other profile,Very high availability,Very high availability,0.3175453570603406,0.6738168277142986,0.8688840097326376,1.0,1.0,3.0,1.0,1.16912510535398,1.3358295885497313,0.0,0.0,0.8767488444212247,1.0
120401,JUNIN,JAUJA,JAUJA,124.0,0.032258064516129,0.032258064516129,5263.0,3471.0,3.0,3.0,1.0,1.2330017290047597,1.5001792591126994,0.0,0.0,0.5017064141842478,0.8993928446175783,0.9054276436070705,0.700549629400913,0.7035670288956591,82,87,-5,5,False,False,False,False,False,Mixed/other profile,Very high availability,Very high availability,0.2910197881357887,0.7123930402327067,0.8562754923108263,1.0,1.0,3.0,1.0,1.2330017290047597,1.5001792591126994,0.0,0.0,0.8648966337243866,1.0
200115,PIURA,PIURA,VEINTISEIS DE OCTUBRE,114.0,0.0,0.0,3976.0,3968.0,7.0,7.0,1.0,2.201296303656876,2.729340101487579,0.0,0.0,0.5523356306853953,0.8474888683138673,0.8566370647804835,0.6999122494996313,0.7044863477329394,83,86,-3,3,False,False,False,False,False,Mixed/other profile,Very high availability,Very high availability,0.3979484121824117,0.7067228491883788,0.7821269547340961,1.0,1.0,7.0,1.0,2.2604605440202348,2.729340101487579,0.0,0.0,0.7951958068292623,1.0
180301,MOQUEGUA,ILO,ILO,122.0,0.0163934426229508,0.0163934426229508,8439.0,6041.0,8.0,8.0,1.0,7.4107179307793745,4.733082198500419,0.125,0.0,0.5947210322345733,0.7916709416421899,0.8041673091826567,0.6931959869383816,0.699444170708615,84,89,-5,5,False,False,False,False,False,Mixed/other profile,Very high availability,Very high availability,0.4331824463966962,0.7562596180724502,0.7023870594888428,1.0,1.0,8.0,1.0,7.4107179307793745,4.733082198500419,0.125,0.0,0.7202390131180809,1.0
230102,TACNA,TACNA,ALTO DE LA ALIANZA,60.0,0.0,0.0,3291.0,1772.0,15.0,15.0,1.0,1.9563663131045208,1.5335380921579045,0.0,0.0,0.486480566201227,0.8976723971605529,0.9038103951177097,0.69207648168089,0.6951454806594684,85,92,-7,7,False,False,False,False,False,Mixed/other profile,Very high availability,Very high availability,0.3095225203994102,0.6634386120030438,0.8538177102293613,1.0,1.0,15.0,1.0,1.9563663131045212,1.5335380921579043,0.0,0.0,0.8625862787395853,1.0
120107,JUNIN,HUANCAYO,CHILCA,94.0,0.0957446808510638,0.0957446808510638,778.0,758.0,13.0,13.0,1.0,2.153491919716139,1.479740178084267,0.0,0.0,0.4827723384878628,0.900458347229693,0.9147580988528359,0.6916153428587779,0.6987652186703494,86,90,-4,4,False,False,False,False,False,Mixed/other profile,Very high availability,Very high availability,0.3989055711958825,0.566639105779843,0.8577976388995615,1.0,1.0,13.0,1.0,1.6362109490671257,1.31612053031852,0.0,0.0,0.8782258555040513,1.0
230104,TACNA,TACNA,CIUDAD NUEVA,60.0,0.0,0.0,4522.0,1364.0,5.0,5.0,1.0,1.8578869813652616,1.5911814448546926,0.0,0.0,0.4872724284097693,0.8947522114030397,0.9010653731841969,0.6910123199064045,0.6941689007969831,87,93,-6,6,False,False,False,False,False,Mixed/other profile,Very high availability,Very high availability,0.3095225203994102,0.6650223364201284,0.849646016290057,1.0,1.0,5.0,1.0,1.8578869813652616,1.5911814448546926,0.0,0.0,0.858664818834567,1.0
160108,LORETO,MAYNAS,PUNCHANA,178.0,0.0112359550561797,0.0112359550561797,21908.0,7727.0,60.0,60.0,1.0,9.654765465833092,10.052638254569676,0.0,0.0,0.6747760976157982,0.7064665255815352,0.6809538807590794,0.6906213115986667,0.6778649891874388,88,113,-25,25,False,False,False,False,False,Mixed/other profile,Very high availability,Very high availability,0.5431152701993681,0.8064369250322283,0.580666465116479,1.0,1.0,60.0,1.0,13.43661855986353,11.822133758144087,0.16666666666666666,0.08333333333333333,0.5799341153701134,0.9166666666666666
040107,AREQUIPA,AREQUIPA,JACOBO HUNTER,76.0,0.2105263157894736,0.2105263157894736,2358.0,1556.0,5.0,5.0,1.0,1.3427466440251932,1.807928126221917,0.0,0.0,0.4968174644103822,0.8843247926402891,0.8912634305714602,0.6905711285253356,0.6940404474909212,89,94,-5,5,False,False,False,False,False,Mixed/other profile,Very high availability,Very high availability,0.3496607862456018,0.6439741425751626,0.8347497037718417,1.0,1.0,5.0,1.0,1.3427466440251932,1.807928126221917,0.0,0.0,0.8446620436735145,1.0
150106,LIMA,LIMA,CARABAYLLO,82.0,0.2682926829268293,0.2682926829268293,1411.0,1411.0,86.0,86.0,1.0,5.078187903875377,3.421839676616991,0.0,0.0,0.5466173550752469,0.8253803203022225,0.8358546713817256,0.6859988376887347,0.6912360132284863,90,97,-7,7,False,False,False,False,False,Mixed/other profile,Very high availability,Very high availability,0.4747307271262765,0.6185039830242174,0.7505433147174607,1.0,1.0,86.0,1.0,5.078187903875377,3.421839676616991,0.0,0.0,0.7655066734024651,1.0
040110,AREQUIPA,AREQUIPA,MIRAFLORES,65.0,0.1538461538461538,0.1538461538461538,403.0,272.0,1.0,1.0,1.0,0.9442736664040274,0.9442736664040274,0.0,0.0,0.4398753672232984,0.9320347919822578,0.9361116030908418,0.6859550796027781,0.6879934851570702,91,99,-8,8,False,False,False,False,False,Mixed/other profile,Very high availability,Very high availability,0.385220585398907,0.4945301490476897,0.9029068456889396,1.0,1.0,1.0,1.0,0.9442736664040274,0.9442736664040274,0.0,0.0,0.9087308615583455,1.0
130704,LA LIBERTAD,PACASMAYO,PACASMAYO,120.0,0.0,0.0,5136.0,3905.0,4.0,4.0,1.0,1.857774359612519,2.165009189612248,0.0,0.0,0.502561029712624,0.8687862569179094,0.8766569551913013,0.6856736433152667,0.6896089924519626,92,98,-6,6,False,False,False,False,False,Mixed/other profile,Very high availability,Very high availability,0.2885490693768371,0.7165729900484108,0.8125517955970135,1.0,1.0,4.0,1.0,1.8577743596125187,2.1650091896122476,0.0,0.0,0.8237956502732876,1.0
040201,AREQUIPA,CAMANA,CAMANA,62.0,0.032258064516129,0.032258064516129,3381.0,1850.0,8.0,8.0,1.0,2.4636145944196524,2.3742998407491043,0.0,0.0,0.5022835617292802,0.8604747580337186,0.8688440115527769,0.6813791598814994,0.6855637866410286,93,100,-7,7,False,False,False,False,False,Mixed/other profile,Very high availability,Very high availability,0.3381201867673479,0.6664469366912127,0.8006782257624554,1.0,1.0,8.0,1.0,2.4636145944196524,2.3742998407491043,0.0,0.0,0.8126343022182528,1.0
150501,LIMA,CA?ETE,SAN VICENTE DE CA?ETE,90.0,0.1555555555555555,0.1555555555555555,7013.0,7005.0,95.0,95.0,1.0,7.954240251928702,5.983177260864632,0.0526315789473684,0.0,0.5880084083650436,0.7660673067423531,0.7789222036489891,0.6770378575536984,0.6834653060070164,94,101,-7,7,False,False,False,False,False,Mixed/other profile,Very high availability,Very high availability,0.4208702570118438,0.7551465597182434,0.6658104382033616,1.0,1.0,95.0,1.0,8.393871772734268,6.0508804308117305,0.06315789473684211,0.0,0.684174576641413,1.0
220101,SAN MARTIN,MOYOBAMBA,MOYOBAMBA,352.0,0.1647727272727272,0.1647727272727272,21216.0,8163.0,131.0,131.0,1.0,16.373964039387026,16.67689098004648,0.3129770992366412,0.0229007633587786,0.7148890232147436,0.638642468587526,0.8168549268775835,0.6767657459011348,0.7658719750461636,95,55,40,40,False,False,False,False,False,Mixed/other profile,Very high availability,Very high availability,0.6222476172900081,0.8075304291394791,0.4935895679930853,0.9770992366412212,1.0,131.0,1.0,5.0685264641139165,4.166887332182442,0.007633587786259542,0.0,0.7383641812536909,1.0
040208,AREQUIPA,CAMANA,SAMUEL PASTOR,35.0,0.1428571428571428,0.1428571428571428,5915.0,1808.0,34.0,34.0,1.0,3.4576987286402066,2.0658462610127035,0.0,0.0,0.4781721176255648,0.8729181718360917,0.8805410221718479,0.6755451447308283,0.6793565698987063,96,108,-12,12,False,False,False,False,False,Mixed/other profile,Very high availability,Very high availability,0.2678474780495672,0.6884967572015623,0.8184545311944167,1.0,1.0,34.0,1.0,3.4576987286402066,2.0658462610127035,0.0,0.0,0.8293443173883543,1.0
110401,ICA,PALPA,PALPA,83.0,0.0,0.0,1996.0,1345.0,51.0,51.0,1.0,3.8499044440241663,2.182094844073842,0.0,0.0,0.4812248110607512,0.8680874292632381,0.8760000458714463,0.6746561201619947,0.6786124284660988,97,111,-14,14,False,False,False,False,False,Mixed/other profile,Very high availability,Very high availability,0.3317587366000399,0.6306908855214626,0.8115534703760545,1.0,1.0,51.0,1.0,3.8499044440241663,2.182094844073842,0.0,0.0,0.8228572083877805,1.0
040701,AREQUIPA,ISLAY,MOLLENDO,122.0,0.0327868852459016,0.0327868852459016,27247.0,8825.0,19.0,19.0,1.0,9.406081009724168,4.894946630154839,0.1578947368421052,0.1578947368421052,0.6055635853015222,0.7406885350349961,0.753401683144298,0.6731260601682592,0.6794826342229101,98,104,-6,6,False,False,False,False,False,Mixed/other profile,Very high availability,Very high availability,0.3898460175532308,0.8212811530498136,0.6972242229823253,0.8421052631578947,1.0,19.0,1.0,9.638553287262388,4.894946630154839,0.15789473684210525,0.15789473684210525,0.7153858631384711,0.8421052631578947
020105,ANCASH,HUARAZ,INDEPENDENCIA,102.0,0.4117647058823529,0.4117647058823529,1338.0,1112.0,178.0,178.0,1.0,4.980813629877099,4.900405596223454,0.0,0.0,0.5565519830422,0.7879368091948733,0.8006571641707667,0.6722443961185367,0.6786045736064834,99,112,-13,13,False,False,False,False,False,Mixed/other profile,Very high availability,Very high availability,0.5072681970197357,0.6058357690646643,0.6970525845641048,1.0,1.0,178.0,1.0,4.980813629877099,4.900405596223454,0.0,0.0,0.7152245202439526,1.0
090101,HUANCAVELICA,HUANCAVELICA,HUANCAVELICA,245.0,0.0489795918367346,0.0489795918367346,18759.0,8017.0,152.0,152.0,1.0,9.818810731478605,7.623602539201396,0.0855263157894736,0.0,0.5986650970620364,0.738679121118692,0.7861417819080033,0.6686721090903642,0.6924034394850198,100,95,5,5,False,False,False,False,False,Mixed/other profile,Very high availability,Very high availability,0.3956699951505127,0.8016601989735601,0.6266844587409887,1.0,1.0,152.0,1.0,7.798392035579064,5.645790181335448,0.07894736842105263,0.0,0.6944882598685762,1.0
150605,LIMA,HUARAL,CHANCAY,62.0,0.032258064516129,0.032258064516129,6022.0,5336.0,47.0,47.0,1.0,5.223763298855055,4.384771583185886,0.0,0.0,0.5375009275875082,0.7998067541523525,0.8118151047826063,0.6686538408699303,0.6746580161850573,101,115,-14,14,False,False,False,False,False,Mixed/other profile,Very high availability,Very high availability,0.3381201867673479,0.7368816684076684,0.714009648789075,1.0,1.0,47.0,1.0,5.223763298855055,4.384771583185886,0.0,0.0,0.7311644354037233,1.0
060401,CAJAMARCA,CHOTA,CHOTA,119.0,0.0168067226890756,0.0168067226890756,3468.0,2667.0,120.0,120.0,1.0,5.649547879614147,5.7525958557866375,0.0,0.0,0.5594102972295558,0.7704256858514057,0.7989816904536383,0.6649179915404808,0.679195993841597,102,109,-7,7,False,False,False,False,False,Mixed/other profile,Very high availability,Very high availability,0.4352253014840846,0.683595292975027,0.6720366940734368,1.0,1.0,120.0,1.0,4.904135556679054,4.9819860820381,0.0,0.0,0.7128309863623405,1.0
130203,LA LIBERTAD,ASCOPE,CHOCOPE,60.0,0.0,0.0,6233.0,6233.0,21.0,21.0,1.0,3.2680754728036296,3.2876389093410694,0.0,0.0,0.4993887244640591,0.8293807832209565,0.8396151713526183,0.6643847538425078,0.6695019479083387,103,121,-18,18,False,False,False,False,False,Mixed/other profile,Very high availability,Very high availability,0.2536340985098678,0.7451433504182504,0.7562582617442236,1.0,1.0,21.0,1.0,3.2680754728036296,3.2876389093410694,0.0,0.0,0.7708788162180263,1.0
040103,AREQUIPA,AREQUIPA,CAYMA,135.0,0.1185185185185185,0.1185185185185185,6969.0,5651.0,14.0,14.0,1.0,9.75317686241016,10.611196764478038,0.0,0.0,0.6266915466133837,0.7000671697864531,0.7180582792041488,0.6633793581999183,0.6723749129087662,104,119,-15,15,False,False,False,False,False,Mixed/other profile,Very high availability,Very high availability,0.507953825648538,0.7454292675782294,0.5715245282663617,1.0,1.0,14.0,1.0,9.753176862410161,10.611196764478038,0.0,0.0,0.5972261131487839,1.0
230103,TACNA,TACNA,CALANA,60.0,0.0,0.0,62798.0,12953.0,27.0,27.0,1.0,4.15529926706244,4.567869899003244,0.0,0.0,0.531167465700721,0.795466461922811,0.8077351597526392,0.663316963811766,0.6694513127266801,105,122,-17,17,False,False,False,False,False,Mixed/other profile,Very high availability,Very high availability,0.1897228399593951,0.8726120914420469,0.7078092313183015,1.0,1.0,27.0,1.0,4.15529926706244,4.567869899003244,0.0,0.0,0.7253359425037702,1.0
130104,LA LIBERTAD,TRUJILLO,HUANCHACO,77.0,0.2337662337662337,0.2337662337662337,1196.0,677.0,21.0,21.0,1.0,2.4874777779700628,2.5341853815265662,0.0,0.0,0.4703160890361074,0.8544655540678905,0.8557072072179668,0.6623908215519989,0.6630116481270371,106,130,-24,24,False,False,False,False,False,Mixed/other profile,Very high availability,Very high availability,0.3612483511852931,0.5793838268869218,0.7920936486684151,1.0,1.0,21.0,1.0,2.853961915117222,2.7578690601130655,0.0,0.0,0.7938674388828098,1.0
100101,HUANUCO,HUANUCO,HUANUCO,181.0,0.0441988950276243,0.0441988950276243,1434.0,1256.0,77.0,77.0,1.0,7.734698205388393,6.068520785698758,0.0259740259740259,0.0,0.5574535631578827,0.7644905665469046,0.7786173161365959,0.6609720648523937,0.6680354396472393,107,123,-16,16,False,False,False,False,False,Mixed/other profile,Very high availability,Very high availability,0.5008576747352627,0.6140494515805028,0.6635579522098638,1.0,1.0,77.0,1.0,7.734698205388393,6.068520785698758,0.025974025974025976,0.0,0.6837390230522798,1.0
050501,AYACUCHO,LA MAR,SAN MIGUEL,60.0,0.0,0.0,24592.0,24478.0,112.0,112.0,1.0,7.335908963713095,6.538980331517899,0.0,0.0,0.5649130063548945,0.7561266514309496,0.7707551003908109,0.660519828892922,0.6678340533728526,108,124,-16,16,False,False,False,False,False,Mixed/other profile,Very high availability,Very high availability,0.2678474780495672,0.8619785346602218,0.6516095020442138,1.0,1.0,112.0,1.0,7.343929270880244,6.538980331517899,0.0,0.0,0.6725072862725869,1.0
120301,JUNIN,CHANCHAMAYO,CHANCHAMAYO,179.0,0.0391061452513966,0.0391061452513966,8705.0,4015.0,82.0,82.0,1.0,8.121813605363556,7.995782175677102,0.0121951219512195,0.0,0.5840542363710584,0.7331945899817487,0.763691088004202,0.6586244131764035,0.6738726621876302,109,116,-7,7,False,False,False,False,False,Mixed/other profile,Very high availability,Very high availability,0.4285570142423724,0.7395514584997442,0.618849414259641,1.0,1.0,82.0,1.0,7.292824599999244,6.988323190012405,0.012195121951219513,0.0,0.662415840006003,1.0
220909,SAN MARTIN,SAN MARTIN,LA BANDA DE SHILCAYO,81.0,0.1851851851851851,0.1851851851851851,3583.0,1979.0,34.0,34.0,1.0,5.148454624351552,5.026828437055447,0.0,0.0,0.5308261454241765,0.78518502038077,0.8278873294445686,0.6580055829024732,0.6793567374343725,110,107,3,3,False,False,False,False,False,Mixed/other profile,Very high availability,Very high availability,0.3898460175532308,0.6718062732951223,0.6931214576868143,1.0,1.0,34.0,1.0,3.987989978362101,3.7202091226491887,0.0,0.0,0.7541247563493838,1.0
220801,SAN MARTIN,RIOJA,RIOJA,236.0,0.0423728813559322,0.0423728813559322,4851.0,2911.0,30.0,30.0,1.0,6.478215118418443,7.096596272749784,0.0,0.0,0.5691161776363987,0.7468643580174563,0.7937443496334057,0.6579902678269275,0.6814302636349021,111,102,9,9,False,False,False,False,False,Mixed/other profile,Very high availability,Very high availability,0.4369464161847899,0.7012859390880075,0.6383776543106519,1.0,1.0,30.0,1.0,4.542242964079676,5.244342600765204,0.0,0.0,0.7053490709048653,1.0
060601,CAJAMARCA,CUTERVO,CUTERVO,251.0,0.4382470119521912,0.4382470119521912,1890.0,1784.0,195.0,195.0,1.0,8.207678100179288,7.705125002002899,0.0205128205128205,0.0,0.5784960091140885,0.7374578084737742,0.7802182926671546,0.6579769087939313,0.6793571508906215,112,106,6,6,False,False,False,False,False,Mixed/other profile,Very high availability,Very high availability,0.5161188434567904,0.6408731747713865,0.6249397263911061,1.0,1.0,195.0,1.0,6.369949290432889,5.976380605560559,0.0,0.0,0.6860261323816496,1.0
140301,LAMBAYEQUE,LAMBAYEQUE,LAMBAYEQUE,69.0,0.1304347826086956,0.1304347826086956,3090.0,2772.0,75.0,75.0,1.0,5.8955430726888896,5.998369571527957,0.0,0.0,0.5484545030023821,0.7657852205598533,0.7745874484460938,0.6571198617811177,0.661520975724238,113,131,-18,18,False,False,False,False,False,Mixed/other profile,Very high availability,Very high availability,0.4163715864777826,0.6805374195269815,0.6654074579426477,1.0,1.0,75.0,1.0,6.254143117000708,6.305872550411783,0.0,0.0,0.6779820692087055,1.0
050116,AYACUCHO,HUAMANGA,ANDRES AVELINO CACERES D.,68.0,0.1176470588235294,0.1176470588235294,4516.0,3583.0,14.0,14.0,1.0,1.810623692619705,1.9678158490573785,0.0,0.0,0.4363440421073219,0.8771364099568859,0.8761356656261634,0.6567402260321039,0.6562398538667427,114,135,-21,21,False,False,False,False,False,Mixed/other profile,Very high availability,Very high availability,0.1652082067268663,0.7074798774877775,0.8244805856526943,1.0,1.0,14.0,1.0,2.188197359081041,2.1785599503296167,0.0,0.0,0.8230509508945192,1.0
040520,AREQUIPA,CAYLLOMA,MAJES,126.0,0.0793650793650793,0.0793650793650793,4398.0,2688.0,52.0,52.0,1.0,8.51614726211038,5.729134889240257,0.1538461538461538,0.0,0.5417906571823823,0.770877452037011,0.784621091996426,0.6563340546096966,0.6632058745894042,115,129,-14,14,False,False,False,False,False,Mixed/other profile,Very high availability,Very high availability,0.3898460175532308,0.6937352968115338,0.6726820743385871,1.0,1.0,52.0,1.0,8.51614726211038,5.729134889240257,0.15384615384615385,0.0,0.69231584570918,1.0
230110,TACNA,TACNA,CORONEL GREGORIO ALBARRACIN L.,62.0,0.032258064516129,0.032258064516129,5804.0,2843.0,17.0,17.0,1.0,5.991132028653787,5.878199540416289,0.0,0.0,0.5405372362277162,0.7680334361714849,0.7819476709957099,0.6542853361996006,0.6612424536117131,116,132,-16,16,False,False,False,False,False,Mixed/other profile,Very high availability,Very high availability,0.3734337789498829,0.7076406935055495,0.6686191945306927,1.0,1.0,17.0,1.0,5.991132028653787,5.878199540416289,0.0,0.0,0.6884966728510142,1.0
220601,SAN MARTIN,MARISCAL CACERES,JUANJUI,133.0,0.0977443609022556,0.0977443609022556,6546.0,4163.0,124.0,124.0,1.0,9.732393084266098,7.984880432251243,0.1048387096774193,0.0,0.5680243755652459,0.7333519894821906,0.7874038080985106,0.6506881825237183,0.6777140918318783,117,114,3,3,False,False,False,False,False,Mixed/other profile,Very high availability,Very high availability,0.4066568774721444,0.7293918736583473,0.6190742706888438,1.0,1.0,124.0,1.0,6.050308580543629,5.577406483572947,0.0,0.0,0.6962911544264438,1.0
190113,PASCO,PASCO,YANACANCHA,123.0,0.0,0.0,4006.0,2284.0,98.0,98.0,1.0,8.13209588766784,8.71405747148334,0.0,0.0,0.5762995141026936,0.7232233908760569,0.7511601436378106,0.6497614524893753,0.6637298288702521,118,126,-8,8,False,False,False,False,False,Mixed/other profile,Very high availability,Very high availability,0.4698825073938148,0.6827165208115725,0.6046048441086528,1.0,1.0,98.0,1.0,6.8489333988992005,7.852321026163417,0.0,0.0,0.644514490911158,1.0
150801,LIMA,HUAURA,HUACHO,175.0,0.0114285714285714,0.0114285714285714,23413.0,19667.0,27.0,27.0,1.0,20.8190322286372,22.997068660757176,0.7037037037037037,0.074074074074074,0.7156049560920453,0.58361329390304,0.6672914329925537,0.6496091249975426,0.6914481945422994,119,96,23,23,False,False,False,False,False,Mixed/other profile,Very high availability,Very high availability,0.5808941645758467,0.8503157476082439,0.436907880178946,0.925925925925926,1.0,27.0,1.0,14.510600258401237,16.60240374017993,0.14814814814814814,0.0,0.5247020471322197,1.0
010307,AMAZONAS,BONGARA,JAZAN,60.0,0.0,0.0,459.0,443.0,63.0,63.0,1.0,2.096278064766018,1.6811525464131707,0.0,0.0,0.4061609513313197,0.8903216851211988,0.89690060668283,0.6482413182262592,0.6515307790070748,120,140,-20,20,False,False,False,False,False,Mixed/other profile,Very high availability,Very high availability,0.2910197881357887,0.5213021145268506,0.843316693030284,1.0,1.0,63.0,1.0,2.096278064766018,1.6811525464131707,0.0,0.0,0.8527151524040429,1.0
010201,AMAZONAS,BAGUA,BAGUA,103.0,0.029126213592233,0.029126213592233,1585.0,1549.0,26.0,26.0,1.0,6.577356099509443,5.4361844417676775,0.0,0.0,0.5195224892400133,0.776655052338004,0.7900521299050565,0.6480887707890086,0.654787309572535,121,137,-16,16,False,False,False,False,False,Mixed/other profile,Very high availability,Very high availability,0.411642116184244,0.6274028622957826,0.6809357890542915,1.0,1.0,26.0,1.0,6.096975667523487,5.4361844417676775,0.0,0.0,0.700074471292938,1.0
220201,SAN MARTIN,BELLAVISTA,BELLAVISTA,78.0,0.2307692307692307,0.2307692307692307,3208.0,1571.0,66.0,66.0,1.0,6.687379204981637,4.832366672696962,0.0,0.0,0.5005787279742249,0.7894422881632384,0.8020723387972344,0.6450105080687316,0.6513255333857296,122,141,-19,19,False,False,False,False,False,Mixed/other profile,Very high availability,Very high availability,0.3440709259848924,0.6570865299635574,0.6992032688046264,1.0,1.0,66.0,1.0,5.915991201735948,4.832366672696962,0.0,0.0,0.7172461982817635,1.0
120201,JUNIN,CONCEPCION,CONCEPCION,106.0,0.0566037735849056,0.0566037735849056,1327.0,1021.0,17.0,17.0,1.0,2.0037112903015144,1.880391431691448,0.0,0.0,0.4089937733945488,0.8810175148023269,0.8881545358095191,0.6450056440984379,0.6485741546020339,123,145,-22,22,False,False,False,False,False,Mixed/other profile,Very high availability,Very high availability,0.2162484088839469,0.6017391379051507,0.8300250211461815,1.0,1.0,17.0,1.0,2.0037112903015144,1.8803914316914476,0.0,0.0,0.8402207654421703,1.0
220910,SAN MARTIN,SAN MARTIN,MORALES,62.0,0.032258064516129,0.032258064516129,1122.0,995.0,37.0,37.0,1.0,3.541145139688369,2.5957143411063117,0.0,0.0,0.4369246823839096,0.8522251829634371,0.8656310250951837,0.6445749326736734,0.6512778537395467,124,142,-18,18,False,False,False,False,False,Mixed/other profile,Very high availability,Very high availability,0.2801596674344196,0.5936896973333995,0.7888931185191957,1.0,1.0,37.0,1.0,2.823802889804317,2.4643334677979167,0.0,0.0,0.8080443215645483,1.0
021604,ANCASH,POMABAMBA,QUINUABAMBA,249.0,0.0,0.0,33134.0,33134.0,59.0,59.0,1.0,6.0549251165222895,4.807220302068331,0.0,0.0,0.4944520015113985,0.7900031442659714,0.8658732594607135,0.6422275728886849,0.680162630486056,125,103,22,22,False,False,False,False,False,Mixed/other profile,Very high availability,Very high availability,0.1012969481763936,0.8876070548464035,0.7000044918085306,1.0,1.0,59.0,1.0,2.897551905533926,2.4574626877387953,0.0,0.0,0.8083903706581623,1.0
160201,LORETO,ALTO AMAZONAS,YURIMAGUAS,193.0,0.0414507772020725,0.0414507772020725,22125.0,5741.0,130.0,130.0,1.0,14.717533437049685,14.439832123197531,0.2538461538461538,0.0,0.6185942352150021,0.6630759511779432,0.7843479547566672,0.6408350931964726,0.7014710949858347,126,88,38,38,False,False,False,False,False,Mixed/other profile,Very high availability,Very high availability,0.4434266560241444,0.7937618144058598,0.5186799302542047,1.0,1.0,130.0,1.0,6.631918793443054,5.744215118868238,0.0,0.0,0.6919256496523818,1.0
080601,CUSCO,CANCHIS,SICUANI,138.0,0.1304347826086956,0.1304347826086956,4412.0,2880.0,437.0,437.0,1.0,12.843341045644747,9.908174201271516,0.1990846681922196,0.0869565217391304,0.5995084492313658,0.6820873442072389,0.6963311296571082,0.6407978967193024,0.647919789444237,127,147,-20,20,False,False,False,False,False,Mixed/other profile,Very high availability,Very high availability,0.5021132560623263,0.6969036424004055,0.5831061438985401,0.9130434782608696,1.0,437.0,1.0,13.153135284984556,10.078275215316197,0.20137299771167047,0.09153318077803203,0.6054158341293112,0.9084668192219679
060901,CAJAMARCA,SAN IGNACIO,SAN IGNACIO,148.0,0.2162162162162162,0.2162162162162162,5030.0,1572.0,99.0,99.0,1.0,6.137451303236567,6.139948701195068,0.0,0.0,0.5177871755770431,0.7631854858460536,0.7773905191290346,0.6404863307115484,0.6475888473530389,128,148,-20,20,False,False,False,False,False,Mixed/other profile,Very high availability,Very high availability,0.3599162853983612,0.675658065755725,0.6616935512086481,1.0,1.0,99.0,1.0,6.137451303236567,6.139948701195068,0.0,0.0,0.6819864558986208,1.0
060417,CAJAMARCA,CHOTA,TACABAMBA,576.0,0.0,0.0,10095.0,6370.0,83.0,83.0,1.0,8.506437173596156,8.197448498816426,0.0,0.0,0.5488708230868597,0.7303168312912769,0.8769806343251576,0.6395938271890683,0.7129257287060087,129,75,54,54,False,False,False,False,False,Mixed/other profile,Very high availability,Very high availability,0.3317587366000399,0.7659829095736794,0.6147383304161098,1.0,1.0,91.0,1.0,3.7224912736621536,2.1566243377913423,0.0,0.0,0.8242580490359394,1.0
120701,JUNIN,TARMA,TARMA,140.0,0.1571428571428571,0.1571428571428571,2978.0,2895.0,112.0,112.0,1.0,7.39601864125733,6.589708506373542,0.0,0.0,0.5227862522598636,0.7552561637968833,0.7699368279085841,0.6390212080283735,0.6463615400842239,130,149,-19,19,False,False,False,False,False,Mixed/other profile,Very high availability,Very high availability,0.3646457556918997,0.6809267488278274,0.6503659482812619,1.0,1.0,112.0,1.0,8.052329099630617,6.589708506373542,0.026785714285714284,0.0,0.6713383255836916,1.0
190103,PASCO,PASCO,HUARIACA,116.0,0.0344827586206896,0.0344827586206896,801.0,793.0,86.0,86.0,1.0,3.067972425428574,2.701479313768413,0.0,0.0,0.4291867494854148,0.8484622244048352,0.8575520352791757,0.638824486945125,0.6433693923822952,131,153,-22,22,False,False,False,False,False,Mixed/other profile,Very high availability,Very high availability,0.2885490693768371,0.5698244295939925,0.7835174634354788,1.0,1.0,86.0,1.0,2.972680308514415,2.701479313768413,0.0,0.0,0.7965029075416795,1.0
120305,JUNIN,CHANCHAMAYO,SAN RAMON,64.0,0.125,0.125,1371.0,1259.0,84.0,84.0,1.0,6.512247346479931,5.317966833307954,0.0,0.0,0.4978937794674998,0.7790613872665979,0.7923141237324607,0.6384775833670489,0.6451039515999802,132,150,-18,18,False,False,False,False,False,Mixed/other profile,Very high availability,Very high availability,0.3834845673859228,0.6123029915490767,0.6843734103808543,1.0,1.0,84.0,1.0,6.507830174864991,5.317966833307954,0.0,0.0,0.7033058910463725,1.0
021201,ANCASH,HUAYLAS,CARAZ,76.0,0.2105263157894736,0.2105263157894736,1707.0,1575.0,88.0,88.0,1.0,4.027297750325912,3.801610549189092,0.0,0.0,0.4611056952264848,0.8146851702604903,0.8258010570281753,0.6378954327434876,0.64345337612733,133,152,-19,19,False,False,False,False,False,Mixed/other profile,Very high availability,Very high availability,0.2910197881357887,0.6311916023171809,0.7352645289435574,1.0,1.0,88.0,1.0,4.027297750325912,3.801610549189092,0.0,0.0,0.7511443671831077,1.0
050115,AYACUCHO,HUAMANGA,JESUS NAZARENO,91.0,0.0439560439560439,0.0439560439560439,632.0,402.0,12.0,12.0,1.0,2.404993699026728,1.6511897751513027,0.0,0.0,0.3835118938510582,0.8917804374397251,0.8935073344601312,0.6376461656453917,0.6385096141555947,134,160,-26,26,False,False,False,False,False,Mixed/other profile,Very high availability,Very high availability,0.2368232385909542,0.5302005491111621,0.8454006249138932,1.0,1.0,12.0,1.0,2.3057839110125857,1.7567617563739875,0.0,0.0,0.8478676206573303,1.0
200110,PIURA,PIURA,LA UNION,120.0,0.0,0.0,2211.0,1183.0,29.0,29.0,1.0,4.024469344649494,4.2312380241082455,0.0,0.0,0.4693912969225872,0.8035615413503077,0.8176976308020596,0.6364764191364474,0.6435444638623233,135,151,-16,16,False,False,False,False,False,Mixed/other profile,Very high availability,Very high availability,0.3095225203994102,0.6292600734457643,0.7193736305004397,1.0,1.0,29.0,1.0,3.9607605691748207,4.131325283520129,0.0,0.0,0.7395680440029422,1.0
021603,ANCASH,POMABAMBA,PAROBAMBA,693.0,0.0,0.0,19873.0,19866.0,118.0,118.0,1.0,8.40091175438906,9.207388976014352,0.0,0.0,0.5559232974099987,0.716793259969853,0.8797886087221041,0.6363582786899258,0.7178559530660513,136,72,64,64,False,False,False,False,False,Mixed/other profile,Very high availability,Very high availability,0.2678474780495672,0.8439991167704302,0.5954189428140757,1.0,1.0,118.0,1.0,2.3747698183737507,2.0848101878656378,0.0,0.0,0.8282694410315773,1.0
010701,AMAZONAS,UTCUBAMBA,BAGUA GRANDE,133.0,0.0150375939849624,0.0150375939849624,3600.0,3090.0,136.0,136.0,1.0,14.20993421526132,13.750236595296514,0.1985294117647058,0.0,0.6031324697513305,0.6690068281377649,0.7053444844420844,0.6360696489445476,0.6542384770967075,137,138,-1,1,False,False,False,False,False,Mixed/other profile,Very high availability,Very high availability,0.5146484913189504,0.6916164481837106,0.5271526116253785,1.0,1.0,136.0,1.0,13.343708890970925,11.886332529789561,0.19852941176470587,0.0,0.5790635492029779,1.0
100601,HUANUCO,LEONCIO PRADO,RUPA-RUPA,69.0,0.0,0.0,8926.0,3272.0,33.0,33.0,1.0,10.773703758885825,7.504769549911382,0.2121212121212121,0.0,0.5282506731641765,0.7404802340036969,0.7560472144598542,0.6343654535839367,0.6421489438120154,138,154,-16,16,False,False,False,False,False,Mixed/other profile,Very high availability,Very high availability,0.3249256513595553,0.7315756949687977,0.6292574771481384,1.0,1.0,33.0,1.0,11.415649002991696,7.504769549911382,0.30303030303030304,0.0,0.6514960206569347,1.0
081301,CUSCO,URUBAMBA,URUBAMBA,60.0,0.0,0.0,990.0,990.0,57.0,57.0,1.0,5.154401645764317,4.435741934695693,0.0,0.0,0.4655284822434753,0.798583868074572,0.33611573585352356,0.6320561751590237,0.40082210904849946,139,729,-590,590,False,False,False,False,False,Mixed/other profile,Very high availability,High availability,0.3427456189216716,0.588311345565279,0.7122626686779601,1.0,1.0,57.0,1.0,33.66272946286574,32.50695177431521,1.0,0.8421052631578947,0.4124961640012742,0.1578947368421053
130901,LA LIBERTAD,SANCHEZ CARRION,HUAMACHUCO,79.0,0.1772151898734177,0.1772151898734177,2490.0,1728.0,118.0,118.0,1.0,7.091917731488467,6.064219374052492,0.0,0.0,0.4974524663159901,0.7645695793878915,0.7985891781231967,0.6310110228519408,0.6480208222195935,140,146,-6,6,False,False,False,False,False,Mixed/other profile,Very high availability,Very high availability,0.3440709259848924,0.6508340066470879,0.6636708276969878,1.0,1.0,118.0,1.0,5.00898733353018,5.00126040136912,0.0,0.0,0.7122702544617097,1.0
060201,CAJAMARCA,CAJABAMBA,CAJABAMBA,68.0,0.0294117647058823,0.0294117647058823,1064.0,1007.0,78.0,78.0,1.0,4.647851649923886,4.3979925397961,0.0,0.0,0.4619578791561604,0.7994884472733588,0.82123372358253,0.6307231632147596,0.6415958013693452,141,155,-14,14,False,False,False,False,False,Mixed/other profile,Very high availability,Very high availability,0.3318854982203025,0.5920302600920182,0.7135549246762268,1.0,1.0,78.0,1.0,4.235453280017504,3.9847512659103304,0.0,0.0,0.7446196051178999,1.0
022001,ANCASH,YUNGAY,YUNGAY,72.0,0.1666666666666666,0.1666666666666666,1640.0,1529.0,131.0,131.0,1.0,4.66671274595536,4.522365953134898,0.0,0.0,0.4644856398544557,0.7965316437409367,0.8087364479228902,0.6305086417976962,0.636611043888673,142,164,-22,22,False,False,False,False,False,Mixed/other profile,Very high availability,Very high availability,0.300734497141427,0.6282367825674844,0.7093309196299096,1.0,1.0,131.0,1.0,4.66671274595536,4.522365953134898,0.0,0.0,0.7267663541755576,1.0
200803,PIURA,SECHURA,BERNAL,58.0,0.0,0.0,8730.0,824.0,18.0,18.0,1.0,5.047670712695687,3.3872316483803795,0.0,0.0,0.4298466585369356,0.8264002306456177,0.8368134036321084,0.6281234445912767,0.633330031084522,143,170,-27,27,False,False,False,False,False,Mixed/other profile,Very high availability,Very high availability,0.1897228399593951,0.6699704771144761,0.7520003294937397,1.0,1.0,18.0,1.0,5.037998487220438,3.3872316483803795,0.0,0.0,0.7668762909030121,1.0
080105,CUSCO,CUSCO,SAN SEBASTIAN,74.0,0.1081081081081081,0.1081081081081081,1035.0,1034.0,46.0,46.0,1.0,4.240482987426763,4.17884056680964,0.0,0.0,0.4512677645792923,0.8048682323613026,0.8547823439452178,0.6280679984702975,0.6530250542622551,144,139,5,5,False,False,False,False,False,Mixed/other profile,Very high availability,Very high availability,0.310479679412881,0.5920558497457036,0.721240331944718,1.0,1.0,46.0,1.0,3.3510943372188695,2.786461273608931,0.0,0.0,0.7925462056360256,1.0
200701,PIURA,TALARA,PARI?AS,219.0,0.0182648401826484,0.0182648401826484,11406.0,11061.0,49.0,49.0,1.0,21.47811577326859,19.30244040393894,0.4489795918367347,0.3265306122448979,0.7260503671219232,0.5295780877004569,0.5764096115982327,0.62781422741119,0.6512299893600779,145,143,2,2,False,False,False,False,False,Mixed/other profile,Very high availability,Very high availability,0.6567839140782471,0.7953168201655993,0.4679103876770376,0.6734693877551021,1.0,49.0,1.0,20.006380130325493,19.30244040393894,0.4489795918367347,0.24489795918367346,0.49982714193333544,0.7551020408163265
130201,LA LIBERTAD,ASCOPE,ASCOPE,57.0,0.0,0.0,360.0,360.0,29.0,29.0,1.0,2.062652831735581,1.8208282485656504,0.0,0.0,0.3718213838369734,0.8837298225013039,0.8712429122466023,0.6277756031691386,0.6215321480417879,146,186,-40,40,False,False,False,False,False,Mixed/other profile,Very high availability,Very high availability,0.241448670745278,0.5021940969286688,0.8338997464304343,1.0,1.0,29.0,1.0,2.6416442976873586,2.3086074083705967,0.0,0.0,0.816061303209432,1.0
220401,SAN MARTIN,HUALLAGA,SAPOSOA,230.0,0.0347826086956521,0.0347826086956521,1153.0,1048.0,60.0,60.0,1.0,6.892039762232162,6.064388356797333,0.0,0.0,0.4902902299006603,0.7645664744277856,0.8548156832157039,0.627428352164223,0.672552956558182,147,117,30,30,False,False,False,False,False,Mixed/other profile,Very high availability,Very high availability,0.3834845673859228,0.5970958924153977,0.6636663920396937,1.0,1.0,60.0,1.0,2.9425744409944823,2.7854268178913717,0.0,0.0,0.7925938331652912,1.0
150507,LIMA,CA?ETE,IMPERIAL,57.0,0.0,0.0,919.0,599.0,42.0,42.0,1.0,4.1970024404676725,3.5461803851902003,0.0,0.0,0.431940909211445,0.8217806922321371,0.7937023723633514,0.6268608007217911,0.6128216407873982,148,198,-50,50,False,False,False,False,False,Mixed/other profile,Very high availability,Very high availability,0.300734497141427,0.563147321281463,0.7454009889030531,1.0,1.0,42.0,1.0,5.661584606411418,5.246491209044697,0.0,0.0,0.7052891033762164,1.0
130401,LA LIBERTAD,CHEPEN,CHEPEN,122.0,0.0163934426229508,0.0163934426229508,7472.0,6258.0,45.0,45.0,1.0,8.912759662819564,8.63549112570489,0.0,0.0,0.5290776419544325,0.7242774892286391,0.7464588093226262,0.6266775655915358,0.6377682256385293,149,162,-13,13,False,False,False,False,False,Mixed/other profile,Very high availability,Very high availability,0.3053599292957507,0.7527953546131144,0.6061106988980559,1.0,1.0,45.0,1.0,8.797569729671327,8.200060132255585,0.0,0.0,0.6377982990323232,1.0
090117,HUANCAVELICA,HUANCAVELICA,YAULI,200.0,0.165,0.165,1326.0,625.0,151.0,151.0,1.0,7.166680068415506,5.836946846346732,0.0,0.0,0.4826710255739461,0.7688142836462791,0.8623996314914038,0.6257426546101126,0.672535328532675,150,118,32,32,False,False,False,False,False,Mixed/other profile,Very high availability,Very high availability,0.385220585398907,0.5801214657489853,0.669734690923256,1.0,1.0,151.0,1.0,2.6720332539864393,2.5573059942594893,0.0,0.0,0.8034280449877197,1.0
200501,PIURA,PAITA,PAITA,120.0,0.0,0.0,2737.0,2497.0,12.0,12.0,1.0,11.620007455813912,9.98681892928332,0.25,0.0,0.5422545447678615,0.7072418203527016,0.7317495272614678,0.6247481825602815,0.6370020360146647,151,163,-12,12,False,False,False,False,False,Mixed/other profile,Very high availability,Very high availability,0.4135720447960745,0.6709370447396484,0.5817740290752881,1.0,1.0,12.0,1.0,11.190599149782663,9.378762527345977,0.25,0.0,0.6167850389449541,1.0
221001,SAN MARTIN,TOCACHE,TOCACHE,68.0,0.0735294117647058,0.0735294117647058,4810.0,2253.0,92.0,92.0,1.0,9.2540879236877,7.935943160034472,0.0326086956521739,0.0,0.5107073794877497,0.7340609073203368,0.7554292800237298,0.6223841434040432,0.6330683297557398,152,172,-20,20,False,False,False,False,False,Mixed/other profile,Very high availability,Very high availability,0.3317587366000399,0.6896560223754593,0.6200870104576239,1.0,1.0,92.0,1.0,8.47864324435615,7.547949958388763,0.03260869565217391,0.0,0.6506132571767569,1.0
021601,ANCASH,POMABAMBA,POMABAMBA,184.0,0.0543478260869565,0.0543478260869565,1362.0,1350.0,245.0,245.0,1.0,5.302078795321592,4.993792654870908,0.0,0.0,0.4579185447133475,0.7858984839652263,0.8011093279684458,0.6219085143392868,0.6295139363408966,153,174,-21,21,False,False,False,False,False,Mixed/other profile,Very high availability,Very high availability,0.300734497141427,0.615102592285268,0.6941406913788949,1.0,1.0,245.0,1.0,5.028030978781013,4.8785805671863205,0.0,0.0,0.7158704685263511,1.0
100605,HUANUCO,LEONCIO PRADO,LUYANDO,60.0,0.0,0.0,4539.0,4027.0,47.0,47.0,1.0,6.968639857956878,7.121979630049106,0.0,0.0,0.4964961862130339,0.7464580552956172,0.7616664633445266,0.6214771207543255,0.6290813247787802,154,175,-21,21,False,False,False,False,False,Mixed/other profile,Very high availability,Very high availability,0.2801596674344196,0.7128327049916481,0.6377972218508817,1.0,1.0,47.0,1.0,6.968639857956878,7.121979630049106,0.0,0.0,0.6595235190636095,1.0
030602,APURIMAC,CHINCHEROS,ANCO HUALLO,60.0,0.0,0.0,499.0,106.0,34.0,34.0,1.0,2.57324145042482,1.954266634795201,0.0,0.0,0.3649601861701609,0.8777303648275898,0.8850645615651804,0.6213452754988753,0.6250123738676707,155,182,-27,27,False,False,False,False,False,Mixed/other profile,Very high availability,Very high availability,0.2678474780495672,0.4620728942907546,0.8253290926108425,1.0,1.0,34.0,1.0,2.5732414504248196,1.954266634795201,0.0,0.0,0.8358065165216864,1.0
220701,SAN MARTIN,PICOTA,PICOTA,67.0,0.1194029850746268,0.1194029850746268,539.0,502.0,87.0,87.0,1.0,3.0335408185202843,3.081792275966235,0.0,0.0,0.4067843785849527,0.8357670705025533,0.8456183848867556,0.621275724543753,0.6262013817358542,156,178,-22,22,False,False,False,False,False,Mixed/other profile,Very high availability,Very high availability,0.2801596674344196,0.5334090897354858,0.7653815292893618,1.0,1.0,87.0,1.0,2.9783917425389417,3.081792275966235,0.0,0.0,0.7794548355525079,1.0
190301,PASCO,OXAPAMPA,OXAPAMPA,258.0,0.0310077519379844,0.0310077519379844,1700.0,1568.0,67.0,67.0,1.0,6.859635446469219,7.156215667529686,0.0,0.0,0.4960372758839741,0.7459120574731923,0.8614869879382321,0.6209746666785833,0.6787621319111031,157,110,47,47,False,False,False,False,False,Mixed/other profile,Very high availability,Very high availability,0.3612483511852931,0.6308262005826553,0.6370172249617034,1.0,1.0,67.0,1.0,2.5385259526808412,2.584013248543571,0.0,0.0,0.8021242684831886,1.0
020601,ANCASH,CARHUAZ,CARHUAZ,72.0,0.1666666666666666,0.1666666666666666,2022.0,1188.0,161.0,161.0,1.0,5.235584479033209,5.283697675632838,0.0,0.0,0.4583910794721348,0.7797673627488468,0.7974858575226411,0.6190792211104909,0.627938468497388,158,176,-18,18,False,False,False,False,False,Mixed/other profile,Very high availability,Very high availability,0.2910197881357887,0.625762370808481,0.6853819467840669,1.0,1.0,161.0,1.0,4.898019413459211,5.055772240230533,0.0,0.0,0.7106940821752017,1.0
010601,AMAZONAS,RODRIGUEZ DE MENDOZA,SAN NICOLAS,69.0,0.0,0.0,681.0,681.0,36.0,36.0,1.0,3.371704639378097,3.1840774705030173,0.0,0.0,0.4050390976348546,0.8325544500598896,0.842598469610313,0.6187967738473721,0.6238187836225838,159,184,-25,25,False,False,False,False,False,Mixed/other profile,Very high availability,Very high availability,0.2536340985098678,0.5564440967598413,0.760792071514128,1.0,1.0,36.0,1.0,3.371704639378097,3.1840774705030173,0.0,0.0,0.7751406708718759,1.0
200401,PIURA,MORROPON,CHULUCANAS,83.0,0.0240963855421686,0.0240963855421686,6826.0,3280.0,122.0,122.0,1.0,10.66969827367537,10.188722804946137,0.0245901639344262,0.0,0.5323470106827608,0.704878103507748,0.7225806348630839,0.6186125570952544,0.6274638227729223,160,177,-17,17,False,False,False,False,False,Mixed/other profile,Very high availability,Very high availability,0.3440709259848924,0.7206230953806293,0.5783972907253543,1.0,1.0,122.0,1.0,10.76932165902681,10.188722804946137,0.02459016393442623,0.0,0.603686621232977,1.0
140106,LAMBAYEQUE,CHICLAYO,LA VICTORIA,60.0,0.1333333333333333,0.1333333333333333,193.0,193.0,35.0,35.0,1.0,3.440531120050254,3.483674502029953,0.0,0.0,0.4133834754411237,0.8235777419520625,0.7978904389007743,0.618480608696593,0.605636957170949,161,212,-51,51,False,False,False,False,False,Mixed/other profile,Very high availability,Very high availability,0.3775324295256433,0.4492345213566041,0.7479682027886607,1.0,1.0,35.0,1.0,4.8499280037767925,5.035725801583337,0.0,0.0,0.7112720555725347,1.0
030401,APURIMAC,AYMARAES,CHALHUANCA,78.0,0.0128205128205128,0.0128205128205128,3669.0,1269.0,75.0,75.0,1.0,5.165077541164096,4.740701760996921,0.0,0.0,0.4450251948093784,0.7914985419592183,0.7703335528922837,0.6182618683842984,0.607679373850831,162,209,-47,47,False,False,False,False,False,Mixed/other profile,Very high availability,Very high availability,0.2368232385909542,0.6532271510278025,0.7021407742274548,1.0,1.0,75.0,1.0,6.003703695305168,6.565071358598916,0.0,0.0,0.6719050755604052,1.0
060410,CAJAMARCA,CHOTA,LAJAS,824.0,0.0,0.0,13898.0,7444.0,49.0,49.0,1.0,9.562290197579223,9.313144484659006,0.0,0.0,0.5208359345664038,0.7154553366348133,0.9258906326543681,0.6181456356006085,0.7233632836103859,163,70,93,93,False,False,False,False,False,Mixed/other profile,Very high availability,Very high availability,0.2556450342018909,0.7860268349309167,0.5935076237640191,1.0,1.0,49.0,1.0,1.0750451994461738,1.1141558849903923,0.0,0.0,0.894129475220526,1.0
110301,ICA,NAZCA,NAZCA,62.0,0.032258064516129,0.032258064516129,4905.0,2982.0,100.0,100.0,1.0,10.580113881906524,10.049686212559008,0.13,0.0,0.5262320188202032,0.7065011990763906,0.7258022075832742,0.6163666089482969,0.6260171132017387,164,180,-16,16,False,False,False,False,False,Mixed/other profile,Very high availability,Very high availability,0.3496607862456018,0.7028032513948046,0.5807159986805581,1.0,1.0,100.0,1.0,10.438265545378858,9.89717525107377,0.13,0.0,0.6082888679761059,1.0
190109,PASCO,PASCO,SIMON BOLIVAR,60.0,0.0,0.0,2105.0,2074.0,281.0,281.0,1.0,10.257778535346723,8.523444500152213,0.1530249110320284,0.0,0.5022020592664552,0.7257957465587657,0.7143502089474956,0.6139989029126105,0.6082761341069753,165,205,-40,40,False,False,False,False,False,Mixed/other profile,Very high availability,Very high availability,0.3524603279273099,0.6519437906056006,0.6082796379410937,1.0,1.0,281.0,1.0,12.701420875593694,10.969476596470173,0.18149466192170818,0.0,0.5919288699249936,1.0
240102,TUMBES,TUMBES,CORRALES,61.0,0.0655737704918032,0.0655737704918032,532.0,501.0,22.0,22.0,1.0,3.4261932589709945,3.2082200077599685,0.0,0.0,0.3932087361279047,0.8318076294916952,0.8688632136563106,0.6125081828097999,0.6310359748921076,166,173,-7,7,False,False,False,False,False,Mixed/other profile,Very high availability,Very high availability,0.2536340985098678,0.5327833737459415,0.759725184988136,1.0,1.0,22.0,1.0,3.052760443766644,2.3737688585899157,0.0,0.0,0.8126617337947295,1.0
200105,PIURA,PIURA,CATACAOS,106.0,0.0,0.0,1377.0,1314.0,66.0,66.0,1.0,15.6727550291627,5.452329912411184,0.2878787878787879,0.2878787878787879,0.5337180850574225,0.6899662080581422,0.7049480911105601,0.6118421465577824,0.6193330880839913,167,188,-21,21,False,False,False,False,False,Mixed/other profile,Very high availability,Very high availability,0.4530716474749012,0.6143645226399437,0.6804712063168267,0.7121212121212122,1.0,66.0,1.0,16.279231636550044,5.370084329495334,0.2878787878787879,0.2878787878787879,0.7018738963917093,0.7121212121212122
060701,CAJAMARCA,HUALGAYOC,BAMBAMARCA,144.0,0.5833333333333334,0.5833333333333334,818.0,742.0,227.0,227.0,1.0,9.076890799202571,8.6678945775205,0.0044052863436123,0.0,0.4992997816374152,0.7238417052820949,0.7404067278351,0.611570743459755,0.6198532547362576,168,187,-19,19,False,False,False,False,False,Mixed/other profile,Very high availability,Very high availability,0.4308337831477513,0.567765780127079,0.6054881504029928,1.0,1.0,227.0,1.0,9.076890799202571,8.6678945775205,0.004405286343612335,0.0,0.6291524683358571,1.0
220501,SAN MARTIN,LAMAS,LAMAS,70.0,0.1428571428571428,0.1428571428571428,1422.0,788.0,26.0,26.0,1.0,5.588311395989836,5.261259702137513,0.0,0.0,0.4421065335119061,0.7802316940226799,0.7934142310479347,0.611169113767293,0.6177603822799205,169,193,-24,24,False,False,False,False,False,Mixed/other profile,Very high availability,Very high availability,0.2910197881357887,0.5931932788880235,0.686045277175257,1.0,1.0,26.0,1.0,5.588311395989836,5.261259702137513,0.0,0.0,0.7048774729256211,1.0
250105,UCAYALI,CORONEL PORTILLO,YARINACOCHA,412.0,0.0922330097087378,0.0922330097087378,6118.0,4839.0,79.0,79.0,1.0,14.121656403886025,12.48199508491993,0.2278481012658227,0.0886075949367088,0.5660672803122779,0.6540943163175332,0.733488111193959,0.6100807983149056,0.6497776957531185,170,144,26,26,False,False,False,False,False,Mixed/other profile,Very high availability,Very high availability,0.3989055711958825,0.7332289894286732,0.5438237068550658,0.9113924050632912,1.0,79.0,1.0,9.448457345778733,9.231926558297776,0.0,0.0,0.6192687302770843,1.0
030501,APURIMAC,COTABAMBAS,TAMBOBAMBA,20.0,0.0,0.0,4970.0,1209.0,154.0,154.0,1.0,9.184798028463153,9.267312911837877,0.0,0.0,0.5038399329223304,0.7160334639488395,0.7317069279238873,0.609936698435585,0.6177734304231088,171,192,-21,21,False,False,False,False,False,Mixed/other profile,Very high availability,Very high availability,0.3440709259848924,0.6636089398597684,0.5943335199269135,1.0,1.0,154.0,1.0,9.87390679538285,9.382386674795859,0.032467532467532464,0.0,0.6167241827484105,1.0
090201,HUANCAVELICA,ACOBAMBA,ACOBAMBA,79.0,0.2278481012658227,0.2278481012658227,342.0,318.0,76.0,76.0,1.0,4.2878102319515135,4.087433036172175,0.0,0.0,0.4097816925666284,0.8071797310468285,0.8279304488894512,0.6084807118067285,0.6188560707280398,172,189,-17,17,False,False,False,False,False,Mixed/other profile,Very high availability,Very high availability,0.3249256513595553,0.4946377337737014,0.7245424729240406,1.0,1.0,76.0,1.0,3.925894094036247,3.718541340623447,0.0,0.0,0.7541863555563588,1.0
220804,SAN MARTIN,RIOJA,NUEVA CAJAMARCA,156.0,0.1153846153846153,0.1153846153846153,1296.0,1174.0,46.0,46.0,1.0,8.448319639345103,8.367718240147308,0.0,0.0,0.4880266366418961,0.7279358069712654,0.8284054816143571,0.6079812218065808,0.6582160591281266,173,134,39,39,False,False,False,False,False,Mixed/other profile,Very high availability,Very high availability,0.3691444262259609,0.6069088470578313,0.6113368671018078,1.0,1.0,46.0,1.0,4.049824105363168,3.700206894415538,0.0,0.0,0.7548649737347961,1.0
120303,JUNIN,CHANCHAMAYO,PICHANAQUI,98.0,0.3877551020408163,0.3877551020408163,2594.0,2291.0,179.0,179.0,1.0,13.00349938401946,12.8353362557496,0.106145251396648,0.0111731843575419,0.540589741756677,0.6739665425671493,0.6952120795198296,0.6072781421619131,0.6179009106382533,174,191,-17,17,False,False,False,False,False,Mixed/other profile,Very high availability,Very high availability,0.41624482485752,0.664934658655834,0.539026425534874,0.988826815642458,1.0,179.0,1.0,12.811999869340266,12.622695927836707,0.10614525139664804,0.0111731843575419,0.5693771926101316,0.9888268156424581
130208,LA LIBERTAD,ASCOPE,CASA GRANDE,52.0,0.0,0.0,5480.0,2140.0,45.0,45.0,1.0,7.353145338879617,7.024845663531202,0.0,0.0,0.4647955115210292,0.7480197719728976,0.7631345023287036,0.6064076417469634,0.6139650069248664,175,196,-21,21,False,False,False,False,False,Mixed/other profile,Very high availability,Very high availability,0.2368232385909542,0.6927677844511042,0.6400282456755682,1.0,1.0,45.0,1.0,7.353145338879617,7.024845663531202,0.0,0.0,0.6616207176124338,1.0
130106,LA LIBERTAD,TRUJILLO,LAREDO,66.0,0.0909090909090909,0.0909090909090909,1751.0,1751.0,57.0,57.0,1.0,7.743576683466688,5.488079479521803,0.0526315789473684,0.0,0.4368630547231417,0.7756126499922236,0.78907225480795,0.6062378523576826,0.6129676547655458,176,197,-21,21,False,False,False,False,False,Mixed/other profile,Very high availability,Very high availability,0.2368232385909542,0.636902870855329,0.6794466428460338,1.0,1.0,57.0,1.0,7.790204566174488,5.488079479521803,0.05263157894736842,0.0,0.6986746497256429,1.0
120601,JUNIN,SATIPO,SATIPO,84.0,0.2857142857142857,0.2857142857142857,4209.0,1873.0,159.0,159.0,1.0,12.079364477378284,11.569290727231213,0.1194968553459119,0.0,0.5225831874933393,0.6897755552545124,0.7083839947690735,0.6061793713739259,0.6154835911312064,177,194,-17,17,False,False,False,False,False,Mixed/other profile,Very high availability,Very high availability,0.3691444262259609,0.6760219487607178,0.5568222217921606,1.0,1.0,159.0,1.0,12.079364477378283,11.569290727231213,0.11949685534591195,0.0,0.5834057068129622,1.0
250101,UCAYALI,CORONEL PORTILLO,CALLERIA,795.0,0.0792452830188679,0.0792452830188679,32819.0,13440.0,148.0,148.0,1.0,30.77228921042971,24.654246162001375,0.6486486486486487,0.3648648648648648,0.724197670527021,0.48770818147407,0.6114375424340524,0.6059529260005455,0.6678176064805367,178,125,53,53,False,False,False,False,False,Mixed/other profile,Very high availability,Very high availability,0.6009180402110672,0.8474773008429748,0.4245252013336136,0.6351351351351351,1.0,148.0,1.0,20.896437286400225,15.349298315759022,0.3310810810810811,0.21621621621621623,0.5375748675698817,0.7837837837837838
030601,APURIMAC,CHINCHEROS,CHINCHEROS,61.0,0.0327868852459016,0.0327868852459016,483.0,416.0,34.0,34.0,1.0,4.244500593496899,3.7266023048653736,0.0,0.0,0.3942419951632637,0.8167288815933262,0.8277221787992717,0.6054854383782949,0.6109820869812677,179,202,-23,23,False,False,False,False,False,Mixed/other profile,Very high availability,Very high availability,0.2678474780495672,0.5206365122769602,0.7381841165618946,1.0,1.0,34.0,1.0,4.244500593496899,3.7266023048653736,0.0,0.0,0.7538888268561025,1.0
130702,LA LIBERTAD,PACASMAYO,GUADALUPE,64.0,0.0625,0.0625,2300.0,2165.0,52.0,52.0,1.0,6.13795246916691,7.483364224427663,0.0,0.0,0.4688227645448932,0.7408073406928894,0.7563547000484414,0.6048150526188913,0.6125887322966673,180,200,-20,20,False,False,False,False,False,Mixed/other profile,Very high availability,Very high availability,0.2801596674344196,0.6574858616553667,0.6297247724184136,1.0,1.0,52.0,1.0,6.255426737699774,7.483364224427663,0.0,0.0,0.6519352857834877,1.0
030104,APURIMAC,ABANCAY,CURAHUASI,60.0,0.0,0.0,810.0,645.0,239.0,239.0,1.0,9.527210206977855,8.160244780423689,0.0292887029288702,0.0,0.4784983905633788,0.7308429477222624,0.563797571539787,0.6046706691428206,0.5211479810515829,181,367,-186,186,False,False,False,False,False,Mixed/other profile,Very high availability,Very high availability,0.3957967567707753,0.5612000243559823,0.6154899253175179,1.0,1.0,239.0,1.0,24.656871666006136,23.326708033654697,0.7364016736401674,0.21338912133891214,0.46830615420208666,0.7866108786610879
060108,CAJAMARCA,CAJAMARCA,LOS BA?OS DEL INCA,78.0,0.1794871794871795,0.1794871794871795,954.0,954.0,118.0,118.0,1.0,6.271766530583265,5.460258685911086,0.0,0.0,0.4326577198951609,0.7761704380108954,0.815372681949406,0.6044140789530281,0.6240152009222835,182,183,-1,1,False,False,False,False,False,Mixed/other profile,Very high availability,Very high availability,0.2801596674344196,0.5851557723559022,0.6802434828727077,1.0,1.0,118.0,1.0,5.543945188733285,4.230037010656561,0.0,0.0,0.7362466884991516,1.0
020801,ANCASH,CASMA,CASMA,128.0,0.0625,0.0625,6239.0,3626.0,72.0,72.0,1.0,10.171618153584202,9.589462888209551,0.0972222222222222,0.0138888888888888,0.5007452191297763,0.7078566668048694,0.7209639334837722,0.6043009429673228,0.6108545763067743,183,203,-20,20,False,False,False,False,False,Mixed/other profile,Very high availability,Very high availability,0.2801596674344196,0.721330770825133,0.5886047621021944,0.9861111111111112,1.0,72.0,1.0,10.530110420205476,9.589462888209551,0.09722222222222222,0.027777777777777776,0.6132818097387223,0.9722222222222222
130701,LA LIBERTAD,PACASMAYO,SAN PEDRO DE LLOC,61.0,0.0327868852459016,0.0327868852459016,584.0,532.0,33.0,33.0,1.0,3.931779374513519,3.7502184303670414,0.0,0.0,0.3880422342690431,0.816081947687237,0.8271140504440191,0.60206209097814,0.6075781423565311,184,210,-26,26,False,False,False,False,False,Mixed/other profile,Very high availability,Very high availability,0.2368232385909542,0.539261229947132,0.7372599252674814,1.0,1.0,33.0,1.0,3.9317793745135186,3.7502184303670414,0.0,0.0,0.7530200720628846,1.0
030404,APURIMAC,AYMARAES,CHAPIMARCA,121.0,0.0,0.0,6917.0,2384.0,88.0,88.0,1.0,7.869472584603961,8.179779097167138,0.0,0.0,0.4719730425284182,0.7305664372877774,0.8707614718593106,0.6012697399080977,0.6713672571938645,185,120,65,65,False,False,False,False,False,Mixed/other profile,Very high availability,Very high availability,0.2368232385909542,0.7071228464658821,0.6150949104111105,1.0,1.0,88.0,1.0,2.629640776285651,2.3216879720924153,0.0,0.0,0.8153735312275868,1.0
061001,CAJAMARCA,SAN MARCOS,PEDRO GALVEZ,70.0,0.1285714285714285,0.1285714285714285,1191.0,551.0,81.0,81.0,1.0,5.528598801244088,5.151133970654913,0.0,0.0,0.4190021141326848,0.782535032127918,0.8283960443391181,0.6007685731303014,0.6236990792359014,186,185,1,1,False,False,False,False,False,Mixed/other profile,Very high availability,Very high availability,0.2678474780495672,0.5701567502158025,0.68933576018274,1.0,1.0,81.0,1.0,3.8340693597698166,3.7005704426294574,0.0,0.0,0.7548514919130258,1.0
080907,CUSCO,LA CONVENCION,KIMBIRI,62.0,0.032258064516129,0.032258064516129,999.0,753.0,73.0,73.0,1.0,7.7356152342280895,7.313616774934412,0.0,0.0,0.4542029924478017,0.7434309541121754,0.7710061565953448,0.5988169732799886,0.6126045745215732,187,199,-12,12,False,False,False,False,False,Mixed/other profile,Very high availability,Very high availability,0.3317587366000399,0.5766472482955636,0.6334727915888221,1.0,1.0,73.0,1.0,6.9431301116565125,6.523484371910382,0.0,0.0,0.6728659379933498,1.0
060301,CAJAMARCA,CELENDIN,CELENDIN,75.0,0.0,0.0,1220.0,1146.0,82.0,82.0,1.0,8.775216660991962,7.005231313606779,0.073170731707317,0.0,0.4471881567047328,0.7483374239476549,0.768433743038382,0.5977627903261938,0.6078109498715574,188,208,-20,20,False,False,False,False,False,Mixed/other profile,Very high availability,Very high availability,0.2910197881357887,0.6033565252736768,0.6404820342109356,1.0,1.0,82.0,1.0,8.649305597287944,6.683782145065329,0.07317073170731707,0.0,0.6691910614834029,1.0
131201,LA LIBERTAD,VIRU,VIRU,108.0,0.0,0.0,1121.0,1111.0,103.0,103.0,1.0,10.75821301309696,8.969386632925085,0.145631067961165,0.0,0.4712878104050225,0.7198556651051912,0.7366597854752474,0.5955717377551069,0.603973797940135,189,216,-27,27,False,False,False,False,False,Mixed/other profile,Very high availability,Very high availability,0.3440709259848924,0.5985046948251526,0.5997938072931303,1.0,1.0,103.0,1.0,10.76202298702238,8.969386632925085,0.14563106796116504,0.0,0.6237996935360677,1.0
050401,AYACUCHO,HUANTA,HUANTA,62.0,0.032258064516129,0.032258064516129,1485.0,60.0,86.0,86.0,1.0,4.903902145994769,4.248723490519897,0.0,0.0,0.3866317914809203,0.8031283986813893,0.8149375044669689,0.5948800950811548,0.6007846479739446,190,220,-30,30,False,False,False,False,False,Mixed/other profile,Very high availability,Very high availability,0.2910197881357887,0.4822437948260519,0.7187548552591277,1.0,1.0,86.0,1.0,5.045948640623229,4.248723490519897,0.0,0.0,0.7356250063813843,1.0
170101,MADRE DE DIOS,TAMBOPATA,TAMBOPATA,132.0,0.0303030303030303,0.0303030303030303,7634.0,7275.0,70.0,70.0,1.0,27.440947529511256,18.289710784969728,0.4571428571428571,0.3285714285714285,0.6533906286759563,0.5356077406074948,0.5575510623501941,0.5944991846417256,0.6054708455130753,191,214,-23,23,False,False,False,False,False,Mixed/other profile,Very high availability,Very high availability,0.546470872484107,0.7603103848678058,0.4773988131127477,0.6714285714285715,1.0,70.0,1.0,27.440947529511256,18.289710784969728,0.45714285714285713,0.32857142857142857,0.5087464156023183,0.6714285714285715
021901,ANCASH,SIHUAS,SIHUAS,85.0,0.0235294117647058,0.0235294117647058,450.0,350.0,43.0,43.0,1.0,3.184704037368583,3.409946763730921,0.0,0.0,0.3631923701590884,0.8257299054498772,0.8361832870855292,0.5944611378044828,0.5996878286223088,192,223,-31,31,False,False,False,False,False,Mixed/other profile,Very high availability,Very high availability,0.2162484088839469,0.51013633143423,0.7510427220712531,1.0,1.0,43.0,1.0,3.184704037368583,3.409946763730921,0.0,0.0,0.7659761244078989,1.0
020702,ANCASH,CARLOS FERMIN FITZCARRALD,SAN NICOLAS,146.0,0.0616438356164383,0.1575342465753424,1848.0,661.0,65.0,65.0,1.0,5.072328341971338,5.176810201322228,0.0,0.0,0.4062561678355563,0.7819943347427163,0.8699189887031589,0.5941252512891363,0.6380875782693576,193,161,32,32,False,False,False,False,False,Mixed/other profile,Very high availability,Very high availability,0.2162484088839469,0.5962639267871657,0.6885633353467376,1.0,1.0,65.0,1.0,2.3406345589017428,2.344702489710837,0.0,0.0,0.8141699838616556,1.0
150514,LIMA,CA?ETE,SAN LUIS,60.0,0.0,0.0,3249.0,2963.0,37.0,37.0,1.0,5.718080792739254,6.156973373344302,0.0,0.0,0.42537382460354,0.7628763499449336,0.7715123803278001,0.5941250872742367,0.59844310246567,194,224,-30,30,False,False,False,False,False,Mixed/other profile,Very high availability,Very high availability,0.1652082067268663,0.6855394424802137,0.6612519284927623,1.0,1.0,37.0,1.0,6.109020789320346,6.492335483287019,0.0,0.0,0.6735891147540003,1.0
211301,PUNO,YUNGUYO,YUNGUYO,71.0,0.1690140845070422,0.1690140845070422,608.0,390.0,192.0,192.0,1.0,6.153876746884321,6.01967683260788,0.0,0.0,0.4224103311768215,0.7653906238132169,0.779463384552308,0.5939004774950192,0.6009368578645647,195,219,-24,24,False,False,False,False,False,Mixed/other profile,Very high availability,Very high availability,0.3175453570603406,0.5272753052933025,0.6648437483045956,1.0,1.0,192.0,1.0,6.153876746884321,6.01967683260788,0.0,0.0,0.684947692217583,1.0
021803,ANCASH,SANTA,COISHCO,62.0,0.032258064516129,0.032258064516129,8939.0,3225.0,1.0,1.0,1.0,5.761642433872096,5.761642433872096,0.0,0.0,0.4161478341601926,0.770251903423506,0.9760692363276953,0.5931998687918493,0.6961085352439439,196,91,105,105,False,False,False,False,False,Mixed/other profile,Very high availability,Very high availability,0.1012969481763936,0.7309987201439916,0.6717884334621516,1.0,1.0,1.0,1.0,0.40131493668987206,0.40131493668987206,0.0,0.0,0.9658131947538504,1.0
040122,AREQUIPA,AREQUIPA,SOCABAYA,58.0,0.2758620689655172,0.2758620689655172,719.0,296.0,19.0,19.0,1.0,4.171250159127019,4.233691312823876,0.0,0.0,0.382701594735816,0.8035006822678039,0.8238550567070095,0.5931011385018099,0.6032783257214127,197,217,-20,20,False,False,False,False,False,Mixed/other profile,Very high availability,Very high availability,0.2433328448170384,0.5220703446545936,0.7192866889540057,1.0,1.0,19.0,1.0,3.8030846992129512,3.878803790337219,0.0,0.0,0.7483643667242993,1.0
120702,JUNIN,TARMA,ACOBAMBA,68.0,0.1470588235294117,0.1470588235294117,249.0,239.0,45.0,45.0,1.0,3.977651711460036,3.701249479990457,0.0,0.0,0.3684555316629458,0.8174269977494844,0.8283784192989947,0.5929412647062151,0.5984169754809703,198,225,-27,27,False,False,False,False,False,Mixed/other profile,Very high availability,Very high availability,0.2678474780495672,0.4690635852763244,0.7391814253564064,1.0,1.0,45.0,1.0,3.977651711460036,3.7012494799904565,0.0,0.0,0.7548263132842781,1.0
050509,AYACUCHO,LA MAR,SAMUGARI,272.0,0.0073529411764705,0.0073529411764705,5782.0,3186.0,30.0,30.0,1.0,11.474921371507689,9.815261244576714,0.0666666666666666,0.0,0.474661020526132,0.7092846598203069,0.7611891191324409,0.5919728401732194,0.6179250698292864,199,190,9,9,False,False,False,False,False,Mixed/other profile,Very high availability,Very high availability,0.2368232385909542,0.7124988024613098,0.584692371171867,1.0,1.0,30.0,1.0,9.627346949946645,7.15381610430471,0.06666666666666667,0.0,0.65884159876063,1.0
090701,HUANCAVELICA,TAYACAJA,PAMPAS,77.0,0.1948051948051948,0.1948051948051948,1151.0,1051.0,42.0,42.0,1.0,8.378083011085144,8.85132310260778,0.0,0.0,0.4610378885814019,0.7214020397919465,0.8491443628608379,0.5912199641866742,0.6550911257211199,200,136,64,64,False,False,False,False,False,Mixed/other profile,Very high availability,Very high availability,0.3249256513595553,0.5971501258032486,0.602002913988495,1.0,1.0,42.0,1.0,2.8055554701028447,2.965526417423267,0.0,0.0,0.7844919469440543,1.0
020701,ANCASH,CARLOS FERMIN FITZCARRALD,SAN LUIS,870.0,0.0459770114942528,0.057471264367816,22474.0,9321.0,165.0,165.0,1.0,11.648973241139307,11.70131233495876,0.0,0.0,0.4904777742983331,0.6884192845096981,0.8683263990958972,0.5894485294040156,0.6794020866971151,201,105,96,96,False,False,False,False,False,Mixed/other profile,Very high availability,Very high availability,0.1652082067268663,0.8157473418698,0.5548846921567117,1.0,1.0,165.0,1.0,2.609847316660311,2.3886445421336253,0.0,0.0,0.8118948558512817,1.0
140206,LAMBAYEQUE,FERRE?AFE,PUEBLO NUEVO,60.0,0.0,0.0,2471.0,1189.0,15.0,15.0,1.0,4.504298611352672,5.355421663453538,0.0,0.0,0.3996369020626089,0.7782941505467528,0.8046635678714897,0.5889655263046808,0.6021502349670493,202,218,-16,16,False,False,False,False,False,Mixed/other profile,Very high availability,Very high availability,0.1652082067268663,0.6340655973983514,0.6832773579239326,1.0,1.0,15.0,1.0,3.8531421765257923,4.709812270175836,0.0,0.0,0.7209479541021282,1.0
250107,UCAYALI,CORONEL PORTILLO,MANANTAY,501.0,0.0379241516966067,0.0379241516966067,5086.0,3674.0,35.0,35.0,1.0,12.887756084607304,11.504616977595353,0.1428571428571428,0.0,0.4873599283146254,0.6904451622975802,0.7855212393655104,0.5889025453061028,0.636440583840068,203,165,38,38,False,False,False,False,False,Mixed/other profile,Very high availability,Very high availability,0.2612348944626003,0.7134849621666505,0.5577788032822575,1.0,1.0,35.0,1.0,5.272169930654408,5.6796749581871735,0.0,0.0,0.6936017705221579,1.0
200306,PIURA,HUANCABAMBA,SAN MIGUEL DE EL FAIQUE,60.0,0.0,0.0,555.0,555.0,52.0,52.0,1.0,6.025961315996069,6.448727964333291,0.0,0.0,0.4198797556973811,0.7576899489943236,0.772224625433534,0.5887848523458523,0.5960521905654576,204,231,-27,27,False,False,False,False,False,Mixed/other profile,Very high availability,Very high availability,0.300734497141427,0.5390250142533353,0.6538427842776052,1.0,1.0,52.0,1.0,6.0855726610871885,6.448727964333291,0.0,0.0,0.6746066077621915,1.0
220301,SAN MARTIN,EL DORADO,SAN JOSE DE SISA,68.0,0.1176470588235294,0.1176470588235294,521.0,400.0,31.0,31.0,1.0,5.06334568434031,5.494949769015461,0.0,0.0,0.4010950539380449,0.7754752736103213,0.7920801175985723,0.588285163774183,0.5965875857683086,205,230,-25,25,False,False,False,False,False,Mixed/other profile,Very high availability,Very high availability,0.2801596674344196,0.5220304404416702,0.6792503908718877,1.0,1.0,31.0,1.0,4.783906176082002,5.3300952112954665,0.0,0.0,0.702971596569389,1.0
050601,AYACUCHO,LUCANAS,PUQUIO,114.0,0.0,0.0,978.0,737.0,240.0,240.0,1.0,9.539240122178263,6.194711207924813,0.1541666666666666,0.0,0.4142307621335314,0.7621937156104678,0.7764582390360013,0.5882122388719996,0.5953445005847664,206,232,-26,26,False,False,False,False,False,Mixed/other profile,Very high availability,Very high availability,0.2536340985098678,0.574827425757195,0.6602767365863826,1.0,1.0,240.0,1.0,9.541113993756888,6.194711207924813,0.15416666666666667,0.0,0.6806546271942877,1.0
040401,AREQUIPA,CASTILLA,APLAO,79.0,0.1645569620253164,0.1645569620253164,672.0,618.0,53.0,53.0,1.0,7.864825707094476,6.449696764019322,0.0188679245283018,0.0,0.4158937223199758,0.7576730676638959,0.7722087567093707,0.5867833949919359,0.5940512395146733,207,234,-27,27,False,False,False,False,False,Mixed/other profile,Very high availability,Very high availability,0.2801596674344196,0.5516277772055319,0.6538186680912798,1.0,1.0,53.0,1.0,7.615141752447736,6.449696764019322,0.018867924528301886,0.0,0.6745839381562441,1.0
190307,PASCO,OXAPAMPA,VILLA RICA,113.0,0.2212389380530973,0.2212389380530973,1006.0,906.0,131.0,131.0,1.0,12.73708978562841,10.20181327520389,0.2213740458015267,0.015267175572519,0.4724937369708831,0.700146174579181,0.7961567378162813,0.586319955775032,0.6343252373935822,208,168,40,40,False,False,False,False,False,Mixed/other profile,Very high availability,Very high availability,0.3599162853983612,0.585071188543405,0.5781804675013382,0.9847328244274808,1.0,131.0,1.0,5.706565537889435,5.122098082807185,0.0,0.0,0.7087953397375448,1.0
060402,CAJAMARCA,CHOTA,ANGUIA,280.0,0.0,0.0,3336.0,2318.0,28.0,28.0,1.0,7.484745220479939,6.98290077184094,0.0,0.0,0.4205148269504646,0.7487000131327832,0.9069034526123343,0.5846074200416239,0.6637091397813994,209,127,82,82,False,False,False,False,False,Mixed/other profile,Very high availability,Very high availability,0.1652082067268663,0.6758214471740629,0.6410000187611189,1.0,1.0,28.0,1.0,1.75317741122366,1.4701213239573954,0.0,0.0,0.8670049323033346,1.0
021701,ANCASH,RECUAY,RECUAY,63.0,0.0634920634920634,0.0634920634920634,754.0,424.0,134.0,134.0,1.0,4.490145320854571,4.235905304679488,0.0,0.0,0.3647662342728562,0.8034457839410136,0.8152358517542266,0.5841060091069349,0.5900010430135414,210,243,-33,33,False,False,False,False,False,Mixed/other profile,Very high availability,Very high availability,0.1897228399593951,0.5398096285863173,0.7192082627728766,1.0,1.0,134.0,1.0,4.490145320854571,4.235905304679488,0.0,0.0,0.7360512167917523,1.0
210608,PUNO,HUANCANE,VILQUE CHICO,84.0,0.2857142857142857,0.2857142857142857,1285.0,955.0,306.0,306.0,1.0,9.245166384444472,9.03564737350188,0.0130718954248366,0.0,0.4491041508059484,0.7189957974525962,0.7280501827017947,0.5840499741292723,0.5885771667538715,211,245,-34,34,False,False,False,False,False,Mixed/other profile,Very high availability,Very high availability,0.300734497141427,0.5974738044704699,0.5985654249322805,1.0,1.0,306.0,1.0,10.929120427513649,9.698248779411859,0.16993464052287582,0.0,0.6115002610025639,1.0
130601,LA LIBERTAD,OTUZCO,OTUZCO,60.0,0.0,0.0,628.0,589.0,170.0,170.0,1.0,7.890294716466819,7.545477569853431,0.0,0.0,0.4281244143944567,0.7398604174689255,0.7554645768730761,0.5839924159316912,0.5917944956337664,212,238,-26,26,False,False,False,False,False,Mixed/other profile,Very high availability,Very high availability,0.3095225203994102,0.5467263083895033,0.628372024955608,1.0,1.0,170.0,1.0,7.963004647023219,7.545477569853431,0.0,0.0,0.6506636812472517,1.0
130205,LA LIBERTAD,ASCOPE,PAIJAN,51.0,0.0,0.0,157.0,157.0,43.0,43.0,1.0,3.2485105767151383,2.8555725475972955,0.0,0.0,0.32398920951726,0.8431679749624401,0.8525753550103017,0.5835785922398501,0.5882822822637809,213,247,-34,34,False,False,False,False,False,Mixed/other profile,Very high availability,Very high availability,0.2162484088839469,0.4317300101505732,0.7759542499463432,1.0,1.0,43.0,1.0,3.2485105767151383,2.8555725475972955,0.0,0.0,0.7893933643004309,1.0
021001,ANCASH,HUARI,HUARI,62.0,0.032258064516129,0.032258064516129,793.0,518.0,64.0,64.0,1.0,6.600181499171896,6.4446393879384765,0.0,0.0,0.4092669250640037,0.7577612166146841,0.7722916181515607,0.5835140708393439,0.5907792716077822,214,240,-26,26,False,False,False,False,False,Mixed/other profile,Very high availability,Very high availability,0.2678474780495672,0.5506863720784403,0.6539445951638344,1.0,1.0,64.0,1.0,6.600181499171896,6.4446393879384765,0.0,0.0,0.6747023116450868,1.0
150701,LIMA,HUAROCHIRI,MATUCANA,55.0,0.0,0.0,597.0,548.0,76.0,76.0,1.0,3.605351880441796,3.6309222583941736,0.0,0.0,0.3469036610582382,0.8193834172863479,0.8302174853673179,0.583143539172293,0.5885605732127781,215,246,-31,31,False,False,False,False,False,Mixed/other profile,Very high availability,Very high availability,0.1523371503334742,0.5414701717830022,0.7419763104090684,1.0,1.0,76.0,1.0,3.605351880441796,3.6309222583941736,0.0,0.0,0.7574535505247398,1.0
150204,LIMA,BARRANCA,SUPE,60.0,0.0,0.0,2285.0,2059.0,65.0,65.0,1.0,10.985507582747172,11.752843150758276,0.1076923076923077,0.0,0.4778704598914526,0.6878937249376074,0.7066150437762254,0.5828820924145299,0.592242751833839,216,237,-21,21,False,False,False,False,False,Mixed/other profile,Very high availability,Very high availability,0.300734497141427,0.6550064226414781,0.5541338927680106,1.0,1.0,65.0,1.0,10.750928988825187,11.752843150758276,0.1076923076923077,0.0,0.5808786339660363,1.0
050503,AYACUCHO,LA MAR,AYNA,76.0,0.0263157894736842,0.0263157894736842,432.0,431.0,48.0,48.0,1.0,6.242961869197591,5.848658019378079,0.0,0.0,0.3927242301260244,0.76859213199863,0.7929891228737485,0.5806581810623272,0.5928566764998864,217,235,-18,18,False,False,False,False,False,Mixed/other profile,Very high availability,Very high availability,0.2678474780495672,0.5176009822024815,0.6694173314266143,1.0,1.0,48.0,1.0,4.886987147917188,5.283112123331762,0.0,0.0,0.7042701755339265,1.0
240302,TUMBES,ZARUMILLA,AGUAS VERDES,64.0,0.09375,0.09375,841.0,728.0,12.0,12.0,1.0,4.2639398236392445,4.3214695051858,0.0,0.0,0.3582337753968406,0.8013417211435441,0.8374616876486949,0.5797877482701923,0.5978477315227677,218,226,-8,8,False,False,False,False,False,Mixed/other profile,Very high availability,Very high availability,0.1483973468079527,0.5680702039857284,0.7162024587764917,1.0,1.0,12.0,1.0,3.1541529111203004,3.3639837182195587,0.0,0.0,0.7678024109267071,1.0
120302,JUNIN,CHANCHAMAYO,PERENE,238.0,0.2815126050420168,0.2815126050420168,946.0,715.0,240.0,240.0,1.0,13.351116194013052,13.234382473512332,0.1291666666666666,0.0,0.4855148631615387,0.6736276390854669,0.7951667321039808,0.5795712511235027,0.6403407976327598,219,156,63,63,False,False,False,False,False,Mixed/other profile,Very high availability,Very high availability,0.3989055711958825,0.5721241551271948,0.5337537701220956,1.0,1.0,240.0,1.0,5.879813662539742,5.171973055106831,0.008333333333333333,0.0,0.7073810458628298,1.0
120808,JUNIN,YAULI,SANTA ROSA DE SACCO,64.0,0.0625,0.0625,1315.0,1299.0,34.0,34.0,1.0,8.330189532001201,7.994672319106039,0.0,0.0,0.4243920144919851,0.7332106053804511,0.30277919764112615,0.5788013099362181,0.36358560606655566,220,1044,-824,824,False,False,False,False,False,Mixed/other profile,Very high availability,Medium availability,0.2368232385909542,0.611960790393016,0.6188722934006445,1.0,1.0,34.0,1.0,33.73743125089432,33.51456913185744,1.0,0.9411764705882353,0.4073316268822811,0.05882352941176472
090705,HUANCAVELICA,TAYACAJA,COLCABAMBA,112.0,0.1875,0.1875,322.0,294.0,156.0,156.0,1.0,6.308863712505643,6.431251127904094,0.0,0.0,0.3991190594060307,0.7579948604434683,0.8005701334769704,0.5785569599247495,0.5998445964415006,221,222,-1,1,False,False,False,False,False,Mixed/other profile,Very high availability,Very high availability,0.3095225203994102,0.4887155984126513,0.6542783720620977,1.0,1.0,156.0,1.0,4.805293064733899,4.904615680884705,0.0,0.0,0.7151001906813863,1.0
110112,ICA,ICA,SUBTANJALLA,70.0,0.1428571428571428,0.1428571428571428,549.0,549.0,8.0,8.0,1.0,4.733918721396114,4.731869091795242,0.0,0.0,0.3649167589428159,0.791698410450751,0.8041931303078345,0.5783075846967834,0.5845549446253252,222,250,-28,28,False,False,False,False,False,Mixed/other profile,Very high availability,Very high availability,0.1917337756514181,0.5380997422342138,0.7024263006439301,1.0,1.0,8.0,1.0,4.733918721396114,4.731869091795242,0.0,0.0,0.7202759004397636,1.0
050801,AYACUCHO,PAUCAR DEL SARA SARA,PAUSA,58.0,0.0,0.0,308.0,308.0,33.0,33.0,1.0,5.138624791855221,4.341313621410367,0.0,0.0,0.3525892931488406,0.8008585792255245,0.8128038373961559,0.5767239361871825,0.5826965652724982,223,255,-32,32,False,False,False,False,False,Mixed/other profile,Very high availability,Very high availability,0.2162484088839469,0.4889301774137342,0.7155122560364636,1.0,1.0,33.0,1.0,5.138624791855221,4.341313621410367,0.0,0.0,0.732576910565937,1.0
020401,ANCASH,ASUNCION,CHACAS,59.0,0.0338983050847457,0.0338983050847457,263.0,263.0,73.0,73.0,1.0,3.3517277018978104,2.9931321124756893,0.0,0.0,0.3139225874070853,0.8386175672381817,0.8482978980103901,0.5762700773226335,0.5811102427087377,224,256,-32,32,False,False,False,False,False,Mixed/other profile,Very high availability,Very high availability,0.1523371503334742,0.4755080244806963,0.7694536674831167,1.0,1.0,73.0,1.0,3.332628636443295,2.9931321124756893,0.0,0.0,0.7832827114434145,1.0
110111,ICA,ICA,SANTIAGO,108.0,0.074074074074074,0.074074074074074,963.0,668.0,88.0,88.0,1.0,11.8366595957546,7.647226199885813,0.1136363636363636,0.1022727272727272,0.444720548761872,0.7076422056770337,0.6025517070634919,0.5761813772194528,0.523636127912682,225,363,-138,138,False,False,False,False,False,Mixed/other profile,Very high availability,Very high availability,0.3195733088354501,0.5698677886882939,0.626177176941217,0.8977272727272727,1.0,88.0,1.0,22.962463474058737,21.005266558622225,0.5568181818181818,0.125,0.4857881529478456,0.875
050201,AYACUCHO,CANGALLO,CANGALLO,63.0,0.0793650793650793,0.0793650793650793,392.0,372.0,80.0,80.0,1.0,6.538087144415056,6.431995416539877,0.0,0.0,0.3936481862575636,0.7579818605217125,0.7724990269996899,0.575815023389638,0.5830736066286267,226,254,-28,28,False,False,False,False,False,Mixed/other profile,Very high availability,Very high availability,0.2801596674344196,0.5071367050807076,0.6542598007453035,1.0,1.0,80.0,1.0,6.538087144415056,6.431995416539877,0.0,0.0,0.674998609999557,1.0
210601,PUNO,HUANCANE,HUANCANE,62.0,0.032258064516129,0.032258064516129,428.0,428.0,210.0,210.0,1.0,8.083336354018465,8.463811232227641,0.0,0.0,0.424335045681288,0.7266110905395806,0.7430099948548733,0.5754730681104343,0.5836725202680806,227,253,-26,26,False,False,False,False,False,Mixed/other profile,Very high availability,Very high availability,0.3317587366000399,0.516911354762536,0.6094444150565438,1.0,1.0,210.0,1.0,8.13736285101932,8.463811232227641,0.0,0.0,0.6328714212212476,1.0
190107,PASCO,PASCO,PAUCARTAMBO,81.0,0.4074074074074074,0.4074074074074074,1174.0,1035.0,193.0,193.0,1.0,11.21843910670729,10.92033002661382,0.0725388601036269,0.0,0.45340646915908,0.6966565473266864,0.7148522388230174,0.5750315082428832,0.5841293539910487,228,252,-24,24,False,False,False,False,False,Mixed/other profile,Very high availability,Very high availability,0.3095225203994102,0.5972904179187498,0.5666522104666949,1.0,1.0,193.0,1.0,11.080843009566461,10.920330026613819,0.07253886010362694,0.0,0.5926460554614535,1.0
021301,ANCASH,MARISCAL LUZURIAGA,PISCOBAMBA,27.0,0.074074074074074,0.074074074074074,41.0,41.0,64.0,64.0,1.0,1.9920424322956631,1.8682790724251117,0.0,0.0,0.2674954490027047,0.881564499279218,0.8886687100816504,0.5745299741409613,0.5780820795421775,229,262,-33,33,False,False,False,False,False,Mixed/other profile,Very high availability,Very high availability,0.2162484088839469,0.3187424891214624,0.8308064275417402,1.0,1.0,64.0,1.0,1.9518123888741963,1.8682790724251115,0.0,0.0,0.8409553001166433,1.0
210201,PUNO,AZANGARO,AZANGARO,62.0,0.032258064516129,0.032258064516129,704.0,669.0,311.0,311.0,1.0,9.547772948125647,9.546820530276172,0.0,0.0,0.4311950325111116,0.7125470860914649,0.7249142442268122,0.5718710593012882,0.5780546383689619,230,263,-33,33,False,False,False,False,False,Mixed/other profile,Very high availability,Very high availability,0.3053599292957507,0.5570301357264724,0.5893529801306643,1.0,1.0,311.0,1.0,10.496337889263643,9.976767693176843,0.04823151125401929,0.0,0.607020348895446,1.0
130202,LA LIBERTAD,ASCOPE,CHICAMA,62.0,0.0,0.0,483.0,483.0,34.0,34.0,1.0,8.227095040780512,6.707969426095615,0.0294117647058823,0.0,0.390416207603243,0.7532492097784896,0.7600690375324453,0.5718327086908663,0.5752426225678442,231,268,-37,37,False,False,False,False,False,Mixed/other profile,Very high availability,Very high availability,0.2536340985098678,0.5271983166966182,0.6474988711121281,1.0,1.0,34.0,1.0,8.804752530933044,7.2290107786996405,0.029411764705882353,0.0,0.6572414821892076,1.0
070104,CALLAO,CALLAO,LA PERLA,8.0,1.0,1.0,0.0,0.0,1.0,1.0,1.0,0.7997885821631985,0.7997885821631985,0.0,0.0,0.2014412806211196,0.9420580454519484,0.9455336237786256,0.571749663036534,0.5734874521998726,232,269,-37,37,True,False,False,False,False,Missing-dominant activity,Very high availability,Very high availability,0.4028825612422392,0.0,0.9172257792170692,1.0,1.0,1.0,1.0,0.7997885821631985,0.7997885821631985,0.0,0.0,0.9221908911123223,1.0
211201,PUNO,SANDIA,SANDIA,57.0,0.0,0.0,384.0,370.0,64.0,64.0,1.0,7.236121140576865,6.247872675736714,0.0,0.0,0.3798429492324165,0.7612381355961513,0.7755599783374221,0.5705405424142839,0.5777014637849193,233,264,-31,31,False,False,False,False,False,Mixed/other profile,Very high availability,Very high availability,0.2536340985098678,0.5060517999549652,0.6589116222802163,1.0,1.0,64.0,1.0,8.273044803366261,6.247872675736714,0.109375,0.0,0.6793713976248887,1.0
130501,LA LIBERTAD,JULCAN,JULCAN,82.0,0.1463414634146341,0.1463414634146341,299.0,256.0,83.0,83.0,1.0,5.935690045818515,6.249993467192897,0.0,0.0,0.3798779747264943,0.7612001597976527,0.7807408171319353,0.5705390672620735,0.5803093959292148,234,257,-23,23,False,False,False,False,False,Mixed/other profile,Very high availability,Very high availability,0.2801596674344196,0.4795962820185691,0.6588573711395038,1.0,1.0,83.0,1.0,5.790058280350347,5.946568761770295,0.0,0.0,0.6867725959027648,1.0
020703,ANCASH,CARLOS FERMIN FITZCARRALD,YAUYA,420.0,0.0333333333333333,0.0333333333333333,9379.0,1452.0,98.0,98.0,1.0,9.64403632770998,10.047278923341146,0.0,0.0,0.4315309436992145,0.7065294809823373,0.8870107362909563,0.5690302123407759,0.6592708399950854,235,133,102,102,False,False,False,False,False,Mixed/other profile,Very high availability,Very high availability,0.1652082067268663,0.6978536806715627,0.580756401403339,1.0,1.0,98.0,1.0,2.1107049095767296,1.9075195832107315,0.0,0.0,0.8385867661299377,1.0
080801,CUSCO,ESPINAR,ESPINAR,91.0,0.0659340659340659,0.0659340659340659,1505.0,658.0,366.0,366.0,1.0,15.916964131341638,16.117291136435675,0.3743169398907104,0.0846994535519125,0.5100494823270741,0.6242784860005307,0.6452915098949741,0.5671639841638024,0.5776704961110242,236,265,-29,29,False,False,False,False,False,Mixed/other profile,Very high availability,Very high availability,0.4324968177678939,0.5876021468862545,0.4995547458087207,0.9153005464480874,1.0,366.0,1.0,16.072959348388288,16.117291136435675,0.3770491803278688,0.08469945355191257,0.5295733513722112,0.9153005464480874
210701,PUNO,LAMPA,LAMPA,77.0,0.0,0.0,495.0,291.0,111.0,111.0,1.0,9.166315177442048,9.803085395542814,0.0,0.0,0.424349735784359,0.7094308741225638,0.7224881042215657,0.5668903049534614,0.5734189200029624,237,270,-33,33,False,False,False,False,False,Mixed/other profile,Very high availability,Very high availability,0.3427456189216716,0.5059538526470464,0.5849012487465197,1.0,1.0,111.0,1.0,9.504579236915829,10.197210942213664,0.009009009009009009,0.0,0.6035544346022368,1.0
221005,SAN MARTIN,TOCACHE,UCHIZA,99.0,0.0404040404040404,0.0404040404040404,500.0,463.0,95.0,95.0,1.0,11.42940425754722,10.394515869604913,0.1157894736842105,0.0,0.4292610994177619,0.7025123496130173,0.7302295809361511,0.5658867245153896,0.5797453401769566,238,259,-21,21,False,False,False,False,False,Mixed/other profile,Very high availability,Very high availability,0.3317587366000399,0.526763462235484,0.5750176423043105,1.0,1.0,95.0,1.0,9.498450455264374,9.508858316276164,0.0,0.0,0.6146136870516444,1.0
030409,APURIMAC,AYMARAES,LUCRE,119.0,0.0,0.0,4168.0,1472.0,71.0,71.0,1.0,8.949856572398117,8.715940373026584,0.0,0.0,0.4067060902360118,0.7231982333522653,0.9198167509809763,0.5649521617941385,0.663261420608494,239,128,111,111,False,False,False,False,False,Mixed/other profile,Very high availability,Very high availability,0.1483973468079527,0.6650148336640709,0.6045689047889504,1.0,1.0,71.0,1.0,1.494973684810138,1.222060299651881,0.0,0.0,0.8854525014013949,1.0
131101,LA LIBERTAD,GRAN CHIMU,CASCAS,59.0,0.0338983050847457,0.0338983050847457,750.0,422.0,166.0,166.0,1.0,9.441894755102805,8.398840925727491,0.0060240963855421,0.0,0.3965084640323899,0.727505274568633,0.7438505423323859,0.5620068693005115,0.5701795031823879,240,274,-34,34,False,False,False,False,False,Mixed/other profile,Very high availability,Very high availability,0.2536340985098678,0.5393828295549119,0.6107218208123328,1.0,1.0,166.0,1.0,8.861847233874597,8.398840925727491,0.0,0.0,0.6340722033319799,1.0
220805,SAN MARTIN,RIOJA,PARDO MIGUEL,143.0,0.0909090909090909,0.0909090909090909,272.0,244.0,57.0,57.0,1.0,11.406962603161343,7.455305517613468,0.2280701754385964,0.0,0.3823104594296894,0.7412373736886287,0.7915182374673952,0.5617739165591591,0.5869143484485423,241,249,-8,8,False,False,False,False,False,Mixed/other profile,Very high availability,Very high availability,0.2910197881357887,0.4736011307235901,0.6303391052694697,1.0,1.0,57.0,1.0,6.064666434090084,5.3593122285941845,0.017543859649122806,0.0,0.7021689106677076,1.0
220104,SAN MARTIN,MOYOBAMBA,JEPELACIO,167.0,0.0419161676646706,0.0419161676646706,425.0,326.0,59.0,59.0,1.0,10.08375452820872,9.247709147883004,0.0,0.0,0.4070939691301358,0.7162815376009087,0.8624829040115949,0.5616877533655222,0.6347884365708654,242,166,76,76,False,False,False,False,False,Mixed/other profile,Very high availability,Very high availability,0.3095225203994102,0.5046654178608614,0.5946879108584411,1.0,1.0,59.0,1.0,2.4998029775336645,2.554879069188234,0.0,0.0,0.8035470057308499,1.0
210301,PUNO,CARABAYA,MACUSANI,69.0,0.0869565217391304,0.0869565217391304,1554.0,874.0,255.0,255.0,1.0,12.08840654746774,11.983990137946597,0.0823529411764705,0.0,0.4346276019433933,0.6855621045890593,0.70442328286481,0.5600948532662263,0.5695254424041016,243,276,-33,33,False,False,False,False,False,Mixed/other profile,Very high availability,Very high availability,0.2678474780495672,0.6014077258372195,0.5508030065557991,1.0,1.0,255.0,1.0,11.962132958177925,11.983990137946597,0.0784313725490196,0.0,0.5777475469497286,1.0
210401,PUNO,CHUCUITO,JULI,59.0,0.0169491525423728,0.0169491525423728,533.0,373.0,371.0,371.0,1.0,13.862195653477825,11.97637068433381,0.2425876010781671,0.013477088948787,0.4347793640350484,0.6815951728475484,0.6981944172165717,0.5581872684412984,0.56648689062581,244,281,-37,37,False,False,False,False,False,Mixed/other profile,Very high availability,Very high availability,0.3496607862456018,0.519897941824495,0.5509118564745494,0.9865229110512128,1.0,371.0,1.0,13.899010135826499,12.2186742902593,0.24258760107816713,0.013477088948787063,0.5746250627160112,0.9865229110512129
210501,PUNO,EL COLLAO,ILAVE,62.0,0.032258064516129,0.032258064516129,824.0,768.0,565.0,565.0,1.0,16.048711498616722,14.09715437444982,0.3504424778761062,0.127433628318584,0.4873181697521287,0.627759201467456,0.6313173836195745,0.5575386856097924,0.5593177766858516,245,297,-52,52,False,False,False,False,False,Mixed/other profile,Very high availability,Very high availability,0.4050548130859351,0.5695815264183224,0.5228418428043304,0.8725663716814159,1.0,565.0,1.0,17.314636430131923,16.130192127849252,0.36460176991150445,0.13097345132743363,0.5294420271682923,0.8690265486725663
190201,PASCO,DANIEL ALCIDES CARRION,YANAHUANCA,135.0,0.4,0.4,292.0,288.0,568.0,568.0,1.0,12.434580580392018,12.871380148432698,0.1109154929577464,0.0,0.4380537066952491,0.6769807754445895,0.6962617732496315,0.5575172410699193,0.5671577399724403,246,280,-34,34,False,False,False,False,False,Mixed/other profile,Very high availability,Very high availability,0.3923167363121823,0.4837906770783158,0.5385439649208421,1.0,1.0,568.0,1.0,12.520691222205551,12.882175412479597,0.11443661971830986,0.0,0.5660882474994735,1.0
210801,PUNO,MELGAR,AYAVIRI,62.0,0.032258064516129,0.032258064516129,1077.0,772.0,243.0,243.0,1.0,11.876100416591504,12.239538269044017,0.0534979423868312,0.0,0.4305001350708173,0.6830321754163631,0.27359963411093363,0.5567661552435902,0.3520498845908755,247,1154,-907,907,False,False,False,False,False,Mixed/other profile,Very high availability,Low availability,0.2801596674344196,0.580840602707215,0.5471888220233758,1.0,1.0,243.0,1.0,42.89960739314187,43.15332288292022,1.0,0.9382716049382716,0.36440159370345016,0.06172839506172845
131001,LA LIBERTAD,SANTIAGO DE CHUCO,SANTIAGO DE CHUCO,59.0,0.0,0.0,634.0,634.0,157.0,157.0,1.0,13.16684915942025,11.853900648417817,0.2420382165605095,0.0127388535031847,0.4299386710041823,0.6830475275852341,0.7018303022993014,0.5564930992947082,0.5658844866517418,248,283,-35,35,False,False,False,False,False,Mixed/other profile,Very high availability,Very high availability,0.3095225203994102,0.5503548216089544,0.5526702623374136,0.9872611464968152,1.0,157.0,1.0,13.16684915942025,11.853900648417815,0.24203821656050956,0.012738853503184714,0.5795027976432241,0.9872611464968153
060808,CAJAMARCA,JAEN,PUCARA,60.0,0.0,0.0,325.0,295.0,53.0,53.0,1.0,5.156807630808462,5.70367721555774,0.0,0.0,0.3394843646527353,0.7713694522911614,0.8131643164388205,0.5554269084719483,0.5763243405457779,249,267,-18,18,False,False,False,False,False,Mixed/other profile,Very high availability,Very high availability,0.1897228399593951,0.4892458893460756,0.6733849318445164,1.0,1.0,53.0,1.0,4.486056721612216,4.32555680943264,0.0,0.0,0.7330918806268866,1.0
240201,TUMBES,CONTRALMIRANTE VILLAR,ZORRITOS,62.0,0.0967741935483871,0.0967741935483871,676.0,611.0,43.0,43.0,1.0,10.90976312448545,9.522767169705649,0.0930232558139534,0.0232558139534883,0.402502698496437,0.7058667110214554,0.7300681945389413,0.5541847047589462,0.5662854465176892,250,282,-32,32,False,False,False,False,False,Mixed/other profile,Very high availability,Very high availability,0.2536340985098678,0.5513712984830061,0.5897763645821456,0.9767441860465116,1.0,43.0,1.0,10.087824680894455,9.522767169705649,0.023255813953488372,0.0,0.6143831350556306,1.0
040501,AREQUIPA,CAYLLOMA,CHIVAY,62.0,0.0967741935483871,0.0967741935483871,436.0,222.0,70.0,70.0,1.0,7.76229121371421,7.209428376627194,0.0,0.0,0.3628411242611613,0.7450679517769467,0.7603597435104248,0.553954538019054,0.5616004338857931,251,292,-41,41,False,False,False,False,False,Mixed/other profile,Very high availability,Very high availability,0.2368232385909542,0.4888590099313683,0.6358113596813525,1.0,1.0,70.0,1.0,7.76229121371421,7.209428376627194,0.0,0.0,0.6576567764434641,1.0
061201,CAJAMARCA,SAN PABLO,SAN PABLO,48.0,0.2083333333333333,0.2083333333333333,90.0,90.0,64.0,64.0,1.0,6.02828188390572,5.292300426754229,0.0,0.0,0.3262631823173591,0.7795897770473286,0.7928108186888752,0.5529264796823439,0.5595370005031172,252,295,-43,43,False,False,False,False,False,Mixed/other profile,Very high availability,Very high availability,0.2678474780495672,0.384678886585151,0.6851282529247552,1.0,1.0,64.0,1.0,4.994604339226359,5.292300426754229,0.0,0.0,0.7040154552698217,1.0
030415,APURIMAC,AYMARAES,TINTAY,78.0,0.0,0.0,3576.0,1241.0,85.0,85.0,1.0,9.94797015638527,10.352458978869835,0.0,0.0,0.3997920985788315,0.7029923339232593,0.877678170146807,0.5513922162510454,0.6387351343628193,253,158,95,95,False,False,False,False,False,Mixed/other profile,Very high availability,Very high availability,0.1483973468079527,0.6511868503497102,0.5757033341760849,1.0,1.0,85.0,1.0,2.4605330681026647,2.1386302324943927,0.0,0.0,0.8252545287811531,1.0
060501,CAJAMARCA,CONTUMAZA,CONTUMAZA,64.0,0.28125,0.28125,145.0,135.0,165.0,165.0,1.0,8.411896982439071,6.509544646042227,0.006060606060606,0.0,0.3448584074135013,0.7566344527281577,0.7900155804813331,0.5507464300708295,0.5674369939474172,254,279,-25,25,False,False,False,False,False,Mixed/other profile,Very high availability,Very high availability,0.2678474780495672,0.4218693367774354,0.6523349324687968,1.0,1.0,165.0,1.0,5.743880639182452,5.438112657781897,0.0,0.0,0.700022257830476,1.0
120704,JUNIN,TARMA,HUASAHUASI,78.0,0.3846153846153846,0.3846153846153846,119.0,114.0,143.0,143.0,1.0,8.230422704098132,6.487563258038731,0.0909090909090909,0.0,0.3432775056579261,0.7570149582282724,0.7715901231752573,0.5501462319430992,0.5574338144165917,255,303,-48,48,False,False,False,False,False,Mixed/other profile,Very high availability,Very high availability,0.2801596674344196,0.4063953438814325,0.6528785117546749,1.0,1.0,143.0,1.0,8.173595032799932,6.487563258038731,0.08391608391608392,0.0,0.6737001759646535,1.0
110102,ICA,ICA,LA TINGUI?A,55.0,0.109090909090909,0.109090909090909,363.0,363.0,42.0,42.0,1.0,4.830923023870848,5.069740532731495,0.0,0.0,0.3153611851716073,0.7842640781847638,0.7839524308516812,0.5498126316781855,0.5496568080116442,256,319,-63,63,False,False,False,False,False,Mixed/other profile,Very high availability,Very high availability,0.1278225171009454,0.502899853242269,0.691805825978234,1.0,1.0,42.0,1.0,5.599879743078899,5.766112383210804,0.0,0.0,0.6913606155024018,1.0
090301,HUANCAVELICA,ANGARAES,LIRCAY,29.0,0.0,0.0,293.0,194.0,282.0,282.0,1.0,13.141290426180843,13.11052726485888,0.2056737588652482,0.0,0.4240307638891739,0.6747620097652478,0.6947597991923172,0.5493963868272108,0.5593952815407456,257,296,-39,39,False,False,False,False,False,Mixed/other profile,Very high availability,Very high availability,0.3814566156108133,0.4666049121675345,0.5353742996646397,1.0,1.0,282.0,1.0,13.088936227944059,13.054115570276547,0.20567375886524822,0.0,0.5639425702747389,1.0
220803,SAN MARTIN,RIOJA,ELIAS SOPLIN VARGAS,70.0,0.1142857142857142,0.1142857142857142,512.0,460.0,14.0,14.0,1.0,7.843038894614954,7.219168247920057,0.0,0.0,0.3534377524020601,0.7449140421327555,0.8651670749192557,0.5491758972674078,0.609302413660658,258,204,54,54,False,False,False,False,False,Mixed/other profile,Very high availability,Very high availability,0.1794215862665657,0.5274539185375544,0.6355914887610793,1.0,1.0,14.0,1.0,2.464969694607047,2.4775311780579825,0.0,0.0,0.8073815355989367,1.0
020501,ANCASH,BOLOGNESI,CHIQUIAN,49.0,0.0408163265306122,0.0408163265306122,127.0,127.0,89.0,89.0,1.0,5.142900767253345,4.62929638340287,0.0,0.0,0.3017481116296542,0.7940422817968629,0.8063964073554868,0.5478951967132586,0.5540722594925704,259,313,-54,54,False,False,False,False,False,Mixed/other profile,Very high availability,Very high availability,0.1897228399593951,0.4137733832999133,0.7057746882812327,1.0,1.0,89.0,1.0,5.142900767253345,4.62929638340287,0.0,0.0,0.7234234390792668,1.0
090103,HUANCAVELICA,HUANCAVELICA,ACORIA,131.0,0.3893129770992366,0.3893129770992366,389.0,351.0,253.0,253.0,1.0,11.992240019552742,11.983242790265487,0.0,0.0,0.4073742081026784,0.6855695761277469,0.7783236770808422,0.5464718921152126,0.5928489425917602,260,236,24,24,False,False,False,False,False,Mixed/other profile,Very high availability,Very high availability,0.310479679412881,0.5042687367924757,0.5508136801824957,1.0,1.0,253.0,1.0,7.495624177694615,6.085552041146861,0.0,0.0,0.6833195386869175,1.0
170302,MADRE DE DIOS,TAHUAMANU,IBERIA,59.0,0.0,0.0,409.0,344.0,20.0,20.0,1.0,12.18637923163288,10.687723960507578,0.2,0.0,0.3928030895560823,0.6992144730695318,0.717256730472339,0.5460087813128071,0.5550299100142106,261,310,-49,49,False,False,False,False,False,Mixed/other profile,Very high availability,Very high availability,0.2801596674344196,0.5054465116777449,0.5703063900993313,1.0,1.0,20.0,1.0,12.18637923163288,10.687723960507578,0.2,0.0,0.5960810435319129,1.0
140113,LAMBAYEQUE,CHICLAYO,REQUE,59.0,0.0,0.0,1015.0,281.0,25.0,25.0,1.0,6.951104192629118,7.02593287107459,0.0,0.0,0.341193574605087,0.7480021874986937,0.8699848072543512,0.5445978810518903,0.6055891909297191,262,213,49,49,False,False,False,False,False,Mixed/other profile,Very high availability,Very high availability,0.1483973468079527,0.5339898024022212,0.6400031249981339,1.0,1.0,25.0,1.0,3.523232581670076,2.3428987647880897,0.0,0.0,0.8142640103633588,1.0
190206,PASCO,DANIEL ALCIDES CARRION,SANTA ANA DE TUSI,58.0,0.5172413793103449,0.5172413793103449,44.0,40.0,171.0,171.0,1.0,6.921079751107366,6.877651952786756,0.0,0.0,0.3350936179626085,0.7504227475098838,0.7653933382735578,0.5427581827362462,0.5502434781180832,263,316,-53,53,False,False,False,False,False,Mixed/other profile,Very high availability,Very high availability,0.3496607862456018,0.3205264496796151,0.6434610678712627,1.0,1.0,171.0,1.0,6.872885979345965,6.8776519527867555,0.0,0.0,0.6648476261050826,1.0
190305,PASCO,OXAPAMPA,POZUZO,95.0,0.2526315789473684,0.2526315789473684,104.0,97.0,106.0,106.0,1.0,8.893116537542376,9.157817589933384,0.0188679245283018,0.0,0.3659820418328275,0.7174251712856612,0.7343750818988697,0.5417036065592443,0.5501785618658486,264,317,-53,53,False,False,False,False,False,Mixed/other profile,Very high availability,Very high availability,0.3381201867673479,0.3938438968983071,0.5963216732652303,1.0,1.0,106.0,1.0,8.893116537542376,9.157817589933384,0.018867924528301886,0.0,0.6205358312840996,1.0
190101,PASCO,PASCO,CHAUPIMARCA,69.0,0.7246376811594203,0.7246376811594203,32.0,32.0,11.0,11.0,1.0,2.483874287693713,3.004730176486329,0.0,0.0,0.2449551750732186,0.8382411019698661,0.8634081877148259,0.5415981385215424,0.5541816813940222,265,311,-46,46,False,False,False,False,False,Mixed/other profile,Very high availability,Very high availability,0.1917337756514181,0.2981765744950192,0.7689158599569516,1.0,1.0,11.0,1.0,2.1001073439525197,2.5280234158457704,0.0,0.0,0.8048688395926084,1.0
060508,CAJAMARCA,CONTUMAZA,YONAN,67.0,0.1492537313432835,0.1492537313432835,321.0,307.0,47.0,47.0,1.0,9.633613452920972,9.769196123170593,0.0,0.0,0.3720604976292185,0.7098387044838961,0.7272436801669306,0.5409496010565573,0.5496520888980746,266,320,-54,54,False,False,False,False,False,Mixed/other profile,Very high availability,Very high availability,0.2536340985098678,0.4904868967485692,0.585483863548423,1.0,1.0,47.0,1.0,9.613567679044086,9.769196123170591,0.0,0.0,0.6103481145241867,1.0
090717,HUANCAVELICA,TAYACAJA,SURCUBAMBA,51.0,0.2352941176470588,0.2352941176470588,57.0,53.0,119.0,119.0,1.0,6.818826616915783,5.8560997775241,0.0,0.0,0.3116403747256678,0.7684511650622818,0.8162220667607742,0.5400457698939748,0.563931220743221,267,289,-22,22,False,False,False,False,False,Mixed/other profile,Very high availability,Very high availability,0.2801596674344196,0.3431210820169161,0.6692159500889742,1.0,1.0,119.0,1.0,4.627232153911792,4.1937559361360925,0.0,0.0,0.7374600953725345,1.0
240301,TUMBES,ZARUMILLA,ZARUMILLA,16.0,0.25,0.25,92.0,75.0,8.0,8.0,1.0,5.871660749866837,6.103014222029763,0.0,0.0,0.3156384416707781,0.7638586882228806,0.8007386188077508,0.5397485649468293,0.5581885302392644,268,301,-33,33,False,False,False,False,False,Mixed/other profile,Very high availability,Very high availability,0.2536340985098678,0.3776427848316885,0.6626552688898295,1.0,1.0,8.0,1.0,5.030342203591307,4.89646797126541,0.0,0.0,0.7153408840110727,1.0
090206,HUANCAVELICA,ACOBAMBA,PAUCARA,50.0,0.36,0.36,60.0,60.0,121.0,121.0,1.0,6.573248818734266,7.296838483688027,0.0,0.0,0.3340570537892071,0.7436931822993095,0.7811942367869583,0.5388751180442583,0.5576256452880827,269,302,-33,33,False,False,False,False,False,Mixed/other profile,Very high availability,Very high availability,0.3175453570603406,0.3505687505180737,0.6338474032847279,1.0,1.0,121.0,1.0,5.767288672587261,5.92080284356757,0.0,0.0,0.6874203382670834,1.0
120501,JUNIN,JUNIN,JUNIN,64.0,0.0625,0.0625,390.0,379.0,239.0,239.0,1.0,10.855640998800071,10.163014454711773,0.0376569037656903,0.0,0.3722841780233681,0.705176694118651,0.7228613148759773,0.5387304360710096,0.5475727464496727,270,322,-52,52,False,False,False,False,False,Mixed/other profile,Very high availability,Very high availability,0.2368232385909542,0.5077451174557819,0.5788238487409301,1.0,1.0,239.0,1.0,10.855640998800071,10.163014454711773,0.03765690376569038,0.0,0.6040875926799675,1.0
200406,PIURA,MORROPON,SALITRAL,46.0,0.1739130434782608,0.1739130434782608,68.0,56.0,26.0,26.0,1.0,7.391560911633064,5.753920300001465,0.0,0.0,0.303148992089119,0.7704002290777335,0.7841724946813333,0.5367746105834262,0.5436607433852262,271,327,-56,56,False,False,False,False,False,Mixed/other profile,Very high availability,Very high availability,0.2536340985098678,0.3526638856683701,0.6720003272539051,1.0,1.0,26.0,1.0,7.391560911633064,5.753920300001465,0.0,0.0,0.6916749924019048,1.0
150104,LIMA,LIMA,BARRANCO,4.0,1.0,1.0,0.0,0.0,1.0,1.0,1.0,1.2175713206557022,1.2175713206557022,0.0,0.0,0.1583144606514668,0.914962632403747,0.920063496433629,0.5366385465276069,0.5391889785425479,272,334,-62,62,True,False,False,False,False,Missing-dominant activity,Very high availability,Very high availability,0.3166289213029336,0.0,0.8785180462910671,1.0,1.0,1.0,1.0,1.2175713206557022,1.2175713206557022,0.0,0.0,0.8858049949051843,1.0
060802,CAJAMARCA,JAEN,BELLAVISTA,98.0,0.1020408163265306,0.1020408163265306,464.0,416.0,101.0,101.0,1.0,13.537210277857252,13.930360882332586,0.297029702970297,0.0198019801980198,0.4098597441256661,0.6614907355597621,0.7906575666556898,0.5356752398427141,0.6002586553906779,273,221,52,52,False,False,False,False,False,Mixed/other profile,Very high availability,Very high availability,0.300734497141427,0.5189849911099054,0.5249018994559543,0.9801980198019802,1.0,101.0,1.0,5.6335096157165045,5.404327662902525,0.0,0.0,0.7009393809366997,1.0
061101,CAJAMARCA,SAN MIGUEL,SAN MIGUEL,84.0,0.4761904761904761,0.4761904761904761,84.0,60.0,104.0,104.0,1.0,7.868471218777729,7.388076903281407,0.0096153846153846,0.0,0.3276353626624803,0.742273565578543,0.7565791776928308,0.5349544641205116,0.5421072701776555,274,331,-57,57,False,False,False,False,False,Mixed/other profile,Very high availability,Very high availability,0.2910197881357887,0.3642509371891718,0.6318193793979185,1.0,1.0,104.0,1.0,7.930950683418173,7.467771449809362,0.009615384615384616,0.0,0.6522559681326154,1.0
050901,AYACUCHO,SUCRE,QUEROBAMBA,29.0,0.0689655172413793,0.0689655172413793,53.0,51.0,73.0,73.0,1.0,6.493380039791076,5.318839259735911,0.0,0.0,0.2876676805192988,0.779043464521675,0.7992121200377054,0.5333555725204869,0.5434399002785021,275,328,-53,53,False,False,False,False,False,Mixed/other profile,Very high availability,Very high availability,0.2368232385909542,0.3385121224476434,0.6843478064595359,1.0,1.0,73.0,1.0,6.2651108086640654,4.970699687264654,0.0,0.0,0.7131601714824364,1.0
220510,SAN MARTIN,LAMAS,TABALOSOS,63.0,0.0952380952380952,0.0952380952380952,489.0,250.0,65.0,65.0,1.0,10.511088708529895,10.80017616005378,0.0461538461538461,0.0,0.3678059994954553,0.6979715618361594,0.7442381525457515,0.5328887806658074,0.5560220760206034,276,306,-30,30,False,False,False,False,False,Mixed/other profile,Very high availability,Very high availability,0.2368232385909542,0.4987887603999563,0.5685308026230849,1.0,1.0,65.0,1.0,8.02350637025568,8.369030958079799,0.0,0.0,0.6346259322082166,1.0
050407,AYACUCHO,HUANTA,SIVIA,49.0,0.0408163265306122,0.0408163265306122,403.0,174.0,139.0,139.0,1.0,12.762021955894603,12.518828150187089,0.2158273381294964,0.0,0.382983132546603,0.6803224554712117,0.7073898353209943,0.5316527940089073,0.5451864839337986,277,325,-48,48,False,False,False,False,False,Mixed/other profile,Very high availability,Very high availability,0.2910197881357887,0.4749464769574172,0.5433177935303026,1.0,1.0,139.0,1.0,14.321108227373244,11.017202950806762,0.37410071942446044,0.02158273381294964,0.5912352220926846,0.9784172661870504
150119,LIMA,LIMA,LURIN,4.0,1.0,1.0,0.0,0.0,25.0,25.0,1.0,3.506038844133938,3.3164265012444987,0.0,0.0,0.2337333895794627,0.8285121902982593,0.7283799054939439,0.531122789938861,0.4810566475367033,278,431,-153,153,True,False,False,False,False,Missing-dominant activity,Very high availability,High availability,0.4674667791589254,0.0,0.7550174147117992,1.0,1.0,25.0,1.0,8.607268160164713,9.669378125254262,0.0,0.0,0.611971293562777,1.0
030411,APURIMAC,AYMARAES,SAN JUAN DE CHAC?A,29.0,0.0,0.0,1482.0,513.0,47.0,47.0,1.0,7.92719187200174,7.58919746714506,0.0,0.0,0.3199674723298889,0.739198022180175,0.9049242959194457,0.529582747255032,0.6124458841246673,279,201,78,78,False,False,False,False,False,Mixed/other profile,Very high availability,Very high availability,0.0639112585504727,0.5760236861093051,0.6274257459716788,1.0,1.0,47.0,1.0,2.030315178266969,1.510514412885849,0.0,0.0,0.8641775655992083,1.0
040129,AREQUIPA,AREQUIPA,JOSE LUIS BUSTAMANTE Y RIVERO,14.0,1.0,1.0,0.0,0.0,4.0,4.0,1.0,1.9310234990459407,1.6900013784307284,0.0,0.0,0.1688983538764737,0.8898939924809599,0.9031513679164473,0.5293961731787168,0.5360248608964605,280,342,-62,62,True,False,False,False,False,Missing-dominant activity,Very high availability,Very high availability,0.3377967077529474,0.0,0.8427057035442285,1.0,1.0,4.0,1.0,1.6582326286543998,1.5472590923840077,0.0,0.0,0.8616448113092104,1.0
030417,APURIMAC,AYMARAES,YANACA,79.0,0.0,0.0,4133.0,1429.0,47.0,47.0,1.0,12.946867455346196,13.00210763049671,0.0,0.0,0.3823296830120017,0.6757632114480123,0.8688298136760484,0.529046447230007,0.6255797483440251,281,181,100,100,False,False,False,False,False,Mixed/other profile,Very high availability,Very high availability,0.1012969481763936,0.6633624178476097,0.5368045877828749,1.0,1.0,47.0,1.0,2.43482244924692,2.3746924983091726,0.0,0.0,0.8126140195372121,1.0
220904,SAN MARTIN,SAN MARTIN,CHAZUTA,71.0,0.3943661971830985,0.3943661971830985,103.0,98.0,75.0,75.0,1.0,9.572751257346244,9.461349324023256,0.0933333333333333,0.0,0.3424580768432018,0.713603288226564,0.7307824498899123,0.528030682534883,0.536620263366557,282,339,-57,57,False,False,False,False,False,Mixed/other profile,Very high availability,Very high availability,0.2910197881357887,0.3938963655506149,0.590861840323663,1.0,1.0,75.0,1.0,9.549076891399567,9.461349324023255,0.09333333333333334,0.0,0.6154034998427319,1.0
030416,APURIMAC,AYMARAES,TORAYA,79.0,0.0126582278481012,0.0126582278481012,3137.0,1100.0,32.0,32.0,1.0,15.26693475745656,15.019498403859298,0.0,0.0,0.3944387408054576,0.6582919558115408,0.8720876787075729,0.5263653483084991,0.6332632097565152,283,171,112,112,False,False,False,False,False,Mixed/other profile,Very high availability,Very high availability,0.1483973468079527,0.6404801348029625,0.511845651159344,1.0,1.0,32.0,1.0,2.502752432243136,2.2857797692344084,0.0,0.0,0.8172681124393899,1.0
021101,ANCASH,HUARMEY,HUARMEY,126.0,0.0476190476190476,0.0476190476190476,5362.0,2462.0,68.0,68.0,1.0,18.349613377779576,16.702913903532732,0.4558823529411764,0.2941176470588235,0.4945301345632588,0.5570864560721858,0.7211896940416074,0.5258082953177223,0.607859914302433,284,207,77,77,False,False,False,False,False,Mixed/other profile,Very high availability,Very high availability,0.2910197881357887,0.6980404809907288,0.4933167859854755,0.7058823529411764,1.0,68.0,1.0,11.443348442539572,9.527508975154472,0.19117647058823528,0.029411764705882353,0.6143046049333888,0.9705882352941176
211001,PUNO,SAN ANTONIO DE PUTINA,PUTINA,63.0,0.0952380952380952,0.0952380952380952,291.0,291.0,142.0,142.0,1.0,12.36443478136404,11.570708234511883,0.1619718309859155,0.0,0.3604638633212275,0.6897609175466601,0.29862576419898196,0.5251123904339439,0.3295448137601047,285,1313,-1028,1028,False,False,False,False,False,Mixed/other profile,Very high availability,Low availability,0.2368232385909542,0.4841044880515008,0.5568013107809431,1.0,1.0,142.0,1.0,38.111782497515605,37.70171151387626,1.0,0.9084507042253521,0.38737282209512514,0.09154929577464788
120607,JUNIN,SATIPO,RIO NEGRO,88.0,0.3181818181818182,0.3181818181818182,1074.0,1071.0,143.0,143.0,1.0,18.205487912322937,19.89764908336176,0.4965034965034965,0.0069930069930069,0.4281807691812619,0.6216886518651019,0.6442553621089951,0.5249347105231819,0.5362180656451285,286,340,-54,54,False,False,False,False,False,Mixed/other profile,Very high availability,Very high availability,0.2612348944626003,0.5951266438999236,0.4625522199471487,0.993006993006993,1.0,143.0,1.0,18.205487912322937,19.897649083361756,0.4965034965034965,0.006993006993006993,0.4947903774384247,0.993006993006993
051001,AYACUCHO,VICTOR FAJARDO,HUANCAPI,34.0,0.0,0.0,50.0,50.0,122.0,122.0,1.0,6.013552609265254,5.008177971430225,0.0,0.0,0.2625113217842486,0.7855873265870322,0.798448612446159,0.5240493241856404,0.5304799671152037,287,349,-62,62,False,False,False,False,False,Mixed/other profile,Very high availability,Very high availability,0.1897228399593951,0.335299803609102,0.6936961808386175,1.0,1.0,122.0,1.0,5.69405654021726,5.008177971430225,0.0,0.0,0.7120694463516556,1.0
150129,LIMA,LIMA,SAN BARTOLO,69.0,0.0,0.0,3862.0,2053.0,11.0,11.0,1.0,17.417432873311608,16.66005547348261,0.0909090909090909,0.0,0.4021680813443937,0.6456363806589114,0.8652034968077689,0.5239022310016526,0.6336857890760813,288,169,119,119,False,False,False,False,False,Mixed/other profile,Very high availability,Very high availability,0.1278225171009454,0.676513645587842,0.4937662580841591,1.0,1.0,11.0,1.0,3.6578010114547648,2.476493290514437,0.0,0.0,0.8074335668682412,1.0
150512,LIMA,CA?ETE,QUILMANA,135.0,0.0,0.0,1232.0,894.0,41.0,41.0,1.0,10.704000919261835,10.579967665454832,0.0,0.0,0.3470657252131833,0.7004167526970047,0.7003653140161565,0.523741238955094,0.5237155196146699,289,362,-73,73,False,False,False,False,False,Mixed/other profile,Very high availability,Very high availability,0.1012969481763936,0.592834502249973,0.5720239324242924,1.0,1.0,41.0,1.0,12.075379273526698,12.423066756048287,0.0,0.0,0.5719504485945095,1.0
190308,PASCO,OXAPAMPA,CONSTITUCION,86.0,0.3488372093023256,0.3488372093023256,245.0,245.0,93.0,93.0,1.0,16.745714596106676,14.25491184752618,0.3118279569892473,0.064516129032258,0.4006223039273667,0.6452851198661433,0.6654012878604558,0.522953711896755,0.5330117958939112,290,345,-55,55,False,False,False,False,False,Mixed/other profile,Very high availability,Very high availability,0.3317587366000399,0.4694858712546936,0.5209142265368869,0.935483870967742,1.0,93.0,1.0,16.745714596106676,14.254911847526179,0.3118279569892473,0.06451612903225806,0.5496516093859047,0.935483870967742
030405,APURIMAC,AYMARAES,COLCABAMBA,28.0,0.0,0.0,889.0,314.0,41.0,41.0,1.0,7.9740978510663,7.185095327019296,0.0,0.0,0.2986571767157839,0.7454532624935598,0.8054208054721879,0.5220552196046718,0.5520389910939859,291,314,-23,23,False,False,False,False,False,Mixed/other profile,Very high availability,Very high availability,0.0639112585504727,0.533403094881095,0.6363618035622284,1.0,1.0,41.0,1.0,4.567987409974543,4.674486739181912,0.0,0.0,0.7220297221031255,1.0
150107,LIMA,LIMA,CHACLACAYO,2.0,1.0,1.0,0.0,0.0,8.0,8.0,1.0,4.03344420088309,4.079911066745826,0.0,0.0,0.2312726496808433,0.8073717911477816,0.7893410572147768,0.5193222204143124,0.51030685344781,292,384,-92,92,True,False,False,False,False,Missing-dominant activity,Very high availability,High availability,0.4625452993616866,0.0,0.7248168444968308,1.0,1.0,8.0,1.0,5.376819328813795,5.473801963703716,0.0,0.0,0.699058653163967,1.0
130109,LA LIBERTAD,TRUJILLO,SALAVERRY,0.0,0.0,0.0,0.0,0.0,9.0,9.0,1.0,3.634810781600779,0.9879396048963844,0.0,0.0,0.1081242044419734,0.9291518452486784,0.8117819704655298,0.518638024845326,0.45995308745375163,293,471,-178,178,False,False,False,False,False,Mixed/other profile,Very high availability,High availability,0.2162484088839469,0.0,0.8987883503552548,1.0,1.0,9.0,1.0,5.840818199786017,4.386234049602718,0.0,0.0,0.7311171006650428,1.0
110106,ICA,ICA,PARCONA,8.0,1.0,1.0,0.0,0.0,25.0,25.0,1.0,1.462793184366877,1.4949042094853533,0.0,0.0,0.1339237390247836,0.8996670001367049,0.8628202359438055,0.5167953695807442,0.49837198748429457,294,404,-110,110,True,False,False,False,False,Missing-dominant activity,Very high availability,High availability,0.2678474780495672,0.0,0.8566671430524357,1.0,1.0,25.0,1.0,2.6744138222341434,2.5450646701344763,0.0,0.0,0.8040289084911507,1.0
120119,JUNIN,HUANCAYO,HUANCAN,21.0,0.0952380952380952,0.0952380952380952,26.0,26.0,11.0,11.0,1.0,2.7721323553383512,2.8936387706538724,0.0,0.0,0.1911803233011005,0.8418927147531905,0.919546825864691,0.5165365190271455,0.5553635745828958,295,309,-14,14,False,False,False,False,False,Mixed/other profile,Very high availability,Very high availability,0.1012969481763936,0.2810636984258075,0.7741324496474151,1.0,1.0,11.0,1.0,1.2471532681103665,1.226981388691429,0.0,0.0,0.8850668940924159,1.0
090204,HUANCAVELICA,ACOBAMBA,CAJA,163.0,0.0,0.0,469.0,469.0,61.0,61.0,1.0,11.838584406432338,11.130773179338616,0.0,0.0,0.3365462768967776,0.6943849888945047,0.8577677195375659,0.5154656328956412,0.5971569982171717,296,229,67,67,False,False,False,False,False,Mixed/other profile,Very high availability,Very high availability,0.1483973468079527,0.5246952069856023,0.5634071269921497,1.0,1.0,61.0,1.0,2.5941123823635266,2.694942116171097,0.0,0.0,0.7968110279108085,1.0
110305,ICA,NAZCA,VISTA ALEGRE,60.0,0.0,0.0,1011.0,1011.0,46.0,46.0,1.0,15.43650286753134,15.7503165910606,0.2391304347826087,0.0434782608695652,0.3909166754587492,0.6394579197020324,0.6664906983926122,0.5151872975803908,0.5287036869256807,297,356,-59,59,False,False,False,False,False,Mixed/other profile,Very high availability,Very high availability,0.1917337756514181,0.5900995752660803,0.5035734256612885,0.9565217391304348,1.0,46.0,1.0,14.629727066364415,14.92194964401158,0.1956521739130435,0.043478260869565216,0.5421916809335454,0.9565217391304348
021907,ANCASH,SIHUAS,QUICHES,231.0,0.0,0.0,12042.0,2033.0,30.0,30.0,1.0,21.02809519322856,20.9446047177528,0.6666666666666666,0.0,0.4121350565427055,0.6174412055292997,0.8664582850177251,0.5147881310360026,0.6392966707802153,298,157,141,141,False,False,False,False,False,Mixed/other profile,Very high availability,Very high availability,0.1012969481763936,0.7229731649090173,0.4534874364704282,1.0,1.0,30.0,1.0,2.7714736521506533,2.4409250590669975,0.0,0.0,0.8092261214538933,1.0
090118,HUANCAVELICA,HUANCAVELICA,ASCENSION,110.0,0.0,0.0,7908.0,2181.0,89.0,89.0,1.0,19.840527620307977,22.881228339056676,0.5280898876404494,0.2808988764044944,0.507043010629395,0.522193962093056,0.6737672342302605,0.5146184863612255,0.5904051224298278,299,242,57,57,False,False,False,False,False,Mixed/other profile,Very high availability,Very high availability,0.3053599292957507,0.7087260919630393,0.4378051785920063,0.7191011235955056,1.0,89.0,1.0,14.19546731671124,15.69254622515054,0.29213483146067415,0.0,0.533953191757515,1.0
220303,SAN MARTIN,EL DORADO,SAN MARTIN,57.0,0.087719298245614,0.087719298245614,116.0,112.0,45.0,45.0,1.0,13.470393987594392,10.660888922814308,0.3555555555555555,0.0,0.3291063599883831,0.6995128425155448,0.8154135404931719,0.5143096012519639,0.5722599502407775,300,273,27,27,False,False,False,False,False,Mixed/other profile,Very high availability,Very high availability,0.2536340985098678,0.4045786214668985,0.5707326321650641,1.0,1.0,45.0,1.0,4.284337398681147,4.228285968679153,0.0,0.0,0.7363050578473884,1.0
220504,SAN MARTIN,LAMAS,CAYNARACHI,89.0,0.1573033707865168,0.1573033707865168,184.0,176.0,35.0,35.0,1.0,13.900759423102985,13.53175195938305,0.4,0.0571428571428571,0.3719856440330756,0.6538010236534213,0.7669650182196748,0.5128933338432484,0.5694753311263752,301,277,24,24,False,False,False,False,False,Mixed/other profile,Very high availability,Very high availability,0.300734497141427,0.4432367909247243,0.5299198297089691,0.9428571428571428,1.0,35.0,1.0,7.250086767705758,6.776831538461297,0.0,0.0,0.6670928831709639,1.0
090119,HUANCAVELICA,HUANCAVELICA,HUANDO,25.0,0.4,0.4,22.0,20.0,126.0,126.0,1.0,7.857993288029586,6.752308709435124,0.0,0.0,0.2717716317703478,0.7525046739717351,0.7719622793296259,0.5121381528710415,0.5218669555499869,302,366,-64,64,False,False,False,False,False,Mixed/other profile,Very high availability,Very high availability,0.2801596674344196,0.2633835961062759,0.6464352485310503,1.0,1.0,126.0,1.0,7.055867697926999,6.464760614831853,0.0,0.0,0.6742318276137513,1.0
080104,CUSCO,CUSCO,SAN JERONIMO,6.0,1.0,1.0,0.0,0.0,72.0,72.0,1.0,3.243012989131264,2.6835565733436404,0.0,0.0,0.1748303931228009,0.8490922608744083,0.799633957156396,0.5119613269986045,0.48723217513959843,303,423,-120,120,True,False,False,False,False,Missing-dominant activity,Very high availability,High availability,0.3496607862456018,0.0,0.7844175155348692,1.0,1.0,72.0,1.0,5.394397946141,4.950093334296714,0.0,0.0,0.7137627959377086,1.0
010704,AMAZONAS,UTCUBAMBA,EL MILAGRO,25.0,0.0,0.0,93.0,93.0,35.0,35.0,1.0,9.576495360758388,8.446223099729462,0.0571428571428571,0.0,0.2950194056977186,0.7268525479665233,0.7432369687490039,0.510935976832121,0.5191281872233613,304,370,-66,66,False,False,False,False,False,Mixed/other profile,Very high availability,Very high availability,0.2025938963527872,0.38744491504265,0.6097893542378905,1.0,1.0,35.0,1.0,8.176192160947005,8.446223099729462,0.0,0.0,0.6331956696414341,1.0
030414,APURIMAC,AYMARAES,TAPAIRIHUA,57.0,0.0,0.0,2458.0,858.0,46.0,46.0,1.0,14.999259395315224,16.396344407746984,0.0,0.0,0.3736582505059953,0.6475892908131975,0.821429754734676,0.5106237706595964,0.5975440026203357,305,228,77,77,False,False,False,False,False,Mixed/other profile,Very high availability,Very high availability,0.1278225171009454,0.6194939839110452,0.4965561297331393,1.0,1.0,46.0,1.0,3.9406998240114275,3.976749213583221,0.0,0.0,0.7448996496209658,1.0
240304,TUMBES,ZARUMILLA,PAPAYAL,58.0,0.1034482758620689,0.1034482758620689,178.0,151.0,16.0,16.0,1.0,10.42177574288411,9.087194065032625,0.0,0.0,0.3001897544422278,0.7183307915925286,0.8770479744620643,0.5092602730173782,0.5886188644521461,306,244,62,62,False,False,False,False,False,Mixed/other profile,Very high availability,Very high availability,0.1652082067268663,0.4351713021575892,0.5976154165607552,1.0,1.0,16.0,1.0,3.1124445858653944,2.1548826966210566,0.0,0.0,0.8243542492315206,1.0
050203,AYACUCHO,CANGALLO,LOS MOROCHUCOS,10.0,0.4,0.4,10.0,10.0,141.0,141.0,1.0,6.184957119518591,4.969286638680442,0.0,0.0,0.2290613867648089,0.7864302778928823,0.8011008758609646,0.5077458323288456,0.5150811313128867,307,381,-74,74,False,False,False,False,False,Mixed/other profile,Very high availability,High availability,0.2536340985098678,0.20448867501975,0.694900396989832,1.0,1.0,141.0,1.0,6.146384072375002,4.878987791923011,0.0,0.0,0.7158583940870924,1.0
120901,JUNIN,CHUPACA,CHUPACA,2.0,1.0,1.0,0.0,0.0,10.0,10.0,1.0,1.653530516914073,1.6066585131931332,0.0,0.0,0.1184116192954771,0.8939792103028232,0.7787626636377577,0.5061954147991502,0.4485871414666174,308,498,-190,190,True,False,False,False,False,Missing-dominant activity,Very high availability,High availability,0.2368232385909542,0.0,0.8485417290040332,1.0,1.0,10.0,1.0,6.339449406325554,6.060105689408583,0.0,0.0,0.683946662339654,1.0
131202,LA LIBERTAD,VIRU,CHAO,60.0,0.0333333333333333,0.0333333333333333,772.0,772.0,66.0,66.0,1.0,20.16224396673256,18.0045548927774,0.4090909090909091,0.0909090909090909,0.3981223149132114,0.6088396101970424,0.7303678912391314,0.5034809625551269,0.5642451030761714,309,286,23,23,False,False,False,False,False,Mixed/other profile,Very high availability,Very high availability,0.2291194652773391,0.5671251645490837,0.4801604820996709,0.9090909090909092,1.0,66.0,1.0,11.570977738247572,9.113106042243968,0.18181818181818182,0.015151515151515152,0.6213047796922655,0.9848484848484849
030412,APURIMAC,AYMARAES,SA?AYCA,70.0,0.0,0.0,1868.0,667.0,59.0,59.0,1.0,17.287529077552225,17.0801829544928,0.2711864406779661,0.0,0.3624637337904582,0.6425845763534443,0.8208910856919336,0.5025241550719513,0.5916774097411959,310,239,71,71,False,False,False,False,False,Mixed/other profile,Very high availability,Very high availability,0.1278225171009454,0.597104950479971,0.4894065376477777,1.0,1.0,59.0,1.0,5.236455124630383,3.9987687613537033,0.0,0.0,0.7441301224170481,1.0
220102,SAN MARTIN,MOYOBAMBA,CALZADA,61.0,0.0,0.0,535.0,209.0,8.0,8.0,1.0,9.458214940610835,10.13880263216224,0.0,0.0,0.29796591175799,0.7054585326941434,0.8303277945761407,0.5017122222260667,0.5641468531670654,311,287,24,24,False,False,False,False,False,Mixed/other profile,Very high availability,Very high availability,0.1012969481763936,0.4946348753395864,0.5792264752773478,1.0,1.0,8.0,1.0,2.9997873271769597,3.626737555919015,0.0,0.0,0.7576111351087724,1.0
030402,APURIMAC,AYMARAES,CAPAYA,85.0,0.0,0.0,2532.0,899.0,24.0,24.0,1.0,19.28661566574618,19.39126944500419,0.1666666666666666,0.0,0.3752962971786866,0.6269705867731812,0.8770059013339759,0.5011334419759339,0.6261510992563313,312,179,133,133,False,False,False,False,False,Mixed/other profile,Very high availability,Very high availability,0.1278225171009454,0.6227700772564277,0.4671008382474017,1.0,1.0,24.0,1.0,3.6891928305633725,2.1559707357646123,0.0,0.0,0.8242941447628229,1.0
090706,HUANCAVELICA,TAYACAJA,DANIEL HERNANDEZ,60.0,0.15,0.15,90.0,89.0,60.0,60.0,1.0,7.722248719311966,7.913084160911355,0.0,0.0,0.2662948029251397,0.7343933799709914,0.8163982999621968,0.5003440914480656,0.5413465514436683,313,333,-20,20,False,False,False,False,False,Mixed/other profile,Very high availability,Very high availability,0.1483973468079527,0.3841922590423265,0.6205619713871307,1.0,1.0,60.0,1.0,3.727683494887634,4.186259802937302,0.0,0.0,0.7377118570888526,1.0
030413,APURIMAC,AYMARAES,SORAYA,57.0,0.0,0.0,1836.0,647.0,28.0,28.0,1.0,15.87278455274478,16.10919941497724,0.0,0.0,0.3481755133161458,0.649749697078646,0.9289887130470516,0.49896260519739594,0.6385821131815987,314,159,155,155,False,False,False,False,False,Mixed/other profile,Very high availability,Very high availability,0.1012969481763936,0.595054078455898,0.4996424243980658,1.0,1.0,28.0,1.0,1.108761605761678,1.061151785177151,0.0,0.0,0.898555304352931,1.0
130403,LA LIBERTAD,CHEPEN,PUEBLO NUEVO,53.0,0.0377358490566037,0.0377358490566037,148.0,80.0,50.0,50.0,1.0,10.219176588110802,8.059789249462792,0.06,0.0,0.2638546012703165,0.7322742853952304,0.82037186768003,0.49806444333277344,0.5421132344751732,315,330,-15,15,False,False,False,False,False,Mixed/other profile,Very high availability,Very high availability,0.1278225171009454,0.3998866854396876,0.6175346934217578,1.0,1.0,50.0,1.0,6.03047583863257,4.020085402657311,0.0,0.0,0.743388382400043,1.0
190111,PASCO,PASCO,TINYAHUARCO,11.0,0.8181818181818182,0.8181818181818182,4.0,2.0,41.0,41.0,1.0,4.537317222759675,4.264921846151532,0.0,0.0,0.1913006721762916,0.8027284253987421,0.8145615230997352,0.49701454878751683,0.5029310976380134,316,395,-79,79,False,False,False,False,False,Mixed/other profile,Very high availability,High availability,0.2678474780495672,0.1147538663030161,0.7181834648553458,1.0,1.0,41.0,1.0,4.524804872855171,4.264921846151532,0.0,0.0,0.735087890142479,1.0
130301,LA LIBERTAD,BOLIVAR,BOLIVAR,21.0,0.0952380952380952,0.0952380952380952,31.0,30.0,122.0,122.0,1.0,10.0762923693967,6.8413698098753,0.1639344262295081,0.0,0.241938532369363,0.7510219604968438,0.7659566081915139,0.4964802464331034,0.5039475702804385,317,393,-76,76,False,False,False,False,False,Mixed/other profile,Very high availability,High availability,0.1897228399593951,0.2941542247793309,0.6443170864240626,1.0,1.0,122.0,1.0,9.939003593498107,6.8413698098752995,0.13934426229508196,0.0,0.6656522974164485,1.0
110508,ICA,PISCO,TUPAC AMARU INCA,6.0,1.0,1.0,0.0,0.0,16.0,16.0,1.0,2.5309497757201,2.2564923680863185,0.0,0.0,0.1268170492549339,0.8650875742795427,0.7947270801905045,0.4959523117672383,0.4607720647227192,318,468,-150,150,True,False,False,False,False,Missing-dominant activity,Very high availability,High availability,0.2536340985098678,0.0,0.8072679632564896,1.0,1.0,16.0,1.0,5.803871483161428,5.194252136308327,0.0,0.0,0.7067529717007208,1.0
030408,APURIMAC,AYMARAES,JUSTO APU SAHUARAURA,49.0,0.0,0.0,1383.0,493.0,58.0,58.0,1.0,15.009337096216562,15.4776042068493,0.0,0.0,0.3363618190944217,0.6546321086149918,0.8735133000157194,0.49549696385470676,0.6049375595550706,319,215,104,104,False,False,False,False,False,Mixed/other profile,Very high availability,Very high availability,0.1012969481763936,0.5714266900124498,0.5066172980214168,1.0,1.0,58.0,1.0,2.4425409526844764,2.2476126300912,0.0,0.0,0.8193047143081706,1.0
220403,SAN MARTIN,HUALLAGA,EL ESLABON,117.0,0.0,0.0,237.0,209.0,60.0,60.0,1.0,9.469778561382238,9.926944111030672,0.0,0.0,0.2812256695906865,0.7079511389710196,0.8490509969308273,0.49458840428085304,0.5651383332607569,320,284,36,36,False,False,False,False,False,Mixed/other profile,Very high availability,Very high availability,0.1012969481763936,0.4611543910049793,0.5827873413871709,1.0,1.0,60.0,1.0,2.769316332046858,2.968561965168588,0.0,0.0,0.7843585670440391,1.0
020606,ANCASH,CARHUAZ,MARCARA,47.0,0.2553191489361702,0.2553191489361702,71.0,70.0,100.0,100.0,1.0,9.407280702343252,8.644424129627158,0.0,0.0,0.264649755367036,0.724157205891995,0.8181369476408376,0.49440348062951545,0.5413933515039367,321,332,-11,11,False,False,False,False,False,Mixed/other profile,Very high availability,Very high availability,0.1652082067268663,0.3640913040072058,0.6059388655599929,1.0,1.0,100.0,1.0,4.0292580248014955,4.112883308838353,0.0,0.0,0.7401956394869109,1.0
120133,JUNIN,HUANCAYO,SAPALLANGA,40.0,0.275,0.275,42.0,42.0,36.0,36.0,1.0,7.577741095601145,7.639547641675955,0.0,0.0,0.2500853592928658,0.7384393369969259,0.848101060952088,0.49426234814489584,0.5490932101224769,322,321,1,1,False,False,False,False,False,Mixed/other profile,Very high availability,Very high availability,0.1794215862665657,0.3207491323191659,0.6263419099956085,1.0,1.0,36.0,1.0,3.8983721059735226,2.999579035987922,0.0,0.0,0.7830015156458401,1.0
030407,APURIMAC,AYMARAES,HUAYLLO,53.0,0.0,0.0,1274.0,459.0,41.0,41.0,1.0,14.976924158472718,15.401742820306175,0.0,0.0,0.3331001631554069,0.655231087336575,0.8962931387104174,0.49416562524599095,0.6146966509329121,323,195,128,128,False,False,False,False,False,Mixed/other profile,Very high availability,Very high availability,0.1012969481763936,0.5649033781344202,0.5074729819093928,1.0,1.0,41.0,1.0,1.8433323766139698,1.6945341470770163,0.0,0.0,0.8518473410148819,1.0
210303,PUNO,CARABAYA,AYAPATA,19.0,0.3157894736842105,0.3157894736842105,15.0,15.0,111.0,111.0,1.0,9.304227731870563,6.9294470795315695,0.1261261261261261,0.0,0.2366325859525952,0.7495720967152747,0.7645937127418756,0.49310234133393493,0.5006131493472354,324,399,-75,75,False,False,False,False,False,Mixed/other profile,Very high availability,High availability,0.2368232385909542,0.2364419333142362,0.6422458524503925,1.0,1.0,111.0,1.0,9.28304287895008,6.9294470795315695,0.12612612612612611,0.0,0.6637053039169651,1.0
140201,LAMBAYEQUE,FERREÑAFE,FERREÑAFE,0.0,0.0,0.0,0.0,0.0,27.0,27.0,1.0,4.008769589524003,3.494957066740877,0.0,0.0,0.1624628256797776,0.8232515216823595,0.8248684011808494,0.4928571736810685,0.49366561343031345,325,411,-86,86,False,False,False,False,False,Mixed/other profile,Very high availability,High availability,0.3249256513595553,0.0,0.7475021738319421,1.0,1.0,27.0,1.0,4.076302141105683,3.838453197158608,0.0,0.0,0.7498120016869277,1.0
030215,APURIMAC,ANDAHUAYLAS,SANTA MARIA DE CHICMO,0.0,0.0,0.0,0.0,0.0,69.0,69.0,1.0,4.4580278953511305,2.951450758399352,0.0,0.0,0.1455098940678943,0.8399796005711655,0.6819518486242615,0.4927447473195299,0.4137308713460779,326,640,-314,314,False,False,False,False,False,Mixed/other profile,Very high availability,High availability,0.2910197881357887,0.0,0.7713994293873793,1.0,1.0,69.0,1.0,15.066184607173579,14.609572157384672,0.14492753623188406,0.0,0.5456454980346594,1.0
140108,LAMBAYEQUE,CHICLAYO,MONSEFU,2.0,1.0,1.0,0.0,0.0,56.0,56.0,1.0,3.2902842978756968,3.103977161086632,0.0,0.0,0.1503672485707135,0.8350634932800882,0.8088903866205928,0.49271537092540085,0.4796288175956531,327,434,-107,107,True,False,False,False,False,Missing-dominant activity,Very high availability,High availability,0.300734497141427,0.0,0.7643764189715546,1.0,1.0,56.0,1.0,4.32855173719329,4.515403205003246,0.0,0.0,0.7269862666008469,1.0
090508,HUANCAVELICA,CHURCAMPA,SAN MIGUEL DE MAYOCC,22.0,0.1363636363636363,0.1363636363636363,31.0,30.0,14.0,14.0,1.0,5.749246784540766,5.058076134583533,0.0,0.0,0.1977255864778622,0.7845137634291617,0.8229877332574698,0.49111967495351194,0.510356659867666,328,383,-55,55,False,False,False,False,False,Mixed/other profile,Very high availability,High availability,0.1012969481763936,0.2941542247793309,0.6921625191845167,1.0,1.0,14.0,1.0,3.4520213888504645,3.9136070975969077,0.0,0.0,0.7471253332249568,1.0
090719,HUANCAVELICA,TAYACAJA,QUICHUAS,60.0,0.2,0.2,80.0,77.0,55.0,55.0,1.0,9.593816791755406,9.635036448379376,0.0,0.0,0.2691488726606099,0.7114659049305277,0.7369552817131233,0.4903073887955688,0.5030520771868666,329,394,-65,65,False,False,False,False,False,Mixed/other profile,Very high availability,High availability,0.1652082067268663,0.3730895385943535,0.5878084356150397,1.0,1.0,55.0,1.0,8.708628755346824,8.945272244991322,0.0,0.0,0.6242218310187476,1.0
220404,SAN MARTIN,HUALLAGA,PISCOYACU,95.0,0.0,0.0,198.0,174.0,30.0,30.0,1.0,8.927861200819146,10.090067571347504,0.0,0.0,0.27352081727322,0.706027697253879,0.886171742275671,0.4897742572635495,0.5798462797744455,330,258,72,72,False,False,False,False,False,Mixed/other profile,Very high availability,Very high availability,0.1012969481763936,0.4457446863700464,0.5800395675055416,1.0,1.0,30.0,1.0,2.27493796759736,1.9275807925950028,0.0,0.0,0.8373882032509588,1.0
210309,PUNO,CARABAYA,SAN GABAN,33.0,0.2424242424242424,0.2424242424242424,43.0,43.0,58.0,58.0,1.0,12.96151883354963,12.756159068438969,0.1724137931034483,0.0,0.3014346545556439,0.6780634683407962,0.6973744432764521,0.48974906144822006,0.499404548916048,331,401,-70,70,False,False,False,False,False,Mixed/other profile,Very high availability,High availability,0.2801596674344196,0.3227096416768681,0.5400906690582803,1.0,1.0,58.0,1.0,12.321993799806561,12.756159068438969,0.034482758620689655,0.0,0.5676777761092174,1.0
220802,SAN MARTIN,RIOJA,AWAJUN,64.0,0.078125,0.078125,373.0,310.0,23.0,23.0,1.0,14.990174134032674,15.213208393420532,0.0434782608695652,0.0,0.322742392367082,0.656731780144137,0.8458005578768268,0.4897370862556095,0.5842714751219544,332,251,81,81,False,False,False,False,False,Mixed/other profile,Very high availability,Very high availability,0.1483973468079527,0.4970874379262113,0.5096168287773386,1.0,1.0,23.0,1.0,4.332945145619213,3.075702625793749,0.0,0.0,0.7797150826811814,1.0
130502,LA LIBERTAD,JULCAN,CALAMARCA,14.0,0.5714285714285714,0.5714285714285714,6.0,6.0,66.0,66.0,1.0,6.005590715750857,5.904207179005331,0.0,0.0,0.209789102413751,0.7675435565125088,0.8232308215288646,0.48866632946312993,0.5165099619713078,333,375,-42,42,False,False,False,False,False,Mixed/other profile,Very high availability,Very high availability,0.2536340985098678,0.1659441063176342,0.6679193664464413,1.0,1.0,66.0,1.0,4.462648715933103,3.903827668243742,0.0,0.0,0.7474726021840925,1.0
030410,APURIMAC,AYMARAES,POCOHUANCA,56.0,0.0,0.0,1181.0,433.0,22.0,22.0,1.0,19.610458422715965,20.256271135064715,0.5454545454545454,0.0,0.3538075276929265,0.6215779261785199,0.8273404824896118,0.4876927269357232,0.5905740050912691,334,241,93,93,False,False,False,False,False,Mixed/other profile,Very high availability,Very high availability,0.1483973468079527,0.5592177085779002,0.4593970373978856,1.0,1.0,22.0,1.0,3.752055172732483,3.7414113859818214,0.0,0.0,0.7533435464137312,1.0
090205,HUANCAVELICA,ACOBAMBA,MARCAS,109.0,0.0,0.0,212.0,212.0,49.0,49.0,1.0,14.043165067340276,13.364499321995876,0.0,0.0,0.3027998854327788,0.6724465014404017,0.8091831552267561,0.4876231934365903,0.5559915203297674,335,307,28,28,False,False,False,False,False,Mixed/other profile,Very high availability,Very high availability,0.1483973468079527,0.4572024240576048,0.5320664306291454,1.0,1.0,49.0,1.0,4.066695336090264,4.50218530467675,0.0,0.0,0.7274045074667945,1.0
010401,AMAZONAS,CONDORCANQUI,NIEVA,59.0,0.0,0.0,644.0,340.0,184.0,184.0,1.0,25.97335486197138,20.883594940419545,0.532608695652174,0.358695652173913,0.4643364374732545,0.5101938857226537,0.5331195373518889,0.4872651615979541,0.4987279874125717,336,403,-67,67,False,False,False,False,False,Mixed/other profile,Very high availability,High availability,0.4050548130859351,0.5236180618605738,0.4540036876783252,0.6413043478260869,1.0,184.0,1.0,25.673537322540803,20.883594940419542,0.532608695652174,0.358695652173913,0.48675461857723257,0.6413043478260869
140105,LAMBAYEQUE,CHICLAYO,JOSE LEONARDO ORTIZ,6.0,1.0,1.0,0.0,0.0,8.0,8.0,1.0,3.360668597598049,3.4773351558613657,0.0,0.0,0.1502055090635132,0.8237613960513153,0.8358359869713592,0.48698345255741426,0.49302074801743623,337,412,-75,75,True,False,False,False,False,Missing-dominant activity,Very high availability,High availability,0.3004110181270265,0.0,0.7482305657875932,1.0,1.0,8.0,1.0,3.3466003591750466,3.4225168459236475,0.0,0.0,0.7654799813876559,1.0
040102,AREQUIPA,AREQUIPA,ALTO SELVA ALEGRE,12.0,1.0,1.0,0.0,0.0,4.0,4.0,1.0,3.9892308259639546,2.710280227525008,0.0,0.0,0.1248471474921732,0.8481539626261752,0.8572622642118699,0.48650055505917417,0.49105470585202154,338,415,-77,77,True,False,False,False,False,Missing-dominant activity,Very high availability,High availability,0.2496942949843464,0.0,0.7830770894659644,1.0,1.0,4.0,1.0,3.9892308259639546,2.710280227525008,0.0,0.0,0.7960889488740999,1.0
030403,APURIMAC,AYMARAES,CARAYBAMBA,60.0,0.0,0.0,1962.0,695.0,46.0,46.0,1.0,20.453354624811137,20.262340323572356,0.5434782608695652,0.0,0.3511169180407286,0.6215408696622546,0.722551409746794,0.4863288938514916,0.5368341638937613,339,338,1,1,False,False,False,False,False,Mixed/other profile,Very high availability,Very high availability,0.1012969481763936,0.6009368879050636,0.4593440995175067,1.0,1.0,46.0,1.0,9.548089485020387,10.191403024662337,0.0,0.0,0.6036448710668485,1.0
150714,LIMA,HUAROCHIRI,RICARDO PALMA,11.0,0.0909090909090909,0.4545454545454545,12.0,8.0,12.0,12.0,1.0,4.455658109755453,4.688581353034262,0.0,0.0,0.1774387861583615,0.7926824142560154,0.8051181098305109,0.48506060020718844,0.4912784479944362,340,413,-73,73,False,False,False,False,False,Mixed/other profile,Very high availability,High availability,0.1523371503334742,0.2025404219832489,0.7038320203657363,1.0,1.0,12.0,1.0,4.455658109755453,4.688581353034262,0.0,0.0,0.7215972997578728,1.0
030712,APURIMAC,GRAU,VILCABAMBA,0.0,0.0,0.0,0.0,0.0,17.0,17.0,1.0,1.5631673380384077,1.629554340079235,0.0,0.0,0.0761685751667371,0.8928440561561231,0.24397533415721187,0.4845063156614301,0.1600719546619745,341,1672,-1331,1331,False,False,False,False,False,Mixed/other profile,Very high availability,Very low availability,0.1523371503334742,0.0,0.846920080223033,1.0,1.0,17.0,1.0,47.62983833785178,47.36067155831186,1.0,1.0,0.34853619165315985,0.0
220203,SAN MARTIN,BELLAVISTA,BAJO BIAVO,70.0,0.5,0.5,42.0,42.0,77.0,77.0,1.0,14.573482413876992,13.378055727455855,0.3896103896103896,0.0649350649350649,0.315135826359288,0.6528435394447933,0.6885930383101095,0.4839896829020407,0.5018644323346988,342,398,-56,56,False,False,False,False,False,Mixed/other profile,Very high availability,High availability,0.3095225203994102,0.3207491323191659,0.5318915127504469,0.935064935064935,1.0,77.0,1.0,12.585643229004218,12.010175611161529,0.23376623376623376,0.05194805194805195,0.5773963627064644,0.948051948051948
150716,LIMA,HUAROCHIRI,SAN ANTONIO,131.0,0.1145038167938931,0.1145038167938931,319.0,319.0,40.0,40.0,1.0,18.72994963148557,19.55379955456668,0.425,0.0,0.3418234837828623,0.6259400878706884,0.6483776209780199,0.4838817858267754,0.4951005523804411,343,408,-65,65,False,False,False,False,False,Mixed/other profile,Very high availability,High availability,0.1917337756514181,0.4919131919143066,0.4656286969581265,1.0,1.0,40.0,1.0,18.629519943512292,19.553799554566677,0.425,0.0,0.49768231568288557,1.0
030202,APURIMAC,ANDAHUAYLAS,ANDARAPA,0.0,0.0,0.0,0.0,0.0,61.0,61.0,1.0,3.780061465302493,3.381807980942712,0.0,0.0,0.1400798337172098,0.8265607968371482,0.6868823903955192,0.483320315277179,0.4134811120563645,344,642,-298,298,False,False,False,False,False,Mixed/other profile,Very high availability,High availability,0.2801596674344196,0.0,0.7522297097673547,1.0,1.0,61.0,1.0,15.183092540736414,13.991381912934845,0.08196721311475409,0.0,0.5526891291364561,1.0
220505,SAN MARTIN,LAMAS,CU?UMBUQUI,69.0,0.217391304347826,0.217391304347826,129.0,127.0,27.0,27.0,1.0,14.975748531577311,13.832790683170796,0.1481481481481481,0.0,0.2969171737965372,0.6682823752825107,0.7449371671548859,0.48259977453952396,0.5209271704757116,345,368,-23,23,False,False,False,False,False,Mixed/other profile,Very high availability,Very high availability,0.1794215862665657,0.4144127613265087,0.5261176789750153,1.0,1.0,27.0,1.0,8.990686254062739,8.315510584208788,0.0,0.0,0.6356245245069798,1.0
200302,PIURA,HUANCABAMBA,CANCHAQUE,0.0,0.0,0.0,0.0,0.0,80.0,80.0,1.0,4.445849329039019,4.459167433165478,0.0,0.0,0.1659427491101512,0.7980256820995796,0.7314281986081259,0.4819842156048654,0.44868547385913854,346,497,-151,151,False,False,False,False,False,Mixed/other profile,Very high availability,High availability,0.3318854982203025,0.0,0.7114652601422566,1.0,1.0,80.0,1.0,11.16619531629145,9.406130878426179,0.1375,0.0,0.6163259980116085,1.0
220106,SAN MARTIN,MOYOBAMBA,YANTALO,93.0,0.0,0.0,353.0,272.0,8.0,8.0,1.0,13.861549598500524,14.00521933417636,0.0,0.0,0.2951893384952074,0.666782146679694,0.8445918550732299,0.48098574258745075,0.5698905967842186,347,275,72,72,False,False,False,False,False,Mixed/other profile,Very high availability,Very high availability,0.1012969481763936,0.4890817288140213,0.5239744952567058,1.0,1.0,8.0,1.0,3.3401953907580286,3.1162774355677247,0.0,0.0,0.7779883643903284,1.0
230108,TACNA,TACNA,POCOLLAY,0.0,0.0,0.0,0.0,0.0,10.0,10.0,1.0,1.670343039478021,1.5261170127522623,0.0,0.0,0.0639112585504727,0.8980531643408376,0.9041683224374886,0.4809822114456551,0.4840397904939806,348,430,-82,82,False,False,False,False,False,Mixed/other profile,Very high availability,High availability,0.1278225171009454,0.0,0.8543616633440537,1.0,1.0,10.0,1.0,1.670343039478021,1.5261170127522625,0.0,0.0,0.8630976034821266,1.0
190304,PASCO,OXAPAMPA,PALCAZU,71.0,0.7323943661971831,0.7323943661971831,20.0,20.0,129.0,129.0,1.0,16.288450845363396,16.629963787133548,0.2790697674418604,0.0465116279069767,0.327651000471708,0.6319042566814593,0.6531470531223647,0.4797776285765837,0.4903990267970363,349,416,-67,67,False,False,False,False,False,Mixed/other profile,Very high availability,High availability,0.3956699951505127,0.2596320057929034,0.4940824929336462,0.9534883720930232,1.0,129.0,1.0,16.263221198901544,16.629963787133548,0.27906976744186046,0.046511627906976744,0.5244293449920825,0.9534883720930233
021905,ANCASH,SIHUAS,CHINGALPO,206.0,0.0,0.0,1734.0,560.0,17.0,17.0,1.0,21.25848101071883,21.35652271650616,0.6470588235294118,0.0,0.3438230224968979,0.615027292950051,0.8097603244431262,0.47942515772347444,0.576791673470012,350,266,84,84,False,False,False,False,False,Mixed/other profile,Very high availability,Very high availability,0.1012969481763936,0.5863490968174022,0.4500389899286443,1.0,1.0,17.0,1.0,3.760672519388326,4.47622001103974,0.0,0.0,0.7282290349187517,1.0
150510,LIMA,CA?ETE,NUEVO IMPERIAL,5.0,0.0,0.0,6.0,6.0,42.0,42.0,1.0,7.237504504969283,5.614057908564174,0.0476190476190476,0.0,0.1842690013352107,0.7731164438062637,0.7458676421136755,0.4786927225707372,0.4650683217244431,351,464,-113,113,False,False,False,False,False,Mixed/other profile,Very high availability,High availability,0.2025938963527872,0.1659441063176342,0.675880634008948,1.0,1.0,42.0,1.0,9.540095417153227,8.24474239156226,0.023809523809523808,0.0,0.636953774448108,1.0
010512,AMAZONAS,LUYA,OCALLI,0.0,0.0,0.0,0.0,0.0,49.0,49.0,1.0,4.738478825640717,3.2589102565044654,0.0,0.0,0.1268170492549339,0.8302534312927099,0.3331292116006072,0.4785352402738219,0.22997313042777057,352,1506,-1154,1154,False,False,False,False,False,Mixed/other profile,Very high availability,Low availability,0.2536340985098678,0.0,0.7575049018467285,1.0,1.0,49.0,1.0,32.56494125276437,32.09084422220204,1.0,0.8571428571428571,0.41467438391923483,0.1428571428571429
130809,LA LIBERTAD,PATAZ,PATAZ,0.0,0.0,0.0,0.0,0.0,124.0,124.0,1.0,5.295577600830997,4.561649777343972,0.0,0.0,0.1587726785301703,0.7956115512726134,0.31844005983228113,0.47719211490139185,0.2386063691812257,353,1491,-1138,1138,False,False,False,False,False,Mixed/other profile,Very high availability,Low availability,0.3175453570603406,0.0,0.7080165018180191,1.0,1.0,124.0,1.0,33.80823651595583,33.67420516694723,1.0,0.8870967741935484,0.40652727441477954,0.11290322580645162
061301,CAJAMARCA,SANTA CRUZ,SANTA CRUZ,0.0,0.0,0.0,0.0,0.0,57.0,57.0,1.0,4.123264316679277,4.075600174559683,0.0,0.0,0.1455098940678943,0.8074819903443096,0.6570495057559296,0.4764959422061019,0.4012796999119119,354,727,-373,373,False,False,False,False,False,Mixed/other profile,Very high availability,High availability,0.2910197881357887,0.0,0.7249742719204424,1.0,1.0,57.0,1.0,18.315481877661405,18.14371332469343,0.2982456140350877,0.0,0.5100707225084709,1.0
221002,SAN MARTIN,TOCACHE,NUEVO PROGRESO,262.0,0.0,0.0,1508.0,1352.0,68.0,68.0,1.0,24.3962779873066,24.57487419976288,0.8235294117647058,0.1470588235294117,0.3993928859016631,0.5534522138153066,0.7591137865236064,0.47642254985848487,0.5792533362126348,355,260,95,95,False,False,False,False,False,Mixed/other profile,Very high availability,Very high availability,0.1794215862665657,0.6193641855367604,0.4250998012487573,0.8529411764705882,1.0,68.0,1.0,8.247659802424598,7.293687483713022,0.0,0.0,0.6558768378908664,1.0
040704,AREQUIPA,ISLAY,ISLAY,44.0,0.0454545454545454,0.0454545454545454,84.0,61.0,11.0,11.0,1.0,7.646429503411608,9.034346109522703,0.0,0.0,0.2331319940232399,0.7190126292776664,0.8278099200163243,0.47607231165045316,0.5304709570197821,356,350,6,6,False,False,False,False,False,Mixed/other profile,Very high availability,Very high availability,0.1012969481763936,0.3649670398700863,0.5985894703966663,1.0,1.0,11.0,1.0,3.1339603893780494,3.723204658298847,0.0,0.0,0.7540141714518919,1.0
150123,LIMA,LIMA,PACHACAMAC,10.0,1.0,1.0,0.0,0.0,24.0,24.0,1.0,5.811642757154465,6.033626750748668,0.0,0.0,0.185577680958992,0.7651329285679727,0.7280217757726556,0.4753553047634823,0.4567997283658238,357,479,-122,122,True,False,False,False,False,Missing-dominant activity,Very high availability,High availability,0.371155361917984,0.0,0.6644756122399611,1.0,1.0,24.0,1.0,9.543604189870425,9.700739753212414,0.0,0.0,0.6114596796752223,1.0
030216,APURIMAC,ANDAHUAYLAS,TALAVERA,0.0,0.0,0.0,0.0,0.0,112.0,112.0,1.0,4.594147772416449,4.192405725930725,0.0,0.0,0.1455098940678943,0.8045286796332842,0.7411105813364862,0.47501928685058925,0.44331023770219025,358,515,-157,157,False,False,False,False,False,Mixed/other profile,Very high availability,High availability,0.2910197881357887,0.0,0.7207552566189774,1.0,1.0,112.0,1.0,8.892791872380984,8.612285743348055,0.0,0.0,0.6301579733378374,1.0
130402,LA LIBERTAD,CHEPEN,PACANGA,51.0,0.0,0.0,82.0,52.0,58.0,58.0,1.0,9.320446900224804,8.953521309971125,0.0,0.0,0.2291874098587418,0.720062397869749,0.844952195005005,0.4746249038642454,0.5370698024318734,359,337,22,22,False,False,False,False,False,Mixed/other profile,Very high availability,Very high availability,0.1012969481763936,0.35707787154109,0.6000891398139272,1.0,1.0,58.0,1.0,4.151482613336173,3.104139144966271,0.0,0.0,0.7785031357214358,1.0
150805,LIMA,HUAURA,HUALMAY,2.0,1.0,1.0,0.0,0.0,5.0,5.0,1.0,2.671225119086805,2.417149510399793,0.0,0.0,0.0897107931332828,0.8588367960924184,0.8676681634497956,0.4742737946128506,0.4786894782915392,360,438,-78,78,True,False,False,False,False,Missing-dominant activity,Very high availability,High availability,0.1794215862665657,0.0,0.7983382801320263,1.0,1.0,5.0,1.0,2.139196597228572,2.406974480103491,0.0,0.0,0.8109545192139938,1.0
030205,APURIMAC,ANDAHUAYLAS,HUANCARAY,0.0,0.0,0.0,0.0,0.0,85.0,85.0,1.0,3.617743644086903,3.316130803422433,0.0,0.0,0.1184116192954771,0.828521082753497,0.6403004013088986,0.47346635102448703,0.37935601030218785,361,920,-559,559,False,False,False,False,False,Mixed/other profile,Very high availability,Medium availability,0.2368232385909542,0.0,0.7550301182192816,1.0,1.0,85.0,1.0,21.307795953806004,20.960461043118766,0.6352941176470588,0.0,0.4861434304412837,1.0
200403,PIURA,MORROPON,CHALACO,0.0,0.0,0.0,0.0,0.0,81.0,81.0,1.0,4.634051785949643,4.326887163971504,0.0,0.0,0.1455098940678943,0.8012096396021238,0.3444575806724452,0.473359766835009,0.24498373737016976,362,1479,-1117,1117,False,False,False,False,False,Mixed/other profile,Very high availability,Low availability,0.2910197881357887,0.0,0.7160137708601769,1.0,1.0,81.0,1.0,31.925205370408964,32.46449367825923,1.0,0.8148148148148148,0.41271717873841374,0.18518518518518523
140120,LAMBAYEQUE,CHICLAYO,TUMAN,0.0,0.0,0.0,0.0,0.0,35.0,35.0,1.0,4.102659295887445,3.6281458764872654,0.0,0.0,0.1268170492549339,0.8194612612552241,0.6782006299042977,0.473139155255079,0.4025088395796158,363,716,-353,353,False,False,False,False,False,Mixed/other profile,Very high availability,High availability,0.2536340985098678,0.0,0.7420875160788918,1.0,1.0,35.0,1.0,15.002622368456313,15.096918813267775,0.0,0.0,0.5402866141489968,1.0
090401,HUANCAVELICA,CASTROVIRREYNA,CASTROVIRREYNA,55.0,0.0363636363636363,0.0363636363636363,87.0,83.0,273.0,273.0,1.0,16.228747202274175,13.403092499366773,0.315018315018315,0.1465201465201465,0.3167027562595975,0.6281421840730819,0.7557025788686235,0.47242247016633965,0.5362026675641105,364,341,23,23,False,False,False,False,False,Mixed/other profile,Very high availability,Very high availability,0.2536340985098678,0.3797714140093272,0.5315688971844654,0.8534798534798534,1.0,273.0,1.0,9.638355049238655,7.52882523758995,0.15018315018315018,0.0,0.6510036840980336,1.0
030605,APURIMAC,CHINCHEROS,OCOBAMBA,0.0,0.0,0.0,0.0,0.0,59.0,59.0,1.0,4.917297342980873,3.947861203122666,0.0,0.0,0.1339237390247836,0.8107905749000466,0.6803727647440294,0.4723571569624151,0.4071482518844065,365,684,-319,319,False,False,False,False,False,Mixed/other profile,Very high availability,High availability,0.2678474780495672,0.0,0.729700821285781,1.0,1.0,59.0,1.0,14.882725414579955,14.812897297040145,0.01694915254237288,0.0,0.543389663920042,1.0
190306,PASCO,OXAPAMPA,PUERTO BERMUDEZ,87.0,0.6896551724137931,0.6896551724137931,122.0,118.0,180.0,180.0,1.0,22.534044679719145,20.37685314086108,0.5055555555555555,0.2388888888888889,0.3951880124166859,0.5491770000807895,0.5871508607345692,0.4721825062487377,0.49116943657562756,366,414,-48,48,False,False,False,False,False,Mixed/other profile,Very high availability,High availability,0.3814566156108133,0.4089194092225585,0.4583480953535088,0.7611111111111111,1.0,180.0,1.0,22.055134397943778,19.761490935105556,0.48333333333333334,0.2,0.49592980104938456,0.8
220707,SAN MARTIN,PICOTA,SAN HILARION,53.0,0.0754716981132075,0.0754716981132075,124.0,115.0,33.0,33.0,1.0,12.846884900165358,13.00424527119599,0.0,0.0,0.2681413084671769,0.6757433965799378,0.766392601189197,0.4719423525235573,0.517266954828187,367,373,-6,6,False,False,False,False,False,Mixed/other profile,Very high availability,Very high availability,0.1278225171009454,0.4084600998334082,0.5367762808284826,1.0,1.0,33.0,1.0,6.756603148623449,6.81340078097377,0.0,0.0,0.6662751445559958,1.0
021308,ANCASH,MARISCAL LUZURIAGA,MUSGA,12.0,0.0,0.0,15.0,12.0,37.0,37.0,1.0,4.463209804998953,4.499321681231894,0.0,0.0,0.1456044451705935,0.79707442964035,0.9216521555580706,0.4713394374054718,0.5336283003643321,368,343,25,25,False,False,False,False,False,Mixed/other profile,Very high availability,Very high availability,0.0639112585504727,0.2272976317907143,0.710106328057643,1.0,1.0,37.0,1.0,1.3082329784443252,1.188885601452939,0.0,0.0,0.888074507940101,1.0
220703,SAN MARTIN,PICOTA,CASPIZAPA,45.0,0.0,0.0,104.0,99.0,26.0,26.0,1.0,9.224696115487408,9.559465111891996,0.0,0.0,0.2293224347183904,0.7123915591124348,0.8826102035273204,0.4708569969154126,0.5559663191228554,369,308,61,61,False,False,False,False,False,Mixed/other profile,Very high availability,Very high availability,0.0639112585504727,0.3947336108863082,0.5891307987320498,1.0,1.0,26.0,1.0,2.339588873379494,2.0142933341413327,0.0,0.0,0.832300290753315,1.0
220913,SAN MARTIN,SAN MARTIN,SAUCE,60.0,0.1,0.1,194.0,184.0,50.0,50.0,1.0,16.004760476969096,15.5439524124278,0.08,0.0,0.2875885466351789,0.6541104993991096,0.8345586888634111,0.4708495230171442,0.561073617749295,370,293,77,77,False,False,False,False,False,Mixed/other profile,Very high availability,Very high availability,0.1278225171009454,0.4473545761694124,0.505872141998728,1.0,1.0,50.0,1.0,3.890191980598098,3.4690560039360365,0.0,0.0,0.7636552698048732,1.0
110210,ICA,CHINCHA,SUNAMPE,8.0,0.0,0.0,9.0,9.0,11.0,11.0,1.0,4.593297702250525,4.78206666285865,0.0,0.0,0.1488288617239525,0.790566597433106,0.8031292077302801,0.46969772957852923,0.4759790347271163,371,441,-70,70,False,False,False,False,False,Mixed/other profile,Very high availability,High availability,0.1012969481763936,0.1963607752715114,0.7008094249044372,1.0,1.0,11.0,1.0,4.593297702250525,4.78206666285865,0.0,0.0,0.7187560110432574,1.0
080904,CUSCO,LA CONVENCION,MARANURA,0.0,0.0,0.0,0.0,0.0,65.0,65.0,1.0,3.389927549786894,3.2267373814939733,0.0,0.0,0.1081242044419734,0.8312377143069805,0.7138658817865409,0.46968095937447696,0.41099504311425716,372,657,-285,285,False,False,False,False,False,Mixed/other profile,Very high availability,High availability,0.2162484088839469,0.0,0.7589110204385436,1.0,1.0,65.0,1.0,9.97781185316084,11.017082172972856,0.0,0.0,0.5912369739807728,1.0
021806,ANCASH,SANTA,NEPE?A,63.0,0.0634920634920634,0.0634920634920634,622.0,291.0,45.0,45.0,1.0,21.51852596288409,20.022635323820808,0.5111111111111111,0.0222222222222222,0.3215888309522856,0.6163458670817431,0.5758343644273823,0.4689673490170143,0.44871159768983393,373,496,-123,123,False,False,False,False,False,Mixed/other profile,Very high availability,High availability,0.1278225171009454,0.5153551448036258,0.4614464767834425,0.9777777777777776,1.0,45.0,1.0,22.919775659363516,20.56794303436047,0.5555555555555556,0.2222222222222222,0.4892871872772129,0.7777777777777778
010306,AMAZONAS,BONGARA,FLORIDA,0.0,0.0,0.0,0.0,0.0,37.0,37.0,1.0,5.126554179712745,4.016854234274718,0.0,0.0,0.1268170492549339,0.8089931105055255,0.6851739383423543,0.46790507988022967,0.4059954937986441,374,696,-322,322,False,False,False,False,False,Mixed/other profile,Very high availability,High availability,0.2536340985098678,0.0,0.7271330150078935,1.0,1.0,37.0,1.0,14.92592625126165,14.202764929084434,0.02702702702702703,0.0,0.5502484833462206,1.0
090207,HUANCAVELICA,ACOBAMBA,POMACOCHA,19.0,0.631578947368421,0.631578947368421,8.0,8.0,30.0,30.0,1.0,6.318196266054594,6.390791621696184,0.0,0.0,0.1762920028387023,0.7587035020164898,0.8565170853318156,0.46749775242759606,0.5164045440852589,375,376,-1,1,False,False,False,False,False,Mixed/other profile,Very high availability,Very high availability,0.1652082067268663,0.1873757989505383,0.6552907171664142,1.0,1.0,30.0,1.0,2.632796827448982,2.733008985786062,0.0,0.0,0.7950244076168794,1.0
210902,PUNO,MOHO,CONIMA,0.0,0.0,0.0,0.0,0.0,54.0,54.0,1.0,3.2344413012513487,3.049096005440583,0.0,0.0,0.0948614199796975,0.8368110106427149,0.2695437439125064,0.4658362153112062,0.18220258194610195,376,1595,-1219,1219,False,False,False,False,False,Mixed/other profile,Very high availability,Very low availability,0.1897228399593951,0.0,0.7668728723467357,1.0,1.0,54.0,1.0,38.69854587468811,38.21808661741387,1.0,1.0,0.3850624913035806,0.0
080910,CUSCO,LA CONVENCION,PICHARI,4.0,0.75,0.75,1.0,1.0,91.0,91.0,1.0,9.165927592029448,7.56160074403365,0.0219780219780219,0.0,0.1920180673440572,0.739615743446083,0.6959356771955247,0.46581690539507015,0.443976872269791,377,514,-137,137,False,False,False,False,False,Mixed/other profile,Very high availability,High availability,0.3249256513595553,0.059110483328559,0.6280224906372616,1.0,1.0,91.0,1.0,15.234498011632025,11.835601587018305,0.3626373626373626,0.03296703296703297,0.5797511244080495,0.967032967032967
030109,APURIMAC,ABANCAY,TAMBURCO,0.0,0.0,0.0,0.0,0.0,47.0,47.0,1.0,3.871533115945631,3.4865543542726867,0.0,0.0,0.1081242044419734,0.8234943969178374,0.7939113192570529,0.46580930067990545,0.45101776184951314,378,493,-115,115,False,False,False,False,False,Mixed/other profile,High availability,High availability,0.2162484088839469,0.0,0.7478491384540537,1.0,1.0,47.0,1.0,5.5087155876593625,5.235803567603993,0.0,0.0,0.7055875989386471,1.0
220809,SAN MARTIN,RIOJA,YURACYACU,37.0,0.0,0.0,70.0,64.0,8.0,8.0,1.0,8.513709864125405,8.996944821232006,0.0,0.0,0.2117687172936206,0.7194973495233232,0.8502614830934403,0.4656330334084719,0.5310151001935305,379,348,31,31,False,False,False,False,False,Mixed/other profile,High availability,Very high availability,0.0639112585504727,0.3596261760367685,0.5992819278904618,1.0,1.0,8.0,1.0,2.7497202478041256,2.929385779334594,0.0,0.0,0.7860878329906291,1.0
220405,SAN MARTIN,HUALLAGA,SACANCHE,90.0,0.0,0.0,149.0,146.0,66.0,66.0,1.0,11.729149101095848,12.231498821485603,0.0,0.0,0.2451602556261022,0.6831110193520797,0.8550923138083835,0.464135637489091,0.5501262847172428,380,318,62,62,False,False,False,False,False,Mixed/other profile,High availability,Very high availability,0.0639112585504727,0.4264092527017318,0.5473014562172569,1.0,1.0,66.0,1.0,3.2826694194783212,2.7768543775559995,0.0,0.0,0.7929890197262621,1.0
200402,PIURA,MORROPON,BUENOS AIRES,0.0,0.0,0.0,0.0,0.0,30.0,30.0,1.0,4.898675701055009,4.332452382339729,0.0,0.0,0.1268170492549339,0.801074100381362,0.6634246520166633,0.4639455748181479,0.3951208506357986,381,778,-397,397,False,False,False,False,False,Mixed/other profile,High availability,Medium availability,0.2536340985098678,0.0,0.7158201434019457,1.0,1.0,30.0,1.0,16.53725000794227,17.169168561334025,0.2,0.0,0.5191780743095191,1.0
150205,LIMA,BARRANCA,SUPE PUERTO,0.0,0.0,0.0,0.0,0.0,10.0,10.0,1.0,2.3306806996004914,2.6011050468324983,0.0,0.0,0.0741986734039763,0.8520307284025104,0.8609064868644027,0.46311470090324336,0.46755258013418954,382,453,-71,71,False,False,False,False,False,Mixed/other profile,High availability,High availability,0.1483973468079527,0.0,0.7886153262893008,1.0,1.0,10.0,1.0,2.3306806996004914,2.6011050468324983,0.0,0.0,0.801294981234861,1.0
200409,PIURA,MORROPON,SANTO DOMINGO,0.0,0.0,0.0,0.0,0.0,61.0,61.0,1.0,4.967479946984509,4.515410057304517,0.0,0.0,0.1268170492549339,0.7966952442241435,0.38899976123524993,0.4617561467395387,0.2579084052450919,383,1458,-1075,1075,False,False,False,False,False,Mixed/other profile,High availability,Low availability,0.2536340985098678,0.0,0.7095646346059195,1.0,1.0,61.0,1.0,31.03067854794899,31.991453466920596,1.0,0.6721311475409836,0.41519872213935005,0.3278688524590164
030606,APURIMAC,CHINCHEROS,ONGOY,0.0,0.0,0.0,0.0,0.0,40.0,40.0,1.0,4.243754604499346,3.723589358857822,0.0,0.0,0.1061543026792127,0.8168116498444717,0.6952785584782115,0.4614829762618422,0.4007164305787121,384,731,-347,347,False,False,False,False,False,Mixed/other profile,High availability,High availability,0.2123086053584255,0.0,0.7383023569206739,1.0,1.0,40.0,1.0,13.255898402419215,12.994490604606941,0.0,0.0,0.5646836549688736,1.0
220912,SAN MARTIN,SAN MARTIN,SAN ANTONIO,18.0,0.2222222222222222,0.2222222222222222,15.0,15.0,22.0,22.0,1.0,7.615953752406977,7.495491364604295,0.0,0.0,0.1821322252075908,0.740621917912639,0.8535858020328451,0.46137707156011487,0.5178590136202179,385,371,14,14,False,False,False,False,False,Mixed/other profile,High availability,Very high availability,0.1278225171009454,0.2364419333142362,0.6294598827323414,1.0,1.0,22.0,1.0,2.9757565907193286,2.823775481863346,0.0,0.0,0.7908368600469214,1.0
090208,HUANCAVELICA,ACOBAMBA,ROSARIO,21.0,0.8571428571428571,0.8571428571428571,4.0,4.0,90.0,90.0,1.0,7.0780140424649405,7.42615454009539,0.0,0.0,0.1791734602796805,0.7416856611382332,0.859382932330377,0.46042956070895685,0.5192781963050288,386,369,17,17,False,False,False,False,False,Mixed/other profile,High availability,Very high availability,0.2210966286164087,0.1372502919429523,0.6309795159117617,1.0,1.0,90.0,1.0,2.6562589007895223,2.646352031367554,0.0,0.0,0.7991184747576815,1.0
130504,LA LIBERTAD,JULCAN,HUASO,14.0,0.9285714285714286,0.9285714285714286,1.0,1.0,74.0,74.0,1.0,6.788445068711575,6.841783082083216,0.0,0.0,0.1696350753814893,0.7510151195556686,0.7659501775959521,0.46032509746857897,0.46779262648872066,387,451,-64,64,False,False,False,False,False,Mixed/other profile,High availability,High availability,0.2801596674344196,0.059110483328559,0.6443073136509552,1.0,1.0,74.0,1.0,6.787756697949327,6.841783082083216,0.0,0.0,0.6656431108513601,1.0
220903,SAN MARTIN,SAN MARTIN,CACATACHI,18.0,0.0,0.0,24.0,24.0,42.0,42.0,1.0,6.5206897206370815,6.835812517897814,0.0,0.0,0.1692059212181886,0.7511139860116567,0.8821945894165542,0.4601599536149226,0.5257002553173714,388,360,28,28,False,False,False,False,False,Mixed/other profile,High availability,Very high availability,0.0639112585504727,0.2745005838859046,0.644448551445224,1.0,1.0,42.0,1.0,2.102713518872286,2.0245781680027135,0.0,0.0,0.8317065563093632,1.0
130905,LA LIBERTAD,SANCHEZ CARRION,MARCABAL,18.0,1.0,1.0,0.0,0.0,124.0,124.0,1.0,8.120391022180328,5.029139769035457,0.0,0.0,0.1339237390247836,0.7851352497354954,0.7337602693314593,0.4595294943801395,0.43384200417812147,389,544,-155,155,True,False,False,False,False,Missing-dominant activity,High availability,High availability,0.2678474780495672,0.0,0.6930503567649935,1.0,1.0,124.0,1.0,10.509511342044474,9.209129642023719,0.0,0.0,0.6196575276163705,1.0
220705,SAN MARTIN,PICOTA,PUCACACA,15.0,0.1333333333333333,0.1333333333333333,15.0,14.0,36.0,36.0,1.0,8.842344048880788,6.899460048698378,0.0555555555555555,0.0,0.1674483236613881,0.7500639052787621,0.8453459472598079,0.4587561144700751,0.5063971354605981,390,392,-2,2,False,False,False,False,False,Mixed/other profile,High availability,High availability,0.1012969481763936,0.2335996991463826,0.6429484361125173,1.0,1.0,36.0,1.0,4.146865113746951,3.090916260638819,0.0,0.0,0.7790656389425827,1.0
220502,SAN MARTIN,LAMAS,ALONSO DE ALVARADO,68.0,0.1323529411764706,0.1323529411764706,93.0,88.0,70.0,70.0,1.0,16.479266441698556,17.11775775221185,0.1857142857142857,0.0,0.2751230005541411,0.6423150967033966,0.7915358884913375,0.45871904862876883,0.5333294445227392,391,344,47,47,False,False,False,False,False,Mixed/other profile,High availability,Very high availability,0.1652082067268663,0.3850377943814157,0.489021566719138,1.0,1.0,70.0,1.0,5.351205314245182,5.358392350528002,0.0,0.0,0.7021941264161964,1.0
200405,PIURA,MORROPON,MORROPON,0.0,0.0,0.0,0.0,0.0,35.0,35.0,1.0,6.053703037154605,5.113436730902345,0.0,0.0,0.1339237390247836,0.7833329746332192,0.6418449485678844,0.4586283568290014,0.387884343796334,392,835,-443,443,False,False,False,False,False,Mixed/other profile,High availability,Medium availability,0.2678474780495672,0.0,0.6904756780474559,1.0,1.0,35.0,1.0,19.38321103431932,20.68422622679821,0.6,0.0,0.4883499265255492,1.0
210503,PUNO,EL COLLAO,PILCUYO,0.0,0.0,0.0,0.0,0.0,130.0,130.0,1.0,6.840661849090755,5.696949127852767,0.0,0.0,0.1455098940678943,0.7714997928607923,0.696245234174597,0.4585048434643433,0.42087756412124566,393,604,-211,211,False,False,False,False,False,Mixed/other profile,High availability,High availability,0.2910197881357887,0.0,0.6735711326582748,1.0,1.0,130.0,1.0,13.414019000618108,12.884057239945452,0.015384615384615385,0.0,0.5660646202494244,1.0
090501,HUANCAVELICA,CHURCAMPA,CHURCAMPA,6.0,1.0,1.0,0.0,0.0,97.0,97.0,1.0,4.209003988482479,4.051629407890968,0.0,0.0,0.1081242044419734,0.808096466608627,0.7147354145016582,0.4581103355253002,0.41142980947181584,394,655,-261,261,True,False,False,False,False,Missing-dominant activity,High availability,High availability,0.2162484088839469,0.0,0.7258520951551813,1.0,1.0,97.0,1.0,10.41619402812824,10.931748580175288,0.0,0.0,0.5924791635737976,1.0
030506,APURIMAC,COTABAMBAS,CHALLHUAHUACHO,0.0,0.0,0.0,0.0,0.0,126.0,126.0,1.0,8.864554064474776,7.64521426989448,0.0158730158730158,0.0,0.1774655233431307,0.7383542282168447,0.5101550492136182,0.4579098757799877,0.34381028627837446,395,1232,-837,837,False,False,False,False,False,Mixed/other profile,High availability,Low availability,0.3549310466862615,0.0,0.6262203260240639,1.0,1.0,126.0,1.0,26.605811965090826,25.516395405825683,0.8492063492063492,0.35714285714285715,0.4532827233663935,0.6428571428571428
040117,AREQUIPA,AREQUIPA,SACHACA,4.0,1.0,1.0,0.0,0.0,7.0,7.0,1.0,3.6090612579202346,3.2119286488044274,0.0,0.0,0.0826041033634331,0.8316932868816831,0.8417889622676968,0.45714869512255807,0.46219653281556494,396,467,-71,71,True,False,False,False,False,Missing-dominant activity,High availability,High availability,0.1652082067268663,0.0,0.7595618384024044,1.0,1.0,7.0,1.0,3.6090612579202346,3.2119286488044274,0.0,0.0,0.7739842318109955,1.0
220305,SAN MARTIN,EL DORADO,SHATOJA,6.0,0.5,0.5,3.0,3.0,10.0,10.0,1.0,4.708795361951424,4.24127441412832,0.0,0.0,0.1097589574167558,0.8033127474034594,0.8480243011788844,0.4565358524101076,0.4788916292978201,397,437,-40,40,False,False,False,False,False,Mixed/other profile,High availability,High availability,0.1012969481763936,0.1182209666571181,0.7190182105763705,1.0,1.0,10.0,1.0,2.887540991550142,3.0020959373905605,0.0,0.0,0.7828918588269779,1.0
220402,SAN MARTIN,HUALLAGA,ALTO SAPOSOA,120.0,0.0,0.0,194.0,189.0,27.0,27.0,1.0,20.10858983553601,19.73083662472481,0.4444444444444444,0.0,0.2881757726958142,0.6248268410954367,0.886150168281314,0.45650130689562546,0.5871629704885641,398,248,150,150,False,False,False,False,False,Mixed/other profile,High availability,Very high availability,0.1278225171009454,0.448529028290683,0.4640383444220525,1.0,1.0,27.0,1.0,6.721615642073482,1.928098470308075,0.1111111111111111,0.0,0.83735738325902,1.0
110103,ICA,ICA,LOS AQUIJES,10.0,1.0,1.0,0.0,0.0,38.0,38.0,1.0,3.7077468016069126,3.50313390736266,0.0,0.0,0.0897107931332828,0.8230156106210613,0.7983815800242793,0.45636320187717205,0.44404618657878103,399,513,-114,114,True,False,False,False,False,Missing-dominant activity,High availability,High availability,0.1794215862665657,0.0,0.7471651580300875,1.0,1.0,38.0,1.0,5.23275759921813,5.011479603109079,0.0,0.0,0.7119736857489705,1.0
250301,UCAYALI,PADRE ABAD,PADRE ABAD,65.0,0.2307692307692307,0.2307692307692307,71.0,60.0,92.0,92.0,1.0,21.70481494307248,21.02554480317708,0.5434782608695652,0.1847826086956521,0.3507383963448164,0.5615285424989095,0.584504535904076,0.45613346942186295,0.4676214661244462,400,452,-52,52,False,False,False,False,False,Mixed/other profile,High availability,High availability,0.3440709259848924,0.3574058667047405,0.4528047501537217,0.8152173913043479,1.0,92.0,1.0,21.13429394614764,21.02554480317708,0.5434782608695652,0.18478260869565216,0.4856275978753881,0.8152173913043479
090707,HUANCAVELICA,TAYACAJA,HUACHOCOLPA,19.0,0.3157894736842105,0.3157894736842105,14.0,14.0,50.0,50.0,1.0,9.040623109264375,8.761329806622737,0.0,0.0,0.1896677691130871,0.7225932540835502,0.8157314049678273,0.4561305115983187,0.5026995870404571,401,397,4,4,False,False,False,False,False,Mixed/other profile,High availability,High availability,0.1483973468079527,0.2309381914182215,0.603704648690786,1.0,1.0,50.0,1.0,4.060047146941204,4.214683510990227,0.0,0.0,0.7367591499540389,1.0
030209,APURIMAC,ANDAHUAYLAS,PACUCHA,0.0,0.0,0.0,0.0,0.0,82.0,82.0,1.0,5.695883957758468,5.371266082921956,0.0,0.0,0.1339237390247836,0.7779709484281447,0.7201582354544356,0.45594734372646417,0.4270409872396096,402,579,-177,177,False,False,False,False,False,Mixed/other profile,High availability,High availability,0.2678474780495672,0.0,0.6828156406116355,1.0,1.0,82.0,1.0,10.723911375687857,10.413072796984544,0.0,0.0,0.6002260506491937,1.0
200301,PIURA,HUANCABAMBA,HUANCABAMBA,2.0,1.0,1.0,0.0,0.0,90.0,90.0,1.0,7.275389745576987,6.492652434396439,0.0,0.0,0.1547612601997051,0.7569267635291804,0.6048535958930377,0.4558440118644428,0.37980742804637135,403,915,-512,512,True,False,False,False,False,Missing-dominant activity,High availability,Medium availability,0.3095225203994102,0.0,0.6527525193274006,1.0,1.0,90.0,1.0,23.104812547037085,21.962984247822565,0.7222222222222222,0.1,0.4783622798471967,0.9
220808,SAN MARTIN,RIOJA,YORONGOS,10.0,0.2,0.2,10.0,10.0,13.0,13.0,1.0,6.637122158320659,6.395725630742343,0.0,0.0,0.1528928115980718,0.7586168762490961,0.8348561247974202,0.45575484392358395,0.493874468197746,404,410,-6,6,False,False,False,False,False,Mixed/other profile,High availability,High availability,0.1012969481763936,0.20448867501975,0.6551669660701374,1.0,1.0,13.0,1.0,4.102890473808016,3.458175183829464,0.0,0.0,0.764080178282029,1.0
180303,MOQUEGUA,ILO,PACOCHA,60.0,0.0,0.0,963.0,844.0,18.0,18.0,1.0,23.030913606374437,25.486194147128455,0.6666666666666666,0.2222222222222222,0.3849380653109103,0.5263583898078434,0.5507702914126611,0.45564822755937684,0.46785417836178567,405,450,-45,45,False,False,False,False,False,Mixed/other profile,High availability,High availability,0.1897228399593951,0.5801532906624256,0.4186072235350144,0.7777777777777778,1.0,18.0,1.0,22.48998103282139,25.486194147128458,0.6666666666666666,0.2222222222222222,0.45348136868475397,0.7777777777777778
080701,CUSCO,CHUMBIVILCAS,SANTO TOMAS,83.0,0.2891566265060241,0.2891566265060241,691.0,679.0,527.0,527.0,1.0,26.04081223708044,25.291431925385407,0.6698292220113852,0.4060721062618596,0.4372302022167299,0.4721614342187654,0.4965158707707079,0.4546958182177476,0.4668730364937189,406,459,-53,53,False,False,False,False,False,Mixed/other profile,High availability,High availability,0.3175453570603406,0.5569150473731193,0.4199758087104619,0.5939278937381405,1.0,527.0,1.0,26.04081223708044,25.291431925385407,0.6698292220113852,0.4060721062618596,0.4547678609275225,0.5939278937381405
131002,LA LIBERTAD,SANTIAGO DE CHUCO,ANGASMARCA,0.0,0.0,0.0,0.0,0.0,42.0,42.0,1.0,4.325531810811029,3.8085684387868506,0.0,0.0,0.0948614199796975,0.8144972129748227,0.686162656216154,0.4546793164772601,0.3905120380979258,407,822,-415,415,False,False,False,False,False,Mixed/other profile,High availability,Medium availability,0.1897228399593951,0.0,0.7349960185354609,1.0,1.0,42.0,1.0,13.881296888825696,14.080072377030078,0.0,0.0,0.5516609374516487,1.0
030213,APURIMAC,ANDAHUAYLAS,SAN JERONIMO,0.0,0.0,0.0,0.0,0.0,66.0,66.0,1.0,6.711531189782377,6.676880314809402,0.0,0.0,0.1547612601997051,0.7537738102436984,0.7389143788830637,0.4542675352217017,0.44683781954138435,408,501,-93,93,False,False,False,False,False,Mixed/other profile,High availability,High availability,0.3095225203994102,0.0,0.6482483003481406,1.0,1.0,66.0,1.0,8.730551633643197,8.786865954560337,0.0,0.0,0.6270205412615195,1.0
080405,CUSCO,CALCA,PISAC,0.0,0.0,0.0,0.0,0.0,60.0,60.0,1.0,5.412566194295382,4.851084610359729,0.0,0.0,0.1184116192954771,0.7890263773153365,0.6635115762680054,0.4537189983054068,0.3909615977817412,409,819,-410,410,False,False,False,False,False,Mixed/other profile,High availability,Medium availability,0.2368232385909542,0.0,0.6986091104504809,1.0,1.0,60.0,1.0,18.319557959391243,17.15622949467262,0.35,0.0,0.5193022518114363,1.0
050508,AYACUCHO,LA MAR,TAMBO,0.0,0.0,0.0,0.0,0.0,81.0,81.0,1.0,6.212640834063674,5.7106777482956685,0.0,0.0,0.1339237390247836,0.7712339725469999,0.6905657435224288,0.45257885578589174,0.4122447412736062,410,649,-239,239,False,False,False,False,False,Mixed/other profile,High availability,High availability,0.2678474780495672,0.0,0.6731913893528569,1.0,1.0,81.0,1.0,12.802520789106897,13.545594256401621,0.0,0.0,0.5579510621748983,1.0
030207,APURIMAC,ANDAHUAYLAS,KISHUARA,0.0,0.0,0.0,0.0,0.0,67.0,67.0,1.0,7.395209504050542,6.073094891048844,0.0,0.0,0.1400798337172098,0.7644065973151999,0.6277138602385546,0.45224321551620483,0.3838968469778822,411,874,-463,463,False,False,False,False,False,Mixed/other profile,High availability,Medium availability,0.2801596674344196,0.0,0.6634379961645714,1.0,1.0,67.0,1.0,23.26689433001143,23.346742775480436,0.8955223880597015,0.0,0.4681626574836495,1.0
150139,LIMA,LIMA,SANTA ROSA,0.0,0.0,0.0,0.0,0.0,1.0,1.0,1.0,2.565430260583555,2.565430260583555,0.0,0.0,0.0506484740881968,0.8533230444994504,0.8621212849374378,0.4519857592938236,0.4563848795128173,412,481,-69,69,False,False,False,False,False,Mixed/other profile,High availability,High availability,0.1012969481763936,0.0,0.7904614921420721,1.0,1.0,1.0,1.0,2.565430260583555,2.565430260583555,0.0,0.0,0.8030304070534827,1.0
021902,ANCASH,SIHUAS,ACOBAMBA,54.0,0.0,0.0,2198.0,497.0,26.0,26.0,1.0,26.32560444615561,26.523259352877957,1.0,0.0384615384615384,0.3273939073419538,0.5765011640976883,0.8108983177388225,0.45194753571982105,0.5691461125403882,413,278,135,135,False,False,False,False,False,Mixed/other profile,High availability,Very high availability,0.0639112585504727,0.5908765561334348,0.411485179480214,0.9615384615384616,1.0,26.0,1.0,4.179626885480174,4.425383170368853,0.0,0.0,0.7298547396268894,1.0
090601,HUANCAVELICA,HUAYTARA,HUAYTARA,6.0,0.6666666666666666,0.6666666666666666,2.0,2.0,103.0,103.0,1.0,8.222668377998689,7.027927369568827,0.029126213592233,0.0,0.154968154179608,0.7479699347101757,0.7630876544941348,0.45146904444489183,0.4590279043368714,414,472,-58,58,False,False,False,False,False,Mixed/other profile,High availability,High availability,0.2162484088839469,0.0936878994752691,0.6399570495859653,1.0,1.0,103.0,1.0,8.222668377998689,7.027927369568827,0.02912621359223301,0.0,0.6615537921344784,1.0
030204,APURIMAC,ANDAHUAYLAS,HUANCARAMA,0.0,0.0,0.0,0.0,0.0,59.0,59.0,1.0,6.196957360019071,7.048975745139231,0.0,0.0,0.1547612601997051,0.7476300516892358,0.6718439852675437,0.4511956559444704,0.4133026227336244,415,644,-229,229,False,False,False,False,False,Mixed/other profile,High availability,High availability,0.3095225203994102,0.0,0.6394715024131941,1.0,1.0,59.0,1.0,15.252399194720924,15.957742203789337,0.11864406779661017,0.0,0.5312056932393483,1.0
070105,CALLAO,CALLAO,LA PUNTA,5.0,1.0,1.0,0.0,0.0,1.0,1.0,1.0,3.881044249868727,3.881044249868727,0.0,0.0,0.0897107931332828,0.812555398216819,0.8237990367942851,0.4511330956750509,0.45675491496378395,416,480,-64,64,True,False,False,False,False,Missing-dominant activity,High availability,High availability,0.1794215862665657,0.0,0.7322219974525987,1.0,1.0,1.0,1.0,3.881044249868727,3.881044249868727,0.0,0.0,0.7482843382775501,1.0
120424,JUNIN,JAUJA,PANCAN,4.0,1.0,1.0,0.0,0.0,4.0,4.0,1.0,2.667469689042258,2.6484803088700506,0.0,0.0,0.0506484740881968,0.8503342135287009,0.8593117353910908,0.45049134380844885,0.45498010473964384,417,484,-67,67,True,False,False,False,False,Missing-dominant activity,High availability,High availability,0.1012969481763936,0.0,0.7861917336124298,1.0,1.0,4.0,1.0,2.667469689042258,2.6484803088700506,0.0,0.0,0.7990167648444155,1.0
030502,APURIMAC,COTABAMBAS,COTABAMBAS,0.0,0.0,0.0,0.0,0.0,122.0,122.0,1.0,5.479019368344446,5.160112136067361,0.0,0.0,0.1184116192954771,0.7823457111678578,0.5360607384702156,0.4503786652316674,0.32723617888284634,418,1327,-909,909,False,False,False,False,False,Mixed/other profile,High availability,Low availability,0.2368232385909542,0.0,0.6890653016683683,1.0,1.0,122.0,1.0,27.14396686453947,27.763591529806625,0.9344262295081968,0.23770491803278687,0.4391031626857882,0.7622950819672132
221003,SAN MARTIN,TOCACHE,POLVORA,556.0,0.0,0.0,2594.0,2291.0,87.0,87.0,1.0,27.455150261282157,25.616956185170665,0.6781609195402298,0.4022988505747126,0.4283342171536261,0.4716961445791936,0.7603932834386087,0.45001518086640985,0.5943637502961174,419,233,186,186,False,False,False,False,False,Mixed/other profile,High availability,Very high availability,0.1917337756514181,0.664934658655834,0.4176939996451535,0.5977011494252873,1.0,87.0,1.0,10.147623390270196,6.978478021501535,0.13793103448275862,0.011494252873563218,0.6626307990009681,0.9885057471264368
080301,CUSCO,ANTA,ANTA,0.0,0.0,0.0,0.0,0.0,84.0,84.0,1.0,5.634899883022336,5.204193950924839,0.0,0.0,0.1184116192954771,0.7814201511404256,0.6386644595162231,0.44991588521795134,0.37853803940585007,420,928,-508,508,False,False,False,False,False,Mixed/other profile,High availability,Medium availability,0.2368232385909542,0.0,0.687743073057751,1.0,1.0,84.0,1.0,21.00158165216282,21.256879737463453,0.6785714285714286,0.0,0.4838063707374616,1.0
090703,HUANCAVELICA,TAYACAJA,ACRAQUIA,17.0,0.5294117647058824,0.5294117647058824,8.0,8.0,45.0,45.0,1.0,8.153059670489423,8.115870736082092,0.0,0.0,0.1678865728792455,0.7314732646980395,0.8102428978489566,0.4496799187886425,0.48906473536410106,421,420,1,1,False,False,False,False,False,Mixed/other profile,High availability,High availability,0.1483973468079527,0.1873757989505383,0.6163903781400566,1.0,1.0,45.0,1.0,4.424522879436561,4.454604407576096,0.0,0.0,0.7289184254985096,1.0
200305,PIURA,HUANCABAMBA,LALAQUIZ,0.0,0.0,0.0,0.0,0.0,56.0,56.0,1.0,5.595269960636579,5.2377227395356645,0.0,0.0,0.1184116192954771,0.7807205594268936,0.593753366992209,0.4495660893611853,0.35608249314384305,422,1112,-690,690,False,False,False,False,False,Mixed/other profile,High availability,Medium availability,0.2368232385909542,0.0,0.6867436563241337,1.0,1.0,56.0,1.0,25.00854589839964,24.821301991902146,0.9285714285714286,0.08928571428571429,0.45791297325417624,0.9107142857142857
060106,CAJAMARCA,CAJAMARCA,JESUS,30.0,0.1,0.1,37.0,37.0,100.0,100.0,1.0,14.646329762406104,15.584980000294845,0.01,0.0,0.2448145590297296,0.653788998792149,0.8448985105149007,0.4493017789109393,0.5448565347723151,423,326,97,97,False,False,False,False,False,Mixed/other profile,High availability,Very high availability,0.1794215862665657,0.3102075317928934,0.5054128554173558,1.0,1.0,100.0,1.0,3.109231900385297,3.105945271096573,0.0,0.0,0.7784264435927153,1.0
051101,AYACUCHO,VILCAS HUAMAN,VILCAS HUAMAN,10.0,1.0,1.0,0.0,0.0,99.0,99.0,1.0,6.6445868770615375,6.09034147809141,0.0,0.0,0.1339237390247836,0.7640904803709037,0.6624786600374946,0.44900710969784363,0.3982011995311391,424,761,-337,337,True,False,False,False,False,Missing-dominant activity,High availability,Medium availability,0.2678474780495672,0.0,0.6629864005298625,1.0,1.0,99.0,1.0,17.35826763782405,17.31058137360174,0.2727272727272727,0.0,0.5178266571964208,1.0
060607,CAJAMARCA,CUTERVO,QUEROCOTILLO,63.0,0.6984126984126984,0.6984126984126984,28.0,22.0,111.0,111.0,1.0,19.70734474009428,20.816673081418525,0.5405405405405406,0.018018018018018,0.2849899686533033,0.612794731012761,0.7328230010780179,0.44889234983303217,0.5089064848656606,425,385,40,40,False,False,False,False,False,Mixed/other profile,High availability,High availability,0.2930307238278118,0.2769492134787947,0.4545716234545235,0.981981981981982,1.0,111.0,1.0,9.184017514823992,9.287852949404588,0.0,0.0,0.6183185729685972,1.0
130602,LA LIBERTAD,OTUZCO,AGALLPAMPA,0.0,0.0,0.0,0.0,0.0,114.0,114.0,1.0,7.046202782738976,7.340381619247488,0.0,0.0,0.1547612601997051,0.7430137394055489,0.7452475604433053,0.448887499802627,0.4500044103215052,426,494,-68,68,False,False,False,False,False,Mixed/other profile,High availability,High availability,0.3095225203994102,0.0,0.6328767705793558,1.0,1.0,114.0,1.0,9.671363459774575,8.291843305067278,0.008771929824561403,0.0,0.6360679434904362,1.0
220205,SAN MARTIN,BELLAVISTA,SAN PABLO,71.0,0.0985915492957746,0.0985915492957746,105.0,104.0,84.0,84.0,1.0,21.55929024323205,22.49859036159156,0.6547619047619048,0.0,0.2883473892305833,0.6085602325939198,0.8412635709483312,0.44845381091225156,0.5648054800894572,427,285,142,142,False,False,False,False,False,Mixed/other profile,High availability,Very high availability,0.1794215862665657,0.3972731921946008,0.4408003322770283,1.0,1.0,84.0,1.0,3.980277626614727,3.2301039188811878,0.0,0.0,0.7732336727833304,1.0
200114,PIURA,PIURA,TAMBO GRANDE,0.0,0.0,0.0,0.0,0.0,229.0,229.0,1.0,12.475287180894696,12.284111630207224,0.0917030567685589,0.0,0.2131112997679744,0.6825959052272039,0.5217093027388322,0.44785360249758915,0.3674103012534033,428,1008,-580,580,False,False,False,False,False,Mixed/other profile,High availability,Medium availability,0.4262225995359489,0.0,0.5465655788960058,1.0,1.0,229.0,1.0,26.108609572177976,26.0820479843779,0.7685589519650655,0.31004366812227074,0.4496034331078764,0.6899563318777293
120430,JUNIN,JAUJA,SAUSA,2.0,1.0,1.0,0.0,0.0,8.0,8.0,1.0,2.4314810608462,2.303698370492649,0.0,0.0,0.0319556292752363,0.8632194692690331,0.8714240845918682,0.44758754927213473,0.45168985693355224,429,491,-62,62,True,False,False,False,False,Missing-dominant activity,High availability,High availability,0.0639112585504727,0.0,0.8045992418129047,1.0,1.0,8.0,1.0,2.4314810608462,2.303698370492649,0.0,0.0,0.8163201208455259,1.0
200802,PIURA,SECHURA,BELLAVISTA DE LA UNION,0.0,0.0,0.0,0.0,0.0,10.0,10.0,1.0,2.808590497406108,2.8214859074114376,0.0,0.0,0.0506484740881968,0.8443206456111081,0.8539456303188471,0.44748455984965246,0.45229705220352195,430,489,-59,59,False,False,False,False,False,Mixed/other profile,High availability,High availability,0.1012969481763936,0.0,0.7776009223015832,1.0,1.0,10.0,1.0,2.793243874317157,2.8125157228738535,0.0,0.0,0.7913509004554958,1.0
080201,CUSCO,ACOMAYO,ACOMAYO,2.0,1.0,1.0,0.0,0.0,129.0,129.0,1.0,4.927457360701368,4.383649714297645,0.0,0.0,0.0948614199796975,0.7998338001558163,0.24221164638221973,0.4473476100677569,0.16853653318095863,431,1645,-1214,1214,True,False,False,False,False,Missing-dominant activity,High availability,Very low availability,0.1897228399593951,0.0,0.7140482859368804,1.0,1.0,129.0,1.0,47.387274572310304,48.06477779069882,1.0,1.0,0.34601663768888535,0.0
030505,APURIMAC,COTABAMBAS,MARA,0.0,0.0,0.0,0.0,0.0,72.0,72.0,1.0,5.968353048518677,5.888218139932843,0.0,0.0,0.1268170492549339,0.7678445069292249,0.6741558892781592,0.4473307780920794,0.4004864692665465,432,737,-305,305,False,False,False,False,False,Mixed/other profile,High availability,High availability,0.2536340985098678,0.0,0.6683492956131785,1.0,1.0,72.0,1.0,15.725766975428693,15.639460587878204,0.125,0.0,0.5345084132545133,1.0
061007,CAJAMARCA,SAN MARCOS,JOSE SABOGAL,57.0,0.1578947368421052,0.1578947368421052,156.0,81.0,87.0,87.0,1.0,22.463657151663824,22.20342784520092,0.6436781609195402,0.0229885057471264,0.2910027102795205,0.603304438262624,0.8309101914759318,0.4471535742710723,0.5609564508777262,433,294,139,139,False,False,False,False,False,Mixed/other profile,High availability,Very high availability,0.1794215862665657,0.4025838342924754,0.44314427140966,0.9770114942528736,1.0,87.0,1.0,5.686529007477424,3.6047062881012786,0.011494252873563218,0.0,0.7584431306799025,1.0
120905,JUNIN,CHUPACA,HUAMANCACA CHICO,2.0,1.0,1.0,0.0,0.0,7.0,7.0,1.0,2.7135052282065737,2.859931941301686,0.0,0.0,0.0506484740881968,0.8430212936313617,0.8524374721821248,0.44683488385977926,0.45154297313516084,434,492,-58,58,True,False,False,False,False,Missing-dominant activity,High availability,High availability,0.1012969481763936,0.0,0.7757447051876597,1.0,1.0,7.0,1.0,2.7929870985077243,2.859931941301686,0.0,0.0,0.789196388831607,1.0
190302,PASCO,OXAPAMPA,CHONTABAMBA,24.0,0.4166666666666667,0.4166666666666667,16.0,16.0,42.0,42.0,1.0,12.907820904110864,12.227810756595623,0.2142857142857142,0.0,0.2105167452001993,0.6831472047273207,0.7625566929809664,0.44683197496376004,0.4865367190905828,435,426,9,9,False,False,False,False,False,Mixed/other profile,High availability,High availability,0.1794215862665657,0.2416119041338328,0.5473531496104582,1.0,1.0,42.0,1.0,8.55698791565755,7.06293747121496,0.07142857142857142,0.0,0.660795275687095,1.0
150109,LIMA,LIMA,CIENEGUILLA,0.0,0.0,0.0,0.0,0.0,13.0,13.0,1.0,8.235334680700491,10.246935145874986,0.0,0.0,0.1887662147628216,0.7042045218377871,0.7162547446680989,0.4464853683003044,0.45251047971546027,436,488,-52,52,False,False,False,False,False,Mixed/other profile,High availability,High availability,0.3775324295256433,0.0,0.5774350311968388,1.0,1.0,13.0,1.0,10.760050383144169,10.784097441930076,0.0,0.0,0.5946496352401412,1.0
030604,APURIMAC,CHINCHEROS,HUACCANA,0.0,0.0,0.0,0.0,0.0,103.0,103.0,1.0,7.218734918283618,7.373675340009644,0.0097087378640776,0.0,0.1503672485707135,0.7424966161593072,0.6510058926147224,0.44643193236501033,0.40068657059271795,437,732,-295,295,False,False,False,False,False,Mixed/other profile,High availability,High availability,0.300734497141427,0.0,0.6321380230847247,1.0,1.0,103.0,1.0,18.38167226157378,18.178005126305926,0.3883495145631068,0.019417475728155338,0.5097587647616701,0.9805825242718447
021903,ANCASH,SIHUAS,ALFONSO UGARTE,75.0,0.0,0.0,1049.0,157.0,16.0,16.0,1.0,22.397771265334168,22.983062809600224,0.8125,0.0,0.2868729984615291,0.6059112972622819,0.8397226682802712,0.4463921478619055,0.5632978333709001,438,290,148,148,False,False,False,False,False,Mixed/other profile,High availability,Very high availability,0.0639112585504727,0.5098347383725854,0.437016138946117,1.0,1.0,16.0,1.0,3.6997216586591186,3.2838631475670663,0.0,0.0,0.7710323832575304,1.0
081205,CUSCO,QUISPICANCHI,CCATCA,12.0,1.0,1.0,0.0,0.0,194.0,194.0,1.0,6.345172689870981,6.425603490199075,0.0,0.0,0.1339237390247836,0.7580935458667206,0.2533474288330391,0.4460086424457521,0.19363558392891136,439,1574,-1135,1135,True,False,False,False,False,Missing-dominant activity,High availability,Very low availability,0.2678474780495672,0.0,0.6544193512381724,1.0,1.0,194.0,1.0,43.0733518526578,43.78515931999779,1.0,1.0,0.3619248983329131,0.0
050408,AYACUCHO,HUANTA,LLOCHEGUA,0.0,0.0,0.0,0.0,0.0,45.0,45.0,1.0,8.346785945351645,7.454990929335525,0.0444444444444444,0.0,0.1503672485707135,0.741242203212831,0.6760514114123672,0.4458047258917722,0.41320932999154036,440,645,-205,205,False,False,False,False,False,Mixed/other profile,High availability,High availability,0.300734497141427,0.0,0.6303460045897586,1.0,1.0,45.0,1.0,15.579548060532776,14.51185551069719,0.2,0.022222222222222223,0.546740111541477,0.9777777777777777
210606,PUNO,HUANCANE,ROSASPATA,0.0,0.0,0.0,0.0,0.0,162.0,162.0,1.0,7.011491550660994,6.058622548368259,0.0,0.0,0.1268170492549339,0.7646724598099475,0.647936809043771,0.44574475453244067,0.38737692914935246,441,842,-401,401,False,False,False,False,False,Mixed/other profile,High availability,Medium availability,0.2536340985098678,0.0,0.6638177997284964,1.0,1.0,162.0,1.0,18.350436067446665,16.456477807483967,0.3950617283950617,0.06790123456790123,0.5261531134487735,0.9320987654320988
020610,ANCASH,CARHUAZ,TINCO,2.0,1.0,1.0,0.0,0.0,29.0,29.0,1.0,2.8025674512850447,2.40951798181907,0.0,0.0,0.0319556292752363,0.8591270085143676,0.8675771051643797,0.445541318894802,0.449766367219808,442,495,-53,53,True,False,False,False,False,Missing-dominant activity,High availability,High availability,0.0639112585504727,0.0,0.7987528693062396,1.0,1.0,29.0,1.0,2.8025674512850447,2.40951798181907,0.0,0.0,0.8108244359491139,1.0
030504,APURIMAC,COTABAMBAS,HAQUIRA,0.0,0.0,0.0,0.0,0.0,206.0,206.0,1.0,11.046661052350036,8.804981284113587,0.116504854368932,0.0,0.1690600933836739,0.7220140871667776,0.6051057509441157,0.44553709027522576,0.3870829221638948,443,847,-404,404,False,False,False,False,False,Mixed/other profile,High availability,Medium availability,0.3381201867673479,0.0,0.6028772673811109,1.0,1.0,206.0,1.0,25.26230505325069,25.634371826545294,0.9611650485436893,0.038834951456310676,0.45250890911572694,0.9611650485436893
130614,LA LIBERTAD,OTUZCO,USQUIL,0.0,0.0,0.0,0.0,0.0,287.0,287.0,1.0,8.533060744607424,7.839367257670175,0.0,0.0,0.1547612601997051,0.735471393665379,0.6342402422147901,0.445116326932542,0.3945007512072476,444,786,-342,342,False,False,False,False,False,Mixed/other profile,High availability,Medium availability,0.3095225203994102,0.0,0.6221019909505413,1.0,1.0,287.0,1.0,21.48278182803682,22.07870545111915,0.7282229965156795,0.0,0.47748606030684304,1.0
030406,APURIMAC,AYMARAES,COTARUSE,234.0,0.0,0.0,7688.0,2715.0,263.0,263.0,1.0,29.528387512709728,29.863096290730667,0.7870722433460076,0.494296577946768,0.4647561687854413,0.4248844072343357,0.7516236747843121,0.4448202880098885,0.6081899217848767,445,206,239,239,False,False,False,False,False,Mixed/other profile,High availability,Very high availability,0.2123086053584255,0.717203732212457,0.3902476865976659,0.5057034220532319,1.0,263.0,1.0,9.82514790275092,7.818755532777155,0.09885931558935361,0.0,0.6451766782633032,1.0
090711,HUANCAVELICA,TAYACAJA,PAZOS,71.0,0.1549295774647887,0.1549295774647887,92.0,90.0,55.0,55.0,1.0,22.069619149169863,22.77942766232779,0.7636363636363637,0.0,0.2824985046959011,0.6070181285779941,0.8621538495430721,0.4447583166369476,0.5723261771194865,446,272,174,174,False,False,False,False,False,Mixed/other profile,High availability,Very high availability,0.1794215862665657,0.3855754231252365,0.4385973265399916,1.0,1.0,55.0,1.0,3.3675524704658804,2.564478820508364,0.0,0.0,0.8030769279186746,1.0
081302,CUSCO,URUBAMBA,CHINCHERO,0.0,0.0,0.0,0.0,0.0,43.0,43.0,1.0,4.182465009163897,4.692527090596508,0.0,0.0,0.0948614199796975,0.7925924113185632,0.6809390953761295,0.44372691564913036,0.38790025767791353,447,834,-387,387,False,False,False,False,False,Mixed/other profile,High availability,Medium availability,0.1897228399593951,0.0,0.7037034447408046,1.0,1.0,43.0,1.0,15.243198795373559,14.73967292721362,0.046511627906976744,0.0,0.5441987076801851,1.0
210206,PUNO,AZANGARO,CHUPA,0.0,0.0,0.0,0.0,0.0,89.0,89.0,1.0,5.857464950851635,5.865764277536044,0.0,0.0,0.1184116192954771,0.7682683216228513,0.6275735723278506,0.4433399704591642,0.37299259581166383,448,968,-520,520,False,False,False,False,False,Mixed/other profile,High availability,Medium availability,0.2368232385909542,0.0,0.6689547451755019,1.0,1.0,89.0,1.0,22.891452257308163,23.374751441584838,0.7528089887640449,0.0,0.4679622461826437,1.0
210207,PUNO,AZANGARO,JOSE DOMINGO CHOQUEHUANCA,0.0,0.0,0.0,0.0,0.0,18.0,18.0,1.0,3.744305550444549,3.977044056018861,0.0,0.0,0.0761685751667371,0.8100272390499024,0.6355286655556446,0.44309790710831976,0.35584862036119086,449,1115,-666,666,False,False,False,False,False,Mixed/other profile,High availability,Medium availability,0.1523371503334742,0.0,0.7286103414998606,1.0,1.0,18.0,1.0,20.97579675439506,21.836289764367073,0.7222222222222222,0.0,0.4793266650794923,1.0
131006,LA LIBERTAD,SANTIAGO DE CHUCO,QUIRUVILCA,0.0,0.0,0.0,0.0,0.0,100.0,100.0,1.0,8.13470291358205,7.849852958597514,0.0,0.0,0.1503672485707135,0.7353175066910941,0.6928382740437942,0.4428423776309038,0.4216027613072538,450,600,-150,150,False,False,False,False,False,Mixed/other profile,High availability,High availability,0.300734497141427,0.0,0.6218821524158488,1.0,1.0,100.0,1.0,13.636043015791229,13.277192858916472,0.11,0.0,0.5611975343482773,1.0
081305,CUSCO,URUBAMBA,MARAS,0.0,0.0,0.0,0.0,0.0,59.0,59.0,1.0,4.385526363984222,4.782738540658412,0.0,0.0,0.0948614199796975,0.790551515222476,0.48471944068358197,0.4427064676010868,0.28979043033163976,451,1399,-948,948,False,False,False,False,False,Mixed/other profile,High availability,Low availability,0.1897228399593951,0.0,0.7007878788892514,1.0,1.0,59.0,1.0,28.764019804599464,29.140057212879967,1.0,0.3898305084745763,0.4309551331799355,0.6101694915254237
030220,APURIMAC,ANDAHUAYLAS,JOSE MARIA ARGUEDAS,0.0,0.0,0.0,0.0,0.0,29.0,29.0,1.0,6.751013126143146,4.84261459233104,0.0,0.0,0.0948614199796975,0.7892144152724031,0.6980525611317946,0.4420379176260503,0.39645699055574607,452,771,-319,319,False,False,False,False,False,Mixed/other profile,High availability,Medium availability,0.1897228399593951,0.0,0.6988777361034331,1.0,1.0,29.0,1.0,12.21256522237586,12.679919972949746,0.0,0.0,0.5686465159025638,1.0
090720,HUANCAVELICA,TAYACAJA,ANDAYMARCA,29.0,0.3103448275862069,0.3103448275862069,24.0,24.0,34.0,34.0,1.0,12.714411279037265,12.257521581133984,0.0,0.0,0.201161550493425,0.6828559838595363,0.8154490460151134,0.44200876717648063,0.5083052982542692,453,387,66,66,False,False,False,False,False,Mixed/other profile,High availability,High availability,0.1278225171009454,0.2745005838859046,0.5469371197993376,1.0,1.0,34.0,1.0,4.579538296547399,4.22676481296707,0.0,0.0,0.7363557800215905,1.0
180106,MOQUEGUA,MARISCAL NIETO,TORATA,57.0,0.0350877192982456,0.0350877192982456,696.0,615.0,149.0,149.0,1.0,28.964359485359388,24.891547414480648,0.6845637583892618,0.4093959731543624,0.4103531591970485,0.4731536976543828,0.49738880103462235,0.44175342842571563,0.45387098011583543,454,486,-32,32,False,False,False,False,False,Mixed/other profile,High availability,High availability,0.2678474780495672,0.5528588403445298,0.4228178422867023,0.5906040268456376,1.0,149.0,1.0,28.964359485359388,24.891547414480648,0.6845637583892618,0.40939597315436244,0.45743941854418724,0.5906040268456376
150803,LIMA,HUAURA,CALETA DE CARQUIN,0.0,0.0,0.0,0.0,0.0,2.0,2.0,1.0,3.1937449840225893,3.1937449840225893,0.0,0.0,0.0506484740881968,0.8322548810664467,0.8534566881910677,0.4414516775773218,0.45205258113963226,455,490,-35,35,False,False,False,False,False,Mixed/other profile,High availability,High availability,0.1012969481763936,0.0,0.7603641158092096,1.0,1.0,2.0,1.0,2.827823818415844,2.827823818415844,0.0,0.0,0.7906524117015254,1.0
090718,HUANCAVELICA,TAYACAJA,TINTAY PUNCU,22.0,0.1818181818181818,0.1818181818181818,26.0,26.0,78.0,78.0,1.0,14.264656609726202,13.440052382989164,0.1025641025641025,0.0128205128205128,0.2147305226168801,0.6679194136698772,0.8460429299237964,0.4413249681433786,0.5303867262703382,456,351,105,105,False,False,False,False,False,Mixed/other profile,High availability,Very high availability,0.1483973468079527,0.2810636984258075,0.5310936678800444,0.9871794871794872,1.0,78.0,1.0,4.10405086750029,3.0676147331852994,0.0,0.0,0.7800613284625664,1.0
220709,SAN MARTIN,PICOTA,TINGO DE PONASA,17.0,0.4705882352941176,0.4705882352941176,11.0,11.0,104.0,104.0,1.0,11.990777643845254,11.164595265925309,0.048076923076923,0.0,0.1885585364296268,0.6940235871707165,0.7802401916424915,0.4412910618001717,0.48439936403605915,457,429,28,28,False,False,False,False,False,Mixed/other profile,High availability,High availability,0.1652082067268663,0.2119088661323873,0.5628908388153093,1.0,1.0,104.0,1.0,5.821945511988988,5.975128627806999,0.0,0.0,0.6860574166321307,1.0
081304,CUSCO,URUBAMBA,MACHUPICCHU,2.0,1.0,1.0,0.0,0.0,40.0,40.0,1.0,8.14783952573549,8.782399912954158,0.0,0.0,0.1587726785301703,0.7223133736877627,0.2583720802022197,0.4405430261089665,0.208572379366195,458,1546,-1088,1088,True,False,False,False,False,Missing-dominant activity,High availability,Very low availability,0.3175453570603406,0.0,0.6033048195539468,1.0,1.0,40.0,1.0,43.04563544811424,44.70299478827404,1.0,0.975,0.358388686003171,0.025000000000000022
150202,LIMA,BARRANCA,PARAMONGA,29.0,0.0,0.0,297.0,297.0,64.0,64.0,1.0,24.43425165444808,20.06319786319048,0.5,0.34375,0.3611693916899748,0.5196373250680204,0.7560028432799384,0.4404033583789976,0.5585861174849566,459,300,159,159,False,False,False,False,False,Mixed/other profile,High availability,Very high availability,0.2364997595765537,0.485839023803396,0.4610890358114577,0.65625,1.0,64.0,1.0,8.916471926152864,7.50786286470858,0.0625,0.0,0.6514326332570548,1.0
150812,LIMA,HUAURA,VEGUETA,11.0,0.0909090909090909,0.0909090909090909,15.0,11.0,117.0,117.0,1.0,13.833696614310425,13.96099311758743,0.0,0.0,0.2131832498815642,0.6671652900201295,0.7312754877090136,0.44017426995084685,0.47222936879528893,460,445,15,15,False,False,False,False,False,Mixed/other profile,High availability,High availability,0.2025938963527872,0.2237726034103413,0.5245218428858993,1.0,1.0,117.0,1.0,9.890585973728719,9.41916292857338,0.0,0.0,0.6161078395843053,1.0
060807,CAJAMARCA,JAEN,POMAHUACA,68.0,0.3235294117647059,0.3235294117647059,57.0,52.0,95.0,95.0,1.0,19.433848493865074,18.321122817520862,0.4105263157894737,0.0526315789473684,0.2608597394988767,0.6181784925406542,0.7557674128321972,0.43951911601976545,0.508313576165537,461,386,75,75,False,False,False,False,False,Mixed/other profile,High availability,High availability,0.1794215862665657,0.3422978927311877,0.4770970946069496,0.9473684210526316,1.0,95.0,1.0,7.200162247836475,7.524294613450907,0.0,0.0,0.651096304045996,1.0
080306,CUSCO,ANTA,LIMATAMBO,0.0,0.0,0.0,0.0,0.0,134.0,134.0,1.0,6.275497338048813,5.734601651561045,0.0,0.0,0.1081242044419734,0.7707720430491418,0.24443041755847283,0.43944812374555764,0.17627731100022312,462,1616,-1154,1154,False,False,False,False,False,Mixed/other profile,High availability,Very low availability,0.2162484088839469,0.0,0.6725314900702026,1.0,1.0,134.0,1.0,47.29479851080004,47.18063723866187,1.0,1.0,0.34918631079781837,0.0
120434,JUNIN,JAUJA,YAUYOS,6.0,1.0,1.0,0.0,0.0,7.0,7.0,1.0,3.1550373353010124,3.343165143302825,0.0,0.0,0.0506484740881968,0.8277105928117192,0.8380451653025911,0.439179533449958,0.44434681969539397,463,510,-47,47,True,False,False,False,False,Missing-dominant activity,High availability,High availability,0.1012969481763936,0.0,0.7538722754453131,1.0,1.0,7.0,1.0,3.1550373353010124,3.343165143302825,0.0,0.0,0.768635950432273,1.0
060804,CAJAMARCA,JAEN,COLASAY,62.0,0.1290322580645161,0.1290322580645161,61.0,59.0,137.0,137.0,1.0,20.48160798940316,22.412105565380173,0.6715328467153284,0.0072992700729927,0.27112257754356,0.6068490611818138,0.8371130621600058,0.4389858193626869,0.5541178198517829,464,312,152,152,False,False,False,False,False,Mixed/other profile,High availability,Very high availability,0.1917337756514181,0.350511379435702,0.4414840602910167,0.9927007299270072,1.0,137.0,1.0,3.441752157179848,3.3764703257661437,0.0,0.0,0.767304374514294,1.0
120125,JUNIN,HUANCAYO,PILCOMAYO,4.0,0.75,0.75,1.0,1.0,3.0,3.0,1.0,3.335247539960441,3.7460093478251344,0.0,0.0,0.0615108709395158,0.8161970143134354,0.8272222149372941,0.4388539426264756,0.44436654293840494,465,509,-44,44,False,False,False,False,False,Mixed/other profile,High availability,High availability,0.0639112585504727,0.059110483328559,0.7374243061620505,1.0,1.0,3.0,1.0,3.335247539960441,3.7460093478251344,0.0,0.0,0.7531745927675629,1.0
110113,ICA,ICA,TATE,10.0,1.0,1.0,0.0,0.0,7.0,7.0,1.0,4.259333616170966,4.234152292798394,0.0,0.0,0.0741986734039763,0.8034892498558299,0.7199349419466683,0.43884396162990313,0.3970668076753223,466,766,-300,300,True,False,False,False,False,Missing-dominant activity,High availability,Medium availability,0.1483973468079527,0.0,0.7192703569368999,1.0,1.0,7.0,1.0,10.17092804751737,10.433978161915112,0.0,0.0,0.599907059923812,1.0
081201,CUSCO,QUISPICANCHI,URCOS,2.0,1.0,1.0,0.0,0.0,77.0,77.0,1.0,5.015520403758161,5.156397498940882,0.0,0.0,0.0948614199796975,0.7824240075669544,0.27320683340565305,0.438642713773326,0.18403412669267527,467,1591,-1124,1124,True,False,False,False,False,Missing-dominant activity,High availability,Very low availability,0.1897228399593951,0.0,0.6891771536670779,1.0,1.0,77.0,1.0,36.865622562771,37.05820724317703,1.0,1.0,0.39029547629379013,0.0
220807,SAN MARTIN,RIOJA,SAN FERNANDO,11.0,0.1818181818181818,0.1818181818181818,10.0,10.0,12.0,12.0,1.0,9.501932820113357,8.639349247600766,0.0,0.0,0.1528928115980718,0.7242255257529184,0.8612481155196969,0.4385591686754951,0.5070704635588844,468,389,79,79,False,False,False,False,False,Mixed/other profile,High availability,High availability,0.1012969481763936,0.20448867501975,0.6060364653613122,1.0,1.0,12.0,1.0,2.633137883644617,2.5910365678985814,0.0,0.0,0.8017830221709956,1.0
200504,PIURA,PAITA,COLAN,0.0,0.0,0.0,0.0,0.0,19.0,19.0,1.0,4.1211197072388375,4.379638736232025,0.0,0.0,0.0761685751667371,0.7999305428904735,0.6520080647240958,0.4380495590286053,0.36408831994541646,469,1039,-570,570,False,False,False,False,False,Mixed/other profile,High availability,Medium availability,0.1523371503334742,0.0,0.7141864898435337,1.0,1.0,19.0,1.0,18.373032129532312,18.951255878764172,0.3684210526315789,0.0,0.5028686638915654,1.0
110507,ICA,PISCO,SAN CLEMENTE,4.0,1.0,1.0,0.0,0.0,34.0,34.0,1.0,7.48076637485747,6.9863661913831,0.0,0.0,0.1268170492549339,0.7486436774091108,0.730872002220105,0.4377303633320223,0.4288445257375194,470,571,-101,101,True,False,False,False,False,Missing-dominant activity,High availability,High availability,0.2536340985098678,0.0,0.6409195391558726,1.0,1.0,34.0,1.0,9.402263239750773,9.453674174304105,0.0,0.0,0.6155314317430072,1.0
130801,LA LIBERTAD,PATAZ,TAYABAMBA,0.0,0.0,0.0,0.0,0.0,150.0,150.0,1.0,6.878311255418794,6.503365700680412,0.0,0.0,0.1184116192954771,0.7567412997742446,0.6161688158759889,0.43757645953486085,0.367290217585733,471,1009,-538,538,False,False,False,False,False,Mixed/other profile,High availability,Medium availability,0.2368232385909542,0.0,0.6524875711060639,1.0,1.0,150.0,1.0,24.56243613443303,25.32780475877504,0.9066666666666666,0.006666666666666667,0.45452687982284135,0.9933333333333333
060812,CAJAMARCA,JAEN,SANTA ROSA,77.0,0.0259740259740259,0.0259740259740259,89.0,89.0,61.0,61.0,1.0,24.399057019101065,24.54701314688486,0.918032786885246,0.0163934426229508,0.2815790802443078,0.5927933109114204,0.863643041388034,0.4371861955778641,0.572611060816171,472,271,201,201,False,False,False,False,False,Mixed/other profile,High availability,Very high availability,0.1794215862665657,0.3837365742220497,0.4253019195690081,0.9836065573770492,1.0,61.0,1.0,3.6519450274383325,2.521239311050884,0.0,0.0,0.8052043448400488,1.0
200608,PIURA,SULLANA,SALITRAL,0.0,0.0,0.0,0.0,0.0,14.0,14.0,1.0,3.467717444668214,3.5004265897831357,0.0,0.0,0.0506484740881968,0.8230936723131748,0.8272640863145857,0.4368710732006858,0.43895628020139127,473,528,-55,55,False,False,False,False,False,Mixed/other profile,High availability,High availability,0.1012969481763936,0.0,0.7472766747331068,1.0,1.0,14.0,1.0,3.9862628071242434,3.744380978379522,0.0,0.0,0.7532344090208367,1.0
081105,CUSCO,PAUCARTAMBO,HUANCARANI,2.0,1.0,1.0,0.0,0.0,76.0,76.0,1.0,4.730815729770188,4.502853598263878,0.0,0.0,0.0761685751667371,0.7969910912745282,0.452666220180705,0.43657983322063265,0.2644173976737211,474,1444,-970,970,True,False,False,False,False,Missing-dominant activity,High availability,Low availability,0.1523371503334742,0.0,0.709987273249326,1.0,1.0,76.0,1.0,29.910665605591607,29.877570329001447,1.0,0.4868421052631579,0.4267412167995035,0.513157894736842
140103,LAMBAYEQUE,CHICLAYO,ETEN,2.0,1.0,1.0,0.0,0.0,10.0,10.0,1.0,4.412386921334684,4.031167039527058,0.0,0.0,0.0639112585504727,0.808623318479831,0.7799378655263077,0.43626728851515184,0.42192456203839024,475,597,-122,122,True,False,False,False,False,Missing-dominant activity,High availability,High availability,0.1278225171009454,0.0,0.7266047406854729,1.0,1.0,10.0,1.0,6.04679312409382,5.992432673635912,0.0,0.0,0.6856255221804397,1.0
040310,AREQUIPA,CARAVELI,JAQUI,17.0,0.0,0.0,20.0,19.0,40.0,40.0,1.0,8.420232328717564,9.64303916733412,0.0,0.0,0.1606972887469143,0.7113682670665905,0.7287039493251871,0.43603277790675243,0.44470061903605074,476,507,-31,31,False,False,False,False,False,Mixed/other profile,High availability,High availability,0.0639112585504727,0.2574833189433558,0.5876689529522722,1.0,1.0,40.0,1.0,8.416584853168045,9.641080634292312,0.0,0.0,0.6124342133216959,1.0
200805,PIURA,SECHURA,VICE,0.0,0.0,0.0,0.0,0.0,16.0,16.0,1.0,7.040564318957839,4.868399308440832,0.0625,0.0,0.0826041033634331,0.7886428292615292,0.8013208344744398,0.43562346631248117,0.4419624689189364,477,521,-44,44,False,False,False,False,False,Mixed/other profile,High availability,High availability,0.1652082067268663,0.0,0.6980611846593274,1.0,1.0,16.0,1.0,7.040564318957839,4.868399308440832,0.0625,0.0,0.7161726206777712,1.0
030503,APURIMAC,COTABAMBAS,COYLLURQUI,0.0,0.0,0.0,0.0,0.0,91.0,91.0,1.0,9.481926389076476,8.549021154008276,0.0,0.0,0.1455098940678943,0.7254476095635758,0.5231147609441753,0.43547875181573503,0.3343123275060348,478,1290,-812,812,False,False,False,False,False,Mixed/other profile,High availability,Low availability,0.2910197881357887,0.0,0.6077822993765369,1.0,1.0,91.0,1.0,27.593248961998956,27.422206588850393,1.0,0.2857142857142857,0.44118435236923015,0.7142857142857143
110506,ICA,PISCO,SAN ANDRES,2.0,1.0,1.0,0.0,0.0,34.0,34.0,1.0,6.580372897539063,4.529176725713061,0.0294117647058823,0.0,0.0741986734039763,0.796371656053703,0.8077229270087254,0.43528516472883966,0.44096080020635087,479,523,-44,44,True,False,False,False,False,Missing-dominant activity,High availability,High availability,0.1483973468079527,0.0,0.7091023657910043,1.0,1.0,34.0,1.0,6.977912524269551,4.568428133096264,0.029411764705882353,0.0,0.7253184671553221,1.0
200207,PIURA,AYABACA,PAIMAS,0.0,0.0,0.0,0.0,0.0,52.0,52.0,1.0,7.220406704494366,6.817575527229817,0.0,0.0,0.1184116192954771,0.7514164391203395,0.2232784431096651,0.4349140292079083,0.1708450312025711,480,1637,-1157,1157,False,False,False,False,False,Mixed/other profile,High availability,Very low availability,0.2368232385909542,0.0,0.6448806273147707,1.0,1.0,52.0,1.0,55.76739902120548,56.30057692891879,1.0,1.0,0.31896920444237875,0.0
080902,CUSCO,LA CONVENCION,ECHARATE,0.0,0.0,0.0,0.0,0.0,364.0,364.0,1.0,14.716211917591874,12.620783240665194,0.2142857142857142,0.0934065934065934,0.2184732080923949,0.6513252175563609,0.42649441991410475,0.4348992128243779,0.3224838140032498,481,1340,-859,859,False,False,False,False,False,Mixed/other profile,High availability,Low availability,0.4369464161847899,0.0,0.5419245651119128,0.9065934065934066,1.0,364.0,1.0,35.1463770526476,31.805285279713857,0.804945054945055,0.5494505494505495,0.4161851210703852,0.4505494505494505
050104,AYACUCHO,HUAMANGA,CARMEN ALTO,10.0,1.0,1.0,0.0,0.0,12.0,12.0,1.0,4.703197243196463,4.958647928183277,0.0,0.0,0.0826041033634331,0.7866618236833158,0.8124661129592983,0.43463296352337444,0.44753510816136566,482,500,-18,18,True,False,False,False,False,Missing-dominant activity,High availability,High availability,0.1652082067268663,0.0,0.6952311766904513,1.0,1.0,12.0,1.0,4.122777694005035,4.356118108317337,0.0,0.0,0.7320944470847119,1.0
080909,CUSCO,LA CONVENCION,VILCABAMBA,0.0,0.0,0.0,0.0,0.0,273.0,273.0,1.0,11.35950480920044,9.0284242950134,0.1758241758241758,0.0293040293040293,0.1587726785301703,0.7102980466250739,0.33578169598726143,0.4345353625776221,0.24727718725871586,483,1476,-993,993,False,False,False,False,False,Mixed/other profile,High availability,Low availability,0.3175453570603406,0.0,0.5986989363089754,0.9706959706959708,1.0,273.0,1.0,36.971796712046505,37.42218993880621,0.9084249084249084,0.7875457875457875,0.38863633178713963,0.21245421245421248
080501,CUSCO,CANAS,YANAOCA,6.0,1.0,1.0,0.0,0.0,114.0,114.0,1.0,6.892101861275541,6.264515408098962,0.0,0.0,0.1081242044419734,0.7609404217950042,0.6058147920927393,0.43453231311848883,0.35696949826735636,484,1101,-617,617,True,False,False,False,False,Missing-dominant activity,High availability,Medium availability,0.2162484088839469,0.0,0.6584863168500061,1.0,1.0,114.0,1.0,23.96472083841971,24.05071962563924,0.7894736842105263,0.06140350877192982,0.4631940638918832,0.9385964912280702
120410,JUNIN,JAUJA,HUERTAS,2.0,1.0,1.0,0.0,0.0,21.0,21.0,1.0,3.090085814640261,3.05123416234832,0.0,0.0,0.0319556292752363,0.836742485508726,0.8465352907991051,0.43434905739198115,0.4392454600371707,485,526,-41,41,True,False,False,False,False,Missing-dominant activity,High availability,High availability,0.0639112585504727,0.0,0.7667749792981802,1.0,1.0,21.0,1.0,3.090085814640261,3.0512341623483197,0.0,0.0,0.7807647011415786,1.0
210607,PUNO,HUANCANE,TARACO,0.0,0.0,0.0,0.0,0.0,136.0,136.0,1.0,7.179791858793557,7.478688917943359,0.0,0.0,0.1268170492549339,0.7408788964710584,0.6363058119603138,0.43384797286299615,0.3815614306076238,486,899,-413,413,False,False,False,False,False,Mixed/other profile,High availability,Medium availability,0.2536340985098678,0.0,0.6298269949586549,1.0,1.0,136.0,1.0,20.459859522818014,21.691303222366017,0.6470588235294118,0.0,0.4804368742290198,1.0
060502,CAJAMARCA,CONTUMAZA,CHILETE,12.0,1.0,1.0,0.0,0.0,56.0,56.0,1.0,5.534822899328696,5.699357282909416,0.0,0.0,0.0948614199796975,0.7714531255891701,0.6979510382925729,0.43315727278443383,0.3964062291361352,487,772,-285,285,True,False,False,False,False,Missing-dominant activity,High availability,Medium availability,0.1897228399593951,0.0,0.6735044651273859,1.0,1.0,56.0,1.0,12.783118939045158,12.69130698088558,0.0,0.0,0.5685014832751041,1.0
120211,JUNIN,CONCEPCION,MITO,6.0,1.0,1.0,0.0,0.0,7.0,7.0,1.0,4.196146168331945,4.317535225809424,0.0,0.0,0.0639112585504727,0.8014377224726659,0.8133482414334534,0.43267449051156925,0.438629749991963,488,530,-42,42,True,False,False,False,False,Missing-dominant activity,High availability,High availability,0.1278225171009454,0.0,0.7163396035323799,1.0,1.0,7.0,1.0,4.196146168331945,4.317535225809424,0.0,0.0,0.7333546306192191,1.0
210901,PUNO,MOHO,MOHO,0.0,0.0,0.0,0.0,0.0,271.0,271.0,1.0,9.170769664988615,9.732455738946916,0.007380073800738,0.0,0.1547612601997051,0.7102822981356526,0.5489520040594862,0.43252177916767887,0.3518566321295956,489,1157,-668,668,False,False,False,False,False,Mixed/other profile,High availability,Low availability,0.3095225203994102,0.0,0.586117568765218,1.0,1.0,271.0,1.0,23.977082905309143,22.724892557210715,0.5498154981549815,0.2730627306273063,0.4726726046395402,0.7269372693726937
030701,APURIMAC,GRAU,CHUQUIBAMBILLA,0.0,0.0,0.0,0.0,0.0,132.0,132.0,1.0,9.54677225079442,9.026963642842414,0.0227272727272727,0.0,0.1455098940678943,0.7191081626840141,0.34543865042435984,0.4323090283759542,0.24547427224612706,490,1478,-988,988,False,False,False,False,False,Mixed/other profile,High availability,Low availability,0.2910197881357887,0.0,0.5987259466914487,1.0,1.0,132.0,1.0,34.90567389338784,35.815704998020315,1.0,0.7727272727272727,0.39608118891791666,0.2272727272727273
200201,PIURA,AYABACA,AYABACA,0.0,0.0,0.0,0.0,0.0,346.0,346.0,1.0,14.684961995754808,13.979559350675675,0.2398843930635838,0.0173410404624277,0.2025274065429675,0.661801995971302,0.18340493661880547,0.43216470125713474,0.19296617158088647,491,1575,-1084,1084,False,False,False,False,False,Mixed/other profile,High availability,Very low availability,0.4050548130859351,0.0,0.5242918687286149,0.9826589595375722,1.0,346.0,1.0,76.34519372610325,78.44767718931399,1.0,1.0,0.26200705231257926,0.0
050204,AYACUCHO,CANGALLO,MARIA PARADO DE BELLIDO,5.0,0.2,0.2,4.0,4.0,67.0,67.0,1.0,7.882283885629517,7.273248949849631,0.0,0.0,0.1192736200596729,0.744062761808042,0.839931542395632,0.43166819093385744,0.4796025812276524,492,435,57,57,False,False,False,False,False,Mixed/other profile,High availability,High availability,0.1012969481763936,0.1372502919429523,0.6343753740114886,1.0,1.0,67.0,1.0,3.6469198722633536,3.2765360805395716,0.0,0.0,0.7713307748509027,1.0
200607,PIURA,SULLANA,QUERECOTILLO,0.0,0.0,0.0,0.0,0.0,35.0,35.0,1.0,10.386860751037151,9.1558732172113,0.1714285714285714,0.0,0.1455098940678943,0.7174500199880688,0.661567753346663,0.43147995702798153,0.4035388237072786,493,711,-218,218,False,False,False,False,False,Mixed/other profile,High availability,High availability,0.2910197881357887,0.0,0.5963571714115269,1.0,1.0,35.0,1.0,15.942812236340082,15.02978045048895,0.34285714285714286,0.05714285714285714,0.5410151578421716,0.9428571428571428
060806,CAJAMARCA,JAEN,LAS PIRIAS,11.0,0.0,0.0,11.0,11.0,43.0,43.0,1.0,9.841317823733814,10.108206354109806,0.0,0.0,0.1566029071543904,0.7058155672686688,0.9011673654719077,0.4312092372115296,0.528885136313149,494,355,139,139,False,False,False,False,False,Mixed/other profile,High availability,Very high availability,0.1012969481763936,0.2119088661323873,0.5797365246695269,1.0,1.0,43.0,1.0,1.8937152720269739,1.5890164080515627,0.0,0.0,0.8588105221027255,1.0
080506,CUSCO,CANAS,PAMPAMARCA,2.0,1.0,1.0,0.0,0.0,14.0,14.0,1.0,3.665139371706676,3.255875962894702,0.0,0.0,0.0319556292752363,0.8303459430443318,0.6071713252681439,0.4311507861597841,0.3195634772716901,495,1352,-857,857,True,False,False,False,False,Missing-dominant activity,High availability,Low availability,0.0639112585504727,0.0,0.7576370614919026,1.0,1.0,14.0,1.0,27.34570330088386,27.810987085074256,1.0,0.0,0.4388161789544913,1.0
211202,PUNO,SANDIA,CUYOCUYO,0.0,0.0,0.0,0.0,0.0,86.0,86.0,1.0,7.849859875667194,7.288148456893415,0.0,0.0,0.1184116192954771,0.7438292073990904,0.5988512029279796,0.43112041334728374,0.3586314111117283,496,1086,-590,590,False,False,False,False,False,Mixed/other profile,High availability,Medium availability,0.2368232385909542,0.0,0.6340417248558434,1.0,1.0,86.0,1.0,22.574836702609023,21.521319327727717,0.5813953488372093,0.12790697674418605,0.48174756564462207,0.872093023255814
020804,ANCASH,CASMA,YAUTAN,4.0,1.0,1.0,0.0,0.0,90.0,90.0,1.0,5.970951757699181,5.942350460942795,0.0,0.0,0.0948614199796975,0.7668284176647271,0.3879948599504601,0.4308449188222123,0.2414281399650788,497,1486,-989,989,True,False,False,False,False,Missing-dominant activity,High availability,Low availability,0.1897228399593951,0.0,0.6668977395210387,1.0,1.0,90.0,1.0,32.14621061945386,33.64794739518804,0.9888888888888889,0.6555555555555556,0.4066593237387526,0.34444444444444444
021305,ANCASH,MARISCAL LUZURIAGA,LLAMA,8.0,0.0,0.0,8.0,8.0,38.0,38.0,1.0,7.981441531862916,7.828281465565453,0.0,0.0,0.1256435287505055,0.7356342861556616,0.9084725455487428,0.43063890745308353,0.5170580371496242,498,374,124,124,False,False,False,False,False,Mixed/other profile,High availability,Very high availability,0.0639112585504727,0.1873757989505383,0.6223346945080881,1.0,1.0,38.0,1.0,1.5695462781169645,1.4385597158303973,0.0,0.0,0.8692464936410611,1.0
120130,JUNIN,HUANCAYO,SAN JERONIMO DE TUNAN,2.0,1.0,1.0,0.0,0.0,5.0,5.0,1.0,3.260873778005561,3.2943328082841155,0.0,0.0,0.0319556292752363,0.8291782924693283,0.8394248267647364,0.4305669608722823,0.43569022801998636,499,534,-35,35,True,False,False,False,False,Missing-dominant activity,High availability,High availability,0.0639112585504727,0.0,0.7559689892418977,1.0,1.0,5.0,1.0,3.2608737780055606,3.2943328082841155,0.0,0.0,0.770606895378195,1.0
100501,HUANUCO,HUAMALIES,LLATA,68.0,0.1470588235294117,0.1470588235294117,401.0,270.0,211.0,211.0,1.0,28.36531652033965,28.45299459025177,0.990521327014218,0.3507109004739336,0.3870806677813115,0.474030400232224,0.6654940696445992,0.4305555340067677,0.5262873687129553,500,358,142,142,False,False,False,False,False,Mixed/other profile,High availability,Very high availability,0.2801596674344196,0.4940016681282034,0.3989195291062916,0.6492890995260663,1.0,211.0,1.0,16.56881714297934,16.86361512211044,0.20853080568720378,0.0,0.5221343852065703,1.0
100313,HUANUCO,DOS DE MAYO,PACHAS,14.0,0.3571428571428571,0.3571428571428571,13.0,13.0,259.0,259.0,1.0,15.816383866854531,15.001983218241344,0.2046332046332046,0.0,0.2022380879563795,0.6584339551746485,0.7596561767881964,0.430336021565514,0.4809471323722879,501,432,69,69,False,False,False,False,False,Mixed/other profile,High availability,High availability,0.1794215862665657,0.2250545896461932,0.5120485073923551,1.0,1.0,259.0,1.0,7.854484886910454,7.256902017420332,0.0,0.0,0.656651681125995,1.0
220908,SAN MARTIN,SAN MARTIN,JUAN GUERRA,21.0,0.0952380952380952,0.0952380952380952,24.0,24.0,39.0,39.0,1.0,14.07722053540802,13.348015402092011,0.1282051282051282,0.0,0.1878987660311491,0.6725955412695885,0.8177306003103706,0.4302471536503688,0.5028146831707598,502,396,106,106,False,False,False,False,False,Mixed/other profile,High availability,High availability,0.1012969481763936,0.2745005838859046,0.5322793446708409,1.0,1.0,39.0,1.0,5.17673839224112,4.129938958801356,0.0,0.0,0.7396151433005295,1.0
210204,PUNO,AZANGARO,ASILLO,0.0,0.0,0.0,0.0,0.0,198.0,198.0,1.0,7.105376047772744,7.403629806319238,0.0,0.0,0.1184116192954771,0.7420331128108482,0.5789057578052605,0.4302223660531626,0.3486586885503688,503,1182,-679,679,False,False,False,False,False,Mixed/other profile,High availability,Low availability,0.2368232385909542,0.0,0.6314758754440688,1.0,1.0,198.0,1.0,24.550451741131894,24.337870667994416,0.7828282828282829,0.14646464646464646,0.46120735963522075,0.8535353535353536
211207,PUNO,SANDIA,SAN JUAN DEL ORO,0.0,0.0,0.0,0.0,0.0,41.0,41.0,1.0,5.952864598150798,6.807745785897987,0.0,0.0,0.1081242044419734,0.7515797541754756,0.25364246413423,0.42985197930872454,0.1808833342881017,504,1602,-1098,1098,False,False,False,False,False,Mixed/other profile,High availability,Very low availability,0.2162484088839469,0.0,0.6451139345363939,1.0,1.0,41.0,1.0,43.228099833188814,43.67699979425282,1.0,1.0,0.3623463773346143,0.0
130908,LA LIBERTAD,SANCHEZ CARRION,SARTIMBAMBA,10.0,1.0,1.0,0.0,0.0,136.0,136.0,1.0,8.787070856435221,7.468665233356942,0.0514705882352941,0.0,0.1184116192954771,0.7410324424931407,0.615404681090639,0.4297220308943089,0.366908150193058,505,1015,-510,510,True,False,False,False,False,Missing-dominant activity,High availability,Medium availability,0.2368232385909542,0.0,0.6300463464187724,1.0,1.0,136.0,1.0,23.384469944213766,23.603447028437103,0.7794117647058824,0.03676470588235294,0.4663344183647784,0.9632352941176471
040202,AREQUIPA,CAMANA,JOSE MARIA QUIMPER,6.0,1.0,1.0,0.0,0.0,9.0,9.0,1.0,4.447590686287984,4.586816251458622,0.0,0.0,0.0639112585504727,0.7950255196806818,0.8073206668995927,0.4294683891155773,0.43561596272503267,506,536,-30,30,True,False,False,False,False,Missing-dominant activity,High availability,High availability,0.1278225171009454,0.0,0.7071793138295455,1.0,1.0,9.0,1.0,4.447590686287984,4.586816251458622,0.0,0.0,0.724743809856561,1.0
140118,LAMBAYEQUE,CHICLAYO,POMALCA,0.0,0.0,0.0,0.0,0.0,21.0,21.0,1.0,6.064052630023936,6.154055971011708,0.0,0.0,0.095866887825709,0.7629292722182532,0.7532198771792389,0.4293980800219811,0.4245433825024739,507,589,-82,82,False,False,False,False,False,Mixed/other profile,High availability,High availability,0.1917337756514181,0.0,0.6613275317403617,1.0,1.0,21.0,1.0,7.989743185044996,7.70414110472516,0.0,0.0,0.6474569673989127,1.0
030218,APURIMAC,ANDAHUAYLAS,TURPO,0.0,0.0,0.0,0.0,0.0,52.0,52.0,1.0,6.403116965779708,6.465907865878471,0.0,0.0,0.1012969481763936,0.7573909145325742,0.6560860525957286,0.4293439313544839,0.3786915003860611,508,927,-419,419,False,False,False,False,False,Mixed/other profile,High availability,Medium availability,0.2025938963527872,0.0,0.6534155921893918,1.0,1.0,52.0,1.0,17.948799684772954,18.295472219148568,0.21153846153846154,0.0,0.5086943608510408,1.0
130608,LA LIBERTAD,OTUZCO,MACHE,0.0,0.0,0.0,0.0,0.0,52.0,52.0,1.0,5.1005413441477705,4.599912537147472,0.0,0.0,0.0639112585504727,0.7947216003938711,0.7838061213529426,0.42931642947217186,0.4238586899517076,509,590,-81,81,False,False,False,False,False,Mixed/other profile,High availability,High availability,0.1278225171009454,0.0,0.706745143419816,1.0,1.0,52.0,1.0,5.897019184967419,5.774230471297525,0.0,0.0,0.6911516019327753,1.0
210203,PUNO,AZANGARO,ARAPA,0.0,0.0,0.0,0.0,0.0,130.0,130.0,1.0,7.023128635910724,6.88384546278928,0.0,0.0,0.1081242044419734,0.75032073523739,0.5930824897127782,0.4292224698396817,0.35060334707737584,510,1161,-651,651,False,False,False,False,False,Mixed/other profile,High availability,Low availability,0.2162484088839469,0.0,0.6433153360534143,1.0,1.0,130.0,1.0,25.906559438999537,26.796769660971286,0.9307692307692308,0.06153846153846154,0.445062897391881,0.9384615384615385
150806,LIMA,HUAURA,HUAURA,12.0,0.0833333333333333,0.0833333333333333,18.0,11.0,54.0,54.0,1.0,16.122734726610545,16.962562197426106,0.3518518518518518,0.037037037037037,0.2259780872522171,0.6323206549730118,0.6853876870257538,0.4291493711126145,0.45568288713898547,511,482,29,29,False,False,False,False,False,Mixed/other profile,High availability,High availability,0.2210966286164087,0.2308595458880256,0.490616808691604,0.962962962962963,1.0,54.0,1.0,11.809044727456614,13.500662093932755,0.1111111111111111,0.018518518518518517,0.5584903465447276,0.9814814814814815
200806,PIURA,SECHURA,RINCONADA-LLICUAR,0.0,0.0,0.0,0.0,0.0,13.0,13.0,1.0,3.4362836485799417,3.3970832025636626,0.0,0.0,0.0319556292752363,0.8261090851532487,0.8365397221512847,0.4290323572142425,0.4342476757132605,512,542,-30,30,False,False,False,False,False,Mixed/other profile,High availability,High availability,0.0639112585504727,0.0,0.7515844073617838,1.0,1.0,13.0,1.0,3.4362836485799417,3.3970832025636626,0.0,0.0,0.7664853173589782,1.0
040116,AREQUIPA,AREQUIPA,SABANDIA,2.0,1.0,1.0,0.0,0.0,19.0,19.0,1.0,3.7314160172808695,3.401738977724437,0.0,0.0,0.0319556292752363,0.8259717187489453,0.840296349651958,0.4289636740120908,0.43612598946359715,513,533,-20,20,True,False,False,False,False,Missing-dominant activity,High availability,High availability,0.0639112585504727,0.0,0.7513881696413505,1.0,1.0,19.0,1.0,3.6585866265775766,3.263769100991846,0.0,0.0,0.7718519280742256,1.0
021003,ANCASH,HUARI,CAJAY,0.0,0.0,0.0,0.0,0.0,82.0,82.0,1.0,5.720714219870554,4.083956937331933,0.0,0.0,0.0506484740881968,0.8072684517264306,0.818829221418641,0.4289584629073137,0.4347388477534189,514,540,-26,26,False,False,False,False,False,Mixed/other profile,High availability,High availability,0.1012969481763936,0.0,0.7246692167520437,1.0,1.0,82.0,1.0,5.706306964965133,4.083956937331933,0.0,0.0,0.74118460202663,1.0
090108,HUANCAVELICA,HUANCAVELICA,IZCUCHACA,8.0,0.0,0.0,10.0,10.0,13.0,13.0,1.0,9.399101202069833,8.763944530788432,0.0,0.0,0.1341999667851113,0.7225584891206329,0.9254676396084291,0.4283792279528721,0.5298338031967702,515,353,162,162,False,False,False,False,False,Mixed/other profile,High availability,Very high availability,0.0639112585504727,0.20448867501975,0.603654984458047,1.0,1.0,13.0,1.0,1.2692616824131968,1.1214977239936905,0.0,0.0,0.8935251994406133,1.0
030106,APURIMAC,ABANCAY,LAMBRAMA,0.0,0.0,0.0,0.0,0.0,107.0,107.0,1.0,8.909907024372801,9.21656235873499,0.0,0.0,0.1400798337172098,0.7166766588270466,0.6577105936765835,0.42837824627212817,0.3988952136968966,516,753,-237,237,False,False,False,False,False,Mixed/other profile,High availability,High availability,0.2801596674344196,0.0,0.5952523697529236,1.0,1.0,107.0,1.0,17.72013578906577,18.040272720193293,0.37383177570093457,0.0,0.5110151338236908,1.0
140311,LAMBAYEQUE,LAMBAYEQUE,SAN JOSE,0.0,0.0,0.0,0.0,0.0,19.0,19.0,1.0,5.732814215296857,5.6411739462862895,0.0,0.0,0.0826041033634331,0.7725853728654122,0.7862265652518867,0.4275947381144226,0.4344153343076599,517,541,-24,24,False,False,False,False,False,Mixed/other profile,High availability,High availability,0.1652082067268663,0.0,0.6751219612363031,1.0,1.0,19.0,1.0,5.7348870986337435,5.6411739462862895,0.0,0.0,0.6946093789312668,1.0
110207,ICA,CHINCHA,PUEBLO NUEVO,4.0,0.5,0.5,2.0,2.0,8.0,8.0,1.0,14.839375169912218,16.164151392145584,0.5,0.0,0.2056166282678048,0.6493334605790937,0.6614469236851204,0.42747504442344925,0.4335317759764626,518,545,-27,27,False,False,False,False,False,Mixed/other profile,High availability,High availability,0.3175453570603406,0.0936878994752691,0.4990478008272768,1.0,1.0,8.0,1.0,16.01100478985924,17.466066882357804,0.5,0.0,0.5163527481216006,1.0
060805,CAJAMARCA,JAEN,HUABAL,24.0,0.5416666666666666,0.5416666666666666,13.0,12.0,31.0,31.0,1.0,16.882922362276364,17.086439949968348,0.0,0.0,0.2121924097404304,0.6425396634719615,0.8128593779937021,0.42736603660619593,0.5125258938670663,519,382,137,137,False,False,False,False,False,Mixed/other profile,High availability,High availability,0.2025938963527872,0.2217909231280735,0.4893423763885164,1.0,1.0,31.0,1.0,4.256440841234809,4.338882865162079,0.0,0.0,0.7326562542767174,1.0
120906,JUNIN,CHUPACA,SAN JUAN DE YSCOS,6.0,1.0,1.0,0.0,0.0,9.0,9.0,1.0,4.8226424029312405,4.814771577708567,0.0,0.0,0.0639112585504727,0.7898344684387986,0.7551453210494716,0.4268728634946356,0.40952828979997213,520,670,-150,150,True,False,False,False,False,Missing-dominant activity,High availability,High availability,0.1278225171009454,0.0,0.6997635263411408,1.0,1.0,9.0,1.0,7.462926178045494,7.567866074077922,0.0,0.0,0.6502076014992453,1.0
080204,CUSCO,ACOMAYO,MOSOC LLACTA,2.0,1.0,1.0,0.0,0.0,21.0,21.0,1.0,4.082659261749833,3.549521609049147,0.0,0.0,0.0319556292752363,0.8216853286837764,0.3624759173320341,0.42682047897950637,0.1972157733036352,521,1564,-1043,1043,True,False,False,False,False,Missing-dominant activity,High availability,Very low availability,0.0639112585504727,0.0,0.7452647552625377,1.0,1.0,21.0,1.0,31.63718526452778,31.8812557149377,1.0,0.7619047619047619,0.4157819227192324,0.23809523809523814
060102,CAJAMARCA,CAJAMARCA,ASUNCION,20.0,0.1,0.1,30.0,27.0,106.0,106.0,1.0,16.50782918627744,16.760806575080537,0.1037735849056603,0.0,0.2080925061852699,0.6448979582295278,0.8376084133683803,0.4264952322073988,0.5228504597768251,522,364,158,158,False,False,False,False,False,Mixed/other profile,High availability,Very high availability,0.1278225171009454,0.2883624952695943,0.4927113688993255,1.0,1.0,106.0,1.0,3.534050499285534,3.3587391480747697,0.0,0.0,0.7680120190976863,1.0
050701,AYACUCHO,PARINACOCHAS,CORACORA,60.0,0.0333333333333333,0.0333333333333333,554.0,401.0,378.0,378.0,1.0,26.417761346200976,27.8652277821501,0.6243386243386243,0.4735449735449735,0.4127013002662175,0.4397967251718185,0.7008624993908534,0.426249012719018,0.5567818998285354,523,304,219,219,False,False,False,False,False,Mixed/other profile,High availability,Very high availability,0.300734497141427,0.5246681033910081,0.4026574531933008,0.5264550264550265,1.0,378.0,1.0,12.757172989862108,12.368482524556246,0.19047619047619047,0.0,0.5726607134155051,1.0
090203,HUANCAVELICA,ACOBAMBA,ANTA,22.0,1.0,1.0,0.0,0.0,69.0,69.0,1.0,7.503983719582098,7.723719665367791,0.0,0.0,0.1145597326386695,0.7371808383547983,0.7644186477982656,0.4258702854967339,0.43948919021846755,524,525,-1,1,True,False,False,False,False,Missing-dominant activity,High availability,High availability,0.2291194652773391,0.0,0.624544054792569,1.0,1.0,69.0,1.0,6.777121723412235,6.940832139151613,0.0,0.0,0.6634552111403795,1.0
021004,ANCASH,HUARI,CHAVIN DE HUANTAR,67.0,0.1343283582089552,0.1343283582089552,300.0,291.0,97.0,97.0,1.0,26.827439813421925,27.333324344338607,0.9381443298969072,0.1649484536082474,0.3168768533674245,0.5347898815252694,0.8012659388819356,0.4258333674463469,0.55907139612468,525,298,227,227,False,False,False,False,False,Mixed/other profile,High availability,Very high availability,0.1483973468079527,0.4853563599268962,0.4061063108682051,0.8350515463917526,1.0,97.0,1.0,6.349220493523721,4.871040114188183,0.061855670103092786,0.0,0.7160941984027651,1.0
040123,AREQUIPA,AREQUIPA,TIABAYA,2.0,1.0,1.0,0.0,0.0,17.0,17.0,1.0,4.93306134663931,4.928551852754571,0.0,0.0,0.0639112585504727,0.7873190943713033,0.8000765022265761,0.425615176460888,0.4319938803885244,526,554,-28,28,True,False,False,False,False,Missing-dominant activity,High availability,High availability,0.1278225171009454,0.0,0.6961701348161476,1.0,1.0,17.0,1.0,4.93306134663931,4.928551852754571,0.0,0.0,0.7143950031808229,1.0
030208,APURIMAC,ANDAHUAYLAS,PACOBAMBA,0.0,0.0,0.0,0.0,0.0,54.0,54.0,1.0,8.299008611081671,6.665084066463122,0.0185185185185185,0.0,0.095866887825709,0.7539734173755708,0.6209620523835422,0.42492015260063987,0.35841447010462557,527,1088,-561,561,False,False,False,False,False,Mixed/other profile,High availability,Medium availability,0.1917337756514181,0.0,0.6485334533936726,1.0,1.0,54.0,1.0,22.588164540944327,22.492257442980645,0.7407407407407407,0.037037037037037035,0.4743902335637905,0.962962962962963
030608,APURIMAC,CHINCHEROS,RANRACANCHA,0.0,0.0,0.0,0.0,0.0,31.0,31.0,1.0,6.464526138394152,6.324735704383242,0.0,0.0,0.0897107931332828,0.7598688398522542,0.7311633602464834,0.4247898164927685,0.4104370766898831,528,663,-135,135,False,False,False,False,False,Mixed/other profile,High availability,High availability,0.1794215862665657,0.0,0.6569554855032202,1.0,1.0,31.0,1.0,9.614350696937164,9.428742057320534,0.0,0.0,0.6159476574949764,1.0
240103,TUMBES,TUMBES,LA CRUZ,6.0,0.3333333333333333,0.3333333333333333,4.0,4.0,6.0,6.0,1.0,10.065809796559448,10.03169960857944,0.0,0.0,0.1428238193754525,0.7067126628482316,0.8176893666130303,0.4247682411118421,0.4802565929942414,529,433,96,96,False,False,False,False,False,Mixed/other profile,High availability,High availability,0.1483973468079527,0.1372502919429523,0.581018089783188,1.0,1.0,6.0,1.0,3.4994406271601854,4.131672840583859,0.0,0.0,0.7395562380186147,1.0
081001,CUSCO,PARURO,PARURO,2.0,1.0,1.0,0.0,0.0,104.0,104.0,1.0,5.405182345541936,5.609664525221573,0.0,0.0,0.0761685751667371,0.77320269367087,0.5962634860140932,0.4246856344188036,0.33621603059041516,530,1278,-748,748,True,False,False,False,False,Missing-dominant activity,High availability,Low availability,0.1523371503334742,0.0,0.676003848101243,1.0,1.0,104.0,1.0,23.31770968443885,22.72332787493601,0.7980769230769231,0.11538461538461539,0.47268410089925406,0.8846153846153846
040407,AREQUIPA,CASTILLA,HUANCARQUI,2.0,1.0,1.0,0.0,0.0,29.0,29.0,1.0,5.7988003939215655,3.709446790367066,0.0344827586206896,0.0,0.0319556292752363,0.8172008653641036,0.8281658511922736,0.42457824731967,0.43006074023375496,531,562,-31,31,True,False,False,False,False,Missing-dominant activity,High availability,High availability,0.0639112585504727,0.0,0.7388583790915766,1.0,1.0,29.0,1.0,5.733293046871433,3.7094467903670663,0.034482758620689655,0.0,0.754522644560391,1.0
021014,ANCASH,HUARI,SAN MARCOS,63.0,0.1428571428571428,0.1428571428571428,192.0,192.0,155.0,155.0,1.0,25.01588614377108,24.155692706778844,0.8129032258064516,0.2709677419354839,0.3305512052413306,0.5184246766110882,0.7936007543067655,0.42448794092620934,0.562075979774048,532,291,241,241,False,False,False,False,False,Mixed/other profile,High availability,Very high availability,0.2123086053584255,0.4487938051242357,0.4281642845596191,0.7290322580645161,1.0,155.0,1.0,6.685421946912063,5.25169559503532,0.012903225806451613,0.0,0.7051439347239508,1.0
160112,LORETO,MAYNAS,BELEN,0.0,0.0,0.0,0.0,0.0,63.0,63.0,1.0,9.61587672504991,8.965547798100099,0.0476190476190476,0.0317460317460317,0.1381099319544491,0.7103818472521519,0.7271829689320741,0.4242458896033005,0.4326464504432616,533,548,-15,15,False,False,False,False,False,Mixed/other profile,High availability,High availability,0.2762198639088982,0.0,0.5998652239656592,0.9682539682539684,1.0,63.0,1.0,9.740420288417607,8.965547798100099,0.047619047619047616,0.031746031746031744,0.6238668263655481,0.9682539682539683
200503,PIURA,PAITA,ARENAL,0.0,0.0,0.0,0.0,0.0,6.0,6.0,1.0,3.805209304351072,3.735253256953179,0.0,0.0,0.0319556292752363,0.8164915253031828,0.6290232402041183,0.42422357728920956,0.3304894347396773,534,1311,-777,777,False,False,False,False,False,Mixed/other profile,High availability,Low availability,0.0639112585504727,0.0,0.7378450361474042,1.0,1.0,6.0,1.0,23.262782467413018,23.086870456964697,1.0,0.0,0.4700332002915977,1.0
130808,LA LIBERTAD,PATAZ,PARCOY,8.0,0.0,0.0,16.0,11.0,86.0,86.0,1.0,23.61741518696191,23.033191966556164,0.6627906976744186,0.1395348837209302,0.2845091622722082,0.5637798034297594,0.27269971696183654,0.42414448285098383,0.27860443961702236,535,1422,-887,887,False,False,False,False,False,Mixed/other profile,High availability,Low availability,0.3427456189216716,0.2262727056227447,0.4366289550657692,0.8604651162790697,1.0,86.0,1.0,37.55105803848937,37.21671132420792,1.0,1.0,0.38957102423119505,0.0
081306,CUSCO,URUBAMBA,OLLANTAYTAMBO,2.0,1.0,1.0,0.0,0.0,113.0,113.0,1.0,9.216065057030525,8.271446999408033,0.0,0.0,0.1184116192954771,0.7292766779904352,0.24337402877412398,0.4238441486429561,0.18089282403480053,536,1601,-1065,1065,True,False,False,False,False,Missing-dominant activity,High availability,Very low availability,0.2368232385909542,0.0,0.6132523971291931,1.0,1.0,113.0,1.0,47.16333111314787,47.599584455158485,1.0,1.0,0.34767718396303426,0.0
150728,LIMA,HUAROCHIRI,SANTA EULALIA,12.0,1.0,1.0,0.0,0.0,28.0,28.0,1.0,6.643492741160379,5.096824185964326,0.0,0.0,0.0639112585504727,0.7836861777474389,0.7966615017289281,0.42379871814895576,0.43028638013970044,537,559,-22,22,True,False,False,False,False,Missing-dominant activity,High availability,High availability,0.1278225171009454,0.0,0.6909802539249128,1.0,1.0,28.0,1.0,6.643492741160379,5.096824185964326,0.0,0.0,0.709516431041326,1.0
100604,HUANUCO,LEONCIO PRADO,JOSE CRESPO Y CASTILLO,2.0,1.0,1.0,0.0,0.0,62.0,62.0,1.0,10.543900546266244,9.091623537430255,0.064516129032258,0.0161290322580645,0.1339237390247836,0.7134350957642186,0.6406213694436922,0.4236794173945011,0.3872725542342379,538,846,-308,308,True,False,False,False,False,Missing-dominant activity,High availability,Medium availability,0.2678474780495672,0.0,0.5975340077737685,0.9838709677419356,1.0,62.0,1.0,18.612375923608273,19.2327112306458,0.45161290322580644,0.03225806451612903,0.5004268411407584,0.967741935483871
090111,HUANCAVELICA,HUANCAVELICA,MARISCAL CACERES,2.0,1.0,1.0,0.0,0.0,1.0,1.0,1.0,3.786512070361228,3.786512070361228,0.0,0.0,0.0319556292752363,0.8150939722545907,0.8261853375272439,0.4235248007649135,0.4290704834012401,539,567,-28,28,True,False,False,False,False,Missing-dominant activity,High availability,High availability,0.0639112585504727,0.0,0.7358485317922725,1.0,1.0,1.0,1.0,3.7865120703612276,3.7865120703612276,0.0,0.0,0.7516933393246342,1.0
021904,ANCASH,SIHUAS,CASHAPAMPA,4.0,1.0,1.0,0.0,0.0,70.0,70.0,1.0,4.474320885172979,4.58162866890048,0.0,0.0,0.0506484740881968,0.79514610248441,0.807434016689135,0.4228972882863034,0.4290412453886659,540,568,-28,28,True,False,False,False,False,Missing-dominant activity,High availability,High availability,0.1012969481763936,0.0,0.7073515749777286,1.0,1.0,70.0,1.0,4.474320885172979,4.58162866890048,0.0,0.0,0.7249057381273356,1.0
220507,SAN MARTIN,LAMAS,RUMISAPA,10.0,1.0,1.0,0.0,0.0,25.0,25.0,1.0,6.231796190217908,6.151563322251159,0.0,0.0,0.0826041033634331,0.7629745064750508,0.8058301489446811,0.42278930491924194,0.44421712615405706,541,512,29,29,True,False,False,False,False,Missing-dominant activity,High availability,High availability,0.1652082067268663,0.0,0.6613921521072155,1.0,1.0,25.0,1.0,4.764354875565766,4.65548174278567,0.0,0.0,0.7226144984924014,1.0
110107,ICA,ICA,PUEBLO NUEVO,8.0,1.0,1.0,0.0,0.0,28.0,28.0,1.0,5.993425422157349,6.157612537721144,0.0,0.0,0.0826041033634331,0.7628647582536913,0.7585794933123556,0.4227344308085622,0.4205917983378944,542,606,-64,64,True,False,False,False,False,Missing-dominant activity,High availability,High availability,0.1652082067268663,0.0,0.6612353689338447,1.0,1.0,28.0,1.0,7.287291830489704,7.330084027992488,0.0,0.0,0.6551135618747939,1.0
060809,CAJAMARCA,JAEN,SALLIQUE,39.0,0.1282051282051282,0.1282051282051282,39.0,39.0,118.0,118.0,1.0,23.453386997947124,24.107019115936403,0.788135593220339,0.0084745762711864,0.2470016640975976,0.5974240236272288,0.865474094877883,0.4222128438624132,0.5562378794877403,543,305,238,238,False,False,False,False,False,Mixed/other profile,High availability,Very high availability,0.1794215862665657,0.3145817419286295,0.4285234235836925,0.9915254237288136,1.0,118.0,1.0,2.6940969049106784,2.468791951676734,0.0,0.0,0.807820135539833,1.0
120409,JUNIN,JAUJA,HUARIPAMPA,2.0,1.0,1.0,0.0,0.0,4.0,4.0,1.0,4.458812112601249,3.901819019572375,0.0,0.0,0.0319556292752363,0.8120041033875918,0.8232808107211087,0.42197986633141404,0.4276182199981725,544,578,-34,34,True,False,False,False,False,Missing-dominant activity,High availability,High availability,0.0639112585504727,0.0,0.7314344334108454,1.0,1.0,4.0,1.0,4.458812112601249,3.9018190195723745,0.0,0.0,0.7475440153158697,1.0
060109,CAJAMARCA,CAJAMARCA,MAGDALENA,21.0,0.5238095238095238,0.5238095238095238,11.0,10.0,140.0,140.0,1.0,13.90795892043596,14.128692024126336,0.0,0.0,0.1782371444655189,0.665718418007559,0.7907432379280385,0.42197778123653895,0.48449019119677866,545,428,117,117,False,False,False,False,False,Mixed/other profile,High availability,High availability,0.1483973468079527,0.2080769421230851,0.5224548828679416,1.0,1.0,140.0,1.0,5.08293918382956,5.399832577706375,0.0,0.0,0.7010617684686264,1.0
130604,LA LIBERTAD,OTUZCO,CHARAT,0.0,0.0,0.0,0.0,0.0,70.0,70.0,1.0,6.493555075101752,5.80564075002428,0.0,0.0,0.0741986734039763,0.7694100088304596,0.6775542032958249,0.421804341117218,0.37587643834990064,546,945,-399,399,False,False,False,False,False,Mixed/other profile,High availability,Medium availability,0.1483973468079527,0.0,0.6705857269006568,1.0,1.0,70.0,1.0,14.95135789138879,15.182424406883493,0.0,0.0,0.5393631475654642,1.0
050406,AYACUCHO,HUANTA,SANTILLANA,0.0,0.0,0.0,0.0,0.0,89.0,89.0,1.0,9.1510663418924,8.57683875378567,0.0786516853932584,0.0,0.1184116192954771,0.725070026920583,0.6224659511681513,0.42174082310803,0.37043878523181417,547,985,-438,438,False,False,False,False,False,Mixed/other profile,High availability,Medium availability,0.2368232385909542,0.0,0.6072428956008329,1.0,1.0,89.0,1.0,19.561029060100736,17.756221619637138,0.3595505617977528,0.12359550561797752,0.5136351469336351,0.8764044943820225
150810,LIMA,HUAURA,SANTA MARIA,2.0,1.0,1.0,0.0,0.0,37.0,37.0,1.0,9.352483565281382,7.820237253061971,0.027027027027027,0.0,0.1061543026792127,0.7357526143770816,0.7516031754000184,0.42095345852814714,0.42887873903961554,548,570,-22,22,True,False,False,False,False,Missing-dominant activity,High availability,High availability,0.2123086053584255,0.0,0.6225037348244025,1.0,1.0,37.0,1.0,7.583781855961134,7.820237253061971,0.0,0.0,0.6451473934285978,1.0
220105,SAN MARTIN,MOYOBAMBA,SORITOR,10.0,1.0,1.0,0.0,0.0,57.0,57.0,1.0,10.37579792111096,9.367076397397405,0.0526315789473684,0.0,0.1268170492549339,0.7147783116963105,0.7386763973121995,0.42079768047562216,0.43274672328356667,549,547,2,2,True,False,False,False,False,Missing-dominant activity,High availability,High availability,0.2536340985098678,0.0,0.5925404452804435,1.0,1.0,57.0,1.0,9.435326688906299,8.805972940518323,0.017543859649122806,0.0,0.6266805675888564,1.0
120212,JUNIN,CONCEPCION,NUEVE DE JULIO,2.0,1.0,1.0,0.0,0.0,8.0,8.0,1.0,3.7715471450232063,4.034036416850279,0.0,0.0,0.0319556292752363,0.8085493105685744,0.8200332494865037,0.42025246992190535,0.42599443938087,550,584,-34,34,True,False,False,False,False,Missing-dominant activity,High availability,High availability,0.0639112585504727,0.0,0.7264990150979634,1.0,1.0,8.0,1.0,3.7715471450232063,4.034036416850279,0.0,0.0,0.7429046421235768,1.0
020602,ANCASH,CARHUAZ,ACOPAMPA,2.0,1.0,1.0,0.0,0.0,35.0,35.0,1.0,4.1352169313908,4.047012436091834,0.0,0.0,0.0319556292752363,0.8082151547459056,0.8327637997182828,0.42008539201057093,0.4323597144967596,551,551,0,0,True,False,False,False,False,Missing-dominant activity,High availability,High availability,0.0639112585504727,0.0,0.7260216496370079,1.0,1.0,35.0,1.0,3.459070835342597,3.535282724743362,0.0,0.0,0.76109114245469,1.0
050604,AYACUCHO,LUCANAS,CARMEN SALCEDO,0.0,0.0,0.0,0.0,0.0,63.0,63.0,1.0,8.414273185397377,6.100222321992262,0.0158730158730158,0.0,0.0761685751667371,0.7639097182244792,0.41087993969870984,0.42003914669560816,0.24352425743272346,552,1481,-929,929,False,False,False,False,False,Mixed/other profile,High availability,Low availability,0.1523371503334742,0.0,0.6627281688921132,1.0,1.0,63.0,1.0,32.17604708620186,32.97062406937553,0.9841269841269841,0.5873015873015873,0.4101005941274086,0.4126984126984127
190108,PASCO,PASCO,SAN FCO DE ASIS DE YARUSYACAN,0.0,0.0,0.0,0.0,0.0,118.0,118.0,1.0,8.692309206067037,8.897535579327034,0.0,0.0,0.1182498797882768,0.7207945610748561,0.7670756138099635,0.41952222043156645,0.44266274679912015,553,518,35,35,False,False,False,False,False,Mixed/other profile,High availability,High availability,0.2364997595765537,0.0,0.6011350872497945,1.0,1.0,118.0,1.0,6.823445894232072,6.769785819459668,0.0,0.0,0.6672508768713764,1.0
081307,CUSCO,URUBAMBA,YUCAY,0.0,0.0,0.0,0.0,0.0,16.0,16.0,1.0,4.398628248936213,4.126378728119213,0.0,0.0,0.0319556292752363,0.8061898415615989,0.5942614959383139,0.4190727354184176,0.3131085626067751,554,1362,-808,808,False,False,False,False,False,Mixed/other profile,High availability,Low availability,0.0639112585504727,0.0,0.7231283450879986,1.0,1.0,16.0,1.0,26.92968503945909,26.46446567402247,1.0,0.0625,0.4471592799118771,0.9375
120121,JUNIN,HUANCAYO,HUAYUCACHI,4.0,1.0,1.0,0.0,0.0,10.0,10.0,1.0,5.260140821245942,4.931561286689265,0.0,0.0,0.0506484740881968,0.7872532211316094,0.8828200513981022,0.41895084760990314,0.4667342627431495,555,460,95,95,True,False,False,False,False,Missing-dominant activity,High availability,High availability,0.1012969481763936,0.0,0.6960760301880136,1.0,1.0,10.0,1.0,2.111097790092231,2.009113709357991,0.0,0.0,0.8326000734258604,1.0
090507,HUANCAVELICA,CHURCAMPA,PAUCARBAMBA,29.0,0.2758620689655172,0.2758620689655172,28.0,28.0,94.0,94.0,1.0,20.75558615178289,20.52519410526586,0.6276595744680851,0.0,0.2177774757154489,0.6199460357450935,0.8371387998528228,0.41886175573027123,0.5274581377841359,556,357,199,199,False,False,False,False,False,Mixed/other profile,High availability,Very high availability,0.1483973468079527,0.2871576046229451,0.4570657653501336,1.0,1.0,94.0,1.0,3.660092010745656,3.3755472668506368,0.0,0.0,0.7673411426468897,1.0
131007,LA LIBERTAD,SANTIAGO DE CHUCO,SANTA CRUZ DE CHUCA,0.0,0.0,0.0,0.0,0.0,35.0,35.0,1.0,6.245897146792051,5.605459003601736,0.0,0.0,0.0639112585504727,0.7732853092001033,0.7491140860040593,0.41859828387528797,0.40651267227726595,557,692,-135,135,False,False,False,False,False,Mixed/other profile,High availability,High availability,0.1278225171009454,0.0,0.676121870285862,1.0,1.0,35.0,1.0,8.544361903290604,8.002014548412687,0.0,0.0,0.6415915514343704,1.0
080407,CUSCO,CALCA,TARAY,0.0,0.0,0.0,0.0,0.0,31.0,31.0,1.0,5.377575416573188,5.626524560700007,0.0,0.0,0.0639112585504727,0.7728720130166651,0.7337372520104593,0.41839163578356886,0.39882425528046594,558,755,-197,197,False,False,False,False,False,Mixed/other profile,High availability,Medium availability,0.1278225171009454,0.0,0.6755314471666645,1.0,1.0,31.0,1.0,9.080535708717695,9.211055685473692,0.0,0.0,0.6196246457292276,1.0
040302,AREQUIPA,CARAVELI,ACARI,87.0,0.0229885057471264,0.0229885057471264,651.0,503.0,48.0,48.0,1.0,25.456291945054428,23.672165243612927,0.7083333333333334,0.2916666666666667,0.3212830264907894,0.5147342742825711,0.6539372907469903,0.4180086503866802,0.4876101586188898,559,422,137,137,False,False,False,False,False,Mixed/other profile,High availability,High availability,0.1012969481763936,0.5412691048051852,0.4317632489751017,0.7083333333333333,1.0,48.0,1.0,14.839779610889723,16.726056772115818,0.375,0.041666666666666664,0.5234818439242718,0.9583333333333334
200109,PIURA,PIURA,LA ARENA,0.0,0.0,0.0,0.0,0.0,47.0,47.0,1.0,7.767708607529551,7.900619636409349,0.0,0.0,0.1012969481763936,0.7345750296319429,0.7523757438398171,0.4179359889041682,0.4268363460081053,560,580,-20,20,False,False,False,False,False,Mixed/other profile,High availability,High availability,0.2025938963527872,0.0,0.6208214709027756,1.0,1.0,47.0,1.0,7.635167034715881,7.764566810567998,0.0,0.0,0.6462510626283102,1.0
140114,LAMBAYEQUE,CHICLAYO,SANTA ROSA,2.0,1.0,1.0,0.0,0.0,4.0,4.0,1.0,4.354339651447994,4.223513067318329,0.0,0.0,0.0319556292752363,0.8037533620505777,0.804701862195188,0.417854495662907,0.41832874573521217,561,616,-55,55,True,False,False,False,False,Missing-dominant activity,High availability,High availability,0.0639112585504727,0.0,0.7196476600722539,1.0,1.0,4.0,1.0,4.77253985291693,4.708020551963958,0.0,0.0,0.72100266027884,1.0
060408,CAJAMARCA,CHOTA,CONCHAN,0.0,0.0,0.0,0.0,0.0,45.0,45.0,1.0,7.938027129234839,7.578632284418247,0.0,0.0,0.095866887825709,0.739357784626285,0.7819819483414534,0.41761233622599697,0.4389244180835812,562,529,33,33,False,False,False,False,False,Mixed/other profile,High availability,High availability,0.1917337756514181,0.0,0.6276539780375501,1.0,1.0,48.0,1.0,6.102928860275619,5.876267560627005,0.0,0.0,0.6885456404877905,1.0
080401,CUSCO,CALCA,CALCA,0.0,0.0,0.0,0.0,0.0,154.0,154.0,1.0,9.43067006437571,9.892200702722402,0.0,0.0,0.1268170492549339,0.7083645176702382,0.42679738341210993,0.41759078346258605,0.2768072163335219,563,1424,-861,861,False,False,False,False,False,Mixed/other profile,High availability,Low availability,0.2536340985098678,0.0,0.5833778823860547,1.0,1.0,154.0,1.0,29.94051230562884,31.00847169132549,0.9545454545454546,0.5584415584415584,0.4204712156351107,0.4415584415584416
200206,PIURA,AYABACA,PACAIPAMPA,0.0,0.0,0.0,0.0,0.0,185.0,185.0,1.0,11.710039947769442,11.685038729342532,0.0432432432432432,0.0,0.1455098940678943,0.6885857010911847,0.24468744499182454,0.41704779757953947,0.19509866952985944,564,1569,-1005,1005,False,False,False,False,False,Mixed/other profile,High availability,Very low availability,0.2910197881357887,0.0,0.555122430130264,1.0,1.0,185.0,1.0,46.14036190459422,47.07925163237707,1.0,1.0,0.34955349284546366,0.0
080705,CUSCO,CHUMBIVILCAS,LIVITACA,18.0,1.0,1.0,0.0,0.0,233.0,233.0,1.0,10.616410697049677,10.007262571575998,0.0772532188841201,0.0,0.1268170492549339,0.7070005157531352,0.2538304195092423,0.4169087825040345,0.1903237343820881,565,1579,-1014,1014,True,False,False,False,False,Missing-dominant activity,High availability,Very low availability,0.2536340985098678,0.0,0.5814293082187645,1.0,1.0,233.0,1.0,42.93204197962014,43.60823186902873,1.0,1.0,0.36261488501320327,0.0
090714,HUANCAVELICA,TAYACAJA,SALCABAMBA,27.0,0.4444444444444444,0.4444444444444444,15.0,15.0,70.0,70.0,1.0,18.36144846275511,18.620800688731183,0.3428571428571428,0.0,0.2008250700205512,0.6319701346131317,0.8294350539755819,0.4163976023168414,0.5151300619980665,566,380,186,186,False,False,False,False,False,Mixed/other profile,High availability,High availability,0.1652082067268663,0.2364419333142362,0.474243049447331,1.0,1.0,70.0,1.0,3.4392570553019297,3.6607134985542418,0.0,0.0,0.7563357913936885,1.0
020201,ANCASH,AIJA,AIJA,28.0,0.0,0.0,39.0,39.0,99.0,99.0,1.0,17.1407231626337,16.98190676326627,0.1515151515151515,0.0,0.1892465002395511,0.6432920520640714,0.8242595585925208,0.41626927615181125,0.506753029416036,567,390,177,177,False,False,False,False,False,Mixed/other profile,High availability,High availability,0.0639112585504727,0.3145817419286295,0.4904172172343877,1.0,1.0,99.0,1.0,4.452452260920053,3.862656641396761,0.0,0.0,0.7489422265607439,1.0
060907,CAJAMARCA,SAN IGNACIO,TABACONAS,91.0,0.1538461538461538,0.1538461538461538,83.0,83.0,104.0,104.0,1.0,26.908822262908696,26.943732631700264,0.9519230769230768,0.1634615384615384,0.2950807889042235,0.5370331638986139,0.7998508977281958,0.4160569764014187,0.5474658433162096,568,323,245,245,False,False,False,False,False,Mixed/other profile,High availability,Very high availability,0.2123086053584255,0.3778529724500215,0.4086737506243935,0.8365384615384616,1.0,104.0,1.0,4.68393008745963,4.939523695165073,0.0,0.0,0.7140727110402798,1.0
210702,PUNO,LAMPA,CABANILLA,0.0,0.0,0.0,0.0,0.0,193.0,193.0,1.0,8.788995076227838,8.676979258519404,0.0,0.0,0.1081242044419734,0.7237197903660234,0.5707041770033968,0.4159219974039984,0.3394141907226851,569,1260,-691,691,False,False,False,False,False,Mixed/other profile,High availability,Low availability,0.2162484088839469,0.0,0.6053139862371764,1.0,1.0,193.0,1.0,23.85647935793459,24.19111530442567,0.6787564766839378,0.17616580310880828,0.4622198827657704,0.8238341968911918
100317,HUANUCO,DOS DE MAYO,RIPAN,0.0,0.0,0.0,0.0,0.0,107.0,107.0,1.0,5.585793383348822,5.899626102511234,0.0,0.0,0.0639112585504727,0.7676297115916952,0.6995375854757417,0.41577048507108394,0.3817244220131072,570,894,-324,324,False,False,False,False,False,Mixed/other profile,High availability,Medium availability,0.1278225171009454,0.0,0.6680424451309932,1.0,1.0,107.0,1.0,12.43718582447299,12.514434985251118,0.0,0.0,0.5707679792510596,1.0
081212,CUSCO,QUISPICANCHI,QUIQUIJANA,4.0,1.0,1.0,0.0,0.0,165.0,165.0,1.0,7.440174072839414,7.767800073321414,0.0,0.0,0.0948614199796975,0.736526606009615,0.23265504635732995,0.41569401299465625,0.16375823316851373,571,1660,-1089,1089,True,False,False,False,False,Missing-dominant activity,High availability,Very low availability,0.1897228399593951,0.0,0.6236094371565928,1.0,1.0,165.0,1.0,50.75288062761065,52.06213836458976,1.0,1.0,0.3323643519390428,0.0
010309,AMAZONAS,BONGARA,SAN CARLOS,0.0,0.0,0.0,0.0,0.0,32.0,32.0,1.0,6.262710564204494,4.404956317444096,0.0,0.0,0.0319556292752363,0.7993211011456259,0.8113585830863028,0.4156383652104311,0.42165710618076957,572,599,-27,27,False,False,False,False,False,Mixed/other profile,High availability,High availability,0.0639112585504727,0.0,0.7133158587794657,1.0,1.0,32.0,1.0,6.262710564204494,4.404956317444096,0.0,0.0,0.7305122615518613,1.0
190106,PASCO,PASCO,PALLANCHACRA,0.0,0.0,0.0,0.0,0.0,53.0,53.0,1.0,7.418275362207682,7.843598072610093,0.0,0.0,0.095866887825709,0.7354092807414521,0.7512804362188237,0.4156380842835805,0.4235736620222663,573,591,-18,18,False,False,False,False,False,Mixed/other profile,High availability,High availability,0.1917337756514181,0.0,0.6220132582020743,1.0,1.0,53.0,1.0,7.418275362207682,7.843598072610093,0.0,0.0,0.6446863374554624,1.0
110105,ICA,ICA,PACHACUTEC,4.0,1.0,1.0,0.0,0.0,26.0,26.0,1.0,5.704338739834532,5.256736431027296,0.0,0.0,0.0506484740881968,0.7803255000742587,0.7022647595661538,0.4154869870812278,0.3764566168271753,574,942,-368,368,True,False,False,False,False,Missing-dominant activity,High availability,Medium availability,0.1012969481763936,0.0,0.6861792858203697,1.0,1.0,26.0,1.0,12.182425033772358,12.215726204987142,0.0,0.0,0.5746639422373626,1.0
120902,JUNIN,CHUPACA,AHUAC,6.0,1.0,1.0,0.0,0.0,39.0,39.0,1.0,5.753253234417337,5.286526768063004,0.0,0.0,0.0506484740881968,0.7797089352704407,0.7166872307496226,0.4151787046793188,0.3836678524189097,575,875,-300,300,True,False,False,False,False,Missing-dominant activity,High availability,Medium availability,0.1012969481763936,0.0,0.6852984789577724,1.0,1.0,39.0,1.0,11.278747180440762,10.742402762902879,0.0,0.0,0.595267472499461,1.0
090709,HUANCAVELICA,TAYACAJA,HUARIBAMBA,18.0,0.8333333333333334,0.8333333333333334,5.0,5.0,32.0,32.0,1.0,15.209807763634489,14.40036137720277,0.09375,0.0,0.166109984535197,0.6634082061656912,0.7512114141775619,0.4147590953504441,0.45866069935637943,576,473,103,103,False,False,False,False,False,Mixed/other profile,High availability,High availability,0.1794215862665657,0.1527983828038282,0.5191545802367017,1.0,1.0,32.0,1.0,7.3896349402633685,7.848602118226797,0.0,0.0,0.6445877345393742,1.0
200408,PIURA,MORROPON,SANTA CATALINA DE MOSSA,0.0,0.0,0.0,0.0,0.0,40.0,40.0,1.0,7.583754002502178,7.130496997970588,0.0,0.0,0.0826041033634331,0.7463220051756605,0.599163104432322,0.41446305426954677,0.34088360389787753,577,1254,-677,677,False,False,False,False,False,Mixed/other profile,High availability,Low availability,0.1652082067268663,0.0,0.6376028645366578,1.0,1.0,40.0,1.0,25.49503535374721,26.20647156907569,0.85,0.05,0.4488044349033171,0.95
120602,JUNIN,SATIPO,COVIRIALI,12.0,1.0,1.0,0.0,0.0,45.0,45.0,1.0,7.606017564561188,7.618289259399476,0.0,0.0,0.0897107931332828,0.7387591212715813,0.774654326391415,0.41423495720243203,0.4321825597623489,578,553,25,25,True,False,False,False,False,Missing-dominant activity,High availability,High availability,0.1794215862665657,0.0,0.6267987446736876,1.0,1.0,45.0,1.0,6.763639834287782,6.301869255147392,0.0,0.0,0.6780776091305928,1.0
021710,ANCASH,RECUAY,TICAPAMPA,4.0,1.0,1.0,0.0,0.0,63.0,63.0,1.0,6.274745812669518,5.381153215159704,0.0158730158730158,0.0,0.0506484740881968,0.7777696729450497,0.7910998913380456,0.4142090735166233,0.4208741827131212,579,605,-26,26,True,False,False,False,False,Missing-dominant activity,High availability,High availability,0.1012969481763936,0.0,0.682528104207214,1.0,1.0,63.0,1.0,6.1408768724955465,5.381153215159704,0.0,0.0,0.7015712733400651,1.0
030706,APURIMAC,GRAU,MICAELA BASTIDAS,0.0,0.0,0.0,0.0,0.0,21.0,21.0,1.0,5.429399138874254,4.538991381884198,0.0,0.0,0.0319556292752363,0.7961414522534671,0.23818886125400338,0.4140485407643517,0.13507224526461983,580,1787,-1207,1207,False,False,False,False,False,Mixed/other profile,High availability,Very low availability,0.0639112585504727,0.0,0.7087735032192388,1.0,1.0,21.0,1.0,49.04551338143527,49.70936586438816,1.0,1.0,0.3402698017914334,0.0
210210,PUNO,AZANGARO,SAMAN,14.0,1.0,1.0,0.0,0.0,63.0,63.0,1.0,7.837938880370214,8.099114557682793,0.0,0.0,0.095866887825709,0.7317120784351927,0.6106083652957504,0.41378948313045083,0.35323762656072966,581,1141,-560,560,True,False,False,False,False,Missing-dominant activity,High availability,Low availability,0.1917337756514181,0.0,0.616731540621704,1.0,1.0,63.0,1.0,21.981794685307506,22.045129017417246,0.6190476190476191,0.07936507936507936,0.4777398415789631,0.9206349206349207
100301,HUANUCO,DOS DE MAYO,LA UNION,2.0,1.0,1.0,0.0,0.0,77.0,77.0,1.0,7.932770367251921,8.045595068805167,0.0,0.0,0.0948614199796975,0.7324778094288393,0.6741541871808416,0.41366961470426844,0.3845078035802696,582,868,-286,286,True,False,False,False,False,Missing-dominant activity,High availability,Medium availability,0.1897228399593951,0.0,0.617825442041199,1.0,1.0,77.0,1.0,15.588882533299833,15.63969270559139,0.11688311688311688,0.0,0.5345059816869168,1.0
081101,CUSCO,PAUCARTAMBO,PAUCARTAMBO,6.0,1.0,1.0,0.0,0.0,183.0,183.0,1.0,10.080877107880903,9.026794891698172,0.0601092896174863,0.0,0.1081242044419734,0.7191103472440111,0.24594387670803056,0.41361727584299224,0.177034040575002,583,1613,-1030,1030,True,False,False,False,False,Missing-dominant activity,High availability,Very low availability,0.2162484088839469,0.0,0.5987290674914445,1.0,1.0,183.0,1.0,47.646155082185615,46.586708671823125,1.0,1.0,0.35134839529718653,0.0
020508,ANCASH,BOLOGNESI,HUALLANCA,23.0,0.0,0.0,31.0,31.0,238.0,238.0,1.0,18.897216282843917,18.93318108403895,0.4159663865546218,0.0084033613445378,0.1984246824095944,0.6273988346574819,0.7228143815471821,0.4129117585335382,0.4606195319783883,584,470,114,114,False,False,False,False,False,Mixed/other profile,High availability,High availability,0.1012969481763936,0.2955524166427953,0.4713140615154905,0.9915966386554622,1.0,238.0,1.0,11.035742628027084,10.167309106891745,0.06722689075630252,0.0,0.6040205450674031,1.0
051005,AYACUCHO,VICTOR FAJARDO,CANARIA,17.0,0.3529411764705882,0.3529411764705882,12.0,12.0,166.0,166.0,1.0,17.16127860348749,17.241539665061936,0.3012048192771084,0.0,0.1835660635377348,0.6414312917797034,0.7028357773427816,0.41249867765871906,0.44320092044025816,585,516,69,69,False,False,False,False,False,Mixed/other profile,High availability,High availability,0.1483973468079527,0.2187347802675168,0.4877589882567191,1.0,1.0,166.0,1.0,11.37294440235883,12.154023178531336,0.030120481927710843,0.0,0.5754796819182594,1.0
010204,AMAZONAS,BAGUA,EL PARCO,0.0,0.0,0.0,0.0,0.0,12.0,12.0,1.0,6.438040413369451,6.318956558580094,0.0,0.0,0.0639112585504727,0.7599712931901609,0.774369125946679,0.4119412758703168,0.4191401922485758,586,613,-27,27,False,False,False,False,False,Mixed/other profile,High availability,High availability,0.1278225171009454,0.0,0.6571018474145156,1.0,1.0,12.0,1.0,6.438040413369451,6.318956558580094,0.0,0.0,0.6776701799238272,1.0
080308,CUSCO,ANTA,PUCYURA,0.0,0.0,0.0,0.0,0.0,37.0,37.0,1.0,5.178992397805265,4.72557112464757,0.0,0.0,0.0319556292752363,0.7918411110728927,0.6751511012363497,0.4118983701740645,0.353553365255793,587,1136,-549,549,False,False,False,False,False,Mixed/other profile,High availability,Low availability,0.0639112585504727,0.0,0.702630158675561,1.0,1.0,37.0,1.0,15.043998777148582,15.504294880381742,0.0,0.0,0.5359301446233568,1.0
140111,LAMBAYEQUE,CHICLAYO,PICSI,2.0,1.0,1.0,0.0,0.0,20.0,20.0,1.0,6.483116835385306,6.929176460719404,0.0,0.0,0.0741986734039763,0.7495765267336281,0.7555786866676903,0.4118876000688022,0.41488868003583335,588,633,-45,45,True,False,False,False,False,Missing-dominant activity,High availability,High availability,0.1483973468079527,0.0,0.6422521810480403,1.0,1.0,20.0,1.0,7.67381788412853,7.537489574098254,0.0,0.0,0.6508266952395577,1.0
080402,CUSCO,CALCA,COYA,0.0,0.0,0.0,0.0,0.0,35.0,35.0,1.0,6.136140942236639,5.623871553370782,0.0,0.0,0.0506484740881968,0.7729239913830246,0.6686743861388909,0.4117862327356107,0.35966143011354385,589,1080,-491,491,False,False,False,False,False,Mixed/other profile,High availability,Medium availability,0.1012969481763936,0.0,0.6756057019757495,1.0,1.0,35.0,1.0,16.033766613602662,16.40402176378429,0.0,0.0,0.5266776944841299,1.0
080906,CUSCO,LA CONVENCION,QUELLOUNO,1.0,1.0,1.0,0.0,0.0,207.0,207.0,1.0,13.247867385788592,12.399010424800611,0.178743961352657,0.0144927536231884,0.1455098940678943,0.677130200788949,0.4895103415531953,0.41132004742842165,0.3175101178105448,590,1355,-765,765,True,False,False,False,False,Missing-dominant activity,High availability,Low availability,0.2910197881357887,0.0,0.5449686098227223,0.9855072463768116,1.0,207.0,1.0,26.450084509035374,26.53495199429378,0.6666666666666666,0.4106280193236715,0.44671249621470976,0.5893719806763285
050405,AYACUCHO,HUANTA,LURICOCHA,0.0,0.0,0.0,0.0,0.0,77.0,77.0,1.0,6.526943828014958,6.4046710358729815,0.0,0.0,0.0639112585504727,0.7584599701794947,0.7856136694368584,0.4111856143649837,0.4247624639936656,591,588,3,3,False,False,False,False,False,Mixed/other profile,High availability,High availability,0.1278225171009454,0.0,0.6549428145421354,1.0,1.0,77.0,1.0,6.387545871446822,5.674616877440834,0.0,0.0,0.6937338134812263,1.0
080503,CUSCO,CANAS,KUNTURKANKI,2.0,1.0,1.0,0.0,0.0,140.0,140.0,1.0,7.2712666261634675,7.164576601507143,0.0,0.0,0.0761685751667371,0.7457790651334559,0.5878862889243461,0.41097382015009654,0.33202743204554164,592,1299,-707,707,True,False,False,False,False,Missing-dominant activity,High availability,Low availability,0.1523371503334742,0.0,0.6368272359049372,1.0,1.0,140.0,1.0,26.13061744981786,26.332190554627246,0.9785714285714285,0.08571428571428572,0.4480008209123313,0.9142857142857143
200304,PIURA,HUANCABAMBA,HUARMACA,0.0,0.0,0.0,0.0,0.0,426.0,426.0,1.0,15.759284829962947,14.18714286751635,0.3286384976525822,0.1009389671361502,0.1867168894749414,0.6349361924428272,0.6179411669060882,0.41082654095888427,0.4023290281905148,593,718,-125,125,False,False,False,False,False,Mixed/other profile,High availability,High availability,0.3734337789498829,0.0,0.521739832262389,0.8990610328638498,1.0,426.0,1.0,19.44802635924018,18.651265062329795,0.42018779342723006,0.11971830985915492,0.5055095140911925,0.8802816901408451
180104,MOQUEGUA,MARISCAL NIETO,SAMEGUA,2.0,1.0,1.0,0.0,0.0,32.0,32.0,1.0,7.288071047717678,6.457385224332146,0.0,0.0,0.0639112585504727,0.7575391740674426,0.7720828945589664,0.41072521630895764,0.4179970765547195,594,618,-24,24,True,False,False,False,False,Missing-dominant activity,High availability,High availability,0.1278225171009454,0.0,0.6536273915249181,1.0,1.0,32.0,1.0,7.288071047717678,6.457385224332146,0.0,0.0,0.6744041350842378,1.0
090704,HUANCAVELICA,TAYACAJA,AHUAYCHA,15.0,1.0,1.0,0.0,0.0,53.0,53.0,1.0,7.259055952553498,7.621196386491879,0.0,0.0,0.0826041033634331,0.7387153435907959,0.7818345177600268,0.41065972347711455,0.4322193105617299,595,552,43,43,True,False,False,False,False,Missing-dominant activity,High availability,High availability,0.1652082067268663,0.0,0.6267362051297085,1.0,1.0,53.0,1.0,6.026722523414694,5.884581069618836,0.0,0.0,0.6883350253714668,1.0
110110,ICA,ICA,SAN JUAN BAUTISTA,6.0,1.0,1.0,0.0,0.0,46.0,46.0,1.0,7.030203459220365,6.478696027663458,0.0,0.0,0.0639112585504727,0.757168769374782,0.7717347081454777,0.4105400139626273,0.4178229833479752,596,619,-23,23,True,False,False,False,False,Missing-dominant activity,High availability,High availability,0.1278225171009454,0.0,0.6530982419639744,1.0,1.0,46.0,1.0,7.1194693252288,6.478696027663458,0.0,0.0,0.6739067259221111,1.0
021207,ANCASH,HUAYLAS,PUEBLO LIBRE,12.0,1.0,1.0,0.0,0.0,75.0,75.0,1.0,7.912695720300119,8.173835895941034,0.0,0.0,0.0897107931332828,0.7306505016388197,0.746807106746594,0.41018064738605126,0.4182589499399384,597,617,-20,20,True,False,False,False,False,Missing-dominant activity,High availability,High availability,0.1794215862665657,0.0,0.6152150023411711,1.0,1.0,75.0,1.0,7.912695720300119,8.173835895941034,0.0,0.0,0.6382958667808487,1.0
120801,JUNIN,YAULI,LA OROYA,8.0,1.0,1.0,0.0,0.0,70.0,70.0,1.0,11.75220045209361,13.148113295023723,0.0,0.0,0.1455098940678943,0.6744167162036996,0.4145445943853954,0.40996330513579693,0.2800272442266449,598,1419,-821,821,True,False,False,False,False,Missing-dominant activity,High availability,Low availability,0.2910197881357887,0.0,0.5348810231481422,1.0,1.0,70.0,1.0,30.491291459713985,30.952187768869308,1.0,0.6,0.42077799197913635,0.4
022006,ANCASH,YUNGAY,RANRAHIRCA,4.0,1.0,1.0,0.0,0.0,28.0,28.0,1.0,5.966389968699006,5.845856205973532,0.0,0.0,0.0506484740881968,0.7686452455835239,0.7825227817573646,0.40964685983586036,0.4165856279227807,599,628,-29,29,True,False,False,False,False,Missing-dominant activity,High availability,High availability,0.1012969481763936,0.0,0.6694932079764627,1.0,1.0,28.0,1.0,5.966389968699006,5.845856205973532,0.0,0.0,0.689318259653378,1.0
090502,HUANCAVELICA,CHURCAMPA,ANCO,13.0,0.5384615384615384,0.5384615384615384,7.0,7.0,111.0,111.0,1.0,15.30141902695332,15.281224806947124,0.036036036036036,0.0,0.162864398396815,0.656188381653098,0.7899005990242096,0.4095263900249565,0.4763824987105123,600,440,160,160,False,False,False,False,False,Mixed/other profile,High availability,High availability,0.1483973468079527,0.1773314499856771,0.5088405452187116,1.0,1.0,111.0,1.0,5.305811625486131,5.444182433541103,0.0,0.0,0.6998579986060138,1.0
150604,LIMA,HUARAL,AUCALLAMA,0.0,0.0,0.0,0.0,0.0,75.0,75.0,1.0,10.160565229638795,8.001477581837124,0.1066666666666666,0.0133333333333333,0.0897107931332828,0.7291124354807854,0.7451213644535452,0.4094116143070341,0.41741607879341397,601,621,-20,20,False,False,False,False,False,Mixed/other profile,High availability,High availability,0.1794215862665657,0.0,0.6187320506868363,0.9866666666666668,1.0,75.0,1.0,10.160565229638797,8.001477581837124,0.10666666666666667,0.013333333333333334,0.6416019492193503,0.9866666666666667
051002,AYACUCHO,VICTOR FAJARDO,ALCAMENCA,4.0,1.0,1.0,0.0,0.0,36.0,36.0,1.0,7.209492759347547,6.695126228997388,0.0,0.0,0.0639112585504727,0.7534656700841906,0.7962534043088547,0.40868846431733163,0.4300823314296637,602,561,41,41,True,False,False,False,False,Missing-dominant activity,High availability,High availability,0.1278225171009454,0.0,0.6478081001202725,1.0,1.0,36.0,1.0,5.115015831685842,5.117249823431546,0.0,0.0,0.7089334347269353,1.0
030710,APURIMAC,GRAU,SANTA ROSA,0.0,0.0,0.0,0.0,0.0,10.0,10.0,1.0,5.726569414123142,5.950377809707853,0.0,0.0,0.0506484740881968,0.7666784154501316,0.24413822857999334,0.4086634447691642,0.14739335133409506,603,1734,-1131,1131,False,False,False,False,False,Mixed/other profile,High availability,Very low availability,0.1012969481763936,0.0,0.6666834506430452,1.0,1.0,10.0,1.0,47.178989133270534,47.296152161599856,1.0,1.0,0.3487688979714191,0.0
022005,ANCASH,YUNGAY,QUILLO,8.0,1.0,1.0,0.0,0.0,119.0,119.0,1.0,9.377951479252204,9.825344965925355,0.0168067226890756,0.0,0.1081242044419734,0.7091636934980969,0.4007902114024013,0.4086439489700352,0.25445720792218735,604,1465,-861,861,True,False,False,False,False,Missing-dominant activity,High availability,Low availability,0.2162484088839469,0.0,0.5845195621401384,1.0,1.0,119.0,1.0,30.830330683280003,31.522257401836484,0.9915966386554622,0.6386554621848739,0.4176955000826621,0.3613445378151261
120304,JUNIN,CHANCHAMAYO,SAN LUIS DE SHUARO,8.0,0.875,0.875,2.0,2.0,59.0,59.0,1.0,11.194401905372423,10.958739387622815,0.0,0.0,0.1210426231416109,0.6962389736721459,0.7749638719192118,0.4086407984068784,0.4480032475304113,605,499,106,106,False,False,False,False,False,Mixed/other profile,High availability,High availability,0.1483973468079527,0.0936878994752691,0.5660556766744943,1.0,1.0,59.0,1.0,6.135312904269334,6.283368500583082,0.0,0.0,0.6785198170274456,1.0
021302,ANCASH,MARISCAL LUZURIAGA,CASCA,2.0,1.0,1.0,0.0,0.0,64.0,64.0,1.0,4.929140779236075,5.029658752315422,0.0,0.0,0.0319556292752363,0.7851240769268835,0.7980131502586838,0.4085398531010599,0.41498438976696006,606,632,-26,26,True,False,False,False,False,Missing-dominant activity,High availability,High availability,0.0639112585504727,0.0,0.6930343956098336,1.0,1.0,64.0,1.0,4.929140779236075,5.029658752315422,0.0,0.0,0.7114473575124054,1.0
120215,JUNIN,CONCEPCION,SANTA ROSA DE OCOPA,4.0,1.0,1.0,0.0,0.0,11.0,11.0,1.0,5.793366932134765,5.979628377577389,0.0,0.0,0.0506484740881968,0.7661332897435464,0.7801615025616788,0.40839088191587164,0.41540498832493783,607,630,-23,23,True,False,False,False,False,Missing-dominant activity,High availability,High availability,0.1012969481763936,0.0,0.6659046996336377,1.0,1.0,11.0,1.0,5.793366932134765,5.979628377577389,0.0,0.0,0.6859450036595411,1.0
061006,CAJAMARCA,SAN MARCOS,JOSE MANUEL QUIROZ,10.0,0.0,0.0,17.0,13.0,73.0,73.0,1.0,14.807404841391184,14.009164904990415,0.0410958904109589,0.0,0.1496649090685358,0.6667480200469627,0.8450343286499953,0.4082064645577492,0.49734961885926554,608,405,203,203,False,False,False,False,False,Mixed/other profile,High availability,High availability,0.0639112585504727,0.235418559586599,0.5239257429242324,1.0,1.0,73.0,1.0,3.214777162565129,3.1013774313876996,0.0,0.0,0.7786204694999932,1.0
090409,HUANCAVELICA,CASTROVIRREYNA,MOLLEPAMPA,7.0,0.1428571428571428,0.1428571428571428,6.0,6.0,132.0,132.0,1.0,13.579567788105336,12.287835749626534,0.0757575757575757,0.0,0.1336205272470139,0.6825595209920691,0.8454822374759328,0.4080900241195415,0.48955138236147333,609,418,191,191,False,False,False,False,False,Mixed/other profile,High availability,High availability,0.1012969481763936,0.1659441063176342,0.5465136014172416,1.0,1.0,132.0,1.0,3.327728352841527,3.086349330518874,0.0,0.0,0.7792603392513326,1.0
110402,ICA,PALPA,LLIPATA,2.0,1.0,1.0,0.0,0.0,22.0,22.0,1.0,5.838859128882489,5.106013397409319,0.0,0.0,0.0319556292752363,0.7834906850551426,0.7964777354302213,0.4077231571651895,0.4142166823527288,610,638,-28,28,True,False,False,False,False,Missing-dominant activity,High availability,High availability,0.0639112585504727,0.0,0.6907009786502037,1.0,1.0,22.0,1.0,5.838859128882489,5.106013397409319,0.0,0.0,0.709253907757459,1.0
050404,AYACUCHO,HUANTA,IGUAIN,0.0,0.0,0.0,0.0,0.0,34.0,34.0,1.0,6.960193482068141,6.818924106930271,0.0,0.0,0.0639112585504727,0.7513940493256106,0.7663063777202339,0.4076526539380416,0.4151088181353533,611,631,-20,20,False,False,False,False,False,Mixed/other profile,High availability,High availability,0.1278225171009454,0.0,0.6448486418937295,1.0,1.0,34.0,1.0,6.960193482068141,6.818924106930271,0.0,0.0,0.6661519681717627,1.0
061203,CAJAMARCA,SAN PABLO,SAN LUIS,4.0,1.0,1.0,0.0,0.0,15.0,15.0,1.0,6.059018506267777,6.080195949923763,0.0,0.0,0.0506484740881968,0.7642763470097734,0.7784159463002766,0.40746241054898513,0.4145322101942367,612,637,-25,25,True,False,False,False,False,Missing-dominant activity,High availability,High availability,0.1012969481763936,0.0,0.6632519242996764,1.0,1.0,15.0,1.0,6.586636593991809,6.080195949923763,0.0,0.0,0.683451351857538,1.0
211209,PUNO,SANDIA,ALTO INAMBARI,0.0,0.0,0.0,0.0,0.0,85.0,85.0,1.0,12.94352163877495,10.757407968825577,0.2235294117647059,0.0588235294117647,0.1339237390247836,0.6807958097427552,0.30488429899331215,0.4073597743837694,0.21940401900904788,613,1526,-913,913,False,False,False,False,False,Mixed/other profile,High availability,Very low availability,0.2678474780495672,0.0,0.5692040979518352,0.9411764705882352,1.0,85.0,1.0,38.83993228243546,40.53800786459898,1.0,0.8588235294117647,0.3750447968812023,0.14117647058823535
060112,CAJAMARCA,CAJAMARCA,SAN JUAN,3.0,0.0,0.0,3.0,3.0,43.0,43.0,1.0,8.613257672339982,8.711537519919005,0.0,0.0,0.0910661126037954,0.7232570676822605,0.8410264894660475,0.40716159014302794,0.46604630103492145,614,462,152,152,False,False,False,False,False,Mixed/other profile,High availability,High availability,0.0639112585504727,0.1182209666571181,0.6046529538318008,1.0,1.0,43.0,1.0,3.027549930383772,3.2383311232504886,0.0,0.0,0.7728949849514967,1.0
080205,CUSCO,ACOMAYO,POMACANCHI,6.0,1.0,1.0,0.0,0.0,132.0,132.0,1.0,9.157880433143909,10.094033807193,0.0,0.0,0.1081242044419734,0.7059812831756023,0.24022356153974925,0.40705274380878786,0.17417388299086134,615,1623,-1008,1008,True,False,False,False,False,Missing-dominant activity,High availability,Very low availability,0.2162484088839469,0.0,0.5799732616794319,1.0,1.0,132.0,1.0,48.4556835146704,48.870767105084525,1.0,1.0,0.3431765164853561,0.0
120213,JUNIN,CONCEPCION,ORCOTUNA,4.0,1.0,1.0,0.0,0.0,6.0,6.0,1.0,5.900079998334559,6.15286527864148,0.0,0.0,0.0506484740881968,0.7629508778225027,0.7771699837850864,0.40679967595534977,0.4139092289366416,616,639,-23,23,True,False,False,False,False,Missing-dominant activity,High availability,High availability,0.1012969481763936,0.0,0.6613583968892897,1.0,1.0,6.0,1.0,6.016199542189539,6.15286527864148,0.0,0.0,0.6816714054072663,1.0
021808,ANCASH,SANTA,SANTA,4.0,1.0,1.0,0.0,0.0,25.0,25.0,1.0,9.62835139907713,9.603239118762287,0.0,0.0,0.1012969481763936,0.7118545782716377,0.8158946681206101,0.4065757632240156,0.4585958081485018,617,474,143,143,True,False,False,False,False,Missing-dominant activity,High availability,High availability,0.2025938963527872,0.0,0.5883636832451968,1.0,1.0,25.0,1.0,4.111669524381874,4.207710710517444,0.0,0.0,0.7369923830294429,1.0
120603,JUNIN,SATIPO,LLAYLLA,7.0,0.7142857142857143,0.7142857142857143,3.0,2.0,35.0,35.0,1.0,10.573868205622142,10.18613766728854,0.0285714285714285,0.0285714285714285,0.1166870769270843,0.6963366690733999,0.8314124530312883,0.40651187300024205,0.47404976497918627,618,442,176,176,False,False,False,False,False,Mixed/other profile,High availability,High availability,0.1278225171009454,0.1055516367532232,0.578440139492612,0.9714285714285714,1.0,35.0,1.0,4.531300798991727,3.585790695636325,0.02857142857142857,0.0,0.7591606471875548,1.0
210706,PUNO,LAMPA,PALCA,0.0,0.0,0.0,0.0,0.0,65.0,65.0,1.0,8.175592937746204,7.752713187236865,0.0,0.0,0.0761685751667371,0.7367501515064006,0.49688444949595567,0.40645936333656885,0.2865265123313464,619,1406,-787,787,False,False,False,False,False,Mixed/other profile,High availability,Low availability,0.1523371503334742,0.0,0.6239287878662865,1.0,1.0,65.0,1.0,28.19803063497886,27.69731642017765,0.9076923076923077,0.36923076923076925,0.4395052575216949,0.6307692307692307
022004,ANCASH,YUNGAY,MATACOTO,2.0,1.0,1.0,0.0,0.0,46.0,46.0,1.0,5.657718714162752,5.238987739103576,0.0,0.0,0.0319556292752363,0.7806942383706628,0.7938490302305445,0.40632493382294954,0.41290232975289043,620,646,-26,26,True,False,False,False,False,Missing-dominant activity,High availability,High availability,0.0639112585504727,0.0,0.6867060548152326,1.0,1.0,46.0,1.0,5.657718714162752,5.238987739103576,0.0,0.0,0.7054986146150637,1.0
020110,ANCASH,HUARAZ,PARIACOTO,6.0,1.0,1.0,0.0,0.0,51.0,51.0,1.0,9.548063835230082,10.241300291958346,0.0,0.0,0.1081242044419734,0.7042695707926063,0.4555891877632188,0.4061968876172899,0.2818566961025961,621,1414,-793,793,True,False,False,False,False,Missing-dominant activity,High availability,Low availability,0.2162484088839469,0.0,0.5775279582751519,1.0,1.0,51.0,1.0,31.071342330701572,28.899093333812182,1.0,0.49019607843137253,0.43235430184661516,0.5098039215686274
210208,PUNO,AZANGARO,MUÑANI,0.0,0.0,0.0,0.0,0.0,95.0,95.0,1.0,10.981604185969273,9.263321429622083,0.1263157894736842,0.0,0.0948614199796975,0.716083935292607,0.3777451826073325,0.4054726776361523,0.23630330129351498,622,1496,-874,874,False,False,False,False,False,Mixed/other profile,High availability,Low availability,0.1897228399593951,0.0,0.5944056218465815,1.0,1.0,95.0,1.0,32.766498510632935,32.348926303316055,1.0,0.7052631578947368,0.4133201856796479,0.2947368421052632
190110,PASCO,PASCO,TICLACAYAN,16.0,0.75,0.75,4.0,4.0,208.0,208.0,1.0,16.09234422489471,15.440872419287045,0.1394230769230769,0.0288461538461538,0.1644920337971852,0.6462679404834696,0.6927953497314383,0.4053799871403274,0.4286436917643117,623,572,51,51,False,False,False,False,False,Mixed/other profile,High availability,High availability,0.1917337756514181,0.1372502919429523,0.507031123767594,0.971153846153846,1.0,208.0,1.0,11.639419833016957,12.304356616185515,0.052884615384615384,0.028846153846153848,0.5734988512646921,0.9711538461538461
061107,CAJAMARCA,SAN MIGUEL,LLAPA,20.0,1.0,1.0,0.0,0.0,39.0,39.0,1.0,11.096637109220016,9.442800100778433,0.1025641025641025,0.0,0.095866887825709,0.7138336478567885,0.7309989916752885,0.4048502678412487,0.4134329397504987,624,643,-19,19,True,False,False,False,False,Missing-dominant activity,High availability,High availability,0.1917337756514181,0.0,0.5911909255096979,1.0,1.0,39.0,1.0,10.945488921531977,9.442800100778431,0.10256410256410256,0.0,0.6157128452504121,1.0
021602,ANCASH,POMABAMBA,HUAYLLAN,6.0,1.0,1.0,0.0,0.0,49.0,49.0,1.0,8.195343962183044,7.190332632921541,0.0,0.0,0.0639112585504727,0.7453702337762196,0.7606438934882047,0.4046407461633461,0.4122775760193387,625,648,-23,23,True,False,False,False,False,Missing-dominant activity,High availability,High availability,0.1278225171009454,0.0,0.6362431911088853,1.0,1.0,49.0,1.0,8.186183067634138,7.190332632921541,0.0,0.0,0.6580627049831496,1.0
081303,CUSCO,URUBAMBA,HUAYLLABAMBA,0.0,0.0,0.0,0.0,0.0,41.0,41.0,1.0,5.635189514161504,5.441831754926645,0.0,0.0,0.0319556292752363,0.7765412094344561,0.6326726738664787,0.40424841935484623,0.33231415157085753,626,1297,-671,671,False,False,False,False,False,Mixed/other profile,High availability,Low availability,0.0639112585504727,0.0,0.6807731563349375,1.0,1.0,41.0,1.0,22.121440825547413,22.377114694789608,0.926829268292683,0.0,0.47524667695211265,1.0
050507,AYACUCHO,LA MAR,SANTA ROSA,0.0,0.0,0.0,0.0,0.0,47.0,47.0,1.0,8.443652869202706,8.526195340395052,0.0,0.0,0.0826041033634331,0.7257582586137086,0.7600147618124672,0.4041811809885708,0.4213094325879502,627,602,25,25,False,False,False,False,False,Mixed/other profile,High availability,High availability,0.1652082067268663,0.0,0.6082260837338694,1.0,1.0,47.0,1.0,7.120939609023242,7.2326720460558,0.0,0.0,0.6571639454463818,1.0
061005,CAJAMARCA,SAN MARCOS,ICHOCAN,3.0,0.6666666666666666,0.6666666666666666,2.0,1.0,21.0,21.0,1.0,8.70774986465573,7.64959862852325,0.0,0.0,0.0698713702173754,0.7382884164964236,0.8651596748121615,0.40407989335689953,0.46751552251476847,628,454,174,174,False,False,False,False,False,Mixed/other profile,High availability,High availability,0.0639112585504727,0.0758314818842781,0.6261263092806053,1.0,1.0,21.0,1.0,3.0414843091845887,2.4777420912917383,0.0,0.0,0.8073709640173735,1.0
021508,ANCASH,PALLASCA,PALLASCA,7.0,0.4285714285714285,0.4285714285714285,16.0,5.0,103.0,103.0,1.0,15.305626341680163,14.883075142954642,0.0194174757281553,0.0,0.1485219531521261,0.659402097435783,0.6278727190015572,0.4039620252939546,0.38819733607684165,629,830,-201,201,False,False,False,False,False,Mixed/other profile,High availability,Medium availability,0.1012969481763936,0.1957469581278587,0.5134315677654044,1.0,1.0,103.0,1.0,23.16125223839681,23.315065269312342,0.941747572815534,0.0,0.46838959857365325,1.0
120421,JUNIN,JAUJA,MUQUIYAUYO,2.0,1.0,1.0,0.0,0.0,8.0,8.0,1.0,7.43235603373949,7.285381222036567,0.0,0.0,0.0639112585504727,0.7438725529018825,0.7592360491964909,0.4038919057261776,0.41157365387348177,630,652,-22,22,True,False,False,False,False,Missing-dominant activity,High availability,High availability,0.1278225171009454,0.0,0.6341036470026893,1.0,1.0,8.0,1.0,7.43235603373949,7.285381222036567,0.0,0.0,0.65605149885213,1.0
060703,CAJAMARCA,HUALGAYOC,HUALGAYOC,26.0,1.0,1.0,0.0,0.0,75.0,75.0,1.0,12.711453388260644,12.562596853873275,0.0266666666666666,0.0,0.1278225171009454,0.6799028843569528,0.7017172940738018,0.4038627007289491,0.4147699055873736,631,635,-4,4,True,False,False,False,False,Missing-dominant activity,High availability,High availability,0.2556450342018909,0.0,0.5427184062242183,1.0,1.0,75.0,1.0,12.35471023991655,12.275155977851323,0.02666666666666667,0.0,0.5738818486768598,1.0
120210,JUNIN,CONCEPCION,MATAHUASI,6.0,1.0,1.0,0.0,0.0,17.0,17.0,1.0,6.506284539367985,7.301144937055634,0.0,0.0,0.0639112585504727,0.7436258261169817,0.7590041220204902,0.40376854233372717,0.4114576902854814,632,654,-22,22,True,False,False,False,False,Missing-dominant activity,High availability,High availability,0.1278225171009454,0.0,0.6337511801671167,1.0,1.0,17.0,1.0,6.506284539367985,7.301144937055634,0.0,0.0,0.655720174314986,1.0
120129,JUNIN,HUANCAYO,SAN AGUSTIN,4.0,1.0,1.0,0.0,0.0,13.0,13.0,1.0,6.740744122838065,6.498853661938281,0.0,0.0,0.0506484740881968,0.7568193780750652,0.7714062746618768,0.403733926081631,0.41102737437503684,633,656,-23,23,True,False,False,False,False,Missing-dominant activity,High availability,High availability,0.1012969481763936,0.0,0.6525991115358074,1.0,1.0,13.0,1.0,6.740744122838065,6.498853661938281,0.0,0.0,0.6734375352312527,1.0
211210,PUNO,SANDIA,SAN PEDRO DE PUTINA PUNCO,0.0,0.0,0.0,0.0,0.0,69.0,69.0,1.0,11.68951779452668,12.537790879964083,0.144927536231884,0.0,0.1268170492549339,0.6801405103425018,0.21258977985783578,0.4034787797987178,0.16970341455638482,634,1643,-1009,1009,False,False,False,False,False,Mixed/other profile,High availability,Very low availability,0.2536340985098678,0.0,0.5430578719178597,1.0,1.0,69.0,1.0,60.34876379604932,61.5465372834216,1.0,1.0,0.303699685511194,0.0
240106,TUMBES,TUMBES,SAN JUAN DE LA VIRGEN,0.0,0.0,0.0,0.0,0.0,9.0,9.0,1.0,8.931685036326465,8.031610078412498,0.0,0.0,0.0741986734039763,0.7326786465577086,0.7687808731321442,0.4034386599808425,0.42148977326806025,635,601,34,34,False,False,False,False,False,Mixed/other profile,High availability,High availability,0.1483973468079527,0.0,0.618112352225298,1.0,1.0,9.0,1.0,8.715483242221179,6.661953272447977,0.0,0.0,0.6696869616173489,1.0
060614,CAJAMARCA,CUTERVO,SOCOTA,34.0,1.0,1.0,0.0,0.0,54.0,54.0,1.0,14.196152285371111,13.238619398104689,0.037037037037037,0.0,0.13325257745163,0.6735890085691368,0.7566734459825766,0.4034207930103834,0.4449630117171033,636,505,131,131,True,False,False,False,False,Missing-dominant activity,High availability,High availability,0.26650515490326,0.0,0.5336985836701955,1.0,1.0,54.0,1.0,7.884802549726889,7.461231888362927,0.0,0.0,0.6523906371179666,1.0
220508,SAN MARTIN,LAMAS,SAN ROQUE DE CUMBAZA,10.0,1.0,1.0,0.0,0.0,10.0,10.0,1.0,9.379363670047844,8.662198107805263,0.1,0.0,0.0826041033634331,0.7239182094156159,0.7783250866251934,0.40326115638952453,0.4304645949943132,637,558,79,79,True,False,False,False,False,Missing-dominant activity,High availability,High availability,0.1652082067268663,0.0,0.6055974420223085,1.0,1.0,10.0,1.0,6.939061481620135,6.085470188721491,0.1,0.0,0.6833215523217049,1.0
220206,SAN MARTIN,BELLAVISTA,SAN RAFAEL,10.0,1.0,1.0,0.0,0.0,55.0,55.0,1.0,8.855849947449943,8.714544239361437,0.0,0.0,0.0826041033634331,0.7232168866833829,0.8070329924479716,0.40291049502340803,0.4448185479057023,638,506,132,132,True,False,False,False,False,Missing-dominant activity,High availability,High availability,0.1652082067268663,0.0,0.6045955524048328,1.0,1.0,55.0,1.0,5.152193392880979,4.600003657159257,0.0,0.0,0.7243328463542451,1.0
220509,SAN MARTIN,LAMAS,SHANAO,2.0,1.0,1.0,0.0,0.0,20.0,20.0,1.0,5.750361294170804,5.577226446721323,0.0,0.0,0.0319556292752363,0.773841290286659,0.7874071479799319,0.4028984597809477,0.40968138862758413,639,669,-30,30,True,False,False,False,False,Missing-dominant activity,High availability,High availability,0.0639112585504727,0.0,0.6769161289809416,1.0,1.0,20.0,1.0,5.750361294170804,5.577226446721323,0.0,0.0,0.6962959256856172,1.0
200804,PIURA,SECHURA,CRISTO NOS VALGA,0.0,0.0,0.0,0.0,0.0,14.0,14.0,1.0,9.454717368511597,6.610035092758807,0.0,0.0,0.0506484740881968,0.7549089943650563,0.769610483016805,0.4027787342266266,0.4101294785525009,640,665,-25,25,False,False,False,False,False,Mixed/other profile,High availability,High availability,0.1012969481763936,0.0,0.6498699919500805,1.0,1.0,14.0,1.0,9.454717368511597,6.610035092758807,0.0,0.0,0.6708721185954358,1.0
010604,AMAZONAS,RODRIGUEZ DE MENDOZA,HUAMBO,0.0,0.0,0.0,0.0,0.0,41.0,41.0,1.0,7.237350865607317,7.445023566814672,0.0,0.0,0.0639112585504727,0.7413953141656533,0.7569074046409172,0.40265328635806297,0.4104093315956949,641,664,-23,23,False,False,False,False,False,Mixed/other profile,High availability,High availability,0.1278225171009454,0.0,0.6305647345223618,1.0,1.0,41.0,1.0,7.237350865607317,7.4450235668146725,0.0,0.0,0.652724863772739,1.0
120904,JUNIN,CHUPACA,HUACHAC,8.0,1.0,1.0,0.0,0.0,13.0,13.0,1.0,7.677681844869159,8.143110631356135,0.0,0.0,0.0741986734039763,0.7310859693843019,0.6998703815304089,0.40264232139413914,0.38703452746719263,642,848,-206,206,True,False,False,False,False,Missing-dominant activity,High availability,Medium availability,0.1483973468079527,0.0,0.6158370991204313,1.0,1.0,13.0,1.0,12.60568981578382,12.477625007232593,0.0,0.0,0.5712434021862985,1.0
022003,ANCASH,YUNGAY,MANCOS,10.0,1.0,1.0,0.0,0.0,62.0,62.0,1.0,8.585475327682845,8.770423342210826,0.0,0.0,0.0826041033634331,0.7224723879562316,0.7391195473590761,0.4025382456598323,0.4108618253612546,643,659,-16,16,True,False,False,False,False,Missing-dominant activity,High availability,High availability,0.1652082067268663,0.0,0.6035319827946166,1.0,1.0,62.0,1.0,8.585475327682845,8.770423342210826,0.0,0.0,0.6273136390843945,1.0
090506,HUANCAVELICA,CHURCAMPA,LOCROJA,10.0,1.0,1.0,0.0,0.0,44.0,44.0,1.0,8.439421859496953,8.175227473421806,0.0,0.0,0.0741986734039763,0.7306308134156194,0.7211810474590994,0.4024147434097979,0.39768986043153787,644,763,-119,119,True,False,False,False,False,Missing-dominant activity,High availability,Medium availability,0.1483973468079527,0.0,0.6151868763080277,1.0,1.0,44.0,1.0,10.311417479951077,10.31780172629103,0.0,0.0,0.6016872106558564,1.0
010607,AMAZONAS,RODRIGUEZ DE MENDOZA,MARISCAL BENAVIDES,0.0,0.0,0.0,0.0,0.0,22.0,22.0,1.0,6.88910685526196,6.663389227864816,0.0,0.0,0.0506484740881968,0.7540021213793159,0.7687580077143817,0.40232529773375636,0.4097032409012893,645,668,-23,23,False,False,False,False,False,Mixed/other profile,High availability,High availability,0.1012969481763936,0.0,0.6485744591133085,1.0,1.0,22.0,1.0,6.88910685526196,6.6633892278648155,0.0,0.0,0.6696542967348311,1.0
021304,ANCASH,MARISCAL LUZURIAGA,FIDEL OLIVAS ESCUDERO,5.0,0.4,0.4,4.0,4.0,51.0,51.0,1.0,11.69288222894414,12.004136228499728,0.0,0.0,0.1192736200596729,0.6853608578135426,0.8149053673378452,0.40231723893660776,0.4670894936987591,646,455,191,191,False,False,False,False,False,Mixed/other profile,High availability,High availability,0.1012969481763936,0.1372502919429523,0.5505155111622039,1.0,1.0,51.0,1.0,4.30927377396176,4.2501061001886695,0.0,0.0,0.735579096196922,1.0
220605,SAN MARTIN,MARISCAL CACERES,PAJARILLO,14.0,1.0,1.0,0.0,0.0,87.0,87.0,1.0,10.214274961296208,8.312984977783852,0.1149425287356321,0.0229885057471264,0.0826041033634331,0.7217998833874577,0.7607755693149794,0.4022019933754454,0.4216898363392062,647,598,49,49,True,False,False,False,False,Missing-dominant activity,High availability,High availability,0.1652082067268663,0.0,0.6124234787308509,0.9770114942528736,1.0,87.0,1.0,7.852283694893517,7.1814986836525705,0.0,0.0,0.6582508133071134,1.0
010305,AMAZONAS,BONGARA,CUISPES,0.0,0.0,0.0,0.0,0.0,44.0,44.0,1.0,7.214928670275409,6.700851209474938,0.0,0.0,0.0506484740881968,0.7533691361967194,0.7681629913852508,0.4020088051424581,0.4094057327367238,648,671,-23,23,False,False,False,False,False,Mixed/other profile,High availability,High availability,0.1012969481763936,0.0,0.647670194566742,1.0,1.0,44.0,1.0,7.433240252619516,6.700851209474938,0.0,0.0,0.6688042734075013,1.0
200507,PIURA,PAITA,VICHAYAL,0.0,0.0,0.0,0.0,0.0,17.0,17.0,1.0,8.14212914739356,7.541514376874211,0.0,0.0,0.0639112585504727,0.739920630798768,0.6200186833375367,0.40191594467462033,0.3419649709440047,649,1242,-593,593,False,False,False,False,False,Mixed/other profile,High availability,Low availability,0.1278225171009454,0.0,0.6284580439982401,1.0,1.0,17.0,1.0,24.87520953996575,24.93166455743343,1.0,0.0,0.45716954762505246,1.0
010515,AMAZONAS,LUYA,PROVIDENCIA,0.0,0.0,0.0,0.0,0.0,20.0,20.0,1.0,8.194119006558015,7.54663934265975,0.0,0.0,0.0639112585504727,0.7398427717895274,0.44721157731451333,0.4018770151700001,0.255561417932493,650,1464,-814,814,False,False,False,False,False,Mixed/other profile,High availability,Low availability,0.1278225171009454,0.0,0.6283468168421821,1.0,1.0,20.0,1.0,29.56418290769409,30.261367942255866,1.0,0.5,0.4245879675921619,0.5
060306,CAJAMARCA,CELENDIN,JOSE GALVEZ,0.0,0.0,0.0,0.0,0.0,27.0,27.0,1.0,7.000255837931462,6.721569548212259,0.0,0.0,0.0506484740881968,0.7530203850254158,0.7711498195902003,0.4018344295568063,0.4108991468391986,651,658,-7,7,False,False,False,False,False,Mixed/other profile,High availability,High availability,0.1012969481763936,0.0,0.647171978607737,1.0,1.0,27.0,1.0,6.891613599962827,6.514631383070728,0.0,0.0,0.6730711708431434,1.0
020603,ANCASH,CARHUAZ,AMASHCA,4.0,1.0,1.0,0.0,0.0,29.0,29.0,1.0,6.36831582205598,6.7232543908238735,0.0,0.0,0.0506484740881968,0.7529920652758019,0.7678085386091746,0.40182026968199935,0.40922850634868574,652,674,-22,22,True,False,False,False,False,Missing-dominant activity,High availability,High availability,0.1012969481763936,0.0,0.6471315218225742,1.0,1.0,29.0,1.0,6.36831582205598,6.7232543908238735,0.0,0.0,0.6682979122988211,1.0
060107,CAJAMARCA,CAJAMARCA,LLACANORA,6.0,1.0,1.0,0.0,0.0,61.0,61.0,1.0,5.912708036286964,5.694915872411341,0.0,0.0,0.0319556292752363,0.7715392080772249,0.7864946408305025,0.4017474186762306,0.4092251350528694,653,675,-22,22,True,False,False,False,False,Missing-dominant activity,High availability,High availability,0.0639112585504727,0.0,0.6736274401103213,1.0,1.0,61.0,1.0,5.249622719685811,5.626599007610513,0.0,0.0,0.6949923440435751,1.0
090202,HUANCAVELICA,ACOBAMBA,ANDABAMBA,8.0,1.0,1.0,0.0,0.0,55.0,55.0,1.0,8.29568456541321,8.274196580467553,0.0,0.0,0.0741986734039763,0.7292381888995271,0.7840915480172518,0.4017184311517517,0.42914511071061406,654,566,88,88,True,False,False,False,False,Missing-dominant activity,High availability,High availability,0.1483973468079527,0.0,0.6131974127136102,1.0,1.0,55.0,1.0,6.402286631338435,5.758402390029615,0.0,0.0,0.6915593543103598,1.0
061004,CAJAMARCA,SAN MARCOS,GREGORIO PITA,10.0,0.9,0.9,1.0,1.0,72.0,72.0,1.0,11.6616701115493,11.457686923920487,0.0277777777777777,0.0,0.1121593450277127,0.6909332298412545,0.7979473979746359,0.4015462874344836,0.4550533715011743,655,483,172,172,False,False,False,False,False,Mixed/other profile,High availability,High availability,0.1652082067268663,0.059110483328559,0.5584760426303637,1.0,1.0,72.0,1.0,5.057125238616304,5.032908893468308,0.0,0.0,0.7113534256780513,1.0
120404,JUNIN,JAUJA,ATAURA,2.0,1.0,1.0,0.0,0.0,2.0,2.0,1.0,5.716469910658601,5.716469910658601,0.0,0.0,0.0319556292752363,0.7711219849254265,0.7848509568741786,0.4015388071003314,0.40840329307470746,656,679,-23,23,True,False,False,False,False,Missing-dominant activity,High availability,High availability,0.0639112585504727,0.0,0.6730314070363236,1.0,1.0,2.0,1.0,5.716469910658601,5.716469910658601,0.0,0.0,0.6926442241059696,1.0
120908,JUNIN,CHUPACA,TRES DE DICIEMBRE,2.0,1.0,1.0,0.0,0.0,3.0,3.0,1.0,5.500291060373893,5.7288624148144685,0.0,0.0,0.0319556292752363,0.7708827080731283,0.833174098976321,0.4014191686741823,0.43256486412577866,657,549,108,108,True,False,False,False,False,Missing-dominant activity,High availability,High availability,0.0639112585504727,0.0,0.672689582961612,1.0,1.0,3.0,1.0,3.5672274515955475,3.5200577446295807,0.0,0.0,0.7616772842518873,1.0
050113,AYACUCHO,HUAMANGA,TAMBILLO,8.0,1.0,1.0,0.0,0.0,66.0,66.0,1.0,7.868210523813535,8.358949482277692,0.0,0.0,0.0741986734039763,0.7280573669560345,0.7452499276726321,0.40112802018000543,0.4097243005383042,658,667,-9,9,True,False,False,False,False,Missing-dominant activity,High availability,High availability,0.1483973468079527,0.0,0.6115105242229065,1.0,1.0,66.0,1.0,7.574317077820938,8.291663036660482,0.0,0.0,0.6360713252466172,1.0
051007,AYACUCHO,VICTOR FAJARDO,COLCA,4.0,1.0,1.0,0.0,0.0,23.0,23.0,1.0,6.683298682004533,6.82240190234261,0.0,0.0,0.0506484740881968,0.7513363270424271,0.766252117838655,0.400992400565312,0.4084502959634259,659,678,-19,19,True,False,False,False,False,Missing-dominant activity,High availability,High availability,0.1012969481763936,0.0,0.6447661814891817,1.0,1.0,23.0,1.0,6.683298682004533,6.82240190234261,0.0,0.0,0.6660744540552215,1.0
080603,CUSCO,CANCHIS,COMBAPATA,4.0,1.0,1.0,0.0,0.0,85.0,85.0,1.0,9.751349527236666,10.010694969778546,0.0,0.0,0.0948614199796975,0.7069600457096328,0.6040839082176703,0.40091073284466516,0.34947266409868394,660,1176,-516,516,True,False,False,False,False,Missing-dominant activity,High availability,Low availability,0.1897228399593951,0.0,0.581371493870904,1.0,1.0,85.0,1.0,24.392653133681577,23.841257166576998,0.9411764705882353,0.07058823529411765,0.46465768400843666,0.9294117647058824
220702,SAN MARTIN,PICOTA,BUENOS AIRES,19.0,0.3157894736842105,0.3157894736842105,15.0,15.0,61.0,61.0,1.0,21.41181719861304,22.362087800092663,0.7213114754098361,0.0,0.1924196400610945,0.6093164496907708,0.7157553313646902,0.40086804487593264,0.4540874857128923,661,485,176,176,False,False,False,False,False,Mixed/other profile,High availability,High availability,0.1483973468079527,0.2364419333142362,0.4418806424153869,1.0,1.0,61.0,1.0,10.164211067737188,10.83242859340152,0.0,0.0,0.5939361876638432,1.0
130611,LA LIBERTAD,OTUZCO,SALPO,0.0,0.0,0.0,0.0,0.0,84.0,84.0,1.0,9.40574251293413,8.447479824169175,0.0,0.0,0.0741986734039763,0.7268352802062434,0.7052310190479172,0.4005169768051099,0.38971484622594676,662,826,-164,164,False,False,False,False,False,Mixed/other profile,High availability,Medium availability,0.1483973468079527,0.0,0.6097646860089193,1.0,1.0,84.0,1.0,12.94409564117461,11.898321346721918,0.07142857142857142,0.0,0.5789014557827388,1.0
220506,SAN MARTIN,LAMAS,PINTO RECODO,21.0,1.0,1.0,0.0,0.0,48.0,48.0,1.0,11.072587783123836,10.675010873655612,0.0208333333333333,0.0,0.1012969481763936,0.6993557399675174,0.7821686970306476,0.4003263440719555,0.4417328226035206,663,522,141,141,True,False,False,False,False,Missing-dominant activity,High availability,High availability,0.2025938963527872,0.0,0.5705081999535964,1.0,1.0,48.0,1.0,6.257762254601956,5.865751341021333,0.0,0.0,0.6888124243294966,1.0
051108,AYACUCHO,VILCAS HUAMAN,VISCHONGO,14.0,1.0,1.0,0.0,0.0,63.0,63.0,1.0,10.48586233652746,9.696123517345445,0.0,0.0,0.0897107931332828,0.7107224596068569,0.6750135638636061,0.40021662637006983,0.38236217849844445,664,886,-222,222,True,False,False,False,False,Missing-dominant activity,High availability,Medium availability,0.1794215862665657,0.0,0.5867463708669385,1.0,1.0,63.0,1.0,15.229459674720822,15.522909069168024,0.015873015873015872,0.0,0.5357336626622946,1.0
140104,LAMBAYEQUE,CHICLAYO,ETEN PUERTO,0.0,0.0,0.0,0.0,0.0,1.0,1.0,1.0,5.861401762445011,5.861401762445011,0.0,0.0,0.0319556292752363,0.7683508245014725,0.7401238431470597,0.4001532268883544,0.386039736211148,665,855,-190,190,False,False,False,False,False,Mixed/other profile,High availability,Medium availability,0.0639112585504727,0.0,0.6690726064306751,1.0,1.0,1.0,1.0,8.69033476622522,8.69033476622522,0.0,0.0,0.6287483473529425,1.0
140204,LAMBAYEQUE,FERRE?AFE,MANUEL ANTONIO MESONES MURO,2.0,1.0,1.0,0.0,0.0,43.0,43.0,1.0,6.035105458848149,5.89161406337327,0.0,0.0,0.0319556292752363,0.7677805294680344,0.7706098390778408,0.3998680793716354,0.40128273417653854,666,726,-60,60,True,False,False,False,False,Missing-dominant activity,High availability,High availability,0.0639112585504727,0.0,0.6682578992400492,1.0,1.0,43.0,1.0,7.293569857225927,6.547960877476871,0.0,0.0,0.6722997701112011,1.0
120429,JUNIN,JAUJA,SAN PEDRO DE CHUNAN,2.0,1.0,1.0,0.0,0.0,5.0,5.0,1.0,5.924896269108852,5.920098170277003,0.0,0.0,0.0319556292752363,0.7672451413442585,0.7812066610838425,0.3996003853097474,0.4065811451795394,667,690,-23,23,True,False,False,False,False,Missing-dominant activity,High availability,High availability,0.0639112585504727,0.0,0.6674930590632264,1.0,1.0,5.0,1.0,5.924896269108852,5.920098170277003,0.0,0.0,0.6874380872626322,1.0
030702,APURIMAC,GRAU,CURPAHUASI,0.0,0.0,0.0,0.0,0.0,40.0,40.0,1.0,8.56678438609038,8.584549511802686,0.0,0.0,0.0741986734039763,0.7249655589499651,0.252720402235657,0.3995821161769707,0.16345953781981665,668,1661,-993,993,False,False,False,False,False,Mixed/other profile,High availability,Very low availability,0.1483973468079527,0.0,0.6070936556428073,1.0,1.0,40.0,1.0,44.03583283627155,44.015896765058194,1.0,1.0,0.3610291460509386,0.0
080403,CUSCO,CALCA,LAMAY,0.0,0.0,0.0,0.0,0.0,109.0,109.0,1.0,9.123644546918667,8.616498851556928,0.0,0.0,0.0741986734039763,0.7245335921404529,0.6063249139089872,0.3993661327722146,0.3402617936564818,669,1259,-590,590,False,False,False,False,False,Mixed/other profile,High availability,Low availability,0.1483973468079527,0.0,0.606476560200647,1.0,1.0,109.0,1.0,23.70473046312172,23.221477362430267,0.7798165137614679,0.07339449541284404,0.4690618036183435,0.926605504587156
080107,CUSCO,CUSCO,SAYLLA,2.0,1.0,1.0,0.0,0.0,21.0,21.0,1.0,5.437979638860981,5.961308477019597,0.0,0.0,0.0319556292752363,0.7664744390035813,0.7303741592224645,0.3992150341394088,0.3811648942488504,670,903,-233,233,True,False,False,False,False,Missing-dominant activity,High availability,Medium availability,0.0639112585504727,0.0,0.6663920557194019,1.0,1.0,21.0,1.0,9.184301225774513,9.496413658480396,0.0,0.0,0.6148202274606637,1.0
021009,ANCASH,HUARI,MASIN,0.0,0.0,0.0,0.0,0.0,61.0,61.0,1.0,7.963136404435057,7.06817970706383,0.0,0.0,0.0506484740881968,0.7473207262211878,0.7624773879940981,0.39898460015469234,0.4065629310411475,671,691,-20,20,False,False,False,False,False,Mixed/other profile,High availability,High availability,0.1012969481763936,0.0,0.6390296088874112,1.0,1.0,61.0,1.0,7.963136404435057,7.06817970706383,0.0,0.0,0.6606819828487117,1.0
061308,CAJAMARCA,SANTA CRUZ,SAUCEPAMPA,0.0,0.0,0.0,0.0,0.0,9.0,9.0,1.0,7.032456962588258,7.071162949298565,0.0,0.0,0.0506484740881968,0.7472727400926177,0.6503304184503835,0.39896060709040726,0.3504894462692902,672,1165,-493,493,False,False,False,False,False,Mixed/other profile,High availability,Low availability,0.1012969481763936,0.0,0.6389610572751682,1.0,1.0,9.0,1.0,18.515487752809477,19.227467096051924,0.1111111111111111,0.0,0.5004720263576907,1.0
140117,LAMBAYEQUE,CHICLAYO,PATAPO,2.0,1.0,1.0,0.0,0.0,36.0,36.0,1.0,10.834335522952568,10.44988568261694,0.0277777777777777,0.0,0.095866887825709,0.7018831228973215,0.6340890121759928,0.3988750053615152,0.36497795000085087,673,1031,-358,358,True,False,False,False,False,Missing-dominant activity,High availability,Medium availability,0.1917337756514181,0.0,0.5741187469961735,1.0,1.0,36.0,1.0,21.746182944786046,22.107327472154815,0.75,0.0,0.47727001739427555,1.0
120425,JUNIN,JAUJA,PARCO,4.0,1.0,1.0,0.0,0.0,17.0,17.0,1.0,6.756278915556595,7.086397903753034,0.0,0.0,0.0506484740881968,0.7470279586328352,0.7622021817167639,0.39883821636051603,0.40642532790248037,674,693,-19,19,True,False,False,False,False,Missing-dominant activity,High availability,High availability,0.1012969481763936,0.0,0.6386113694754789,1.0,1.0,17.0,1.0,6.756278915556595,7.086397903753034,0.0,0.0,0.6602888310239485,1.0
020402,ANCASH,ASUNCION,ACOCHACA,4.0,1.0,1.0,0.0,0.0,81.0,81.0,1.0,7.346838382651829,7.094891256161063,0.0,0.0,0.0506484740881968,0.746891695271737,0.8049864230226562,0.39877008467996694,0.4278174485554265,675,576,99,99,True,False,False,False,False,Missing-dominant activity,High availability,High availability,0.1012969481763936,0.0,0.638416707531053,1.0,1.0,81.0,1.0,4.726505918665802,4.694724094614909,0.0,0.0,0.7214091757466518,1.0
220914,SAN MARTIN,SAN MARTIN,SHAPAJA,5.0,0.2,0.2,4.0,4.0,21.0,21.0,1.0,9.598701216631712,10.894825227921498,0.0,0.0,0.1005807752467125,0.6969345709383381,0.8140669792553163,0.3987576730925253,0.4573238772510144,676,478,198,198,False,False,False,False,False,Mixed/other profile,High availability,High availability,0.0639112585504727,0.1372502919429523,0.5670493870547688,1.0,1.0,21.0,1.0,4.075556446037269,4.286304360284254,0.0,0.0,0.7343813989361663,1.0
090114,HUANCAVELICA,HUANCAVELICA,PALCA,10.0,1.0,1.0,0.0,0.0,58.0,58.0,1.0,9.556159250174504,9.370632869464918,0.0,0.0,0.0826041033634331,0.714733790004756,0.7833955407080784,0.3986689466840946,0.4329998220357557,677,546,131,131,True,False,False,False,False,Missing-dominant activity,High availability,High availability,0.1652082067268663,0.0,0.5924768428639372,1.0,1.0,58.0,1.0,5.990733159378667,5.79706389107521,0.0,0.0,0.6905650581543978,1.0
020803,ANCASH,CASMA,COMANDANTE NOEL,4.0,1.0,1.0,0.0,0.0,22.0,22.0,1.0,8.330703692943096,7.108834891296274,0.0,0.0,0.0506484740881968,0.7466682998573178,0.7704847253081999,0.3986583869727573,0.41056659969819836,678,662,16,16,True,False,False,False,False,Missing-dominant activity,High availability,High availability,0.1012969481763936,0.0,0.6380975712247396,1.0,1.0,22.0,1.0,7.8134542241423555,6.5557044086637415,0.0,0.0,0.6721210361545713,1.0
090715,HUANCAVELICA,TAYACAJA,SALCAHUASI,12.0,0.8333333333333334,0.8333333333333334,2.0,2.0,55.0,55.0,1.0,13.285449034072698,13.006778101056035,0.0,0.0,0.1210426231416109,0.6757199224191726,0.8724933156505907,0.3983812727803917,0.4967679693961008,679,407,272,272,False,False,False,False,False,Mixed/other profile,High availability,High availability,0.1483973468079527,0.0936878994752691,0.5367427463131038,1.0,1.0,55.0,1.0,2.54187681620001,2.2748745128132684,0.0,0.0,0.8178475937865584,1.0
090302,HUANCAVELICA,ANGARAES,ANCHONGA,0.0,0.0,0.0,0.0,0.0,74.0,74.0,1.0,10.787271248911887,10.568845584383771,0.0,0.0,0.095866887825709,0.7005414825441869,0.7769114296108772,0.39820418518494793,0.4363891587182931,680,532,148,148,False,False,False,False,False,Mixed/other profile,High availability,High availability,0.1917337756514181,0.0,0.5722021179202671,1.0,1.0,74.0,1.0,6.037240209687257,6.168038347928674,0.0,0.0,0.6813020423012532,1.0
220806,SAN MARTIN,RIOJA,POSIC,2.0,1.0,1.0,0.0,0.0,7.0,7.0,1.0,6.382280432872055,6.081170230958795,0.0,0.0,0.0319556292752363,0.7642584865708124,0.8084870884883273,0.39810705792302437,0.4202213588817818,681,607,74,74,True,False,False,False,False,Missing-dominant activity,High availability,High availability,0.0639112585504727,0.0,0.663226409386875,1.0,1.0,7.0,1.0,4.044024697934874,4.533663299922828,0.0,0.0,0.7264101264118963,1.0
220103,SAN MARTIN,MOYOBAMBA,HABANA,2.0,1.0,1.0,0.0,0.0,9.0,9.0,1.0,6.193892606171667,6.083919755339625,0.0,0.0,0.0319556292752363,0.7642080957683504,0.8235754993555282,0.39808186252179334,0.42776556431538226,682,577,105,105,True,False,False,False,False,Missing-dominant activity,High availability,High availability,0.0639112585504727,0.0,0.6631544225262148,1.0,1.0,9.0,1.0,4.201820897690978,3.889994651404756,0.0,0.0,0.747964999079326,1.0
190202,PASCO,DANIEL ALCIDES CARRION,CHACAYAN,0.0,0.0,0.0,0.0,0.0,85.0,85.0,1.0,10.003963438054411,9.4681624998543,0.0,0.0,0.0826041033634331,0.7135187791131403,0.7307030099538284,0.3980614412382867,0.4066535566586308,683,689,-6,6,False,False,False,False,False,Mixed/other profile,High availability,High availability,0.1652082067268663,0.0,0.5907411130187719,1.0,1.0,85.0,1.0,10.219954313796487,9.4681624998543,0.0,0.0,0.6152900142197549,1.0
010108,AMAZONAS,CHACHAPOYAS,HUANCAS,0.0,0.0,0.0,0.0,0.0,8.0,8.0,1.0,7.103869063534689,7.191240070325277,0.0,0.0,0.0506484740881968,0.7453558532719591,0.7602483466030294,0.39800216368007796,0.40544841034561313,684,699,-15,15,False,False,False,False,False,Mixed/other profile,High availability,High availability,0.1012969481763936,0.0,0.6362226475313701,1.0,1.0,8.0,1.0,7.125508377116237,7.216926730613156,0.0,0.0,0.6574976380043279,1.0
061202,CAJAMARCA,SAN PABLO,SAN BERNARDINO,6.0,1.0,1.0,0.0,0.0,39.0,39.0,1.0,8.385162203406638,8.084980528095187,0.0,0.0,0.0639112585504727,0.7319138627579984,0.7761374925460219,0.3979125606542355,0.42002437554824734,685,608,77,77,True,False,False,False,False,Missing-dominant activity,High availability,High availability,0.1278225171009454,0.0,0.6170198039399979,1.0,1.0,39.0,1.0,6.557969814984097,6.213648934656732,0.0,0.0,0.6801964179228885,1.0
040118,AREQUIPA,AREQUIPA,SAN JUAN DE SIGUAS,2.0,1.0,1.0,0.0,0.0,26.0,26.0,1.0,6.485517714001937,6.145887046641315,0.0,0.0,0.0319556292752363,0.7630775730706947,0.7772890793714764,0.3975166011729655,0.40462235432335636,686,705,-19,19,True,False,False,False,False,Missing-dominant activity,High availability,High availability,0.0639112585504727,0.0,0.6615393901009925,1.0,1.0,26.0,1.0,6.485517714001937,6.145887046641315,0.0,0.0,0.6818415419592522,1.0
010203,AMAZONAS,BAGUA,COPALLIN,0.0,0.0,0.0,0.0,0.0,34.0,34.0,1.0,10.61438748662396,10.169466580288544,0.0,0.0,0.0897107931332828,0.7051016910760693,0.7227908108005303,0.39740624210467607,0.40625080196690655,687,694,-7,7,False,False,False,False,False,Mixed/other profile,High availability,High availability,0.1794215862665657,0.0,0.578716701537242,1.0,1.0,34.0,1.0,10.640721777102838,10.169466580288544,0.0,0.0,0.6039868725721862,1.0
080408,CUSCO,CALCA,YANATILE,31.0,0.3225806451612903,0.3225806451612903,25.0,25.0,191.0,191.0,1.0,24.25844931059032,23.359595772790744,0.6282722513089005,0.3560209424083769,0.2976953103282082,0.4970829533867554,0.5208431802669247,0.3973891318574818,0.4092692452975664,688,672,16,16,False,False,False,False,False,Mixed/other profile,High availability,High availability,0.3175453570603406,0.2778452635960758,0.4341274801560979,0.6439790575916231,1.0,191.0,1.0,24.802768570814585,23.359595772790744,0.6282722513089005,0.35602094240837695,0.4680706614134825,0.6439790575916231
100322,HUANUCO,DOS DE MAYO,SILLAPATA,0.0,0.0,0.0,0.0,0.0,111.0,111.0,1.0,6.3589112757818285,6.1662492708884,0.0,0.0,0.0319556292752363,0.7627082264952019,0.738851106938716,0.3973319278852191,0.3854033681069762,689,860,-171,171,False,False,False,False,False,Mixed/other profile,High availability,Medium availability,0.0639112585504727,0.0,0.6610117521360028,1.0,1.0,111.0,1.0,9.226693939582205,8.791942275260796,0.0,0.0,0.6269301527695943,1.0
211105,PUNO,SAN ROMAN,SAN MIGUEL,12.0,1.0,1.0,0.0,0.0,20.0,20.0,1.0,7.275121462654162,7.304073822937465,0.0,0.0,0.0506484740881968,0.743580036091479,0.7589610786544929,0.39711425508983794,0.4048047763713449,690,704,-14,14,True,False,False,False,False,Missing-dominant activity,High availability,High availability,0.1012969481763936,0.0,0.6336857658449702,1.0,1.0,20.0,1.0,7.470509931182642,7.304073822937465,0.0,0.0,0.6556586837921328,1.0
131003,LA LIBERTAD,SANTIAGO DE CHUCO,CACHICADAN,0.0,0.0,0.0,0.0,0.0,61.0,61.0,1.0,9.100664258457122,9.13345505469517,0.0,0.0,0.0761685751667371,0.7177368638445626,0.6901349951066322,0.39695271950564986,0.3831517851366847,691,877,-186,186,False,False,False,False,False,Mixed/other profile,High availability,Medium availability,0.1523371503334742,0.0,0.5967669483493752,1.0,1.0,61.0,1.0,14.414378015183969,13.597034567989027,0.19672131147540983,0.0,0.557335707295189,1.0
130703,LA LIBERTAD,PACASMAYO,JEQUETEPEQUE,2.0,1.0,1.0,0.0,0.0,46.0,46.0,1.0,7.314294119810866,7.368414725608877,0.0,0.0,0.0506484740881968,0.7425781879209636,0.7503397673020878,0.39661333100458024,0.40049412069514234,692,735,-43,43,True,False,False,False,False,Missing-dominant activity,High availability,High availability,0.1012969481763936,0.0,0.6322545541728053,1.0,1.0,46.0,1.0,7.767597260243794,7.912040051100229,0.0,0.0,0.6433425247172684,1.0
010206,AMAZONAS,BAGUA,LA PECA,0.0,0.0,0.0,0.0,0.0,32.0,32.0,1.0,10.979228105895876,10.323960709759255,0.0,0.0,0.0897107931332828,0.7033185889843078,0.7211146659392025,0.3965146910587953,0.40541272953624263,693,700,-7,7,False,False,False,False,False,Mixed/other profile,High availability,High availability,0.1794215862665657,0.0,0.5761694128347254,1.0,1.0,32.0,1.0,10.979228105895876,10.323960709759255,0.0,0.0,0.6015923799131464,1.0
021908,ANCASH,SIHUAS,RAGASH,4.0,1.0,1.0,0.0,0.0,59.0,59.0,1.0,8.480880140896613,7.3948320328147155,0.0338983050847457,0.0,0.0506484740881968,0.7421690744310825,0.7576347518291637,0.39640877425963966,0.4041416129586803,694,707,-13,13,True,False,False,False,False,Missing-dominant activity,High availability,High availability,0.1012969481763936,0.0,0.631670106330118,1.0,1.0,59.0,1.0,7.310854703370521,7.3948320328147155,0.0,0.0,0.6537639311845196,1.0
030303,APURIMAC,ANTABAMBA,HUAQUIRCA,0.0,0.0,0.0,0.0,0.0,116.0,116.0,1.0,11.398310427378004,9.749686538675569,0.0689655172413793,0.0,0.0826041033634331,0.7100740692519178,0.36057819374958294,0.39633908630767545,0.22159114855650802,695,1522,-827,827,False,False,False,False,False,Mixed/other profile,High availability,Very low availability,0.1652082067268663,0.0,0.5858200989313112,1.0,1.0,116.0,1.0,36.47715338977863,35.64630162164751,1.0,0.7241379310344828,0.3968851043713254,0.27586206896551724
200410,PIURA,MORROPON,YAMANGO,0.0,0.0,0.0,0.0,0.0,87.0,87.0,1.0,10.526116728035516,10.922579593209422,0.0,0.0,0.095866887825709,0.6966320537259104,0.5758238494988802,0.3962494707758097,0.3358453686622946,696,1281,-585,585,False,False,False,False,False,Mixed/other profile,High availability,Low availability,0.1917337756514181,0.0,0.5666172196084435,1.0,1.0,87.0,1.0,23.739034865999145,22.700514513267482,0.6666666666666666,0.1839080459770115,0.47285180470283383,0.8160919540229885
080207,CUSCO,ACOMAYO,SANGARARA,4.0,1.0,1.0,0.0,0.0,28.0,28.0,1.0,7.575194659955829,7.429601083358533,0.0,0.0,0.0506484740881968,0.7416325789832084,0.23861424931778044,0.39614052653570264,0.14463136170298863,697,1747,-1050,1050,True,False,False,False,False,Missing-dominant activity,High availability,Very low availability,0.1012969481763936,0.0,0.6309036842617264,1.0,1.0,28.0,1.0,49.763756913011505,49.53288473336487,1.0,1.0,0.34087749902540065,0.0
090509,HUANCAVELICA,CHURCAMPA,SAN PEDRO DE CORIS,9.0,0.5555555555555556,0.5555555555555556,4.0,4.0,48.0,48.0,1.0,16.341313286934888,17.328916756797035,0.0,0.0,0.1512292493349093,0.6408110213705384,0.676079031360642,0.39602013535272385,0.41365414034777565,698,641,57,57,False,False,False,False,False,Mixed/other profile,High availability,High availability,0.1652082067268663,0.1372502919429523,0.4868728876721977,1.0,1.0,48.0,1.0,13.78118398568934,15.379256447362579,0.0,0.0,0.5372557590866314,1.0
090407,HUANCAVELICA,CASTROVIRREYNA,HUACHOS,24.0,0.1666666666666666,0.1666666666666666,25.0,23.0,91.0,91.0,1.0,23.497661778591645,23.61874977373981,0.8021978021978022,0.0769230769230769,0.2113587910118278,0.5794386794749591,0.849323284014667,0.3953987352433934,0.5303410375132473,699,352,347,347,False,False,False,False,False,Mixed/other profile,High availability,Very high availability,0.1483973468079527,0.2743202352157028,0.4321651465026888,0.9230769230769232,1.0,91.0,1.0,4.045365872054985,2.959715753172808,0.0,0.0,0.7847475485923813,1.0
190203,PASCO,DANIEL ALCIDES CARRION,GOYLLARISQUIZGA,0.0,0.0,0.0,0.0,0.0,10.0,10.0,1.0,6.261071510621236,6.399746537729559,0.0,0.0,0.0319556292752363,0.7585463244260933,0.7730296322169146,0.3952509768506648,0.40249263074607544,700,717,-17,17,False,False,False,False,False,Mixed/other profile,High availability,High availability,0.0639112585504727,0.0,0.6550661777515618,1.0,1.0,10.0,1.0,6.261071510621236,6.399746537729559,0.0,0.0,0.6757566174527352,1.0
060404,CAJAMARCA,CHOTA,CHIGUIRIP,0.0,0.0,0.0,0.0,0.0,20.0,20.0,1.0,10.503071151227337,10.55318228352236,0.0,0.0,0.0897107931332828,0.7007173439205708,0.7989381295104381,0.3952140685269268,0.44432446132186043,701,511,190,190,False,False,False,False,False,Mixed/other profile,High availability,High availability,0.1794215862665657,0.0,0.5724533484579584,1.0,1.0,20.0,1.0,4.7553085901613095,4.984122084860395,0.0,0.0,0.712768756443483,1.0
120134,JUNIN,HUANCAYO,SICAYA,2.0,1.0,1.0,0.0,0.0,14.0,14.0,1.0,6.078722389361728,6.40606893822746,0.0,0.0,0.0319556292752363,0.7584354675263585,0.7576920424540612,0.3951955484007974,0.39482383586464875,702,781,-79,79,True,False,False,False,False,Missing-dominant activity,High availability,Medium availability,0.0639112585504727,0.0,0.6549078107519408,1.0,1.0,14.0,1.0,7.508167928582585,7.390891315879935,0.0,0.0,0.6538457749343731,1.0
080908,CUSCO,LA CONVENCION,SANTA TERESA,0.0,0.0,0.0,0.0,0.0,159.0,159.0,1.0,13.081871859064076,12.330339611615251,0.2389937106918239,0.0,0.1081242044419734,0.6821449837900682,0.4041506244218467,0.3951345941160208,0.25613741443191007,703,1463,-760,760,False,False,False,False,False,Mixed/other profile,High availability,Low availability,0.2162484088839469,0.0,0.545921405414383,1.0,1.0,159.0,1.0,32.13579887303728,33.47200646125755,0.8805031446540881,0.6037735849056604,0.4075467141336355,0.39622641509433965
200502,PIURA,PAITA,AMOTAPE,0.0,0.0,0.0,0.0,0.0,10.0,10.0,1.0,7.694536466547353,7.574579917858434,0.0,0.0,0.0506484740881968,0.739419115097633,0.5835541714555909,0.39503379459291493,0.31710132277189385,704,1356,-652,652,False,False,False,False,False,Mixed/other profile,High availability,Low availability,0.1012969481763936,0.0,0.6277415929966186,1.0,1.0,10.0,1.0,26.793376930937047,26.34258703695709,1.0,0.1,0.4479345306508441,0.9
040105,AREQUIPA,AREQUIPA,CHARACATO,2.0,1.0,1.0,0.0,0.0,14.0,14.0,1.0,8.393497222742369,6.434216901283049,0.0,0.0,0.0319556292752363,0.7579430672830012,0.776168173585667,0.39494934827911876,0.4040619014304517,705,709,-4,4,True,False,False,False,False,Missing-dominant activity,High availability,High availability,0.0639112585504727,0.0,0.654204381832859,1.0,1.0,14.0,1.0,8.301963787640393,6.211835290430981,0.0,0.0,0.6802402479795244,1.0
061111,CAJAMARCA,SAN MIGUEL,SAN SILVESTRE DE COCHAN,12.0,1.0,1.0,0.0,0.0,49.0,49.0,1.0,12.911111591231831,10.609223904973556,0.1224489795918367,0.0,0.0897107931332828,0.700089226413912,0.7180790127913865,0.3949000097735974,0.40389490296233466,706,710,-4,4,True,False,False,False,False,Missing-dominant activity,High availability,High availability,0.1794215862665657,0.0,0.57155603773416,1.0,1.0,49.0,1.0,12.818374954941113,10.609223904973557,0.12244897959183673,0.0,0.5972557325591237,1.0
030703,APURIMAC,GRAU,MARISCAL GAMARRA,0.0,0.0,0.0,0.0,0.0,73.0,73.0,1.0,12.265496322570693,12.687956180709143,0.0,0.0,0.1105483143082043,0.6787086283724919,0.26842694504336406,0.3946284713403481,0.1894876296757842,707,1580,-873,873,False,False,False,False,False,Mixed/other profile,High availability,Very low availability,0.2210966286164087,0.0,0.541012326246417,1.0,1.0,73.0,1.0,38.465795595919516,38.57869184936915,1.0,1.0,0.383467064347663,0.0
050112,AYACUCHO,HUAMANGA,SOCOS,0.0,0.0,0.0,0.0,0.0,70.0,70.0,1.0,11.177909698792782,10.05136894455018,0.1,0.0,0.0826041033634331,0.7064814332500445,0.7283061576856864,0.39454276830673884,0.4054551305245597,708,698,10,10,False,False,False,False,False,Mixed/other profile,High availability,High availability,0.1652082067268663,0.0,0.580687761785778,1.0,1.0,70.0,1.0,10.824778850812871,9.67582873993304,0.08571428571428572,0.0,0.6118659395509806,1.0
210102,PUNO,PUNO,ACORA,87.0,0.0344827586206896,0.0344827586206896,89.0,84.0,552.0,552.0,1.0,28.102354016909526,26.705628964030232,0.6413043478260869,0.4402173913043478,0.3331136211545141,0.4551171714954938,0.508964305513954,0.3941153963250039,0.4210389633342341,709,603,106,106,False,False,False,False,False,Mixed/other profile,High availability,High availability,0.2850078871668814,0.3812193551421468,0.4102605555525689,0.5597826086956521,1.0,552.0,1.0,28.186225826032356,22.651877970029126,0.5416666666666666,0.4076086956521739,0.4732098774422945,0.5923913043478262
020108,ANCASH,HUARAZ,OLLEROS,8.0,1.0,1.0,0.0,0.0,57.0,57.0,1.0,10.029620767217656,9.450544853396291,0.0,0.0,0.0741986734039763,0.7137374173823143,0.7309085334698733,0.39396804539314534,0.4025536034369248,710,715,-5,5,True,False,False,False,False,Missing-dominant activity,High availability,High availability,0.1483973468079527,0.0,0.5910534534033063,1.0,1.0,57.0,1.0,10.029620767217656,9.450544853396291,0.0,0.0,0.6155836192426761,1.0
080608,CUSCO,CANCHIS,TINTA,2.0,1.0,1.0,0.0,0.0,42.0,42.0,1.0,6.450940199676602,6.559081219731569,0.0,0.0,0.0319556292752363,0.7557810246829068,0.6406475925234261,0.39386832697907154,0.3363016108993312,711,1277,-566,566,True,False,False,False,False,Missing-dominant activity,High availability,Low availability,0.0639112585504727,0.0,0.6511157495470097,1.0,1.0,42.0,1.0,21.212888495869493,20.8980625546058,0.7142857142857143,0.0,0.4866394178906088,1.0
120416,JUNIN,JAUJA,MASMA,4.0,1.0,1.0,0.0,0.0,13.0,13.0,1.0,8.165748924348055,7.7565820815374975,0.0,0.0,0.0506484740881968,0.7366927885881728,0.7524869543939156,0.3936706313381848,0.4015677142410562,712,721,-9,9,True,False,False,False,False,Missing-dominant activity,High availability,High availability,0.1012969481763936,0.0,0.6238468408402469,1.0,1.0,13.0,1.0,8.165748924348055,7.7565820815374975,0.0,0.0,0.6464099348484509,1.0
010610,AMAZONAS,RODRIGUEZ DE MENDOZA,SANTA ROSA,0.0,0.0,0.0,0.0,0.0,11.0,11.0,1.0,6.63604341246269,6.602932924066373,0.0,0.0,0.0319556292752363,0.7550301908696578,0.7697244096951131,0.3934929100724471,0.4008400194851747,713,728,-15,15,False,False,False,False,False,Mixed/other profile,High availability,High availability,0.0639112585504727,0.0,0.650043129813797,1.0,1.0,11.0,1.0,6.63604341246269,6.602932924066373,0.0,0.0,0.6710348709930188,1.0
050911,AYACUCHO,SUCRE,SORAS,8.0,0.0,0.0,10.0,10.0,81.0,81.0,1.0,14.998548907079924,15.72506793441268,0.1728395061728395,0.0,0.1341999667851113,0.6526972038820339,0.704287897655187,0.39344858533357263,0.4192439322201491,714,611,103,103,False,False,False,False,False,Mixed/other profile,High availability,High availability,0.0639112585504727,0.20448867501975,0.5038531484029056,1.0,1.0,81.0,1.0,11.859108078937947,11.998404717635971,0.18518518518518517,0.0,0.57755413950741,1.0
061002,CAJAMARCA,SAN MARCOS,CHANCAY,9.0,1.0,1.0,0.0,0.0,31.0,31.0,1.0,9.595971577794854,8.733156100762649,0.0,0.0,0.0639112585504727,0.7229684391324545,0.7921384019233539,0.39343984884146355,0.4280248302369133,715,575,140,140,True,False,False,False,False,Missing-dominant activity,High availability,High availability,0.1278225171009454,0.0,0.6042406273320777,1.0,1.0,31.0,1.0,5.370155396837229,5.327072199000956,0.0,0.0,0.7030548598905058,1.0
110204,ICA,CHINCHA,CHINCHA BAJA,0.0,0.0,0.0,0.0,0.0,63.0,63.0,1.0,9.585692609747984,8.768393259325041,0.0,0.0,0.0639112585504727,0.7224993609124112,0.7391449023749801,0.39320530973144197,0.40152808046272637,716,722,-6,6,False,False,False,False,False,Mixed/other profile,High availability,High availability,0.1278225171009454,0.0,0.6035705155891589,1.0,1.0,63.0,1.0,9.585692609747985,8.768393259325041,0.0,0.0,0.627349860535686,1.0
081207,CUSCO,QUISPICANCHI,HUARO,8.0,1.0,1.0,0.0,0.0,54.0,54.0,1.0,8.515197958724917,8.77374088786594,0.0,0.0,0.0639112585504727,0.7224283210216565,0.2816050981852808,0.39316978978606465,0.17275817836787674,717,1631,-914,914,True,False,False,False,False,Missing-dominant activity,High availability,Very low availability,0.1278225171009454,0.0,0.603469030030938,1.0,1.0,54.0,1.0,35.558201006155805,34.526816321773424,1.0,1.0,0.402292997407544,0.0
090702,HUANCAVELICA,TAYACAJA,ACOSTAMBO,18.0,0.9444444444444444,0.9444444444444444,1.0,1.0,71.0,71.0,1.0,13.83324271768654,13.971930266663705,0.0845070422535211,0.0,0.1192660347975624,0.6670704333120607,0.8020656278305553,0.39316823405481155,0.46066583131405886,718,469,249,249,False,False,False,False,False,Mixed/other profile,High availability,High availability,0.1794215862665657,0.059110483328559,0.5243863333029439,1.0,1.0,71.0,1.0,4.929768606959811,4.83268746465239,0.0,0.0,0.7172366111865076,1.0
020605,ANCASH,CARHUAZ,ATAQUERO,2.0,1.0,1.0,0.0,0.0,54.0,54.0,1.0,6.892882557106303,6.648281961647047,0.0,0.0,0.0319556292752363,0.7542582608222965,0.7689987829415093,0.3931069450487664,0.4004772061083728,719,738,-19,19,True,False,False,False,False,Missing-dominant activity,High availability,High availability,0.0639112585504727,0.0,0.6489403726032809,1.0,1.0,54.0,1.0,6.892882557106303,6.648281961647047,0.0,0.0,0.6699982613450134,1.0
030212,APURIMAC,ANDAHUAYLAS,SAN ANTONIO DE CACHI,0.0,0.0,0.0,0.0,0.0,55.0,55.0,1.0,11.69403839876524,9.622416679870668,0.0545454545454545,0.0,0.0741986734039763,0.7116200228867339,0.581871121319242,0.3929093481453551,0.3280348973616092,720,1320,-600,600,False,False,False,False,False,Mixed/other profile,High availability,Low availability,0.1483973468079527,0.0,0.5880286041239056,1.0,1.0,55.0,1.0,27.270391857350706,27.348971925778553,1.0,0.09090909090909091,0.44163406941709893,0.9090909090909091
081104,CUSCO,PAUCARTAMBO,COLQUEPATA,10.0,1.0,1.0,0.0,0.0,139.0,139.0,1.0,10.585993430625257,10.353615165968431,0.0,0.0,0.0826041033634331,0.7029791149081372,0.36172310381219297,0.39279160913578515,0.22216360358781304,721,1519,-798,798,True,False,False,False,False,Missing-dominant activity,High availability,Very low availability,0.1652082067268663,0.0,0.5756844498687674,1.0,1.0,139.0,1.0,33.57970917622657,33.21844016734322,1.0,0.7482014388489209,0.40883362209552754,0.2517985611510791
060407,CAJAMARCA,CHOTA,COCHABAMBA,0.0,0.0,0.0,0.0,0.0,47.0,47.0,1.0,11.861000714616443,12.133262828037566,0.0,0.0,0.1012969481763936,0.6840783207905246,0.7242704207199157,0.39268763448345906,0.4127836844481546,722,647,75,75,False,False,False,False,False,Mixed/other profile,High availability,High availability,0.2025938963527872,0.0,0.548683315415035,1.0,1.0,47.0,1.0,9.69717365637118,10.034840018154432,0.0,0.0,0.606100601028451,1.0
200308,PIURA,HUANCABAMBA,SONDORILLO,0.0,0.0,0.0,0.0,0.0,54.0,54.0,1.0,11.523860595188896,11.017006336477184,0.0,0.0,0.0897107931332828,0.6956080685699704,0.6749835159247966,0.3926594308516266,0.38234715452903967,723,887,-164,164,False,False,False,False,False,Mixed/other profile,High availability,Medium availability,0.1794215862665657,0.0,0.5651543836713864,1.0,1.0,54.0,1.0,14.923775635172253,15.52697852461862,0.0,0.0,0.5356907370354238,1.0
220304,SAN MARTIN,EL DORADO,SANTA ROSA,15.0,0.8666666666666667,0.8666666666666667,2.0,2.0,51.0,51.0,1.0,16.126687921348967,16.25911079946677,0.0980392156862745,0.0,0.1365547428709174,0.6486173169974261,0.8108800398754363,0.39258602993417174,0.47371739137317687,724,443,281,281,False,False,False,False,False,Mixed/other profile,High availability,High availability,0.1794215862665657,0.0936878994752691,0.4980247385677515,1.0,1.0,51.0,1.0,5.202772252551478,4.426195944729229,0.0,0.0,0.7298286283934805,1.0
220503,SAN MARTIN,LAMAS,BARRANQUITA,66.0,0.2727272727272727,0.2727272727272727,134.0,131.0,32.0,32.0,1.0,27.305137752326228,27.47055088114402,0.9375,0.34375,0.3045290380893647,0.4805222638699493,0.7276317625844582,0.39252565097965697,0.5160804003369115,725,377,348,348,False,False,False,False,False,Mixed/other profile,High availability,Very high availability,0.1917337756514181,0.4173243005273113,0.4052103769570705,0.65625,1.0,32.0,1.0,9.48709615823825,9.734998304380419,0.0,0.0,0.6109025179777974,1.0
090413,HUANCAVELICA,CASTROVIRREYNA,TICRAPO,7.0,0.1428571428571428,0.1428571428571428,6.0,6.0,91.0,91.0,1.0,15.766091670068157,15.95292931255706,0.0659340659340659,0.0,0.1336205272470139,0.6509407201921285,0.8379925745998318,0.3922806237195712,0.48580655092342284,726,427,299,299,False,False,False,False,False,Mixed/other profile,High availability,High availability,0.1012969481763936,0.1659441063176342,0.501343885988755,1.0,1.0,91.0,1.0,3.9136723627048546,3.3450375084031165,0.0,0.0,0.7685608208569026,1.0
020609,ANCASH,CARHUAZ,SHILLA,2.0,1.0,1.0,0.0,0.0,25.0,25.0,1.0,6.729563714054457,6.752666445685583,0.0,0.0,0.0319556292752363,0.7524986842739833,0.7673447524722531,0.3922271567746098,0.3996501908737447,727,746,-19,19,True,False,False,False,False,Missing-dominant activity,High availability,High availability,0.0639112585504727,0.0,0.6464266918199761,1.0,1.0,25.0,1.0,6.729563714054457,6.752666445685583,0.0,0.0,0.6676353606746473,1.0
040124,AREQUIPA,AREQUIPA,UCHUMAYO,6.0,1.0,1.0,0.0,0.0,38.0,38.0,1.0,12.146301233828632,11.10247198886461,0.0789473684210526,0.0,0.0897107931332828,0.694688172949602,0.7130019350111589,0.39219948304144236,0.40135636407222086,728,723,5,5,True,False,False,False,False,Missing-dominant activity,High availability,High availability,0.1794215862665657,0.0,0.5638402470708599,1.0,1.0,38.0,1.0,12.146301233828632,11.10247198886461,0.07894736842105263,0.0,0.5900027643016557,1.0
040506,AREQUIPA,CAYLLOMA,COPORAQUE,2.0,1.0,1.0,0.0,0.0,28.0,28.0,1.0,5.839505747358075,6.792338947894745,0.0,0.0,0.0319556292752363,0.7518361433781766,0.7667219532937559,0.39189588632670647,0.3993387912844961,729,750,-21,21,True,False,False,False,False,Missing-dominant activity,High availability,High availability,0.0639112585504727,0.0,0.6454802048259667,1.0,1.0,28.0,1.0,5.839505747358075,6.792338947894745,0.0,0.0,0.6667456475625084,1.0
080305,CUSCO,ANTA,HUAROCONDO,0.0,0.0,0.0,0.0,0.0,84.0,84.0,1.0,9.017386017478188,8.0476010006117,0.0,0.0,0.0506484740881968,0.7324490278967315,0.3849101603873242,0.39154875099246417,0.21777931723776048,730,1528,-798,798,False,False,False,False,False,Mixed/other profile,High availability,Very low availability,0.1012969481763936,0.0,0.6177843255667593,1.0,1.0,84.0,1.0,33.39773118486869,33.577416914617075,1.0,0.6666666666666666,0.4070145148390346,0.33333333333333337
100606,HUANUCO,LEONCIO PRADO,MARIANO DAMASO BERAUN,0.0,0.0,0.0,0.0,0.0,59.0,59.0,1.0,10.986354309179074,10.580866984898076,0.0338983050847457,0.0,0.0826041033634331,0.7004066724120571,0.718377417173838,0.39150538788774514,0.4004907602686355,731,736,-5,5,False,False,False,False,False,Mixed/other profile,High availability,High availability,0.1652082067268663,0.0,0.5720095320172245,1.0,1.0,59.0,1.0,10.986354309179074,10.580866984898076,0.03389830508474576,0.0,0.5976820245340542,1.0
190208,PASCO,DANIEL ALCIDES CARRION,VILCABAMBA,0.0,0.0,0.0,0.0,0.0,75.0,75.0,1.0,9.606435821123045,9.871104034297712,0.0,0.0,0.0741986734039763,0.7086161707221711,0.7260944786198165,0.3914074220630737,0.4001465760118964,732,743,-11,11,False,False,False,False,False,Mixed/other profile,High availability,High availability,0.1483973468079527,0.0,0.5837373867459588,1.0,1.0,75.0,1.0,9.609858431019488,9.871104034297712,0.0,0.0,0.6087063980283094,1.0
090406,HUANCAVELICA,CASTROVIRREYNA,COCAS,2.0,1.0,1.0,0.0,0.0,45.0,45.0,1.0,6.829586913093115,6.8547473976218924,0.0,0.0,0.0319556292752363,0.7508007026345254,0.8076804019895636,0.39137816595488084,0.41981801563239995,733,610,123,123,True,False,False,False,False,Missing-dominant activity,High availability,High availability,0.0639112585504727,0.0,0.6440010037636077,1.0,1.0,45.0,1.0,4.427341652871579,4.57036917290527,0.0,0.0,0.7252577171279482,1.0
010702,AMAZONAS,UTCUBAMBA,CAJARURO,0.0,0.0,0.0,0.0,0.0,148.0,148.0,1.0,18.22143800316938,18.985991342923874,0.4459459459459459,0.027027027027027,0.1611967883964011,0.6214682956036739,0.5958664822050748,0.3913325420000375,0.3785316353007379,734,929,-195,195,False,False,False,False,False,Mixed/other profile,High availability,Medium availability,0.3223935767928023,0.0,0.4708234338739742,0.972972972972973,1.0,148.0,1.0,20.595738727068284,20.931561778181727,0.5608108108108109,0.14864864864864866,0.48637296685667053,0.8513513513513513
090504,HUANCAVELICA,CHURCAMPA,EL CARMEN,5.0,0.6,0.6,2.0,2.0,48.0,48.0,1.0,11.9727361021081,12.023922840266737,0.0,0.0,0.0974924238258314,0.6851635052535419,0.7319333725943096,0.39132796453968666,0.4147128982100705,735,636,99,99,False,False,False,False,False,Mixed/other profile,High availability,High availability,0.1012969481763936,0.0936878994752691,0.5502335789336312,1.0,1.0,48.0,1.0,9.177488184471361,9.363136352929834,0.0,0.0,0.617047675134728,1.0
120412,JUNIN,JAUJA,JULCAN,2.0,1.0,1.0,0.0,0.0,12.0,12.0,1.0,7.084751548485187,6.8708436746894215,0.0,0.0,0.0319556292752363,0.7505349781065052,0.7654988368530726,0.39124530369087074,0.3987272330641545,736,756,-20,20,True,False,False,False,False,Missing-dominant activity,High availability,Medium availability,0.0639112585504727,0.0,0.6436213972950074,1.0,1.0,12.0,1.0,7.084751548485187,6.8708436746894215,0.0,0.0,0.6649983383615323,1.0
190205,PASCO,DANIEL ALCIDES CARRION,SAN PEDRO DE PILLAO,0.0,0.0,0.0,0.0,0.0,69.0,69.0,1.0,8.499992574551614,8.180678204112187,0.0,0.0,0.0506484740881968,0.7305537244972653,0.7467161346652647,0.39060109929273107,0.39868230437673075,737,757,-20,20,False,False,False,False,False,Mixed/other profile,High availability,Medium availability,0.1012969481763936,0.0,0.6150767492818077,1.0,1.0,69.0,1.0,8.499992574551614,8.180678204112187,0.0,0.0,0.6381659066646639,1.0
120706,JUNIN,TARMA,PALCA,16.0,1.0,1.0,0.0,0.0,70.0,70.0,1.0,12.56275537614583,12.57156866038457,0.0285714285714285,0.0,0.1012969481763936,0.6798170469723288,0.6990228356067387,0.3905569975743612,0.40015989189156614,738,742,-4,4,True,False,False,False,False,Missing-dominant activity,High availability,High availability,0.2025938963527872,0.0,0.5425957813890413,1.0,1.0,70.0,1.0,12.56275537614583,12.57156866038457,0.02857142857142857,0.0,0.5700326222953411,1.0
200209,PIURA,AYABACA,SICCHEZ,0.0,0.0,0.0,0.0,0.0,28.0,28.0,1.0,9.736895920809856,9.18168507035419,0.0,0.0,0.0639112585504727,0.717120536511511,0.1915997173571111,0.3905158975309918,0.12775548795379188,739,1812,-1073,1073,False,False,False,False,False,Mixed/other profile,High availability,Very low availability,0.1278225171009454,0.0,0.5958864807307299,1.0,1.0,28.0,1.0,73.55763726359883,73.28710451089387,1.0,1.0,0.27371388193873014,0.0
021906,ANCASH,SIHUAS,HUAYLLABAMBA,6.0,1.0,1.0,0.0,0.0,56.0,56.0,1.0,10.405890075086434,9.186128159557002,0.0357142857142857,0.0,0.0639112585504727,0.7170639055849586,0.7457268368672094,0.3904875820677156,0.40481904770884103,740,703,37,37,True,False,False,False,False,Missing-dominant activity,High availability,High availability,0.1278225171009454,0.0,0.5958055794070837,1.0,1.0,56.0,1.0,8.230101278142449,8.255416850805616,0.0,0.0,0.6367526240960135,1.0
021307,ANCASH,MARISCAL LUZURIAGA,LUCMA,6.0,1.0,1.0,0.0,0.0,58.0,58.0,1.0,9.588058776802235,9.187970384981046,0.0,0.0,0.0639112585504727,0.7170404321091453,0.7510224656975236,0.39047584532980895,0.4074668621239982,741,683,58,58,True,False,False,False,False,Missing-dominant activity,High availability,High availability,0.1278225171009454,0.0,0.5957720458702076,1.0,1.0,58.0,1.0,8.504684500150326,7.862315229497849,0.0,0.0,0.6443178081393195,1.0
210211,PUNO,AZANGARO,SAN ANTON,0.0,0.0,0.0,0.0,0.0,156.0,156.0,1.0,12.369467492971664,13.344596138825704,0.1282051282051282,0.0,0.1081242044419734,0.6726264780771458,0.4631313539710704,0.39037534125955964,0.28562777920652194,742,1409,-667,667,False,False,False,False,False,Mixed/other profile,High availability,Low availability,0.2162484088839469,0.0,0.5323235401102084,1.0,1.0,156.0,1.0,29.177717864966514,29.158762348228407,0.9358974358974359,0.46153846153846156,0.4308469891894413,0.5384615384615384
100321,HUANUCO,DOS DE MAYO,SHUNQUI,0.0,0.0,0.0,0.0,0.0,64.0,64.0,1.0,8.168970232571105,8.216837071429213,0.0,0.0,0.0506484740881968,0.7300434906834781,0.7617031438569439,0.39034598238583745,0.4061758089725704,743,695,48,48,False,False,False,False,False,Mixed/other profile,High availability,High availability,0.1012969481763936,0.0,0.6143478438335401,1.0,1.0,64.0,1.0,6.807907715251913,7.119538372291419,0.0,0.0,0.6595759197956343,1.0
021203,ANCASH,HUAYLAS,HUATA,4.0,1.0,1.0,0.0,0.0,65.0,65.0,1.0,7.957177866346134,8.23564687422075,0.0,0.0,0.0506484740881968,0.7297788585437903,0.7459877481123378,0.3902136663159936,0.3983181111002673,744,760,-16,16,True,False,False,False,False,Missing-dominant activity,High availability,Medium availability,0.1012969481763936,0.0,0.6139697979197005,1.0,1.0,65.0,1.0,7.957177866346134,8.23564687422075,0.0,0.0,0.6371253544461969,1.0
120132,JUNIN,HUANCAYO,SA?O,2.0,1.0,1.0,0.0,0.0,13.0,13.0,1.0,7.250089117737209,7.018748238278514,0.0,0.0,0.0319556292752363,0.7481184357817758,0.7632272479078908,0.3900370325285061,0.39759143859156354,745,764,-19,19,True,False,False,False,False,Missing-dominant activity,High availability,Medium availability,0.0639112585504727,0.0,0.6401691939739655,1.0,1.0,13.0,1.0,7.250089117737209,7.018748238278514,0.0,0.0,0.6617532112969868,1.0
010609,AMAZONAS,RODRIGUEZ DE MENDOZA,OMIA,0.0,0.0,0.0,0.0,0.0,60.0,60.0,1.0,14.69453370985595,15.827930285628929,0.0666666666666666,0.0,0.1278225171009454,0.651901338699473,0.6727816174577277,0.3898619279002092,0.40030206727933654,746,741,5,5,False,False,False,False,False,Mixed/other profile,High availability,High availability,0.2556450342018909,0.0,0.5027161981421043,1.0,1.0,60.0,1.0,14.69453370985595,15.827930285628927,0.06666666666666667,0.0,0.5325451677967539,1.0
220511,SAN MARTIN,LAMAS,ZAPATERO,32.0,1.0,1.0,0.0,0.0,27.0,27.0,1.0,14.194049320706393,14.200204384918695,0.074074074074074,0.0,0.1145597326386695,0.66510629550626,0.7434142680376364,0.38983301407246473,0.42898700033815296,747,569,178,178,True,False,False,False,False,Missing-dominant activity,High availability,High availability,0.2291194652773391,0.0,0.5215804221518,1.0,1.0,27.0,1.0,8.000598933231865,8.432506978290576,0.0,0.0,0.6334489543394807,1.0
200107,PIURA,PIURA,CURA MORI,0.0,0.0,0.0,0.0,0.0,23.0,23.0,1.0,10.4224749097584,10.14430954113613,0.0,0.0,0.0741986734039763,0.7053943755399241,0.7243328770450845,0.38979652447195023,0.39926577522453044,748,751,-3,3,False,False,False,False,False,Mixed/other profile,High availability,High availability,0.1483973468079527,0.0,0.5791348221998918,1.0,1.0,23.0,1.0,10.394917221777403,10.02919308110862,0.0,0.0,0.6061898243501208,1.0
150203,LIMA,BARRANCA,PATIVILCA,0.0,0.0,0.0,0.0,0.0,58.0,58.0,1.0,12.371344018693792,12.79400048093396,0.0517241379310344,0.0,0.1012969481763936,0.6777068887145902,0.7057112923468575,0.38950191844549187,0.4035041202616255,749,712,37,37,False,False,False,False,False,Mixed/other profile,High availability,High availability,0.2025938963527872,0.0,0.5395812695922717,1.0,1.0,58.0,1.0,11.425292131626026,11.847651590140142,0.05172413793103448,0.0,0.5795875604955107,1.0
200407,PIURA,MORROPON,SAN JUAN DE BIGOTE,0.0,0.0,0.0,0.0,0.0,33.0,33.0,1.0,9.003006768606975,9.344513767129031,0.0,0.0,0.0639112585504727,0.7150611182610549,0.7085258402485997,0.38948618840576377,0.38621854939953615,750,852,-102,102,False,False,False,False,False,Mixed/other profile,High availability,Medium availability,0.1278225171009454,0.0,0.5929444546586499,1.0,1.0,33.0,1.0,11.540550076188477,11.554687276721483,0.0,0.0,0.5836083432122854,1.0
100207,HUANUCO,AMBO,SAN RAFAEL,0.0,0.0,0.0,0.0,0.0,157.0,157.0,1.0,14.071275209323671,13.822824534621915,0.1337579617834395,0.0,0.1105483143082043,0.668369618860073,0.6882620676762714,0.38945896658413864,0.39940519099223787,751,749,2,2,False,False,False,False,False,Mixed/other profile,High availability,High availability,0.2210966286164087,0.0,0.5262423126572472,1.0,1.0,157.0,1.0,14.071275209323673,13.822824534621915,0.1337579617834395,0.0,0.5546600966803878,1.0
100109,HUANUCO,HUANUCO,SANTA MARIA DEL VALLE,0.0,0.0,0.0,0.0,0.0,219.0,219.0,1.0,15.58330105646028,12.91473669025132,0.2922374429223744,0.0410958904109589,0.1145597326386695,0.6642469289179755,0.6850170090960335,0.3894033307783225,0.3997883708673515,752,745,7,7,False,False,False,False,False,Mixed/other profile,High availability,High availability,0.2291194652773391,0.0,0.5379652800589476,0.9589041095890412,1.0,219.0,1.0,15.544742993472898,12.914736690251319,0.2922374429223744,0.0365296803652968,0.5656798760080322,0.9634703196347032
210306,PUNO,CARABAYA,CRUCERO,0.0,0.0,0.0,0.0,0.0,452.0,452.0,1.0,13.50760805873265,13.599882537104287,0.1305309734513274,0.0,0.1081242044419734,0.6703367377256135,0.45017542744596684,0.3892304710837935,0.27914981594397015,753,1420,-667,667,False,False,False,False,False,Mixed/other profile,High availability,Low availability,0.2162484088839469,0.0,0.5290524824651622,1.0,1.0,452.0,1.0,27.746685315183658,29.84490683509646,0.7256637168141593,0.49557522123893805,0.4269257054537833,0.504424778761062
050109,AYACUCHO,HUAMANGA,SAN JOSE DE TICLLAS,0.0,0.0,0.0,0.0,0.0,47.0,47.0,1.0,10.896055369117835,10.250012995894776,0.0,0.0,0.0741986734039763,0.7041690047882867,0.7269875935377654,0.3891838390961315,0.4005931334708709,754,733,21,21,False,False,False,False,False,Mixed/other profile,High availability,High availability,0.1483973468079527,0.0,0.5773842925546953,1.0,1.0,47.0,1.0,10.527376446876014,9.791822115675632,0.0,0.0,0.6099822764825221,1.0
081102,CUSCO,PAUCARTAMBO,CAICAY,4.0,1.0,1.0,0.0,0.0,49.0,49.0,1.0,7.9918241274775905,8.435205200577268,0.0,0.0,0.0506484740881968,0.727004035547354,0.5982880558511501,0.38882625481777544,0.32446826496967346,755,1334,-579,579,True,False,False,False,False,Missing-dominant activity,Medium availability,Low availability,0.1012969481763936,0.0,0.6100057650676487,1.0,1.0,49.0,1.0,24.73005434018503,24.351849999972902,1.0,0.08163265306122448,0.46111121681359635,0.9183673469387755
211102,PUNO,SAN ROMAN,CABANA,0.0,0.0,0.0,0.0,0.0,140.0,140.0,1.0,9.151555893397957,9.495856884789047,0.0,0.0,0.0639112585504727,0.71317582939038,0.5801247694271765,0.38854354397042634,0.32201801398882457,756,1343,-587,587,False,False,False,False,False,Mixed/other profile,Medium availability,Low availability,0.1278225171009454,0.0,0.5902511848434002,1.0,1.0,140.0,1.0,23.439546360014432,23.435945724036866,0.7,0.15714285714285714,0.4675251808143338,0.8428571428571429
081210,CUSCO,QUISPICANCHI,OCONGATE,4.0,1.0,1.0,0.0,0.0,412.0,412.0,1.0,12.684090280173368,12.359838084901403,0.0849514563106796,0.0,0.0948614199796975,0.6818580634858061,0.21185396034496326,0.38835974173275184,0.1533576901623304,757,1707,-950,950,True,False,False,False,False,Missing-dominant activity,Medium availability,Very low availability,0.1897228399593951,0.0,0.5455115192654374,1.0,1.0,412.0,1.0,62.22104544513175,61.924863431311834,1.0,1.0,0.30264851477851895,0.0
060311,CAJAMARCA,CELENDIN,UTCO,0.0,0.0,0.0,0.0,0.0,44.0,44.0,1.0,8.207782399652089,7.258899120369529,0.0,0.0,0.0319556292752363,0.7442880978153115,0.7707327050662603,0.3881218635452739,0.40134416717074833,758,725,33,33,False,False,False,False,False,Mixed/other profile,Medium availability,High availability,0.0639112585504727,0.0,0.6346972825933023,1.0,1.0,44.0,1.0,7.506366236898131,6.540364189269852,0.0,0.0,0.6724752929518005,1.0
090505,HUANCAVELICA,CHURCAMPA,LA MERCED,2.0,1.0,1.0,0.0,0.0,9.0,9.0,1.0,7.460097210226386,7.262005102718476,0.0,0.0,0.0319556292752363,0.7442392912544026,0.8022797440452938,0.38809746026481945,0.41711768666026505,759,623,136,136,True,False,False,False,False,Missing-dominant activity,Medium availability,High availability,0.0639112585504727,0.0,0.6346275589348609,1.0,1.0,9.0,1.0,5.195397465975471,4.822461156172287,0.0,0.0,0.717542491493277,1.0
130903,LA LIBERTAD,SANCHEZ CARRION,COCHORCO,10.0,1.0,1.0,0.0,0.0,111.0,111.0,1.0,11.466019329825995,11.205806233897734,0.009009009009009,0.0,0.0826041033634331,0.6935845881242149,0.6006909703649532,0.38809434574382395,0.34164753686419314,760,1244,-484,484,True,False,False,False,False,Missing-dominant activity,Medium availability,Low availability,0.1652082067268663,0.0,0.562263697320307,1.0,1.0,111.0,1.0,24.057475890311252,24.448703441887616,0.8378378378378378,0.07207207207207207,0.4604465599808213,0.9279279279279279
040703,AREQUIPA,ISLAY,DEAN VALDIVIA,12.0,0.3333333333333333,0.3333333333333333,8.0,8.0,27.0,27.0,1.0,21.089326387570573,20.81616207781876,0.6296296296296297,0.0,0.1575991580257419,0.6182031767680001,0.8370437096512076,0.38790116739687097,0.4973214338384747,761,406,355,355,False,False,False,False,False,Mixed/other profile,Medium availability,High availability,0.1278225171009454,0.1873757989505383,0.4545759668114286,1.0,1.0,27.0,1.0,4.001013395814734,3.37895855974885,0.0,0.0,0.7672052995017251,1.0
150126,LIMA,LIMA,PUNTA HERMOSA,0.0,0.0,0.0,0.0,0.0,13.0,13.0,1.0,9.001177647278876,8.589456918162334,0.0,0.0,0.0506484740881968,0.7248991154970066,0.7309895914285283,0.3877737947926017,0.39081903275836255,762,820,-58,58,False,False,False,False,False,Mixed/other profile,Medium availability,Medium availability,0.1012969481763936,0.0,0.6069987364242952,1.0,1.0,13.0,1.0,9.766952866483079,9.443604653617308,0.0,0.0,0.6156994163264691,1.0
040111,AREQUIPA,AREQUIPA,MOLLEBAYA,4.0,1.0,1.0,0.0,0.0,15.0,15.0,1.0,8.66429366399806,8.612737590904604,0.0,0.0,0.0506484740881968,0.7245843711737148,0.7434966287857849,0.3876164226309558,0.3970725514369909,763,765,-2,2,True,False,False,False,False,Missing-dominant activity,Medium availability,Medium availability,0.1012969481763936,0.0,0.6065491016767355,1.0,1.0,15.0,1.0,8.45339402632244,8.426142211783173,0.0,0.0,0.6335666125511215,1.0
090303,HUANCAVELICA,ANGARAES,CALLANMARCA,0.0,0.0,0.0,0.0,0.0,16.0,16.0,1.0,7.1992723244291925,7.3319412371104224,0.0,0.0,0.0319556292752363,0.7431451647327143,0.7585522925301873,0.3875503970039753,0.3952539609027118,764,777,-13,13,False,False,False,False,False,Mixed/other profile,Medium availability,Medium availability,0.0639112585504727,0.0,0.6330645210467347,1.0,1.0,16.0,1.0,7.1992723244291925,7.3319412371104224,0.0,0.0,0.6550747036145534,1.0
010502,AMAZONAS,LUYA,CAMPORREDONDO,0.0,0.0,0.0,0.0,0.0,47.0,47.0,1.0,10.408025548559134,11.313791188928455,0.0,0.0,0.0826041033634331,0.6924412735071293,0.539137931244442,0.38752268843528115,0.3108710173039375,765,1365,-600,600,False,False,False,False,False,Mixed/other profile,Medium availability,Low availability,0.1652082067268663,0.0,0.5606303907244705,1.0,1.0,47.0,1.0,28.11399941467951,27.30095399107691,1.0,0.23404255319148937,0.44192956743126977,0.7659574468085106
090304,HUANCAVELICA,ANGARAES,CCOCHACCASA,0.0,0.0,0.0,0.0,0.0,63.0,63.0,1.0,11.469962798412231,11.340077286077335,0.0,0.0,0.0826041033634331,0.6921644810632442,0.7557135145526759,0.3873842922133387,0.41915880895805446,766,612,154,154,False,False,False,False,False,Mixed/other profile,Medium availability,High availability,0.1652082067268663,0.0,0.5602349729474918,1.0,1.0,63.0,1.0,7.488304756564436,7.528060878681333,0.0,0.0,0.6510193065038227,1.0
022007,ANCASH,YUNGAY,SHUPLUY,8.0,1.0,1.0,0.0,0.0,34.0,34.0,1.0,13.898201391088834,11.365711386913746,0.1764705882352941,0.0,0.0826041033634331,0.6918951214041689,0.7103764212972042,0.38724961238380096,0.3964902623303187,767,770,-3,3,True,False,False,False,False,Missing-dominant activity,Medium availability,Medium availability,0.1652082067268663,0.0,0.559850173434527,1.0,1.0,34.0,1.0,15.567259187474773,11.365711386913746,0.38235294117647056,0.0,0.5862520304245775,1.0
080203,CUSCO,ACOMAYO,ACOS,2.0,1.0,1.0,0.0,0.0,70.0,70.0,1.0,7.40187117914861,7.379213309647843,0.0,0.0,0.0319556292752363,0.7424107990431736,0.24273968629426576,0.387183214159205,0.13734765778475103,768,1775,-1007,1007,True,False,False,False,False,Missing-dominant activity,Medium availability,Very low availability,0.0639112585504727,0.0,0.6320154272045337,1.0,1.0,70.0,1.0,47.38574126656451,47.852903227808916,1.0,1.0,0.3467709804203797,0.0
030219,APURIMAC,ANDAHUAYLAS,KAQUIABAMBA,0.0,0.0,0.0,0.0,0.0,17.0,17.0,1.0,8.923646344213603,8.697427626362122,0.0,0.0,0.0506484740881968,0.7234457948687705,0.6660424531762033,0.38704713447848366,0.35834546363220005,769,1090,-321,321,False,False,False,False,False,Mixed/other profile,Medium availability,Medium availability,0.1012969481763936,0.0,0.6049225640982436,1.0,1.0,17.0,1.0,17.195972126539086,16.783510087492957,0.058823529411764705,0.0,0.5229177902517189,1.0
030714,APURIMAC,GRAU,CURASCO,0.0,0.0,0.0,0.0,0.0,29.0,29.0,1.0,8.606885166680609,8.703246904870351,0.0,0.0,0.0506484740881968,0.7233679257324679,0.25577793636590346,0.38700819991033236,0.15321320522705012,770,1708,-938,938,False,False,False,False,False,Mixed/other profile,Medium availability,Very low availability,0.1012969481763936,0.0,0.6048113224749542,1.0,1.0,29.0,1.0,42.72040275186919,42.9018873830414,1.0,1.0,0.3653970519512907,0.0
100111,HUANUCO,HUANUCO,PILLCO MARCA,6.0,1.0,1.0,0.0,0.0,31.0,31.0,1.0,11.773390876814467,11.439716717582948,0.1612903225806451,0.0,0.0826041033634331,0.6911206050418219,0.7096483633656028,0.3868623542026275,0.3961262333645179,771,773,-2,2,True,False,False,False,False,Missing-dominant activity,Medium availability,Medium availability,0.1652082067268663,0.0,0.5587437214883171,1.0,1.0,31.0,1.0,11.773390876814467,11.439716717582947,0.16129032258064516,0.0,0.585211947665147,1.0
131004,LA LIBERTAD,SANTIAGO DE CHUCO,MOLLEBAMBA,0.0,0.0,0.0,0.0,0.0,63.0,63.0,1.0,8.608209513122379,8.74314277887378,0.0,0.0,0.0506484740881968,0.7228353239194973,0.6396238456050202,0.3867418990038471,0.3451361598466085,772,1222,-450,450,False,False,False,False,False,Mixed/other profile,Medium availability,Low availability,0.1012969481763936,0.0,0.604050462742139,1.0,1.0,63.0,1.0,21.01668454849659,21.08256541931376,0.7619047619047619,0.0,0.485176922292886,1.0
120422,JUNIN,JAUJA,PACA,4.0,1.0,1.0,0.0,0.0,9.0,9.0,1.0,9.612691784449591,8.790224495730934,0.0,0.0,0.0506484740881968,0.722209590935925,0.7388725139013764,0.3864290325120609,0.39476049399478663,773,782,-9,9,True,False,False,False,False,Missing-dominant activity,Medium availability,Medium availability,0.1012969481763936,0.0,0.6031565584798928,1.0,1.0,9.0,1.0,9.612691784449593,8.790224495730934,0.0,0.0,0.6269607341448236,1.0
050702,AYACUCHO,PARINACOCHAS,CHUMPI,0.0,0.0,0.0,0.0,0.0,71.0,71.0,1.0,12.23040917132989,10.857169489606424,0.0704225352112676,0.0,0.0741986734039763,0.6973461416623636,0.7155004686733926,0.38577240753317,0.39484957103868445,774,780,-6,6,False,False,False,False,False,Mixed/other profile,Medium availability,Medium availability,0.1483973468079527,0.0,0.5676373452319482,1.0,1.0,71.0,1.0,12.23040917132989,10.857169489606424,0.07042253521126761,0.0,0.5935720981048467,1.0
210214,PUNO,AZANGARO,SANTIAGO DE PUPUJA,0.0,0.0,0.0,0.0,0.0,65.0,65.0,1.0,10.977409245245951,10.872961168959913,0.0,0.0,0.0741986734039763,0.6971733824228713,0.6471479727888774,0.3856860279134238,0.36067332309642686,775,1069,-294,294,False,False,False,False,False,Mixed/other profile,Medium availability,Medium availability,0.1483973468079527,0.0,0.5673905463183876,1.0,1.0,65.0,1.0,20.013897063547912,19.761982334167506,0.49230769230769234,0.0,0.49592567541268195,1.0
120415,JUNIN,JAUJA,MARCO,2.0,1.0,1.0,0.0,0.0,8.0,8.0,1.0,7.2473770882773,7.582217173555703,0.0,0.0,0.0319556292752363,0.7393035533299046,0.7549411155584435,0.38562959130257046,0.3934483724168399,776,794,-18,18,True,False,False,False,False,Missing-dominant activity,Medium availability,Medium availability,0.0639112585504727,0.0,0.6275765047570067,1.0,1.0,8.0,1.0,7.2473770882773,7.582217173555703,0.0,0.0,0.649915879369205,1.0
061304,CAJAMARCA,SANTA CRUZ,CHANCAYBAÑOS,0.0,0.0,0.0,0.0,0.0,34.0,34.0,1.0,12.389176063979072,12.392008057649672,0.0,0.0,0.0897107931332828,0.6815458798199421,0.7449415524996092,0.38562833647661243,0.417326172816446,777,622,155,155,False,False,False,False,False,Mixed/other profile,Medium availability,High availability,0.1794215862665657,0.0,0.5450655425999174,1.0,1.0,34.0,1.0,9.247834621381571,8.315175785155883,0.0,0.0,0.6356307892851562,1.0
060702,CAJAMARCA,HUALGAYOC,CHUGUR,8.0,0.75,0.75,2.0,2.0,23.0,23.0,1.0,14.73108428753496,14.803874986071948,0.0,0.0,0.1107552082881073,0.6600509701883429,0.8676398231906688,0.3854030892382251,0.489197515739388,778,419,359,359,False,False,False,False,False,Mixed/other profile,Medium availability,High availability,0.1278225171009454,0.0936878994752691,0.5143585288404899,1.0,1.0,23.0,1.0,2.940154366993689,2.407765895978791,0.0,0.0,0.8109140331295269,1.0
200205,PIURA,AYABACA,MONTERO,0.0,0.0,0.0,0.0,0.0,54.0,54.0,1.0,10.28742919764589,10.959228405227794,0.0,0.0,0.0741986734039763,0.6962336658880431,0.20651093815013236,0.38521616964600974,0.14035480577705434,779,1765,-986,986,False,False,False,False,False,Mixed/other profile,Medium availability,Very low availability,0.1483973468079527,0.0,0.566048094125776,1.0,1.0,54.0,1.0,63.97612329148949,64.74152274207509,1.0,1.0,0.2950156259287605,0.0
090609,HUANCAVELICA,HUAYTARA,QUITO ARMA,4.0,1.0,1.0,0.0,0.0,50.0,50.0,1.0,8.890606064335508,8.990703767185288,0.0,0.0,0.0506484740881968,0.7195784100244119,0.7363991612064115,0.3851134420563044,0.39352381764730415,780,793,-13,13,True,False,False,False,False,Missing-dominant activity,Medium availability,Medium availability,0.1012969481763936,0.0,0.5993977286063028,1.0,1.0,50.0,1.0,8.854796226601032,8.990703767185288,0.0,0.0,0.6234273731520165,1.0
080103,CUSCO,CUSCO,POROY,0.0,0.0,0.0,0.0,0.0,29.0,29.0,1.0,7.590510302802677,7.666822530077168,0.0,0.0,0.0319556292752363,0.738030198462774,0.745224302020904,0.38499291386900514,0.38858996564807013,781,829,-48,48,False,False,False,False,False,Mixed/other profile,Medium availability,Medium availability,0.0639112585504727,0.0,0.6257574263753913,1.0,1.0,29.0,1.0,8.178946873273803,8.293614658188984,0.0,0.0,0.6360347171727201,1.0
050107,AYACUCHO,HUAMANGA,PACAYCASA,6.0,1.0,1.0,0.0,0.0,17.0,17.0,1.0,8.959285400186559,9.034501618036874,0.0,0.0,0.0506484740881968,0.7190106176631273,0.750187479268275,0.3848295458756621,0.4004179766782359,782,740,42,42,True,False,False,False,False,Missing-dominant activity,Medium availability,High availability,0.1012969481763936,0.0,0.5985865966616105,1.0,1.0,17.0,1.0,7.849469476863213,7.9231700617781655,0.0,0.0,0.64312497038325,1.0
060203,CAJAMARCA,CAJABAMBA,CONDEBAMBA,0.0,0.0,0.0,0.0,0.0,79.0,79.0,1.0,12.036798668142202,11.92723428017328,0.0,0.0,0.0826041033634331,0.6861307433793965,0.7200932892659444,0.38436742337141483,0.4013486963146887,783,724,59,59,False,False,False,False,False,Mixed/other profile,Medium availability,High availability,0.1652082067268663,0.0,0.5516153476848522,1.0,1.0,79.0,1.0,10.370302877348214,10.419149296483422,0.0,0.0,0.6001332703799207,1.0
080202,CUSCO,ACOMAYO,ACOPIA,2.0,1.0,1.0,0.0,0.0,14.0,14.0,1.0,7.249969917834072,7.762782001401973,0.0,0.0,0.0319556292752363,0.7366009170922547,0.2760738010928579,0.3842782731837455,0.1540147151840471,784,1705,-921,921,True,False,False,False,False,Missing-dominant activity,Medium availability,Very low availability,0.0639112585504727,0.0,0.6237155958460782,1.0,1.0,14.0,1.0,36.83869561301943,36.17439396122086,1.0,1.0,0.3943911444183684,0.0
130206,LA LIBERTAD,ASCOPE,RAZURI,0.0,0.0,0.0,0.0,0.0,52.0,52.0,1.0,9.300510092728809,9.12681023593719,0.0,0.0,0.0506484740881968,0.7178220072584032,0.7347481141439524,0.3842352406733,0.3926982941160746,785,801,-16,16,False,False,False,False,False,Mixed/other profile,Medium availability,Medium availability,0.1012969481763936,0.0,0.5968885817977189,1.0,1.0,52.0,1.0,9.300510092728807,9.12681023593719,0.0,0.0,0.6210687344913606,1.0
060419,CAJAMARCA,CHOTA,CHALAMARCA,0.0,0.0,0.0,0.0,0.0,42.0,42.0,1.0,16.054885542506526,16.522851746359866,0.0476190476190476,0.0,0.1216664224085192,0.646648774324946,0.6890185735136165,0.38415759836673263,0.40534249796106786,786,701,85,85,False,False,False,False,False,Mixed/other profile,Medium availability,High availability,0.2433328448170384,0.0,0.495212534749923,1.0,1.0,42.0,1.0,13.70149832271727,13.731206862992245,0.0,0.0,0.5557408193051665,1.0
140305,LAMBAYEQUE,LAMBAYEQUE,MOCHUMI,1.0,1.0,1.0,0.0,0.0,48.0,48.0,1.0,13.380671402304458,13.378550566251056,0.0,0.0,0.095866887825709,0.6723195916867966,0.6949250984706277,0.38409323975625276,0.3953959931481683,787,776,11,11,True,False,False,False,False,Missing-dominant activity,Medium availability,Medium availability,0.1917337756514181,0.0,0.5318851309811379,1.0,1.0,48.0,1.0,13.120764601334947,13.035088936504906,0.0,0.0,0.5641787121008968,1.0
120423,JUNIN,JAUJA,PACCHA,8.0,1.0,1.0,0.0,0.0,27.0,27.0,1.0,10.795843259742403,11.17799106553815,0.0,0.0,0.0741986734039763,0.6938807257387332,0.7122429215483044,0.38403969957135475,0.39322079747614036,788,796,-8,8,True,False,False,False,False,Missing-dominant activity,Medium availability,Medium availability,0.1483973468079527,0.0,0.5626867510553331,1.0,1.0,27.0,1.0,10.795843259742403,11.17799106553815,0.0,0.0,0.5889184593547205,1.0
211104,PUNO,SAN ROMAN,CARACOTO,2.0,1.0,1.0,0.0,0.0,175.0,175.0,1.0,10.267768973878097,10.261202067439926,0.0,0.0,0.0639112585504727,0.7040399695936447,0.7194808800953933,0.3839756140720587,0.391696069322933,789,809,-20,20,True,False,False,False,False,Missing-dominant activity,Medium availability,Medium availability,0.1278225171009454,0.0,0.5771999565623496,1.0,1.0,175.0,1.0,10.40596932816146,10.476606884781075,0.0,0.0,0.5992584001362762,1.0
010111,AMAZONAS,CHACHAPOYAS,LEVANTO,0.0,0.0,0.0,0.0,0.0,32.0,32.0,1.0,8.65876970259124,7.87760187576822,0.0,0.0,0.0319556292752363,0.7349111447375685,0.7508121803029065,0.3834333870064024,0.3913839047890714,790,811,-21,21,False,False,False,False,False,Mixed/other profile,Medium availability,Medium availability,0.0639112585504727,0.0,0.6213016353393837,1.0,1.0,32.0,1.0,8.65876970259124,7.87760187576822,0.0,0.0,0.6440174004327237,1.0
120705,JUNIN,TARMA,LA UNION,8.0,1.0,1.0,0.0,0.0,29.0,29.0,1.0,12.1919484540138,12.116274906214654,0.0689655172413793,0.0,0.0826041033634331,0.6842463294576515,0.7031864329192226,0.3834252164105423,0.3928952681413278,791,798,-7,7,True,False,False,False,False,Missing-dominant activity,Medium availability,Medium availability,0.1652082067268663,0.0,0.548923327796645,1.0,1.0,29.0,1.0,13.245840471718124,12.116274906214654,0.2413793103448276,0.0,0.5759806184560322,1.0
190207,PASCO,DANIEL ALCIDES CARRION,TAPUC,6.0,1.0,1.0,0.0,0.0,53.0,53.0,1.0,9.979669634216108,10.366827353533468,0.0,0.0,0.0639112585504727,0.7028281517316606,0.7206536469742053,0.3833697051410666,0.392282452762339,792,804,-12,12,True,False,False,False,False,Missing-dominant activity,Medium availability,Medium availability,0.1278225171009454,0.0,0.5754687881880866,1.0,1.0,53.0,1.0,9.979669634216107,10.366827353533468,0.0,0.0,0.6009337813917218,1.0
010509,AMAZONAS,LUYA,LUYA,0.0,0.0,0.0,0.0,0.0,23.0,23.0,1.0,13.259995129018948,12.186670191878862,0.0434782608695652,0.0,0.0826041033634331,0.6835515399267956,0.7025333195011917,0.3830778216451144,0.3925687114323124,793,802,-9,9,False,False,False,False,False,Mixed/other profile,Medium availability,Medium availability,0.1652082067268663,0.0,0.5479307713239938,1.0,1.0,23.0,1.0,13.259995129018947,12.186670191878862,0.043478260869565216,0.0,0.5750475992874168,1.0
051009,AYACUCHO,VICTOR FAJARDO,HUANCARAYLLA,6.0,1.0,1.0,0.0,0.0,57.0,57.0,1.0,10.846457012603713,10.430806775723216,0.0,0.0,0.0639112585504727,0.7020995927677921,0.7199687897419107,0.3830054256591324,0.39194002414619167,794,806,-12,12,True,False,False,False,False,Missing-dominant activity,Medium availability,Medium availability,0.1278225171009454,0.0,0.5744279896682745,1.0,1.0,57.0,1.0,10.808085686236076,10.430806775723216,0.0,0.0,0.5999554139170152,1.0
061307,CAJAMARCA,SANTA CRUZ,PULAN,0.0,0.0,0.0,0.0,0.0,41.0,41.0,1.0,11.962305377614156,12.204842474527975,0.024390243902439,0.0,0.0826041033634331,0.6833727848848106,0.6367374155681664,0.3829884441241218,0.35967075946579974,795,1079,-284,284,False,False,False,False,False,Mixed/other profile,Medium availability,Medium availability,0.1652082067268663,0.0,0.5476754069783007,1.0,1.0,41.0,1.0,21.461334306868658,21.61118002905099,0.6585365853658537,0.0,0.4810534508116663,1.0
220604,SAN MARTIN,MARISCAL CACERES,PACHIZA,26.0,0.2692307692307692,0.2692307692307692,22.0,22.0,73.0,73.0,1.0,22.18210762207511,23.71186572600136,0.589041095890411,0.2191780821917808,0.2295618546203151,0.536272149661702,0.8217874943954198,0.38291700214100854,0.5256746745078674,796,361,435,435,False,False,False,False,False,Mixed/other profile,Medium availability,Very high availability,0.1917337756514181,0.267389933589212,0.4314651061703376,0.7808219178082192,1.0,73.0,1.0,4.2887163826701045,3.962179266550767,0.0,0.0,0.745410706279171,1.0
061305,CAJAMARCA,SANTA CRUZ,LA ESPERANZA,0.0,0.0,0.0,0.0,0.0,35.0,35.0,1.0,10.33644704090326,10.482279000990756,0.0,0.0,0.0639112585504727,0.7015164120909321,0.7187154972638989,0.38271383532070236,0.3913133779071858,797,812,-15,15,False,False,False,False,False,Mixed/other profile,Medium availability,Medium availability,0.1278225171009454,0.0,0.5735948744156174,1.0,1.0,35.0,1.0,10.630631545735671,10.548823424496291,0.0,0.0,0.5981649960912843,1.0
020204,ANCASH,AIJA,LA MERCED,7.0,0.2857142857142857,0.2857142857142857,5.0,5.0,101.0,101.0,1.0,17.831686886115126,17.721317360779597,0.2079207920792079,0.0,0.1270476654901109,0.6380614311061078,0.8711918782364314,0.38255454829810936,0.49911977186327117,798,402,396,396,False,False,False,False,False,Mixed/other profile,Medium availability,High availability,0.1012969481763936,0.1527983828038282,0.482944901580154,1.0,1.0,101.0,1.0,2.6861546127596276,2.3099915399688986,0.0,0.0,0.8159883974806164,1.0
090721,HUANCAVELICA,TAYACAJA,ROBLE,11.0,0.0,0.0,12.0,12.0,21.0,21.0,1.0,19.929960099461685,19.967077096779374,0.4285714285714285,0.0,0.1413230194089947,0.6233560274381629,0.7741532052476063,0.3823395234235788,0.45773811232830053,799,477,322,322,False,False,False,False,False,Mixed/other profile,Medium availability,High availability,0.0639112585504727,0.2187347802675168,0.4619371820545184,1.0,1.0,21.0,1.0,5.618233529032876,6.3319196741119805,0.0,0.0,0.6773617217822949,1.0
080303,CUSCO,ANTA,CACHIMAYO,0.0,0.0,0.0,0.0,0.0,23.0,23.0,1.0,8.005519158037753,8.029137347423884,0.0,0.0,0.0319556292752363,0.7327141895663203,0.7201786159620602,0.3823349094207783,0.3760671226186483,800,944,-144,144,False,False,False,False,False,Mixed/other profile,Medium availability,Medium availability,0.0639112585504727,0.0,0.6181631279518862,1.0,1.0,23.0,1.0,10.67999978804993,10.411166621244453,0.0,0.0,0.6002551656600861,1.0
120202,JUNIN,CONCEPCION,ACO,6.0,1.0,1.0,0.0,0.0,6.0,6.0,1.0,10.016952569251949,10.560459354004344,0.0,0.0,0.0639112585504727,0.7006356102031742,0.7185926224074124,0.3822734343768235,0.3912519404789425,801,814,-13,13,True,False,False,False,False,Missing-dominant activity,Medium availability,Medium availability,0.1278225171009454,0.0,0.5723365860045346,1.0,1.0,6.0,1.0,10.016952569251949,10.560459354004344,0.0,0.0,0.5979894605820177,1.0
110211,ICA,CHINCHA,TAMBO DE MORA,2.0,1.0,1.0,0.0,0.0,19.0,19.0,1.0,8.66903478074959,9.4514604575246,0.0,0.0,0.0506484740881968,0.7137260454878545,0.7308978437048,0.38218725978802565,0.39077315889649844,802,821,-19,19,True,False,False,False,False,Missing-dominant activity,Medium availability,Medium availability,0.1012969481763936,0.0,0.5910372078397921,1.0,1.0,19.0,1.0,8.66903478074959,9.4514604575246,0.0,0.0,0.6155683481497144,1.0
120709,JUNIN,TARMA,TAPO,12.0,1.0,1.0,0.0,0.0,35.0,35.0,1.0,13.811085483575969,13.1686147947684,0.0285714285714285,0.0,0.0897107931332828,0.674228760430804,0.6937697556998275,0.3819697767820434,0.3917402744165551,803,808,-5,5,True,False,False,False,False,Missing-dominant activity,Medium availability,Medium availability,0.1794215862665657,0.0,0.5346125149011487,1.0,1.0,35.0,1.0,13.811085483575967,13.1686147947684,0.02857142857142857,0.0,0.562528222428325,1.0
030210,APURIMAC,ANDAHUAYLAS,PAMPACHIRI,0.0,0.0,0.0,0.0,0.0,174.0,174.0,1.0,14.007861731323183,12.930223228026447,0.2298850574712643,0.0689655172413793,0.1081242044419734,0.6557416562882584,0.7061167135510773,0.3819329303651159,0.4071204589965254,804,685,119,119,False,False,False,False,False,Mixed/other profile,Medium availability,High availability,0.2162484088839469,0.0,0.5377590163723889,0.9310344827586208,1.0,174.0,1.0,11.363408299383654,11.80503383958579,0.0,0.0,0.5801667336443963,1.0
080706,CUSCO,CHUMBIVILCAS,LLUSCO,10.0,1.0,1.0,0.0,0.0,150.0,150.0,1.0,13.699449095897428,11.023716652084245,0.2066666666666666,0.02,0.0741986734039763,0.6895356068788199,0.7077985366372443,0.3818671401413981,0.39099860502061035,805,818,-13,13,True,False,False,False,False,Missing-dominant activity,Medium availability,Medium availability,0.1483973468079527,0.0,0.5650508669697427,0.98,1.0,150.0,1.0,13.699449095897428,11.023716652084243,0.20666666666666667,0.02,0.5911407666246348,0.98
090716,HUANCAVELICA,TAYACAJA,SAN MARCOS DE ROCCHAC,25.0,0.28,0.28,20.0,20.0,54.0,54.0,1.0,26.22704543452162,25.489438752380003,1.0,0.1111111111111111,0.204014676300428,0.5596758230818366,0.8266811550920814,0.3818452496911323,0.5153479156962547,806,379,427,427,False,False,False,False,False,Mixed/other profile,Medium availability,High availability,0.1483973468079527,0.2596320057929034,0.4185845091645286,0.8888888888888888,1.0,54.0,1.0,4.281427738471368,3.767101396874285,0.0,0.0,0.7524016501315448,1.0
130207,LA LIBERTAD,ASCOPE,SANTIAGO DE CAO,2.0,1.0,1.0,0.0,0.0,40.0,40.0,1.0,12.352690807412184,11.608562286056737,0.0,0.0,0.0741986734039763,0.6893706318959295,0.7080033602502449,0.3817846526499529,0.3911010168271106,807,816,-9,9,True,False,False,False,False,Missing-dominant activity,Medium availability,Medium availability,0.1483973468079527,0.0,0.5562437598513279,1.0,1.0,40.0,1.0,12.352690807412184,11.608562286056735,0.0,0.0,0.5828619432146356,1.0
120111,JUNIN,HUANCAYO,CHUPURO,7.0,0.8571428571428571,0.8571428571428571,1.0,1.0,17.0,17.0,1.0,12.355796322059389,13.656053029732004,0.0,0.0,0.0934665002147522,0.6698383035559503,0.7778942700026976,0.38165240188535127,0.4356803851087249,808,535,273,273,False,False,False,False,False,Mixed/other profile,Medium availability,High availability,0.1278225171009454,0.059110483328559,0.5283404336513575,1.0,1.0,17.0,1.0,4.593288823858555,6.110531839901413,0.0,0.0,0.6827061000038539,1.0
060612,CAJAMARCA,CUTERVO,SANTO DOMINGO DE LA CAPILLA,24.0,1.0,1.0,0.0,0.0,38.0,38.0,1.0,16.514745967962625,16.743908764146628,0.131578947368421,0.0,0.1182498797882768,0.6450215124190157,0.6663144692668892,0.3816356961036463,0.392282174527583,809,805,4,4,True,False,False,False,False,Missing-dominant activity,Medium availability,Medium availability,0.2364997595765537,0.0,0.4928878748843083,1.0,1.0,38.0,1.0,16.41445507792411,16.743908764146628,0.05263157894736842,0.0,0.5233063846669845,1.0
120122,JUNIN,HUANCAYO,INGENIO,4.0,1.0,1.0,0.0,0.0,18.0,18.0,1.0,10.6210234359994,9.608801588089412,0.0,0.0,0.0506484740881968,0.7117865016149432,0.7290746410340609,0.38121748785157,0.3898615575611289,810,825,-15,15,True,False,False,False,False,Missing-dominant activity,Medium availability,Medium availability,0.1012969481763936,0.0,0.5882664308784904,1.0,1.0,18.0,1.0,10.6210234359994,9.608801588089413,0.0,0.0,0.6129637729058015,1.0
120117,JUNIN,HUANCAYO,HUALHUAS,2.0,1.0,1.0,0.0,0.0,8.0,8.0,1.0,8.072924008792208,8.198559733585446,0.0,0.0,0.0319556292752363,0.7303011495148296,0.7464787100888113,0.38112838939503296,0.3892171696820238,811,827,-16,16,True,False,False,False,False,Missing-dominant activity,Medium availability,Medium availability,0.0639112585504727,0.0,0.6147159278783281,1.0,1.0,8.0,1.0,8.072924008792208,8.198559733585446,0.0,0.0,0.6378267286983019,1.0
210710,PUNO,LAMPA,VILAVILA,0.0,0.0,0.0,0.0,0.0,45.0,45.0,1.0,9.52110542878396,9.698676613882377,0.0,0.0,0.0506484740881968,0.7106914802757334,0.2793434104874135,0.3806699771819651,0.16499594228780515,812,1658,-846,846,False,False,False,False,False,Mixed/other profile,Medium availability,Very low availability,0.1012969481763936,0.0,0.5867021146796192,1.0,1.0,45.0,1.0,37.26339113144355,37.22390740780665,1.0,0.9777777777777777,0.38953820545820983,0.022222222222222254
080903,CUSCO,LA CONVENCION,HUAYOPATA,0.0,0.0,0.0,0.0,0.0,95.0,95.0,1.0,12.646978755039456,13.478740291434775,0.0,0.0,0.0897107931332828,0.6714182646361502,0.5548075177493579,0.3805645288847165,0.32225915544132033,813,1341,-528,528,False,False,False,False,False,Mixed/other profile,Medium availability,Low availability,0.1794215862665657,0.0,0.5305975209087861,1.0,1.0,95.0,1.0,26.89545156420929,22.778196237913736,0.8210526315789474,0.25263157894736843,0.47228141633366916,0.7473684210526316
060103,CAJAMARCA,CAJAMARCA,CHETILLA,6.0,0.0,0.0,6.0,6.0,40.0,40.0,1.0,16.138048418752504,16.6859067318697,0.0,0.0,0.1149276824340534,0.6454465112541143,0.8733457685682304,0.38018709684408386,0.4941367255011419,814,409,405,405,False,False,False,False,False,Mixed/other profile,Medium availability,High availability,0.0639112585504727,0.1659441063176342,0.4934950160773061,1.0,1.0,40.0,1.0,2.370252772601102,2.252074741078485,0.0,0.0,0.8190653836689006,1.0
050412,AYACUCHO,HUANTA,CHACA,0.0,0.0,0.0,0.0,0.0,26.0,26.0,1.0,7.838073898040458,8.344686954031728,0.0,0.0,0.0319556292752363,0.7282553297530907,0.6647386042586645,0.3801054795141635,0.3483471167669504,815,1190,-375,375,False,False,False,False,False,Mixed/other profile,Medium availability,Low availability,0.0639112585504727,0.0,0.6117933282187011,1.0,1.0,26.0,1.0,17.19927185814675,16.974560881963924,0.23076923076923078,0.0,0.5210551489409493,1.0
020802,ANCASH,CASMA,BUENA VISTA ALTA,6.0,1.0,1.0,0.0,0.0,48.0,48.0,1.0,10.693366858542625,10.959815356414529,0.0,0.0,0.0639112585504727,0.6962272954220239,0.6332428966424584,0.38006927698624826,0.3485770775964655,816,1186,-370,370,True,False,False,False,False,Missing-dominant activity,Medium availability,Low availability,0.1278225171009454,0.0,0.5660389934600341,1.0,1.0,48.0,1.0,18.390364096065372,18.953736209035696,0.4166666666666667,0.0625,0.5028469952035121,0.9375
220406,SAN MARTIN,HUALLAGA,TINGO DE SAPOSOA,2.0,1.0,1.0,0.0,0.0,31.0,31.0,1.0,8.429310524752132,8.356661026230983,0.0,0.0,0.0319556292752363,0.7280891102222234,0.7653455047205344,0.3800223697487299,0.39865056699788537,817,758,59,59,True,False,False,False,False,Missing-dominant activity,Medium availability,Medium availability,0.0639112585504727,0.0,0.6115558717460335,1.0,1.0,31.0,1.0,6.844382353161636,6.880740798269168,0.0,0.0,0.6647792924579063,1.0
200202,PIURA,AYABACA,FRIAS,0.0,0.0,0.0,0.0,0.0,161.0,161.0,1.0,15.79475578997137,15.634629397910036,0.2422360248447205,0.0,0.1061543026792127,0.6534009978169488,0.4444098779781732,0.37977765024808074,0.27528209032869294,818,1429,-611,611,False,False,False,False,False,Mixed/other profile,Medium availability,Low availability,0.2123086053584255,0.0,0.5048585683099269,1.0,1.0,161.0,1.0,30.101759384331366,30.26307644360042,0.9627329192546584,0.5093167701863354,0.42457844147724844,0.49068322981366463
051006,AYACUCHO,VICTOR FAJARDO,CAYARA,2.0,1.0,1.0,0.0,0.0,31.0,31.0,1.0,8.157410124873696,8.397112810060207,0.0,0.0,0.0319556292752363,0.7275291428678264,0.7672497588569518,0.3797423860715314,0.39960269406609406,819,748,71,71,True,False,False,False,False,Missing-dominant activity,Medium availability,High availability,0.0639112585504727,0.0,0.6107559183826092,1.0,1.0,31.0,1.0,6.719563490755792,6.758704488746774,0.0,0.0,0.6674996555099312,1.0
160601,LORETO,UCAYALI,CONTAMANA,3.0,0.3333333333333333,0.3333333333333333,6.0,3.0,109.0,109.0,1.0,28.75589487973701,18.800799592312977,0.4862385321100917,0.3486238532110092,0.2331123225938528,0.5261976148514274,0.217745437656123,0.3796549687226401,0.2254288801249879,820,1512,-692,692,False,False,False,False,False,Mixed/other profile,Medium availability,Very low availability,0.3249256513595553,0.1412989938281504,0.4725496725924716,0.6513761467889908,1.0,109.0,1.0,57.70126255334095,58.9587653945684,1.0,1.0,0.3110649109373186,0.0
010310,AMAZONAS,BONGARA,SHIPASBAMBA,0.0,0.0,0.0,0.0,0.0,20.0,20.0,1.0,11.100529485828712,11.053793150014208,0.0,0.0,0.0639112585504727,0.6952113203145882,0.7050553789878378,0.3795612894325304,0.3844833187691552,821,869,-48,48,False,False,False,False,False,Mixed/other profile,Medium availability,Medium availability,0.1278225171009454,0.0,0.5645876004494117,1.0,1.0,20.0,1.0,11.80978857193892,11.916901573457325,0.0,0.0,0.5786505414111969,1.0
050105,AYACUCHO,HUAMANGA,CHIARA,0.0,0.0,0.0,0.0,0.0,91.0,91.0,1.0,13.017507736850725,12.935918575793734,0.0219780219780219,0.0,0.0826041033634331,0.676378252780476,0.7029755057998499,0.37949117807195454,0.3927898045816415,822,799,23,23,False,False,False,False,False,Mixed/other profile,Medium availability,Medium availability,0.1652082067268663,0.0,0.5376832182578231,1.0,1.0,91.0,1.0,12.274449588213999,12.138968328110256,0.01098901098901099,0.0,0.5756792939997857,1.0
150732,LIMA,HUAROCHIRI,SURCO,2.0,1.0,1.0,0.0,0.0,74.0,74.0,1.0,8.461454493877522,8.437955214515515,0.0,0.0,0.0319556292752363,0.7269662084254893,0.7433438114222934,0.3794609188503628,0.3876497203487649,823,839,-16,16,True,False,False,False,False,Missing-dominant activity,Medium availability,Medium availability,0.0639112585504727,0.0,0.6099517263221277,1.0,1.0,74.0,1.0,8.461454493877522,8.437955214515515,0.0,0.0,0.6333483020318479,1.0
060506,CAJAMARCA,CONTUMAZA,SANTA CRUZ DE TOLED,3.0,1.0,1.0,0.0,0.0,83.0,83.0,1.0,7.965913406252386,8.464337562569291,0.0,0.0,0.0319556292752363,0.7266038717680431,0.7404359937904645,0.3792797505216397,0.38619581153285043,824,853,-29,29,True,False,False,False,False,Missing-dominant activity,Medium availability,Medium availability,0.0639112585504727,0.0,0.6094341025257759,1.0,1.0,83.0,1.0,8.263357690003602,8.665575986481205,0.0,0.0,0.6291942768435208,1.0
120127,JUNIN,HUANCAYO,QUICHUAY,2.0,1.0,1.0,0.0,0.0,25.0,25.0,1.0,9.511036833308005,8.485922698533466,0.0,0.0,0.0319556292752363,0.726308170743498,0.7427252453377567,0.37913190000936714,0.38734043730649653,825,843,-18,18,True,False,False,False,False,Missing-dominant activity,Medium availability,Medium availability,0.0639112585504727,0.0,0.6090116724907113,1.0,1.0,25.0,1.0,9.511036833308003,8.485922698533466,0.0,0.0,0.6324646361967954,1.0
130705,LA LIBERTAD,PACASMAYO,SAN JOSE,4.0,1.0,1.0,0.0,0.0,34.0,34.0,1.0,11.553854485116007,11.210307616782613,0.0,0.0,0.0639112585504727,0.6935367270490352,0.7119195572055084,0.378723992799754,0.3879154078779905,826,833,-7,7,True,False,False,False,False,Missing-dominant activity,Medium availability,Medium availability,0.1278225171009454,0.0,0.5621953243557647,1.0,1.0,34.0,1.0,11.553854485116009,11.210307616782611,0.0,0.0,0.5884565102935835,1.0
030107,APURIMAC,ABANCAY,PICHIRHUA,0.0,0.0,0.0,0.0,0.0,120.0,120.0,1.0,15.08867828163479,15.990467960266333,0.05,0.0,0.1061543026792127,0.6506536179889424,0.708786837871185,0.3784039603340775,0.40747057027519884,827,682,145,145,False,False,False,False,False,Mixed/other profile,Medium availability,High availability,0.2123086053584255,0.0,0.5009337399842035,1.0,1.0,120.0,1.0,12.196548709449873,11.527861045029372,0.0,0.0,0.5839811969588359,1.0
020112,ANCASH,HUARAZ,TARICA,8.0,1.0,1.0,0.0,0.0,46.0,46.0,1.0,12.3238216950903,12.291817031397684,0.0,0.0,0.0741986734039763,0.6825206355852316,0.7195204520295534,0.37835965449460396,0.39685956271676487,828,768,60,60,True,False,False,False,False,Missing-dominant activity,Medium availability,Medium availability,0.1483973468079527,0.0,0.5464580508360453,1.0,1.0,46.0,1.0,10.329139543143546,10.472885436527793,0.0,0.0,0.5993149314707906,1.0
220710,SAN MARTIN,PICOTA,TRES UNIDOS,25.0,0.0,0.0,46.0,43.0,33.0,33.0,1.0,24.633491343880863,26.257015590516733,0.7878787878787878,0.0909090909090909,0.1946704722982311,0.5620286436338873,0.6752948912347596,0.3783495579660592,0.43498268176649535,829,537,292,292,False,False,False,False,False,Mixed/other profile,Medium availability,High availability,0.0639112585504727,0.3254296860459895,0.413287672723735,0.9090909090909092,1.0,33.0,1.0,13.213422685660904,15.484856888099703,0.0,0.0,0.5361355589067994,1.0
051105,AYACUCHO,VILCAS HUAMAN,HUAMBALPA,4.0,1.0,1.0,0.0,0.0,39.0,39.0,1.0,11.160039435406429,10.117436396259343,0.0512820512820512,0.0,0.0506484740881968,0.70570775643318,0.7041265517493115,0.3781781152606884,0.37738751291875416,830,936,-106,106,True,False,False,False,False,Missing-dominant activity,Medium availability,Medium availability,0.1012969481763936,0.0,0.5795825091902571,1.0,1.0,39.0,1.0,13.011925155028866,12.015604256371008,0.0,0.0,0.5773236453561593,1.0
120208,JUNIN,CONCEPCION,MANZANARES,2.0,1.0,1.0,0.0,0.0,5.0,5.0,1.0,9.42038532941726,8.628733568717825,0.0,0.0,0.0319556292752363,0.7243685541739788,0.7145083329795272,0.3781620917246076,0.37323198112738176,831,966,-135,135,True,False,False,False,False,Missing-dominant activity,Medium availability,Medium availability,0.0639112585504727,0.0,0.6062407916771126,1.0,1.0,5.0,1.0,10.725226793635954,10.95397511207639,0.0,0.0,0.5921547613993245,1.0
250201,UCAYALI,ATALAYA,RAIMONDI,74.0,0.5135135135135135,0.5135135135135135,177.0,68.0,214.0,214.0,1.0,34.01610406635185,35.74437858384751,0.677570093457944,0.5887850467289719,0.3824024480564893,0.3738971867132082,0.4008579410762806,0.37814981738484876,0.3916301945663849,832,810,22,22,False,False,False,True,False,Observed low geospatial access,Medium availability,Medium availability,0.3646457556918997,0.4001591404210789,0.3579038581884283,0.4112149532710281,1.0,214.0,1.0,34.055255108048264,35.74437858384751,0.677570093457944,0.5887850467289719,0.3964192215642459,0.4112149532710281
060304,CAJAMARCA,CELENDIN,HUASMIN,0.0,0.0,0.0,0.0,0.0,140.0,140.0,1.0,16.42606461823039,16.188372201938787,0.3,0.0,0.1061543026792127,0.6491504217974672,0.6701957109913843,0.3776523622383399,0.3881750068352985,833,831,2,2,False,False,False,False,False,Mixed/other profile,Medium availability,Medium availability,0.2123086053584255,0.0,0.4987863168535246,1.0,1.0,140.0,1.0,16.40816563659341,16.188372201938787,0.3,0.0,0.5288510157019776,1.0
080508,CUSCO,CANAS,TUPAC AMARU,8.0,1.0,1.0,0.0,0.0,54.0,54.0,1.0,10.693314766579036,11.43840422352736,0.0,0.0,0.0639112585504727,0.6911343010120266,0.31404214724684953,0.3775227797812496,0.18897670289866111,834,1583,-749,749,True,False,False,False,False,Missing-dominant activity,Medium availability,Very low availability,0.1278225171009454,0.0,0.5587632871600379,1.0,1.0,54.0,1.0,35.59328458114038,36.45591363741163,1.0,0.8703703703703703,0.3930760833685152,0.12962962962962965
210602,PUNO,HUANCANE,COJATA,0.0,0.0,0.0,0.0,0.0,151.0,151.0,1.0,14.750067749636518,15.017147065380042,0.2185430463576159,0.0397350993377483,0.1081242044419734,0.6463904797903035,0.3149046483249894,0.3772573421161385,0.2115144263834814,835,1542,-707,707,False,False,False,False,False,Mixed/other profile,Medium availability,Very low availability,0.2162484088839469,0.0,0.511872870845183,0.9602649006622516,1.0,151.0,1.0,40.38497542317661,41.66131536230407,1.0,0.8145695364238411,0.37039358464591676,0.1854304635761589
080406,CUSCO,CALCA,SAN SALVADOR,0.0,0.0,0.0,0.0,0.0,58.0,58.0,1.0,9.86805147877148,10.288283431609,0.0,0.0,0.0506484740881968,0.7037281903920398,0.6598420954010249,0.37718833224011833,0.35524528474461087,836,1118,-282,282,False,False,False,False,False,Mixed/other profile,Medium availability,Medium availability,0.1012969481763936,0.0,0.5767545577029141,1.0,1.0,58.0,1.0,16.825108836972866,17.710547125818522,0.05172413793103448,0.0,0.5140601362871785,1.0
090722,HUANCAVELICA,TAYACAJA,PICHOS,10.0,0.3,0.3,11.0,11.0,61.0,61.0,1.0,24.113051482065547,24.544743196265014,0.8688524590163934,0.0,0.1566029071543904,0.5977228776627797,0.7226635549147509,0.377162892408585,0.43963323103457064,837,524,313,313,False,False,False,False,False,Mixed/other profile,Medium availability,High availability,0.1012969481763936,0.2119088661323873,0.4253183966611138,1.0,1.0,61.0,1.0,10.212183237959035,10.181121745286568,0.0,0.0,0.603805078449644,1.0
061311,CAJAMARCA,SANTA CRUZ,YAUYUCAN,0.0,0.0,0.0,0.0,0.0,16.0,16.0,1.0,12.767704202597562,12.539562483202737,0.0,0.0,0.0741986734039763,0.6801235250400228,0.7105785418183312,0.3771610992219996,0.3923886076111538,838,803,35,35,False,False,False,False,False,Mixed/other profile,Medium availability,Medium availability,0.1483973468079527,0.0,0.5430336072000326,1.0,1.0,16.0,1.0,10.969351035402182,11.345244514444214,0.0,0.0,0.5865407740261877,1.0
021909,ANCASH,SIHUAS,SAN JUAN,8.0,1.0,1.0,0.0,0.0,123.0,123.0,1.0,12.819344645636336,12.604000418647882,0.0,0.0,0.0741986734039763,0.679507230086076,0.7083359024174165,0.3768529517450262,0.3912672879106964,839,813,26,26,True,False,False,False,False,Missing-dominant activity,Medium availability,Medium availability,0.1483973468079527,0.0,0.5421531858372515,1.0,1.0,123.0,1.0,11.80305177075566,11.574245845214918,0.0,0.0,0.5833370034534522,1.0
120707,JUNIN,TARMA,PALCAMAYO,14.0,1.0,1.0,0.0,0.0,72.0,72.0,1.0,14.367861966275193,15.126326266454951,0.0138888888888888,0.0,0.095866887825709,0.6574292264117756,0.6779779214864105,0.3766480571187423,0.3869224046560597,840,849,-9,9,True,False,False,False,False,Missing-dominant activity,Medium availability,Medium availability,0.1917337756514181,0.0,0.510613180588251,1.0,1.0,72.0,1.0,14.367861966275191,15.126326266454953,0.013888888888888888,0.0,0.5399684592663007,1.0
210904,PUNO,MOHO,TILALI,0.0,0.0,0.0,0.0,0.0,53.0,53.0,1.0,10.469749977417376,10.388701935504033,0.0,0.0,0.0506484740881968,0.7025785968979708,0.2414498133118244,0.3766135354930838,0.1460491437000106,841,1741,-900,900,False,False,False,False,False,Mixed/other profile,Medium availability,Very low availability,0.1012969481763936,0.0,0.5751122812828153,1.0,1.0,53.0,1.0,48.04742880021179,48.37208148880854,1.0,1.0,0.34492830473117775,0.0
060309,CAJAMARCA,CELENDIN,SOROCHUCO,0.0,0.0,0.0,0.0,0.0,95.0,95.0,1.0,15.86157122742684,15.143171060355783,0.1368421052631579,0.0,0.095866887825709,0.6572937116604232,0.67785053542413,0.37658029974306606,0.38685871162491947,842,851,-9,9,False,False,False,False,False,Mixed/other profile,Medium availability,Medium availability,0.1917337756514181,0.0,0.5104195880863189,1.0,1.0,95.0,1.0,15.861571227426841,15.143171060355783,0.1368421052631579,0.0,0.5397864791773286,1.0
100307,HUANUCO,DOS DE MAYO,CHUQUIS,11.0,0.2727272727272727,0.2727272727272727,8.0,8.0,115.0,115.0,1.0,23.792911165100016,22.946084206227837,0.8608695652173913,0.0695652173913043,0.1678865728792455,0.585242024192093,0.8472556531132656,0.37656429853566925,0.5075711129962556,843,388,455,455,False,False,False,False,False,Mixed/other profile,Medium availability,High availability,0.1483973468079527,0.1873757989505383,0.4373022705849777,0.9304347826086956,1.0,115.0,1.0,4.460301499223711,3.0273868967741526,0.0,0.0,0.781793790161808,1.0
120126,JUNIN,HUANCAYO,PUCARA,10.0,1.0,1.0,0.0,0.0,28.0,28.0,1.0,14.193600292500104,13.605301272801674,0.0357142857142857,0.0,0.0826041033634331,0.6702885705633028,0.7669946150638145,0.37644633696336793,0.4247993592136238,844,587,257,257,True,False,False,False,False,Missing-dominant activity,Medium availability,High availability,0.1652082067268663,0.0,0.5289836722332899,1.0,1.0,28.0,1.0,6.2791611937937315,6.774945384894719,0.0,0.0,0.667135164376878,1.0
090307,HUANCAVELICA,ANGARAES,HUANCA-HUANCA,0.0,0.0,0.0,0.0,0.0,42.0,42.0,1.0,10.267973097263011,10.418845325130285,0.0,0.0,0.0506484740881968,0.7022354921023234,0.7200965373186113,0.3764419830952601,0.3853725057034041,845,861,-16,16,False,False,False,False,False,Mixed/other profile,Medium availability,Medium availability,0.1012969481763936,0.0,0.5746221315747477,1.0,1.0,42.0,1.0,10.267973097263011,10.418845325130285,0.0,0.0,0.6001379104551591,1.0
110404,ICA,PALPA,SANTA CRUZ,0.0,0.0,0.0,0.0,0.0,34.0,34.0,1.0,14.539673250959618,11.66841601831521,0.2352941176470588,0.0,0.0639112585504727,0.6887559082423996,0.7074255100543635,0.3763335833964362,0.3856683843024181,846,858,-12,12,False,False,False,False,False,Mixed/other profile,Medium availability,Medium availability,0.1278225171009454,0.0,0.5553655832034281,1.0,1.0,34.0,1.0,14.539673250959618,11.66841601831521,0.23529411764705882,0.0,0.582036442934805,1.0
081202,CUSCO,QUISPICANCHI,ANDAHUAYLILLAS,2.0,1.0,1.0,0.0,0.0,41.0,41.0,1.0,8.505263252043907,8.957639458152418,0.0,0.0,0.0319556292752363,0.7200087047759793,0.5479336425104502,0.3759821670256078,0.28994463589284325,847,1397,-550,550,True,False,False,False,False,Missing-dominant activity,Medium availability,Low availability,0.0639112585504727,0.0,0.6000124353942562,1.0,1.0,41.0,1.0,28.237532754756618,27.977009383500885,1.0,0.1951219512195122,0.4378146112518627,0.8048780487804879
120431,JUNIN,JAUJA,SINCOS,10.0,1.0,1.0,0.0,0.0,44.0,44.0,1.0,15.33602837275206,13.73025744447698,0.25,0.0,0.0826041033634331,0.669182764402094,0.6890264376627504,0.37589343388276353,0.3858152705130917,848,857,-9,9,True,False,False,False,False,Missing-dominant activity,Medium availability,Medium availability,0.1652082067268663,0.0,0.5274039491458486,1.0,1.0,44.0,1.0,15.336028372752061,13.730257444476981,0.25,0.0,0.5557520538039291,1.0
120207,JUNIN,CONCEPCION,HEROINAS TOLEDO,2.0,1.0,1.0,0.0,0.0,21.0,21.0,1.0,9.38685700739547,8.976283601039267,0.0,0.0,0.0319556292752363,0.7197658968812547,0.7365754018900579,0.3758607630782455,0.3842655155826471,849,870,-21,21,True,False,False,False,False,Missing-dominant activity,Medium availability,Medium availability,0.0639112585504727,0.0,0.599665566973221,1.0,1.0,21.0,1.0,9.38685700739547,8.976283601039267,0.0,0.0,0.6236791455572257,1.0
060409,CAJAMARCA,CHOTA,HUAMBOS,0.0,0.0,0.0,0.0,0.0,79.0,79.0,1.0,16.45958709455969,16.08143471984619,0.1265822784810126,0.0,0.1012969481763936,0.6499605108028708,0.6692200553280785,0.37562872948963216,0.385258501752236,850,863,-13,13,False,False,False,False,False,Mixed/other profile,Medium availability,Medium availability,0.2025938963527872,0.0,0.499943586861244,1.0,1.0,79.0,1.0,16.623571285102827,16.326363096681565,0.13924050632911392,0.0,0.5274572218972551,1.0
120136,JUNIN,HUANCAYO,VIQUES,2.0,1.0,1.0,0.0,0.0,4.0,4.0,1.0,9.007667937296466,9.020818629320694,0.0,0.0,0.0319556292752363,0.719187736383814,0.8846465660570828,0.37557168282952513,0.45830109766615956,851,476,375,375,True,False,False,False,False,Missing-dominant activity,Medium availability,High availability,0.0639112585504727,0.0,0.5988396234054485,1.0,1.0,4.0,1.0,1.9775091169738606,1.9644045120386449,0.0,0.0,0.8352093800815469,1.0
020106,ANCASH,HUARAZ,JANGAS,4.0,1.0,1.0,0.0,0.0,45.0,45.0,1.0,12.084414770897835,11.87819150549996,0.0,0.0,0.0639112585504727,0.6866241188554669,0.7185427199837542,0.3752676887029698,0.3912269892671134,852,815,37,37,True,False,False,False,False,Missing-dominant activity,Medium availability,Medium availability,0.1278225171009454,0.0,0.5523201697935243,1.0,1.0,45.0,1.0,10.384191209442927,10.565188330610566,0.0,0.0,0.5979181714053632,1.0
081204,CUSCO,QUISPICANCHI,CCARHUAYO,2.0,1.0,1.0,0.0,0.0,122.0,122.0,1.0,9.432067286698013,9.076961030772562,0.0,0.0,0.0319556292752363,0.7184625376015308,0.2145838265940215,0.37520908343838355,0.1232697279346289,853,1828,-975,975,True,False,False,False,False,Missing-dominant activity,Medium availability,Very low availability,0.0639112585504727,0.0,0.5978036251450439,1.0,1.0,122.0,1.0,60.067680198105926,60.532681123166654,1.0,1.0,0.30654832370574503,0.0
020102,ANCASH,HUARAZ,COCHABAMBA,6.0,1.0,1.0,0.0,0.0,97.0,97.0,1.0,11.734305106123706,11.91384390213473,0.0,0.0,0.0639112585504727,0.6862652659875219,0.44297699437446336,0.3750882622689973,0.25344412646246806,854,1467,-613,613,True,False,False,False,False,Missing-dominant activity,Medium availability,Low availability,0.1278225171009454,0.0,0.551807522839317,1.0,1.0,97.0,1.0,30.607876166784884,30.15788056088943,1.0,0.5154639175257731,0.42516595661742196,0.48453608247422686
010606,AMAZONAS,RODRIGUEZ DE MENDOZA,LONGAR,0.0,0.0,0.0,0.0,0.0,35.0,35.0,1.0,10.063563874602654,10.662005069424405,0.0,0.0,0.0506484740881968,0.6995004187902975,0.7175255240835936,0.37507444643924714,0.3840869990858952,855,872,-17,17,False,False,False,False,False,Mixed/other profile,Medium availability,Medium availability,0.1012969481763936,0.0,0.5707148839861392,1.0,1.0,35.0,1.0,10.063563874602654,10.662005069424403,0.0,0.0,0.5964650344051337,1.0
101106,HUANUCO,YAROWILCA,OBAS,0.0,0.0,0.0,0.0,0.0,167.0,167.0,1.0,14.2446825185004,13.92653403837323,0.0059880239520958,0.0,0.0826041033634331,0.6674646039360768,0.6679069019530657,0.3750343536497549,0.37525550265824936,856,949,-93,93,False,False,False,False,False,Mixed/other profile,Medium availability,Medium availability,0.1652082067268663,0.0,0.5249494341943954,1.0,1.0,167.0,1.0,15.792715450904096,16.513838175790013,0.059880239520958084,0.0,0.5255812885043796,1.0
100107,HUANUCO,HUANUCO,SAN FRANCISCO DE CAYRAN,0.0,0.0,0.0,0.0,0.0,71.0,71.0,1.0,10.146655026385702,10.682058932437885,0.0,0.0,0.0506484740881968,0.6992774034603065,0.7173158860594508,0.3749629387742517,0.38398218007382384,857,873,-16,16,False,False,False,False,False,Mixed/other profile,Medium availability,Medium availability,0.1012969481763936,0.0,0.5703962906575808,1.0,1.0,71.0,1.0,10.146655026385702,10.682058932437885,0.0,0.0,0.5961655515135011,1.0
021208,ANCASH,HUAYLAS,SANTA CRUZ,6.0,1.0,1.0,0.0,0.0,78.0,78.0,1.0,12.42781442667936,11.977842955507768,0.0384615384615384,0.0,0.0639112585504727,0.6856235732551585,0.7044810644070396,0.3747674159028156,0.3841961614787561,858,871,-13,13,True,False,False,False,False,Missing-dominant activity,Medium availability,Medium availability,0.1278225171009454,0.0,0.5508908189359407,1.0,1.0,78.0,1.0,12.42781442667936,11.977842955507768,0.038461538461538464,0.0,0.5778300920100565,1.0
050410,AYACUCHO,HUANTA,UCHURACCAY,0.0,0.0,0.0,0.0,0.0,75.0,75.0,1.0,15.069504743271576,14.876939670075846,0.0266666666666666,0.0,0.0897107931332828,0.659452248526358,0.6367503102363824,0.3745815208298204,0.3632305516848326,859,1047,-188,188,False,False,False,False,False,Mixed/other profile,Medium availability,Medium availability,0.1794215862665657,0.0,0.5135032121805114,1.0,1.0,75.0,1.0,21.638471128103745,21.608790611356362,0.7066666666666667,0.0,0.48107187176626065,1.0
090604,HUANCAVELICA,HUAYTARA,HUAYACUNDO ARMA,2.0,1.0,1.0,0.0,0.0,33.0,33.0,1.0,8.682214264149232,9.177533963862093,0.0,0.0,0.0319556292752363,0.7171734682060877,0.7341384769252359,0.37456454874066203,0.3830470531002361,860,879,-19,19,True,False,False,False,False,Missing-dominant activity,Medium availability,Medium availability,0.0639112585504727,0.0,0.5959620974372681,1.0,1.0,33.0,1.0,8.682214264149232,9.177533963862093,0.0,0.0,0.6201978241789086,1.0
150722,LIMA,HUAROCHIRI,SAN MATEO,10.0,1.0,1.0,0.0,0.0,86.0,86.0,1.0,17.417130782790913,15.659880553686827,0.3488372093023256,0.0,0.095866887825709,0.6532041086828222,0.6740062423533923,0.3745354982542656,0.38493656508955065,861,864,-3,3,True,False,False,False,False,Missing-dominant activity,Medium availability,Medium availability,0.1917337756514181,0.0,0.5045772981183174,1.0,1.0,86.0,1.0,17.417130782790913,15.659880553686829,0.3488372093023256,0.0,0.5342946319334176,1.0
050403,AYACUCHO,HUANTA,HUAMANGUILLA,0.0,0.0,0.0,0.0,0.0,44.0,44.0,1.0,12.093435453469564,12.024342435228778,0.0,0.0,0.0639112585504727,0.685159323441674,0.7054529629014479,0.3745352909960733,0.38468211072596026,862,866,-4,4,False,False,False,False,False,Mixed/other profile,Medium availability,Medium availability,0.1278225171009454,0.0,0.5502276049166772,1.0,1.0,44.0,1.0,11.91696293802999,11.874881054873175,0.0,0.0,0.57921851843064,1.0
050108,AYACUCHO,HUAMANGA,QUINUA,0.0,0.0,0.0,0.0,0.0,65.0,65.0,1.0,11.720708582091753,12.028287679050106,0.0,0.0,0.0639112585504727,0.6851200105210176,0.7057441905717874,0.3745156345357451,0.38482772456113,863,865,-2,2,False,False,False,False,False,Mixed/other profile,Medium availability,Medium availability,0.1278225171009454,0.0,0.5501714436014538,1.0,1.0,65.0,1.0,11.349548292225762,11.844188057430138,0.0,0.0,0.5796345579596964,1.0
020611,ANCASH,CARHUAZ,YUNGAR,8.0,1.0,1.0,0.0,0.0,83.0,83.0,1.0,13.210604221527158,13.122183075764273,0.0,0.0,0.0741986734039763,0.6746548324245218,0.7599264133302125,0.3744267529142491,0.4170625433670944,864,624,240,240,True,False,False,False,False,Missing-dominant activity,Medium availability,High availability,0.1483973468079527,0.0,0.5352211891778884,1.0,1.0,83.0,1.0,7.2199955141162695,7.238635237760524,0.0,0.0,0.657037733328875,1.0
021303,ANCASH,MARISCAL LUZURIAGA,ELEAZAR GUZMAN BARRON,4.0,1.0,1.0,0.0,0.0,12.0,12.0,1.0,11.157664603178068,10.787554917510809,0.0,0.0,0.0506484740881968,0.6981104703990035,0.7367754728566014,0.3743794722436002,0.3937119734723991,865,789,76,76,True,False,False,False,False,Missing-dominant activity,Medium availability,Medium availability,0.1012969481763936,0.0,0.5687292434271479,1.0,1.0,12.0,1.0,8.121965332419267,8.959938843917065,0.0,0.0,0.6239649612237164,1.0
210708,PUNO,LAMPA,PUCARA,0.0,0.0,0.0,0.0,0.0,97.0,97.0,1.0,12.818413095523493,14.083577439641385,0.0103092783505154,0.0,0.0826041033634331,0.6661060744151147,0.5054269569611647,0.37435508888927393,0.29401553016229887,866,1394,-528,528,False,False,False,False,False,Mixed/other profile,Medium availability,Low availability,0.1652082067268663,0.0,0.5230086777358782,1.0,1.0,97.0,1.0,28.109815195623238,27.73611820971105,0.9896907216494846,0.3402061855670103,0.4392697323303826,0.6597938144329897
110205,ICA,CHINCHA,EL CARMEN,0.0,0.0,0.0,0.0,0.0,74.0,74.0,1.0,13.53448480972596,12.728496060961737,0.027027027027027,0.0135135135135135,0.0741986734039763,0.6742707039809472,0.6976200598231901,0.3742346886924618,0.3859093666135832,867,856,11,11,False,False,False,False,False,Mixed/other profile,Medium availability,Medium availability,0.1483973468079527,0.0,0.540463940050002,0.9864864864864864,1.0,74.0,1.0,13.439836480833995,12.728496060961735,0.02702702702702703,0.0,0.5680286568902717,1.0
021012,ANCASH,HUARI,RAHUAPAMPA,0.0,0.0,0.0,0.0,0.0,13.0,13.0,1.0,10.8289827162972,10.885023735388408,0.0,0.0,0.0506484740881968,0.697041573993493,0.7152141701291518,0.3738450240408449,0.3829313221086743,868,881,-13,13,False,False,False,False,False,Mixed/other profile,Medium availability,Medium availability,0.1012969481763936,0.0,0.5672022485621329,1.0,1.0,13.0,1.0,10.828982716297201,10.885023735388408,0.0,0.0,0.5931631001845026,1.0
030603,APURIMAC,CHINCHEROS,COCHARCAS,0.0,0.0,0.0,0.0,0.0,33.0,33.0,1.0,12.246704978821723,12.1942473397029,0.0,0.0,0.0639112585504727,0.6834769759766395,0.7024632281797402,0.37369411726355606,0.38318724336510646,869,876,-7,7,False,False,False,False,False,Mixed/other profile,Medium availability,Medium availability,0.1278225171009454,0.0,0.5478242513951993,1.0,1.0,33.0,1.0,12.246704978821723,12.1942473397029,0.0,0.0,0.5749474688282002,1.0
060610,CAJAMARCA,CUTERVO,SAN LUIS DE LUCMA,10.0,1.0,1.0,0.0,0.0,27.0,27.0,1.0,14.15549913311104,14.312859950292223,0.037037037037037,0.0,0.0826041033634331,0.6641478182061429,0.7873161400856216,0.37337596078478796,0.43496012172452736,870,538,332,332,True,False,False,False,False,Missing-dominant activity,Medium availability,High availability,0.1652082067268663,0.0,0.5202111688659186,1.0,1.0,27.0,1.0,5.8143108151684935,5.582134004897847,0.0,0.0,0.6961659144080309,1.0
140306,LAMBAYEQUE,LAMBAYEQUE,MORROPE,4.0,1.0,1.0,0.0,0.0,89.0,89.0,1.0,21.61032501934277,22.101619270409785,0.7415730337078652,0.0224719101123595,0.1425039435834407,0.6040301982828675,0.6206565062967239,0.37326707093315414,0.38158022494008226,871,898,-27,27,True,False,False,False,False,Missing-dominant activity,Medium availability,Medium availability,0.2850078871668814,0.0,0.4439596733093934,0.9775280898876404,1.0,89.0,1.0,22.353852141493057,22.744725451322473,0.8089887640449438,0.033707865168539325,0.4725269512104081,0.9662921348314607
050616,AYACUCHO,LUCANAS,SAN JUAN,0.0,0.0,0.0,0.0,0.0,37.0,37.0,1.0,9.046550068906935,9.40022193538448,0.0,0.0,0.0319556292752363,0.7143639701607902,0.731497503234894,0.3731597997180133,0.3817265662550652,872,893,-21,21,False,False,False,False,False,Mixed/other profile,Medium availability,Medium availability,0.0639112585504727,0.0,0.591948528801129,1.0,1.0,37.0,1.0,9.046550068906937,9.400221935384481,0.0,0.0,0.6164250046212774,1.0
060904,CAJAMARCA,SAN IGNACIO,LA COIPA,137.0,0.7956204379562044,0.7956204379562044,28.0,28.0,91.0,91.0,1.0,28.87971298269813,28.75843970073241,1.0,0.3626373626373626,0.2768313797631025,0.4691132645446603,0.82620259970577,0.37297232215388143,0.5515169897344363,873,315,558,558,False,False,False,False,False,Mixed/other profile,Medium availability,Very high availability,0.26650515490326,0.2871576046229451,0.3970063904798131,0.6373626373626373,1.0,91.0,1.0,3.561690483623686,3.7858349503244075,0.0,0.0,0.7517179995796717,1.0
120420,JUNIN,JAUJA,MUQUI,2.0,1.0,1.0,0.0,0.0,12.0,12.0,1.0,9.563527555202915,9.460310958419887,0.0,0.0,0.0319556292752363,0.713616172714985,0.7307945615178204,0.37278590099511066,0.38137509539652836,874,902,-28,28,True,False,False,False,False,Missing-dominant activity,Medium availability,Medium availability,0.0639112585504727,0.0,0.5908802467356928,1.0,1.0,12.0,1.0,9.563527555202917,9.460310958419889,0.0,0.0,0.615420802168315,1.0
010504,AMAZONAS,LUYA,COLCAMAR,0.0,0.0,0.0,0.0,0.0,21.0,21.0,1.0,13.719103777009046,13.492423353841176,0.0476190476190476,0.0,0.0741986734039763,0.6712956533543949,0.6910125875171631,0.3727471633791856,0.3826056304605697,875,883,-8,8,False,False,False,False,False,Mixed/other profile,Medium availability,Medium availability,0.1483973468079527,0.0,0.5304223619348499,1.0,1.0,21.0,1.0,13.719103777009046,13.492423353841176,0.047619047619047616,0.0,0.5585894107388045,1.0
200606,PIURA,SULLANA,MIGUEL CHECA,0.0,0.0,0.0,0.0,0.0,13.0,13.0,1.0,11.534371685154262,11.087801040740088,0.0,0.0,0.0506484740881968,0.6948456185380054,0.7131499364156555,0.3727470463131011,0.38189920525192617,876,891,-15,15,False,False,False,False,False,Mixed/other profile,Medium availability,Medium availability,0.1012969481763936,0.0,0.5640651693400078,1.0,1.0,13.0,1.0,11.4862619604147,11.087801040740088,0.0,0.0,0.5902141948795079,1.0
090112,HUANCAVELICA,HUANCAVELICA,MOYA,10.0,0.2,0.2,8.0,8.0,35.0,35.0,1.0,23.81340210125388,23.88439871882287,1.0,0.0,0.144336373563466,0.6011224698895002,0.8334075969769015,0.3727294217264831,0.4888719852701837,877,421,456,456,False,False,False,False,False,Mixed/other profile,Medium availability,High availability,0.1012969481763936,0.1873757989505383,0.4301749569850004,1.0,1.0,35.0,1.0,3.7132216182661506,3.5114161618827056,0.0,0.0,0.7620108528241449,1.0
211002,PUNO,SAN ANTONIO DE PUTINA,ANANEA,0.0,0.0,0.0,0.0,0.0,159.0,159.0,1.0,16.136141205762375,17.302362542331544,0.3459119496855345,0.0125786163522012,0.1081242044419734,0.637225625571363,0.2514943437462281,0.37267491500666816,0.17980927409410075,878,1608,-730,730,False,False,False,False,False,Mixed/other profile,Medium availability,Very low availability,0.2162484088839469,0.0,0.4871417292528905,0.9874213836477987,1.0,159.0,1.0,44.24346372664576,44.47051045247679,1.0,1.0,0.359277633923183,0.0
010121,AMAZONAS,CHACHAPOYAS,SONCHE,0.0,0.0,0.0,0.0,0.0,20.0,20.0,1.0,11.292953491249444,11.122047154386692,0.0,0.0,0.0506484740881968,0.6944783932765419,0.7128047387190144,0.3725634336823694,0.3817266064036056,879,892,-13,13,False,False,False,False,False,Mixed/other profile,Medium availability,Medium availability,0.1012969481763936,0.0,0.5635405618236313,1.0,1.0,20.0,1.0,11.29640308685907,11.122047154386692,0.0,0.0,0.5897210553128778,1.0
211208,PUNO,SANDIA,YANAHUAYA,0.0,0.0,0.0,0.0,0.0,35.0,35.0,1.0,10.143079918325316,9.537439176546748,0.0285714285714285,0.0,0.0319556292752363,0.712662596259326,0.361374704079972,0.3723091127672812,0.19666516667760417,880,1565,-685,685,False,False,False,False,False,Mixed/other profile,Medium availability,Very low availability,0.0639112585504727,0.0,0.5895179946561802,1.0,1.0,35.0,1.0,34.31933679341025,33.77017487492486,1.0,0.7428571428571429,0.4060454956244499,0.2571428571428571
150504,LIMA,CAÑETE,CERRO AZUL,0.0,0.0,0.0,0.0,0.0,45.0,45.0,1.0,13.263353787325608,11.189546894147757,0.0666666666666666,0.0,0.0506484740881968,0.6937576131382279,0.709103808359737,0.3722030436132124,0.3798761412239669,881,914,-33,33,False,False,False,False,False,Mixed/other profile,Medium availability,Medium availability,0.1012969481763936,0.0,0.5625108759117543,1.0,1.0,45.0,1.0,13.665457120068483,11.49535879669567,0.06666666666666667,0.0,0.5844340119424815,1.0
030704,APURIMAC,GRAU,HUAILLATI,0.0,0.0,0.0,0.0,0.0,23.0,23.0,1.0,14.555541323438016,14.602559064382657,0.0,0.0,0.0826041033634331,0.6617150665659763,0.28158102635048393,0.3721595849647047,0.18209256485695852,882,1597,-715,715,False,False,False,False,False,Mixed/other profile,Medium availability,Very low availability,0.1652082067268663,0.0,0.5167358093799663,1.0,1.0,23.0,1.0,34.64771413487476,34.533825868716534,1.0,1.0,0.40225860907211997,0.0
210807,PUNO,MELGAR,ORURILLO,0.0,0.0,0.0,0.0,0.0,166.0,166.0,1.0,16.909080101295604,16.287057147868346,0.2469879518072289,0.0,0.095866887825709,0.6484073077998831,0.27304695811217267,0.372137097812796,0.18445692296894084,883,1589,-706,706,False,False,False,False,False,Mixed/other profile,Medium availability,Very low availability,0.1917337756514181,0.0,0.4977247254284045,1.0,1.0,166.0,1.0,39.552647692350156,38.839588298209875,1.0,0.9819277108433735,0.38232181623597816,0.01807228915662651
090308,HUANCAVELICA,ANGARAES,HUALLAY-GRANDE,0.0,0.0,0.0,0.0,0.0,28.0,28.0,1.0,9.27225661073775,9.586434276497917,0.0,0.0,0.0319556292752363,0.7120604626049394,0.7313625961337211,0.37200804594008785,0.3816591127044787,884,896,-12,12,False,False,False,False,False,Mixed/other profile,Medium availability,Medium availability,0.0639112585504727,0.0,0.5886578037213421,1.0,1.0,28.0,1.0,9.161820012744048,9.411727267276746,0.0,0.0,0.6162322801910302,1.0
060105,CAJAMARCA,CAJAMARCA,ENCA?ADA,22.0,1.0,1.0,0.0,0.0,200.0,200.0,1.0,20.236230341047044,20.20725593578461,0.515,0.0,0.1216664224085192,0.6218775855973985,0.6539951847693815,0.37177200400295884,0.38783080358895033,885,836,49,49,True,False,False,False,False,Missing-dominant activity,Medium availability,Medium availability,0.2433328448170384,0.0,0.4598251222819979,1.0,1.0,200.0,1.0,18.66906220469027,18.628967699727447,0.355,0.0,0.5057074068134022,1.0
030708,APURIMAC,GRAU,PROGRESO,0.0,0.0,0.0,0.0,0.0,43.0,43.0,1.0,15.249717524489917,14.699637544398136,0.0465116279069767,0.0,0.0826041033634331,0.6609099429287444,0.34066583881944834,0.3717570231460887,0.21163497109144072,886,1541,-655,655,False,False,False,False,False,Mixed/other profile,Medium availability,Very low availability,0.1652082067268663,0.0,0.5155856327553491,1.0,1.0,43.0,1.0,33.8241202351066,33.59393503340333,1.0,0.813953488372093,0.40693126475868036,0.18604651162790697
120402,JUNIN,JAUJA,ACOLLA,14.0,1.0,1.0,0.0,0.0,25.0,25.0,1.0,14.039666890487206,16.40146684698845,0.16,0.0,0.095866887825709,0.6475510754560623,0.6686922995131435,0.3717089816408856,0.3822795936694262,887,890,-3,3,True,False,False,False,False,Missing-dominant activity,Medium availability,Medium availability,0.1917337756514181,0.0,0.4965015363658032,1.0,1.0,25.0,1.0,14.039666890487206,16.40146684698845,0.16,0.0,0.5267032850187765,1.0
020103,ANCASH,HUARAZ,COLCABAMBA,2.0,1.0,1.0,0.0,0.0,23.0,23.0,1.0,7.918712149442402,9.685324043471018,0.0,0.0,0.0319556292752363,0.7108535825118957,0.5057902001121387,0.371404605893566,0.2688729146936875,888,1438,-550,550,True,False,False,False,False,Missing-dominant activity,Medium availability,Low availability,0.0639112585504727,0.0,0.5869336893027082,1.0,1.0,23.0,1.0,28.793055799224767,27.11892585394328,1.0,0.34782608695652173,0.4430543231415647,0.6521739130434783
030609,APURIMAC,CHINCHEROS,ROCCHACC,0.0,0.0,0.0,0.0,0.0,18.0,18.0,1.0,7.040340110648596,7.355095323848163,0.0,0.0,0.0,0.7427849497698759,0.6984404772310733,0.37139247488493793,0.34922023861553664,889,1180,-291,291,False,False,False,False,False,Mixed/other profile,Medium availability,Low availability,0.0,0.0,0.6325499282426799,1.0,1.0,18.0,1.0,12.463004392596154,12.63649767428489,0.0,0.0,0.5692006817586761,1.0
120408,JUNIN,JAUJA,HUAMALI,2.0,1.0,1.0,0.0,0.0,10.0,10.0,1.0,9.583580132599154,9.69014409666401,0.0,0.0,0.0319556292752363,0.7107950429813596,0.7281426538519595,0.371375336128298,0.3800491415635979,890,910,-20,20,True,False,False,False,False,Missing-dominant activity,Medium availability,Medium availability,0.0639112585504727,0.0,0.5868500614019424,1.0,1.0,10.0,1.0,9.583580132599154,9.69014409666401,0.0,0.0,0.6116323626456566,1.0
050906,AYACUCHO,SUCRE,MORCOLLA,3.0,1.0,1.0,0.0,0.0,73.0,73.0,1.0,14.514018624905637,12.67775604670353,0.3013698630136986,0.0,0.0639112585504727,0.6788053920072621,0.6980718635457626,0.37135832527886736,0.3809915610481176,891,904,-13,13,True,False,False,False,False,Missing-dominant activity,Medium availability,Medium availability,0.1278225171009454,0.0,0.5411505600103745,1.0,1.0,73.0,1.0,14.562378136570652,12.67775604670353,0.2602739726027397,0.0,0.5686740907796608,1.0
110504,ICA,PISCO,INDEPENDENCIA,2.0,1.0,1.0,0.0,0.0,58.0,58.0,1.0,15.376389123771572,15.711348909361924,0.1379310344827586,0.0,0.0897107931332828,0.652803720305211,0.6488933435583812,0.3712572567192469,0.369302068345832,892,995,-103,103,True,False,False,False,False,Missing-dominant activity,Medium availability,Medium availability,0.1794215862665657,0.0,0.5040053147217302,1.0,1.0,58.0,1.0,19.19231864855971,19.467108876074075,0.43103448275862066,0.0,0.498419062226259,1.0
010508,AMAZONAS,LUYA,LONYA CHICO,0.0,0.0,0.0,0.0,0.0,13.0,13.0,1.0,14.026512067828234,12.710472713999982,0.0769230769230769,0.0,0.0639112585504727,0.678495280166252,0.6977803533898678,0.37120326935836234,0.38084580597017026,893,905,-12,12,False,False,False,False,False,Mixed/other profile,Medium availability,Medium availability,0.1278225171009454,0.0,0.5407075430946459,1.0,1.0,13.0,1.0,14.230295351135608,12.710472713999982,0.07692307692307693,0.0,0.5682576476998111,1.0
040413,AREQUIPA,CASTILLA,URACA,10.0,1.0,1.0,0.0,0.0,51.0,51.0,1.0,20.187183538618218,19.346594867996444,0.4705882352941176,0.0392156862745098,0.1268170492549339,0.6154905729788509,0.6378492159393495,0.3711538111168924,0.3823331325971417,894,888,6,6,True,False,False,False,False,Missing-dominant activity,Medium availability,Medium availability,0.2536340985098678,0.0,0.4675075412302913,0.9607843137254902,1.0,51.0,1.0,20.187183538618218,19.346594867996444,0.47058823529411764,0.0392156862745098,0.4994484597452893,0.9607843137254902
060602,CAJAMARCA,CUTERVO,CALLAYUC,36.0,1.0,1.0,0.0,0.0,120.0,120.0,1.0,22.2956533885317,22.89724668774068,0.7916666666666666,0.0,0.1357451968076798,0.6063765890978616,0.6740557734294468,0.3710608929527707,0.4049004851185633,895,702,193,193,True,False,False,False,False,Missing-dominant activity,Medium availability,High availability,0.2714903936153596,0.0,0.4376808415683738,1.0,1.0,120.0,1.0,15.020156647646406,15.65311905256291,0.10833333333333334,0.0,0.5343653906134955,1.0
080307,CUSCO,ANTA,MOLLEPATA,0.0,0.0,0.0,0.0,0.0,107.0,107.0,1.0,11.530709720509035,11.417835138276132,0.0,0.0,0.0506484740881968,0.6913491299030659,0.2950731505560382,0.37099880199563134,0.1728608123221175,896,1629,-733,733,False,False,False,False,False,Mixed/other profile,Medium availability,Very low availability,0.1012969481763936,0.0,0.5590701855758085,1.0,1.0,107.0,1.0,37.329916561824994,39.03253295142449,1.0,0.9065420560747663,0.3814796676835259,0.09345794392523366
030709,APURIMAC,GRAU,SAN ANTONIO,0.0,0.0,0.0,0.0,0.0,18.0,18.0,1.0,10.098115740708105,9.776052393473394,0.0,0.0,0.0319556292752363,0.7097560912791954,0.2343517961055083,0.37085586027721584,0.1331537126903723,897,1795,-898,898,False,False,False,False,False,Mixed/other profile,Medium availability,Very low availability,0.0639112585504727,0.0,0.5853658446845649,1.0,1.0,18.0,1.0,51.38550833035862,51.32936776892251,1.0,1.0,0.33478828015072615,0.0
020604,ANCASH,CARHUAZ,ANTA,2.0,1.0,1.0,0.0,0.0,90.0,90.0,1.0,9.506758847991971,9.790028726918234,0.0,0.0,0.0319556292752363,0.7095878490122612,0.8245180877777218,0.3707717391437488,0.4282368585264791,898,574,324,324,True,False,False,False,False,Missing-dominant activity,Medium availability,High availability,0.0639112585504727,0.0,0.5851254985889447,1.0,1.0,90.0,1.0,3.917386655676106,3.852364522520163,0.0,0.0,0.7493115539681741,1.0
120306,JUNIN,CHANCHAMAYO,VITOC,6.0,1.0,1.0,0.0,0.0,36.0,36.0,1.0,12.862493879289053,12.81758871850312,0.0277777777777777,0.0,0.0639112585504727,0.6774851113455407,0.6968307783286686,0.37069818494800666,0.38037101843957066,899,908,-9,9,True,False,False,False,False,Missing-dominant activity,Medium availability,Medium availability,0.1278225171009454,0.0,0.539264444779344,1.0,1.0,36.0,1.0,12.862493879289051,12.81758871850312,0.027777777777777776,0.0,0.566901111898098,1.0
010303,AMAZONAS,BONGARA,CHURUJA,0.0,0.0,0.0,0.0,0.0,18.0,18.0,1.0,9.590206332235528,9.803722865319616,0.0,0.0,0.0319556292752363,0.7094232149472031,0.726853113269454,0.3706894221112197,0.37940437127234516,900,918,-18,18,False,False,False,False,False,Mixed/other profile,Medium availability,Medium availability,0.0639112585504727,0.0,0.584890307067433,1.0,1.0,18.0,1.0,9.590206332235528,9.803722865319617,0.0,0.0,0.6097901618135058,1.0
120504,JUNIN,JUNIN,ULCUMAYO,28.0,1.0,1.0,0.0,0.0,175.0,175.0,1.0,20.52926418744018,21.699651848872296,0.6742857142857143,0.0,0.1278225171009454,0.6130502108494731,0.6379527215783687,0.37043636397520924,0.38288761933965704,901,882,19,19,True,False,False,False,False,Missing-dominant activity,Medium availability,Medium availability,0.2556450342018909,0.0,0.4472145869278187,1.0,1.0,175.0,1.0,20.166348736828365,21.387086422528075,0.6457142857142857,0.0,0.4827896022548125,1.0
080704,CUSCO,CHUMBIVILCAS,COLQUEMARCA,10.0,1.0,1.0,0.0,0.0,147.0,147.0,1.0,14.849411059329384,15.035456127803174,0.0816326530612244,0.0,0.0826041033634331,0.6581627182216886,0.6310135572753952,0.3703834107925609,0.3568088303194141,902,1102,-200,200,True,False,False,False,False,Missing-dominant activity,Medium availability,Medium availability,0.1652082067268663,0.0,0.5116610260309837,1.0,1.0,147.0,1.0,20.125691603978613,19.385488352801822,0.47619047619047616,0.061224489795918366,0.4991155774488154,0.9387755102040817
200506,PIURA,PAITA,TAMARINDO,0.0,0.0,0.0,0.0,0.0,8.0,8.0,1.0,11.01752481237356,9.923872427121315,0.0,0.0,0.0319556292752363,0.7079876330062249,0.5724146440326487,0.3699716311407306,0.30218513665394253,903,1385,-482,482,False,False,False,False,False,Mixed/other profile,Medium availability,Low availability,0.0639112585504727,0.0,0.5828394757231785,1.0,1.0,8.0,1.0,27.53182791362215,27.170451856715026,1.0,0.125,0.44273520576092673,0.875
090306,HUANCAVELICA,ANGARAES,CONGALLA,0.0,0.0,0.0,0.0,0.0,90.0,90.0,1.0,15.330527020596296,15.14202696321482,0.0777777777777777,0.0,0.0826041033634331,0.657302911335266,0.7414304539230283,0.3699535073493495,0.4120172786432307,904,651,253,253,False,False,False,False,False,Mixed/other profile,Medium availability,High availability,0.1652082067268663,0.0,0.5104327304789515,1.0,1.0,90.0,1.0,9.210184482552162,8.587119628194992,0.0,0.0,0.6306149341757548,1.0
090602,HUANCAVELICA,HUAYTARA,AYAVI,4.0,1.0,1.0,0.0,0.0,49.0,49.0,1.0,12.355105559905155,11.641105054771026,0.0204081632653061,0.0,0.0506484740881968,0.6890360425475778,0.707688840840792,0.3698422583178873,0.3791686574644944,905,922,-17,17,True,False,False,False,False,Missing-dominant activity,Medium availability,Medium availability,0.1012969481763936,0.0,0.5557657750679683,1.0,1.0,49.0,1.0,12.355105559905155,11.641105054771026,0.02040816326530612,0.0,0.58241262977256,1.0
211304,PUNO,YUNGUYO,CUTURAPI,2.0,1.0,1.0,0.0,0.0,23.0,23.0,1.0,10.266266978774611,9.999621931282022,0.0,0.0,0.0319556292752363,0.7070906488388571,0.7246604633285025,0.3695231390570467,0.3783080463018694,906,932,-26,26,True,False,False,False,False,Missing-dominant activity,Medium availability,Medium availability,0.0639112585504727,0.0,0.581558069769796,1.0,1.0,23.0,1.0,10.266266978774611,9.999621931282022,0.0,0.0,0.6066578047550037,1.0
210106,PUNO,PUNO,CHUCUITO,2.0,1.0,1.0,0.0,0.0,77.0,77.0,1.0,15.790224428485455,14.242510071863192,0.2727272727272727,0.0,0.0741986734039763,0.664745526941612,0.7012520999328524,0.3694721001727942,0.3877253866684144,907,838,69,69,True,False,False,False,False,Missing-dominant activity,Medium availability,Medium availability,0.1483973468079527,0.0,0.5210650384880173,1.0,1.0,77.0,1.0,13.53937213186859,12.325864813729707,0.05194805194805195,0.0,0.5732172856183606,1.0
130805,LA LIBERTAD,PATAZ,HUAYLILLAS,0.0,0.0,0.0,0.0,0.0,43.0,43.0,1.0,9.502152003531652,10.010952677722686,0.0,0.0,0.0319556292752363,0.7069570076868346,0.5461288561824176,0.36945631848103544,0.28904224272882695,908,1400,-492,492,False,False,False,False,False,Mixed/other profile,Medium availability,Low availability,0.0639112585504727,0.0,0.5813671538383351,1.0,1.0,43.0,1.0,29.291757683550802,29.072397325213895,1.0,0.18604651162790697,0.43134687095827107,0.813953488372093
200801,PIURA,SECHURA,SECHURA,24.0,0.0,0.0,35.0,35.0,64.0,64.0,1.0,36.81949460724354,37.56528463251955,0.671875,0.5625,0.3632335113097501,0.3755045098085101,0.4028418538892452,0.3693690105591301,0.38303768259949766,909,880,29,29,False,False,False,True,False,Observed low geospatial access,Medium availability,Medium availability,0.4208702570118438,0.3055967656076565,0.3489350140121573,0.4375,1.0,64.0,1.0,36.81949460724354,37.56528463251955,0.671875,0.5625,0.3879883626989217,0.4375
150723,LIMA,HUAROCHIRI,SAN MATEO DE OTAO,12.0,1.0,1.0,0.0,0.0,41.0,41.0,1.0,14.078445447497268,14.291022076736615,0.0,0.0,0.0741986734039763,0.6643330633932619,0.6844676401253085,0.36926586839861913,0.3793331567646424,910,921,-11,11,True,False,False,False,False,Missing-dominant activity,Medium availability,Medium availability,0.1483973468079527,0.0,0.5204758048475171,1.0,1.0,41.0,1.0,14.078445447497268,14.291022076736615,0.0,0.0,0.5492394858932979,1.0
120116,JUNIN,HUANCAYO,HUACRAPUQUIO,2.0,1.0,1.0,0.0,0.0,12.0,12.0,1.0,10.594323004312669,10.06788402127713,0.0,0.0,0.0319556292752363,0.7062876022427387,0.8216245187134508,0.3691216157589875,0.42679007399434354,911,581,330,330,True,False,False,False,False,Missing-dominant activity,Medium availability,High availability,0.0639112585504727,0.0,0.5804108603467695,1.0,1.0,12.0,1.0,4.5454391434384105,3.968811609167347,0.0,0.0,0.7451778838763584,1.0
190112,PASCO,PASCO,VICCO,0.0,0.0,0.0,0.0,0.0,73.0,73.0,1.0,13.106222738050995,13.15749022689674,0.0,0.0,0.0639112585504727,0.6743307156219269,0.6938655952316612,0.3691209870861998,0.37888842689106694,912,924,-12,12,False,False,False,False,False,Mixed/other profile,Medium availability,Medium availability,0.1278225171009454,0.0,0.5347581651741813,1.0,1.0,73.0,1.0,12.722705031532977,13.15749022689674,0.0,0.0,0.5626651360452304,1.0
200203,PIURA,AYABACA,JILILI,0.0,0.0,0.0,0.0,0.0,24.0,24.0,1.0,13.886788075810918,13.176576555314652,0.0416666666666666,0.0,0.0639112585504727,0.6741558410853121,0.19569743905523543,0.3690335498178924,0.12980434880285407,913,1804,-891,891,False,False,False,False,False,Mixed/other profile,Medium availability,Very low availability,0.1278225171009454,0.0,0.5345083444075889,1.0,1.0,24.0,1.0,71.85626475468517,70.83372129469407,1.0,1.0,0.27956777007890776,0.0
211305,PUNO,YUNGUYO,OLLARAYA,2.0,1.0,1.0,0.0,0.0,43.0,43.0,1.0,9.963724185158917,10.0970142776541,0.0,0.0,0.0319556292752363,0.7059464157372389,0.7235848656707466,0.3689510225062376,0.3777702474729915,914,933,-19,19,True,False,False,False,False,Missing-dominant activity,Medium availability,Medium availability,0.0639112585504727,0.0,0.5799234510531985,1.0,1.0,43.0,1.0,9.963724185158915,10.0970142776541,0.0,0.0,0.6051212366724952,1.0
050302,AYACUCHO,HUANCA SANCOS,CARAPO,0.0,0.0,0.0,0.0,0.0,149.0,149.0,1.0,13.87702685780364,14.40021663298286,0.0067114093959731,0.0,0.0741986734039763,0.6634094261532311,0.6223777969254325,0.3688040497786037,0.3482882351647044,915,1191,-276,276,False,False,False,False,False,Mixed/other profile,Medium availability,Low availability,0.1483973468079527,0.0,0.5191563230760443,1.0,1.0,149.0,1.0,23.120044864289433,22.81047089109911,0.785234899328859,0.026845637583892617,0.4720449831437148,0.9731543624161074
060202,CAJAMARCA,CAJABAMBA,CACHACHI,0.0,0.0,0.0,0.0,0.0,245.0,245.0,1.0,19.228613486728324,18.72834800399594,0.4122448979591837,0.0,0.1061543026792127,0.63126059222455,0.6659568593521945,0.36870744745188133,0.3860555810157036,916,854,62,62,False,False,False,False,False,Mixed/other profile,Medium availability,Medium availability,0.2123086053584255,0.0,0.473229417463643,1.0,1.0,245.0,1.0,16.33382704305218,16.79598949236709,0.2571428571428571,0.0,0.522795513360278,1.0
090110,HUANCAVELICA,HUANCAVELICA,MANTA,8.0,0.375,0.375,5.0,5.0,92.0,92.0,1.0,24.482933566390017,24.68574236646733,0.967391304347826,0.0,0.1403104499523868,0.597008377695936,0.8401850656702243,0.3686594138241614,0.4902477578113056,917,417,500,500,False,False,False,False,False,Mixed/other profile,Medium availability,High availability,0.1278225171009454,0.1527983828038282,0.4242976824227656,1.0,1.0,92.0,1.0,3.416416369538471,3.267659606369246,0.0,0.0,0.7716929509574633,1.0
110206,ICA,CHINCHA,GROCIO PRADO,0.0,0.0,0.0,0.0,0.0,52.0,52.0,1.0,13.62080584249076,13.276195480217462,0.3076923076923077,0.0,0.0639112585504727,0.6732469076642663,0.6851042031524941,0.36857908310736953,0.37450773085148337,918,955,-37,37,False,False,False,False,False,Mixed/other profile,Medium availability,Medium availability,0.1278225171009454,0.0,0.533209868091809,1.0,1.0,52.0,1.0,14.616375002385523,14.211456140251613,0.34615384615384615,0.0,0.5501488616464203,1.0
030607,APURIMAC,CHINCHEROS,URANMARCA,0.0,0.0,0.0,0.0,0.0,41.0,41.0,1.0,13.61484675138178,13.28119448999464,0.0,0.0,0.0639112585504727,0.6732014634592776,0.6718387645869615,0.3685563610048751,0.36787501156871705,919,1005,-86,86,False,False,False,False,False,Mixed/other profile,Medium availability,Medium availability,0.1278225171009454,0.0,0.5331449477989679,1.0,1.0,41.0,1.0,15.718345199779646,15.9584677850632,0.12195121951219512,0.0,0.5311982351242308,1.0
050909,AYACUCHO,SUCRE,SAN SALVADOR DE QUIJE,3.0,1.0,1.0,0.0,0.0,46.0,46.0,1.0,14.606191823609551,13.290554436802053,0.1304347826086956,0.0,0.0639112585504727,0.6731164182992255,0.6930574653716115,0.3685138384248491,0.37848436196104207,920,930,-10,10,True,False,False,False,False,Missing-dominant activity,Medium availability,Medium availability,0.1278225171009454,0.0,0.5330234547131794,1.0,1.0,46.0,1.0,14.339759469883166,13.251568217872133,0.043478260869565216,0.0,0.561510664816588,1.0
200505,PIURA,PAITA,LA HUACA,0.0,0.0,0.0,0.0,0.0,21.0,21.0,1.0,16.11500126273284,17.313794834075047,0.1904761904761904,0.0,0.095866887825709,0.6409181566400358,0.636596669305109,0.3683925222328724,0.366231778565409,921,1022,-101,101,False,False,False,False,False,Mixed/other profile,Medium availability,Medium availability,0.1917337756514181,0.0,0.4870259380571941,1.0,1.0,21.0,1.0,21.645069836478584,21.637277127744834,0.8571428571428571,0.0,0.4808523847215844,1.0
210205,PUNO,AZANGARO,CAMINACA,4.0,1.0,1.0,0.0,0.0,39.0,39.0,1.0,12.05475069818232,11.956927567355562,0.0,0.0,0.0506484740881968,0.6858329346702217,0.6457758481685505,0.36824070437920925,0.34821216112837367,922,1193,-271,271,True,False,False,False,False,Missing-dominant activity,Medium availability,Low availability,0.1012969481763936,0.0,0.5511899066717454,1.0,1.0,39.0,1.0,20.074279591229956,19.99677698320733,0.48717948717948717,0.0,0.4939654973836437,1.0
100608,HUANUCO,LEONCIO PRADO,CASTILLO GRANDE,0.0,0.0,0.0,0.0,0.0,17.0,17.0,1.0,9.58029945593943,10.247103634350715,0.0,0.0,0.0319556292752363,0.704202577302657,0.7219456292834331,0.36807910328894666,0.3769506292793347,923,938,-15,15,False,False,False,False,False,Mixed/other profile,Medium availability,Medium availability,0.0639112585504727,0.0,0.57743225328951,1.0,1.0,17.0,1.0,9.58029945593943,10.247103634350717,0.0,0.0,0.6027794704049044,1.0
060504,CAJAMARCA,CONTUMAZA,GUZMANGO,6.0,1.0,1.0,0.0,0.0,56.0,56.0,1.0,12.101795328475976,12.013370921735827,0.0,0.0,0.0506484740881968,0.6852687132238038,0.7041474902270788,0.3679585936560003,0.3773979821576378,924,935,-11,11,True,False,False,False,False,Missing-dominant activity,Medium availability,Medium availability,0.1012969481763936,0.0,0.5503838760340054,1.0,1.0,56.0,1.0,12.101795328475976,12.013370921735827,0.0,0.0,0.5773535574672554,1.0
060505,CAJAMARCA,CONTUMAZA,SAN BENITO,9.0,1.0,1.0,0.0,0.0,78.0,78.0,1.0,13.790999158288578,13.458000492400462,0.1025641025641025,0.0,0.0639112585504727,0.6716043310708707,0.6898871312671893,0.3677577948106717,0.37689919490883095,925,939,-14,14,True,False,False,False,False,Missing-dominant activity,Medium availability,Medium availability,0.1278225171009454,0.0,0.5308633301012439,1.0,1.0,78.0,1.0,13.911208880538192,13.626717077767841,0.14102564102564102,0.0,0.5569816160959846,1.0
081004,CUSCO,PARURO,COLCHA,4.0,1.0,1.0,0.0,0.0,26.0,26.0,1.0,12.001878594273943,12.093847011497637,0.0,0.0,0.0506484740881968,0.6844684724437096,0.3089574559198414,0.3675584732659532,0.1798029650040191,926,1609,-683,683,True,False,False,False,False,Missing-dominant activity,Medium availability,Very low availability,0.1012969481763936,0.0,0.5492406749195851,1.0,1.0,26.0,1.0,33.93321830330776,33.30352018537761,1.0,0.9230769230769231,0.4084007612041691,0.07692307692307687
021206,ANCASH,HUAYLAS,PAMPAROMAS,16.0,1.0,1.0,0.0,0.0,130.0,130.0,1.0,18.833338847475915,18.34630038295025,0.3153846153846154,0.0,0.1012969481763936,0.6337989292955795,0.6264260374324078,0.3675479387359865,0.36386149280440067,927,1043,-116,116,True,False,False,False,False,Missing-dominant activity,Medium availability,Medium availability,0.2025938963527872,0.0,0.4768556132793993,1.0,1.0,130.0,1.0,21.637004250451287,21.38492565826427,0.6384615384615384,0.038461538461538464,0.4828064271012419,0.9615384615384616
030307,APURIMAC,ANTABAMBA,SABAINO,0.0,0.0,0.0,0.0,0.0,71.0,71.0,1.0,12.759560086826014,12.117046304226433,0.0,0.0,0.0506484740881968,0.6842386957017262,0.6435642950470701,0.36744358489496154,0.3471063845676335,928,1199,-271,271,False,False,False,False,False,Mixed/other profile,Medium availability,Low availability,0.1012969481763936,0.0,0.5489124224310375,1.0,1.0,71.0,1.0,19.585105590593763,20.38081426030221,0.5492957746478874,0.0,0.49080613578152876,1.0
080206,CUSCO,ACOMAYO,RONDOCAN,2.0,1.0,1.0,0.0,0.0,98.0,98.0,1.0,9.894136811617628,10.360747852559276,0.0,0.0,0.0319556292752363,0.7028975946351587,0.364464547934377,0.3674266119551975,0.19821008860480666,929,1559,-630,630,True,False,False,False,False,Missing-dominant activity,Medium availability,Very low availability,0.0639112585504727,0.0,0.575567992335941,1.0,1.0,98.0,1.0,33.22441852261831,33.588031015705795,1.0,0.7346938775510204,0.40696101599954737,0.26530612244897955
130813,LA LIBERTAD,PATAZ,URPAY,0.0,0.0,0.0,0.0,0.0,40.0,40.0,1.0,12.357484184546614,12.173499782915984,0.0,0.0,0.0506484740881968,0.6836812471381439,0.6960319545234259,0.3671648606131704,0.3733402143058114,930,965,-35,35,False,False,False,False,False,Mixed/other profile,Medium availability,Medium availability,0.1012969481763936,0.0,0.5481160673402057,1.0,1.0,40.0,1.0,12.737942860661033,12.908347214523566,0.0,0.0,0.5657599350334656,1.0
200404,PIURA,MORROPON,LA MATANZA,0.0,0.0,0.0,0.0,0.0,47.0,47.0,1.0,17.120813901343936,14.335030940328895,0.2978723404255319,0.0851063829787234,0.095866887825709,0.638428102441826,0.5795428630485358,0.3671474951337675,0.33770487543712235,931,1270,-339,339,False,False,False,False,False,Mixed/other profile,Medium availability,Low availability,0.1917337756514181,0.0,0.5199428819077758,0.9148936170212766,1.0,47.0,1.0,21.80695484155422,22.776305733153315,0.5531914893617021,0.1702127659574468,0.4722952754796712,0.8297872340425532
040313,AREQUIPA,CARAVELI,YAUCA,4.0,0.25,0.25,4.0,4.0,17.0,17.0,1.0,18.716426721394964,18.36901250549803,0.4117647058823529,0.0,0.1005807752467125,0.6336466334589816,0.7518334482004263,0.36711370435284707,0.4262071117235694,932,583,349,349,False,False,False,False,False,Mixed/other profile,Medium availability,High availability,0.0639112585504727,0.1372502919429523,0.4766380477985452,1.0,1.0,17.0,1.0,6.906008904893227,7.803607155714192,0.0,0.0,0.6454763545720376,1.0
130906,LA LIBERTAD,SANCHEZ CARRION,SANAGORAN,10.0,1.0,1.0,0.0,0.0,120.0,120.0,1.0,14.062040688277795,14.829040624661689,0.0666666666666666,0.0,0.0741986734039763,0.6598444408013882,0.7128810103324843,0.36702155710268225,0.3935398418682303,933,791,142,142,True,False,False,False,False,Missing-dominant activity,Medium availability,Medium availability,0.1483973468079527,0.0,0.5140634868591261,1.0,1.0,120.0,1.0,11.56888626118145,11.114472116731179,0.008333333333333333,0.0,0.5898300147606919,1.0
101005,HUANUCO,LAURICOCHA,RONDOS,0.0,0.0,0.0,0.0,0.0,304.0,304.0,1.0,19.167864296661712,19.25585650885709,0.4506578947368421,0.0,0.1061543026792127,0.627835445058148,0.6691288328901921,0.36699487386868035,0.3876415677847024,934,840,94,94,False,False,False,False,False,Mixed/other profile,Medium availability,Medium availability,0.2123086053584255,0.0,0.4683363500830687,1.0,1.0,304.0,1.0,16.062443121304437,16.339321546876118,0.0756578947368421,0.0,0.527326904128846,1.0
220302,SAN MARTIN,EL DORADO,AGUA BLANCA,4.0,1.0,1.0,0.0,0.0,35.0,35.0,1.0,12.49738223318414,12.237865899402935,0.0,0.0,0.0506484740881968,0.683048572624243,0.7364182629569969,0.3668485233562199,0.39353336852259685,935,792,143,143,True,False,False,False,False,Missing-dominant activity,Medium availability,Medium availability,0.1012969481763936,0.0,0.5472122466060615,1.0,1.0,35.0,1.0,8.674781149062586,8.989139838730601,0.0,0.0,0.6234546613671383,1.0
160107,LORETO,MAYNAS,NAPO,59.0,0.0,0.0,565.0,565.0,106.0,106.0,1.0,53.79590445058101,46.64704611916645,0.8301886792452831,0.6792452830188679,0.4206398328748555,0.3130318346710776,0.3392068189703689,0.3668358337729666,0.37992332592261224,936,912,24,24,False,False,False,True,False,Observed low geospatial access,Medium availability,Medium availability,0.300734497141427,0.540545168608284,0.3097220279667686,0.3207547169811321,1.0,106.0,1.0,55.964876539325694,47.75661981194587,0.8301886792452831,0.6792452830188679,0.3471148626800419,0.3207547169811321
120903,JUNIN,CHUPACA,CHONGOS BAJO,4.0,1.0,1.0,0.0,0.0,55.0,55.0,1.0,12.604587681645944,12.286900515875816,0.0363636363636363,0.0,0.0506484740881968,0.6825686571634988,0.7871332632656782,0.3666085656258478,0.41889086867693753,937,614,323,323,True,False,False,False,False,Missing-dominant activity,Medium availability,High availability,0.1012969481763936,0.0,0.5465266530907127,1.0,1.0,55.0,1.0,6.203995427991403,5.592006626751896,0.0,0.0,0.6959046618081117,1.0
021910,ANCASH,SIHUAS,SICSIBAMBA,4.0,1.0,1.0,0.0,0.0,42.0,42.0,1.0,11.970087343148649,12.29018001328127,0.0,0.0,0.0506484740881968,0.6825366230246779,0.7690456437762105,0.36659254855643736,0.4098470589322037,938,666,272,272,True,False,False,False,False,Missing-dominant activity,Medium availability,High availability,0.1012969481763936,0.0,0.5464808900352542,1.0,1.0,42.0,1.0,6.876304252590218,6.645345176734374,0.0,0.0,0.6700652053945866,1.0
061103,CAJAMARCA,SAN MIGUEL,CALQUIS,24.0,1.0,1.0,0.0,0.0,37.0,37.0,1.0,14.177451883518293,13.741763458350906,0.1621621621621621,0.0,0.0639112585504727,0.6690814134038369,0.6889311660820012,0.3664963359771548,0.37642121231623693,939,943,-4,4,True,False,False,False,False,Missing-dominant activity,Medium availability,Medium availability,0.1278225171009454,0.0,0.5272591620054813,1.0,1.0,37.0,1.0,14.177451883518293,13.741763458350906,0.16216216216216217,0.0,0.555615951545716,1.0
130902,LA LIBERTAD,SANCHEZ CARRION,CHUGAY,20.0,1.0,1.0,0.0,0.0,119.0,119.0,1.0,15.958782918326246,17.06653734085014,0.2436974789915966,0.0,0.0897107931332828,0.6426825788692427,0.7040981324533745,0.36619668600126276,0.39690446279332864,940,767,173,173,True,False,False,False,False,Missing-dominant activity,Medium availability,Medium availability,0.1794215862665657,0.0,0.4895465412417753,1.0,1.0,119.0,1.0,12.552375375103075,10.500776693331783,0.15126050420168066,0.05042016806722689,0.5988916898193466,0.9495798319327731
020109,ANCASH,HUARAZ,PAMPAS GRANDE,2.0,1.0,1.0,0.0,0.0,145.0,145.0,1.0,10.371587919698657,10.581296459574837,0.0,0.0,0.0319556292752363,0.7004018587957317,0.530777568504125,0.366178744035484,0.2813665988896807,941,1416,-475,475,True,False,False,False,False,Missing-dominant activity,Medium availability,Low availability,0.0639112585504727,0.0,0.572002655422474,1.0,1.0,145.0,1.0,28.083841673882464,27.28992467334996,1.0,0.2620689655172414,0.4419975116561393,0.7379310344827585
021306,ANCASH,MARISCAL LUZURIAGA,LLUMPA,10.0,1.0,1.0,0.0,0.0,80.0,80.0,1.0,14.360057770610744,15.060601945158098,0.1125,0.0,0.0741986734039763,0.6579593293531936,0.7267187233573036,0.36607900137858496,0.40045869838063997,942,739,203,203,True,False,False,False,False,Missing-dominant activity,Medium availability,High availability,0.1483973468079527,0.0,0.5113704705045623,1.0,1.0,80.0,1.0,9.72101828105355,9.815628729349708,0.0375,0.0,0.6095981762247193,1.0
021205,ANCASH,HUAYLAS,MATO,4.0,1.0,1.0,0.0,0.0,61.0,61.0,1.0,12.224499638562824,12.424443798603226,0.0,0.0,0.0506484740881968,0.6812318754067226,0.7003527972622864,0.3659401747474597,0.3755006356752416,943,948,-5,5,True,False,False,False,False,Missing-dominant activity,Medium availability,Medium availability,0.1012969481763936,0.0,0.5446169648667467,1.0,1.0,61.0,1.0,12.224499638562824,12.424443798603226,0.0,0.0,0.5719325675175521,1.0
090104,HUANCAVELICA,HUANCAVELICA,CONAYCA,2.0,1.0,1.0,0.0,0.0,19.0,19.0,1.0,10.194746566021209,10.633533562305772,0.0,0.0,0.0319556292752363,0.6998177048185568,0.8013669844459896,0.36588666704689654,0.416661306860613,944,627,317,317,True,False,False,False,False,Missing-dominant activity,Medium availability,High availability,0.0639112585504727,0.0,0.5711681497407954,1.0,1.0,19.0,1.0,4.982560947604571,4.866180138353307,0.0,0.0,0.7162385492085566,1.0
120204,JUNIN,CONCEPCION,CHAMBARA,8.0,1.0,1.0,0.0,0.0,22.0,22.0,1.0,14.781273114139593,15.115404876872711,0.0,0.0,0.0741986734039763,0.6575171636041469,0.6711653323716751,0.36585791850406163,0.3726820028878257,945,970,-25,25,True,False,False,False,False,Missing-dominant activity,Medium availability,Medium availability,0.1483973468079527,0.0,0.5107388051487813,1.0,1.0,22.0,1.0,15.840669458608927,16.052323592625036,0.0,0.0,0.530236189102393,1.0
081211,CUSCO,QUISPICANCHI,OROPESA,2.0,1.0,1.0,0.0,0.0,47.0,47.0,1.0,10.43984382474004,10.661608201905391,0.0,0.0,0.0319556292752363,0.6995048361499108,0.6830956987807006,0.36573023271257354,0.3575256640279685,946,1096,-150,150,True,False,False,False,False,Missing-dominant activity,Medium availability,Medium availability,0.0639112585504727,0.0,0.5707211944998727,1.0,1.0,47.0,1.0,14.237420089734801,14.463923096046752,0.0,0.0,0.5472795696867152,1.0
030707,APURIMAC,GRAU,PATAYPAMPA,0.0,0.0,0.0,0.0,0.0,35.0,35.0,1.0,12.309087683334722,12.49133559862089,0.0,0.0,0.0506484740881968,0.6805866969632531,0.3174862276985336,0.365617585525725,0.18406735089336518,947,1590,-643,643,False,False,False,False,False,Mixed/other profile,Medium availability,Very low availability,0.1012969481763936,0.0,0.5436952813760759,1.0,1.0,35.0,1.0,38.8373639056502,39.35473236684717,1.0,0.8285714285714286,0.38008236609994595,0.17142857142857137
010518,AMAZONAS,LUYA,SAN JERONIMO,0.0,0.0,0.0,0.0,0.0,34.0,34.0,1.0,11.012554265471682,10.686043125498545,0.0294117647058823,0.0,0.0319556292752363,0.6992331415687336,0.7172742791641107,0.36559438542198497,0.3746149542196735,948,954,-6,6,False,False,False,False,False,Mixed/other profile,Medium availability,Medium availability,0.0639112585504727,0.0,0.5703330593839051,1.0,1.0,34.0,1.0,11.012554265471682,10.686043125498543,0.029411764705882353,0.0,0.5961061130915867,1.0
040204,AREQUIPA,CAMANA,MARISCAL CACERES,4.0,1.0,1.0,0.0,0.0,30.0,30.0,1.0,15.065509494383225,11.828823917270974,0.3,0.0666666666666666,0.0639112585504727,0.6671226632281605,0.6858902332743325,0.3655169608893166,0.37490074591240263,949,950,-1,1,True,False,False,False,False,Missing-dominant activity,Medium availability,Medium availability,0.1278225171009454,0.0,0.5530323760402294,0.9333333333333332,1.0,30.0,1.0,15.065509494383223,11.828823917270974,0.3,0.06666666666666667,0.5798431903919037,0.9333333333333333
211003,PUNO,SAN ANTONIO DE PUTINA,PEDRO VILCA APAZA,0.0,0.0,0.0,0.0,0.0,72.0,72.0,1.0,10.92808992589133,10.713965717630016,0.0,0.0,0.0319556292752363,0.6989233618729584,0.6134177540505883,0.3654394955740974,0.3226866916629123,950,1338,-388,388,False,False,False,False,False,Mixed/other profile,Medium availability,Low availability,0.0639112585504727,0.0,0.5698905169613693,1.0,1.0,72.0,1.0,24.576870929318524,25.454203665840076,0.9166666666666666,0.013888888888888888,0.45369202959607846,0.9861111111111112
051010,AYACUCHO,VICTOR FAJARDO,HUALLA,4.0,0.75,0.75,1.0,1.0,98.0,98.0,1.0,16.08141496667706,16.011418133562906,0.010204081632653,0.0,0.0802037157524763,0.6504936630338235,0.766175056631911,0.3653486893931499,0.42318938619219365,951,593,358,358,False,False,False,False,False,Mixed/other profile,Medium availability,High availability,0.1012969481763936,0.059110483328559,0.5007052329054622,1.0,1.0,98.0,1.0,7.247640366902149,6.8273438108888005,0.0,0.0,0.6659643666170159,1.0
010311,AMAZONAS,BONGARA,VALERA,0.0,0.0,0.0,0.0,0.0,28.0,28.0,1.0,14.911155139610122,15.245197293177792,0.0,0.0,0.0741986734039763,0.6564759302207291,0.6770818076187141,0.36533730181235274,0.3756402405113452,952,946,6,6,False,False,False,False,False,Mixed/other profile,Medium availability,Medium availability,0.1483973468079527,0.0,0.509251328886756,1.0,1.0,28.0,1.0,14.917819972435009,15.245197293177792,0.0,0.0,0.538688296598163,1.0
021007,ANCASH,HUARI,HUACHIS,0.0,0.0,0.0,0.0,0.0,78.0,78.0,1.0,13.61275206333534,12.553658155797397,0.1538461538461538,0.0,0.0506484740881968,0.6799884614650409,0.703466405691355,0.36531846777661886,0.3770574398897759,953,937,16,16,False,False,False,False,False,Mixed/other profile,Medium availability,Medium availability,0.1012969481763936,0.0,0.5428406592357728,1.0,1.0,78.0,1.0,12.281306166217844,12.086213466812621,0.0,0.0,0.5763805795590786,1.0
022008,ANCASH,YUNGAY,YANAMA,12.0,1.0,1.0,0.0,0.0,69.0,69.0,1.0,17.428963829818603,17.32521465473266,0.2028985507246377,0.0,0.0897107931332828,0.6408372417207755,0.7316079377599654,0.36527401742702914,0.41065936544662407,954,660,294,294,True,False,False,False,False,Missing-dominant activity,Medium availability,High availability,0.1794215862665657,0.0,0.4869103453153937,1.0,1.0,69.0,1.0,9.967835574240778,9.39081317133183,0.014492753623188406,0.0,0.6165827682285221,1.0
131005,LA LIBERTAD,SANTIAGO DE CHUCO,MOLLEPATA,0.0,0.0,0.0,0.0,0.0,32.0,32.0,1.0,12.5525677299367,12.582917624292186,0.0,0.0,0.0506484740881968,0.6797085474863314,0.6216819584764042,0.3651785107872641,0.3361652162823005,955,1279,-324,324,False,False,False,False,False,Mixed/other profile,Medium availability,Low availability,0.1012969481763936,0.0,0.5424407821233306,1.0,1.0,32.0,1.0,24.844844588739935,24.580573780794914,1.0,0.0,0.45954565496629163,1.0
080607,CUSCO,CANCHIS,SAN PEDRO,2.0,1.0,1.0,0.0,0.0,33.0,33.0,1.0,10.74934786168882,10.797220143936478,0.0,0.0,0.0319556292752363,0.6980040822261709,0.6709757285354063,0.36497985575070363,0.3514656789053213,956,1158,-202,202,True,False,False,False,False,Missing-dominant activity,Medium availability,Low availability,0.0639112585504727,0.0,0.5685772603231014,1.0,1.0,33.0,1.0,16.283858740348403,16.07884214314741,0.0,0.0,0.529965326479152,1.0
030105,APURIMAC,ABANCAY,HUANIPACA,0.0,0.0,0.0,0.0,0.0,96.0,96.0,1.0,18.262974962253576,17.413577913143918,0.3229166666666667,0.0,0.0897107931332828,0.640212844857889,0.6411415948668784,0.3649618189955859,0.3654261940000806,957,1027,-70,70,False,False,False,False,False,Mixed/other profile,Medium availability,Medium availability,0.1794215862665657,0.0,0.4860183497969842,1.0,1.0,96.0,1.0,20.745339190162728,18.685932733385926,0.46875,0.041666666666666664,0.5052022783812549,0.9583333333333334
010611,AMAZONAS,RODRIGUEZ DE MENDOZA,TOTORA,0.0,0.0,0.0,0.0,0.0,7.0,7.0,1.0,11.093049282213318,10.808157840958156,0.0,0.0,0.0319556292752363,0.6978837926505017,0.7160058693148472,0.364919710962869,0.37398074929504177,958,958,0,0,False,False,False,False,False,Mixed/other profile,Medium availability,Medium availability,0.0639112585504727,0.0,0.5684054180721454,1.0,1.0,7.0,1.0,11.093049282213318,10.808157840958156,0.0,0.0,0.5942940990212104,1.0
110304,ICA,NAZCA,MARCONA,60.0,0.0,0.0,8450.0,3173.0,18.0,18.0,1.0,53.23904138907925,55.81947643224613,1.0,1.0,0.5353544767812444,0.1939525840013313,0.5422708118058491,0.36465353039128784,0.5388126442935468,959,335,624,624,False,False,False,True,False,Observed low geospatial access,Medium availability,Very high availability,0.3427456189216716,0.7279633346408172,0.2770751200019019,0.0,1.0,18.0,1.0,21.039320755635778,15.443128486742676,0.4444444444444444,0.4444444444444444,0.5365773501988321,0.5555555555555556
010608,AMAZONAS,RODRIGUEZ DE MENDOZA,MILPUCC,0.0,0.0,0.0,0.0,0.0,19.0,19.0,1.0,13.038844398319114,12.740617692534563,0.0,0.0,0.0506484740881968,0.6782101989616762,0.697512372437841,0.36442933652493653,0.37408042326301894,960,956,4,4,False,False,False,False,False,Mixed/other profile,Medium availability,Medium availability,0.1012969481763936,0.0,0.540300284230966,1.0,1.0,19.0,1.0,13.038844398319114,12.740617692534563,0.0,0.0,0.5678748177683444,1.0
110108,ICA,ICA,SALAS,10.0,1.0,1.0,0.0,0.0,229.0,229.0,1.0,22.99901891217114,24.3523190261177,0.7860262008733624,0.0131004366812227,0.1339237390247836,0.5947742279090498,0.5732445334648145,0.3643489834669167,0.35358413624479906,961,1135,-174,174,True,False,False,False,False,Missing-dominant activity,Medium availability,Low availability,0.2678474780495672,0.0,0.4267205127334524,0.9868995633187772,1.0,229.0,1.0,24.025531840291976,25.98378391226456,0.7860262008733624,0.13973799126637554,0.4502370440638961,0.8602620087336245
200108,PIURA,PIURA,EL TALLAN,0.0,0.0,0.0,0.0,0.0,20.0,20.0,1.0,12.754462320698824,12.760633575639476,0.0,0.0,0.0506484740881968,0.6780212539588033,0.6973347610732972,0.36433486402350007,0.373991617580747,962,957,5,5,False,False,False,False,False,Mixed/other profile,Medium availability,Medium availability,0.1012969481763936,0.0,0.5400303627982905,1.0,1.0,20.0,1.0,12.705158303167497,12.760633575639476,0.0,0.0,0.5676210872475674,1.0
050810,AYACUCHO,PAUCAR DEL SARA SARA,SARA SARA,0.0,0.0,0.0,0.0,0.0,18.0,18.0,1.0,11.651030598628855,10.931748986717526,0.0,0.0,0.0319556292752363,0.6965322638535647,0.7147354103442762,0.3642439465644005,0.3733455198097563,963,964,-1,1,False,False,False,False,False,Mixed/other profile,Medium availability,Medium availability,0.0639112585504727,0.0,0.5664746626479495,1.0,1.0,18.0,1.0,11.651030598628857,10.931748986717526,0.0,0.0,0.5924791576346803,1.0
050103,AYACUCHO,HUAMANGA,ACOS VINCHOS,0.0,0.0,0.0,0.0,0.0,61.0,61.0,1.0,14.915955764423622,14.27186765471392,0.0163934426229508,0.0,0.0639112585504727,0.6644957634580677,0.696427910732583,0.3642035110042702,0.38016958464152784,964,909,55,55,False,False,False,False,False,Mixed/other profile,Medium availability,Medium availability,0.1278225171009454,0.0,0.5207082335115254,1.0,1.0,61.0,1.0,12.518714563789421,12.86328631778896,0.0,0.0,0.5663255867608329,1.0
030211,APURIMAC,ANDAHUAYLAS,POMACOCHA,0.0,0.0,0.0,0.0,0.0,46.0,46.0,1.0,11.396712821453056,10.94376170505254,0.0,0.0,0.0319556292752363,0.6964016462556384,0.7592538920804518,0.36417863776543735,0.39560476067784406,965,775,190,190,False,False,False,False,False,Mixed/other profile,Medium availability,Medium availability,0.0639112585504727,0.0,0.5662880660794836,1.0,1.0,46.0,1.0,8.663358501598657,7.28416971088378,0.0,0.0,0.6560769886863598,1.0
040106,AREQUIPA,AREQUIPA,CHIGUATA,4.0,1.0,1.0,0.0,0.0,36.0,36.0,1.0,12.47670335190092,12.805054248780948,0.0,0.0,0.0506484740881968,0.6776029136529516,0.6969415144066147,0.3641256938705742,0.37379499424740575,966,960,6,6,True,False,False,False,False,Missing-dominant activity,Medium availability,Medium availability,0.1012969481763936,0.0,0.539432733789931,1.0,1.0,36.0,1.0,12.476703351900921,12.805054248780948,0.0,0.0,0.5670593062951639,1.0
020305,ANCASH,ANTONIO RAIMONDI,MIRGAS,0.0,0.0,0.0,0.0,0.0,103.0,103.0,1.0,15.305482323606904,15.55556298835704,0.1262135922330097,0.0,0.0741986734039763,0.6540194357232343,0.7393672694424439,0.3641090545636053,0.4067829714232101,967,688,279,279,False,False,False,False,False,Mixed/other profile,Medium availability,High availability,0.1483973468079527,0.0,0.5057420510331918,1.0,1.0,103.0,1.0,9.238515751570059,8.750607207609724,0.0,0.0,0.62766752777492,1.0
160113,LORETO,MAYNAS,SAN JUAN BAUTISTA,15.0,0.4,0.4,10.0,10.0,101.0,101.0,1.0,25.430358378984216,29.153712544333583,0.6633663366336634,0.495049504950495,0.3000793350851314,0.4276768426122069,0.42317921159669825,0.3638780888486691,0.3616292733409148,968,1062,-94,94,False,False,False,False,False,Mixed/other profile,Medium availability,Medium availability,0.3956699951505127,0.20448867501975,0.3945595629962222,0.504950495049505,1.0,101.0,1.0,29.741341142152834,32.296568782396726,0.6732673267326733,0.5544554455445545,0.41359406465723514,0.4455445544554455
140312,LAMBAYEQUE,LAMBAYEQUE,TUCUME,0.0,0.0,0.0,0.0,0.0,56.0,56.0,1.0,18.82738329414726,18.64243053840539,0.3214285714285714,0.0,0.095866887825709,0.6318271199593226,0.6576054054657681,0.3638470038925158,0.3767361466457385,969,940,29,29,False,False,False,False,False,Mixed/other profile,Medium availability,Medium availability,0.1917337756514181,0.0,0.4740387427990322,1.0,1.0,56.0,1.0,18.317067771778703,18.05669407816351,0.2857142857142857,0.0,0.5108648649510974,1.0
150727,LIMA,HUAROCHIRI,SANTA CRUZ DE COCACHACRA,6.0,1.0,1.0,0.0,0.0,9.0,9.0,1.0,12.640095767982116,12.897580248150271,0.0,0.0,0.0506484740881968,0.6767358372661465,0.6961264485520925,0.36369215567717167,0.37338746132014466,970,963,7,7,True,False,False,False,False,Missing-dominant activity,Medium availability,Medium availability,0.1012969481763936,0.0,0.5381940532373521,1.0,1.0,9.0,1.0,12.640095767982116,12.897580248150273,0.0,0.0,0.5658949265029893,1.0
130810,LA LIBERTAD,PATAZ,PIAS,0.0,0.0,0.0,0.0,0.0,42.0,42.0,1.0,11.9345037418813,11.043036478096797,0.0,0.0,0.0319556292752363,0.6953272063422009,0.2634685926511683,0.3636414178087186,0.1477121109632023,971,1733,-762,762,False,False,False,False,False,Mixed/other profile,Medium availability,Very low availability,0.0639112585504727,0.0,0.56475315191743,1.0,1.0,42.0,1.0,40.25281457597528,40.220167667097144,1.0,1.0,0.3763837037873833,0.0
040702,AREQUIPA,ISLAY,COCACHACRA,59.0,0.1694915254237288,0.1694915254237288,164.0,66.0,42.0,42.0,1.0,35.59934642334162,33.68476278130597,1.0,0.6666666666666666,0.3692409501954886,0.3580203280745864,0.696429078197472,0.36363063913503746,0.5328350141964803,972,346,626,626,False,False,False,True,False,Observed low geospatial access,Medium availability,Very high availability,0.3427456189216716,0.3957362814693056,0.3686004686779806,0.3333333333333333,1.0,42.0,1.0,13.121062339810251,11.331466790047566,0.2619047619047619,0.047619047619047616,0.5867354178331233,0.9523809523809523
022002,ANCASH,YUNGAY,CASCAPARA,2.0,1.0,1.0,0.0,0.0,33.0,33.0,1.0,11.97334549558728,11.06014768415866,0.0,0.0,0.0319556292752363,0.6951429089003616,0.6225203032647533,0.36354926908779894,0.3272379662699948,973,1326,-353,353,True,False,False,False,False,Missing-dominant activity,Medium availability,Low availability,0.0639112585504727,0.0,0.5644898698576595,1.0,1.0,33.0,1.0,18.093885409704153,11.060147684158661,0.36363636363636365,0.30303030303030304,0.590613420248349,0.696969696969697
080707,CUSCO,CHUMBIVILCAS,QUI?OTA,8.0,1.0,1.0,0.0,0.0,134.0,134.0,1.0,15.051340520763311,14.490392007920535,0.126865671641791,0.0,0.0639112585504727,0.662651589237518,0.6689731345414065,0.3632814238939953,0.36644219654593957,974,1018,-44,44,True,False,False,False,False,Missing-dominant activity,Medium availability,Medium availability,0.1278225171009454,0.0,0.51807369891074,1.0,1.0,134.0,1.0,17.10981939038874,16.361461405816584,0.19402985074626866,0.0,0.527104477916295,1.0
080504,CUSCO,CANAS,LANGUI,4.0,1.0,1.0,0.0,0.0,56.0,56.0,1.0,12.70039826864554,12.997925680521949,0.0,0.0,0.0506484740881968,0.6758019847975564,0.6574635988490558,0.3632252294428766,0.3540560364686263,975,1130,-155,155,True,False,False,False,False,Missing-dominant activity,Medium availability,Medium availability,0.1012969481763936,0.0,0.5368599782822234,1.0,1.0,56.0,1.0,17.603272734312466,18.078854502519178,0.14285714285714285,0.0,0.5106622840700799,1.0
010120,AMAZONAS,CHACHAPOYAS,SOLOCO,0.0,0.0,0.0,0.0,0.0,16.0,16.0,1.0,16.10215287459972,15.806899295913295,0.1875,0.0,0.0741986734039763,0.6520636630103364,0.6729342049403958,0.36313116820715635,0.37356643917218607,976,962,14,14,False,False,False,False,False,Mixed/other profile,Medium availability,Medium availability,0.1483973468079527,0.0,0.5029480900147663,1.0,1.0,16.0,1.0,16.10215287459972,15.806899295913297,0.1875,0.0,0.5327631499148512,1.0
110109,ICA,ICA,SAN JOSE DE LOS MOLINOS,6.0,1.0,1.0,0.0,0.0,47.0,47.0,1.0,16.563887577315885,14.237472628711458,0.3191489361702128,0.0425531914893617,0.0741986734039763,0.6520224745512457,0.6520307711480877,0.36311057397761104,0.36311472227603203,977,1048,-71,71,True,False,False,False,False,Missing-dominant activity,Medium availability,Medium availability,0.1483973468079527,0.0,0.5211263314257917,0.9574468085106383,1.0,47.0,1.0,18.291240979091604,16.05031475031216,0.3404255319148936,0.06382978723404255,0.5302567247404293,0.9361702127659575
190204,PASCO,DANIEL ALCIDES CARRION,PAUCAR,0.0,0.0,0.0,0.0,0.0,64.0,64.0,1.0,16.717882352195705,16.953751900190813,0.015625,0.0,0.0826041033634331,0.6434954473723224,0.6648799433931969,0.36304977536787775,0.37374202337831497,978,961,17,17,False,False,False,False,False,Mixed/other profile,Medium availability,Medium availability,0.1652082067268663,0.0,0.4907077819604607,1.0,1.0,64.0,1.0,16.717882352195705,16.953751900190813,0.015625,0.0,0.5212570619902812,1.0
081206,CUSCO,QUISPICANCHI,CUSIPATA,4.0,1.0,1.0,0.0,0.0,85.0,85.0,1.0,13.68953778641234,13.16188104321749,0.0941176470588235,0.0,0.0506484740881968,0.6742904648051227,0.23999597142938137,0.36246946944665975,0.1453222227587891,979,1745,-766,766,True,False,False,False,False,Missing-dominant activity,Medium availability,Very low availability,0.1012969481763936,0.0,0.5347006640073182,1.0,1.0,85.0,1.0,49.00624913561588,48.96387492401922,1.0,1.0,0.3428513877562591,0.0
061310,CAJAMARCA,SANTA CRUZ,UTICYACU,0.0,0.0,0.0,0.0,0.0,13.0,13.0,1.0,14.9785279141088,14.712107966170176,0.0,0.0,0.0639112585504727,0.660806880083775,0.7966000637090851,0.3623590693171238,0.43025566112977887,980,560,420,420,False,False,False,False,False,Mixed/other profile,Medium availability,High availability,0.1278225171009454,0.0,0.5154384001196786,1.0,1.0,13.0,1.0,4.860318979731629,5.0998948467858405,0.0,0.0,0.7094286624415502,1.0
040120,AREQUIPA,AREQUIPA,SANTA ISABEL DE SIGUAS,6.0,1.0,1.0,0.0,0.0,39.0,39.0,1.0,15.330191475453836,14.718316211204266,0.2307692307692307,0.0,0.0639112585504727,0.6607556020168275,0.681104768458894,0.36233343028365006,0.3725080135046833,981,971,10,10,True,False,False,False,False,Missing-dominant activity,Medium availability,Medium availability,0.1278225171009454,0.0,0.515365145738325,1.0,1.0,39.0,1.0,15.330191475453836,14.718316211204266,0.23076923076923078,0.0,0.5444353835127057,1.0
050603,AYACUCHO,LUCANAS,CABANA,0.0,0.0,0.0,0.0,0.0,65.0,65.0,1.0,14.386992351093438,13.202251034884808,0.1846153846153846,0.0,0.0506484740881968,0.6739209749780346,0.30918958953755327,0.3622847245331157,0.17991903181287502,982,1607,-625,625,False,False,False,False,False,Mixed/other profile,Medium availability,Very low availability,0.1012969481763936,0.0,0.5341728213971922,1.0,1.0,65.0,1.0,35.04907405034477,34.55822244925457,1.0,0.9076923076923077,0.4021389740646366,0.09230769230769231
140202,LAMBAYEQUE,FERRE?AFE,CA?ARIS,2.0,1.0,1.0,0.0,0.0,136.0,136.0,1.0,19.16669093908034,19.38064332484204,0.4779411764705882,0.0441176470588235,0.1105483143082043,0.6138029518274112,0.6755885918766575,0.36217563306780776,0.39306845309243094,983,797,186,186,True,False,False,False,False,Missing-dominant activity,Medium availability,Medium availability,0.2210966286164087,0.0,0.4671974942072261,0.9558823529411764,1.0,136.0,1.0,15.101160988882317,15.445224602468056,0.25735294117647056,0.0,0.536555131252368,1.0
060605,CAJAMARCA,CUTERVO,LA RAMADA,16.0,1.0,1.0,0.0,0.0,19.0,19.0,1.0,20.45699770297889,20.016453393719416,0.5263157894736842,0.0,0.1012969481763936,0.6230507091691182,0.7217241859330521,0.3621738286727559,0.41151056705472283,984,653,331,331,True,False,False,False,False,Missing-dominant activity,Medium availability,High availability,0.2025938963527872,0.0,0.4615010130987402,1.0,1.0,19.0,1.0,10.396016867297153,10.267534140045496,0.0,0.0,0.6024631227615032,1.0
060305,CAJAMARCA,CELENDIN,JORGE CHAVEZ,0.0,0.0,0.0,0.0,0.0,20.0,20.0,1.0,11.574005179182752,11.319615443608043,0.0,0.0,0.0319556292752363,0.6923798932192236,0.715879205532238,0.36216776124722994,0.3739174174037372,985,959,26,26,False,False,False,False,False,Mixed/other profile,Medium availability,Medium availability,0.0639112585504727,0.0,0.5605427045988908,1.0,1.0,20.0,1.0,11.064916334789007,10.820422109856622,0.0,0.0,0.5941131507603401,1.0
020515,ANCASH,BOLOGNESI,TICLLOS,2.0,1.0,1.0,0.0,0.0,35.0,35.0,1.0,11.345993175047472,11.320772755494325,0.0,0.0,0.0319556292752363,0.6923677000696874,0.7108206529009031,0.36216166467246186,0.3713881410880697,986,978,8,8,True,False,False,False,False,Missing-dominant activity,Medium availability,Medium availability,0.0639112585504727,0.0,0.5605252858138392,1.0,1.0,35.0,1.0,11.345993175047473,11.320772755494325,0.0,0.0,0.5868866470012902,1.0
081009,CUSCO,PARURO,YAURISQUE,2.0,1.0,1.0,0.0,0.0,63.0,63.0,1.0,11.53544468084244,11.337699972244785,0.0,0.0,0.0319556292752363,0.6921894899010794,0.6802109208675987,0.36207255958815787,0.3560832750714175,987,1111,-124,124,True,False,False,False,False,Missing-dominant activity,Medium availability,Medium availability,0.0639112585504727,0.0,0.560270699858685,1.0,1.0,63.0,1.0,13.777211891290957,14.833885603835263,0.0,0.0,0.5431584583822839,1.0
081008,CUSCO,PARURO,PILLPINTO,2.0,1.0,1.0,0.0,0.0,21.0,21.0,1.0,11.59423249963219,11.359621602431142,0.0,0.0,0.0319556292752363,0.691959061431058,0.25127539109334485,0.36195734535314716,0.14161551018429058,988,1756,-768,768,True,False,False,False,False,Missing-dominant activity,Medium availability,Very low availability,0.0639112585504727,0.0,0.5599415163300828,1.0,1.0,21.0,1.0,44.772632599875024,44.55217835151454,1.0,1.0,0.35896484441906407,0.0
210215,PUNO,AZANGARO,TIRAPATA,0.0,0.0,0.0,0.0,0.0,59.0,59.0,1.0,11.049121830248716,11.374817008820989,0.0,0.0,0.0319556292752363,0.6917995751438011,0.6420940623226342,0.3618776022095187,0.33702484579893527,989,1272,-283,283,False,False,False,False,False,Mixed/other profile,Medium availability,Low availability,0.0639112585504727,0.0,0.5597136787768586,1.0,1.0,59.0,1.0,21.18201841115924,20.63999998872827,0.6101694915254238,0.0,0.4887058033180489,1.0
120128,JUNIN,HUANCAYO,QUILCAS,4.0,1.0,1.0,0.0,0.0,72.0,72.0,1.0,13.45161860665713,13.322177320550743,0.0833333333333333,0.0,0.0506484740881968,0.6728295019100092,0.6924544300153725,0.36173898799910303,0.3715514520517847,990,977,13,13,True,False,False,False,False,Missing-dominant activity,Medium availability,Medium availability,0.1012969481763936,0.0,0.5326135741571562,1.0,1.0,72.0,1.0,13.452476724887504,13.322177320550745,0.08333333333333333,0.0,0.5606491857362466,1.0
080309,CUSCO,ANTA,ZURITE,0.0,0.0,0.0,0.0,0.0,29.0,29.0,1.0,10.987214417259771,11.404677023512182,0.0,0.0,0.0319556292752363,0.6914867433934297,0.4323221225862646,0.36172118633433303,0.23213887593075047,991,1501,-510,510,False,False,False,False,False,Mixed/other profile,Medium availability,Low availability,0.0639112585504727,0.0,0.5592667762763281,1.0,1.0,29.0,1.0,29.971090302627015,30.100938189787634,1.0,0.5517241379310345,0.42548480566510716,0.4482758620689655
180302,MOQUEGUA,ILO,EL ALGARROBAL,0.0,0.0,0.0,0.0,0.0,56.0,56.0,1.0,12.226593883969228,11.437961474851928,0.125,0.0,0.0319556292752363,0.6911389214523969,0.7096655810883596,0.3615472753638166,0.370810605181798,992,982,10,10,False,False,False,False,False,Mixed/other profile,Medium availability,Medium availability,0.0639112585504727,0.0,0.5587698877891385,1.0,1.0,56.0,1.0,12.226593883969228,11.437961474851928,0.125,0.0,0.5852365444119425,1.0
100402,HUANUCO,HUACAYBAMBA,CANCHABAMBA,4.0,1.0,1.0,0.0,0.0,31.0,31.0,1.0,14.926588105957624,13.416474654209315,0.1935483870967742,0.0,0.0506484740881968,0.6719776823467011,0.6916537058221734,0.36131307821744896,0.37115108995518514,993,981,12,12,True,False,False,False,False,Missing-dominant activity,Medium availability,Medium availability,0.1012969481763936,0.0,0.5313966890667159,1.0,1.0,31.0,1.0,14.270813424832424,13.416474654209315,0.0967741935483871,0.0,0.5595052940316764,1.0
030108,APURIMAC,ABANCAY,SAN PEDRO DE CACHORA,0.0,0.0,0.0,0.0,0.0,63.0,63.0,1.0,12.17510484875208,11.515060161807032,0.0158730158730158,0.0,0.0319556292752363,0.6903368034707015,0.6613317714282116,0.3611462163729689,0.346643700351724,994,1203,-209,209,False,False,False,False,False,Mixed/other profile,Medium availability,Low availability,0.0639112585504727,0.0,0.557624004958145,1.0,1.0,63.0,1.0,17.808923556653053,17.483502343141513,0.31746031746031744,0.0,0.5161882448974453,1.0
140119,LAMBAYEQUE,CHICLAYO,PUCALA,2.0,1.0,1.0,0.0,0.0,27.0,27.0,1.0,15.22334485290344,15.009137038454243,0.1111111111111111,0.0,0.0639112585504727,0.6583759388533621,0.6230859667864773,0.36114359870191737,0.34349861266847503,995,1234,-239,239,True,False,False,False,False,Missing-dominant activity,Medium availability,Low availability,0.1278225171009454,0.0,0.5119656269333746,1.0,1.0,27.0,1.0,24.11417350859596,24.287912460026963,1.0,0.0,0.4615513811235391,1.0
130904,LA LIBERTAD,SANCHEZ CARRION,CURGOS,6.0,1.0,1.0,0.0,0.0,59.0,59.0,1.0,11.224881620050358,11.516399309286635,0.0,0.0,0.0319556292752363,0.690322914973094,0.7577921979768554,0.36113927212416513,0.39487391362604585,996,779,217,217,True,False,False,False,False,Missing-dominant activity,Medium availability,Medium availability,0.0639112585504727,0.0,0.5576041642472771,1.0,1.0,59.0,1.0,7.157544138499403,7.384006594149989,0.0,0.0,0.6539888542526506,1.0
130503,LA LIBERTAD,JULCAN,CARABAMBA,6.0,1.0,1.0,0.0,0.0,50.0,50.0,1.0,15.109531786833438,15.01553539321247,0.14,0.0,0.0639112585504727,0.6583240711931265,0.6732949596308393,0.36111766487179964,0.36860310909065597,997,1002,-5,5,True,False,False,False,False,Missing-dominant activity,Medium availability,Medium availability,0.1278225171009454,0.0,0.5118915302758951,1.0,1.0,50.0,1.0,15.562722098408921,15.757281285396763,0.2,0.0,0.5332785137583418,1.0
060413,CAJAMARCA,CHOTA,PACCHA,0.0,0.0,0.0,0.0,0.0,22.0,22.0,1.0,20.145350491207008,20.409642243294627,0.5909090909090909,0.0,0.1012969481763936,0.6206447204183432,0.6446696362506261,0.36097083429736837,0.37298329221350984,998,969,29,29,False,False,False,False,False,Mixed/other profile,Medium availability,Medium availability,0.2025938963527872,0.0,0.4580638863119188,1.0,1.0,22.0,1.0,19.752296651947002,20.188001140370005,0.5454545454545454,0.0,0.49238519464375174,1.0
060111,CAJAMARCA,CAJAMARCA,NAMORA,12.0,1.0,1.0,0.0,0.0,58.0,58.0,1.0,16.867657311350186,17.586112700543033,0.1206896551724138,0.0,0.0826041033634331,0.6390022613303699,0.7414361199371169,0.36080318234690145,0.41202011165027497,999,650,349,349,True,False,False,False,False,Missing-dominant activity,Medium availability,High availability,0.1652082067268663,0.0,0.4842889447576712,1.0,1.0,58.0,1.0,9.030477443137467,8.586674446461199,0.0,0.0,0.6306230284815957,1.0
090503,HUANCAVELICA,CHURCAMPA,CHINCHIHUASI,6.0,1.0,1.0,0.0,0.0,51.0,51.0,1.0,15.66556007415574,16.424218810691727,0.0,0.0,0.0741986734039763,0.6473814729348035,0.7631015865134143,0.36079007316938994,0.4186501299586953,1000,615,385,385,True,False,False,False,False,Missing-dominant activity,Medium availability,High availability,0.1483973468079527,0.0,0.4962592470497193,1.0,1.0,51.0,1.0,7.334916061528633,7.027010781223143,0.0,0.0,0.6615736950191634,1.0
050111,AYACUCHO,HUAMANGA,SANTIAGO DE PISCHA,6.0,1.0,1.0,0.0,0.0,44.0,44.0,1.0,16.35381333887497,16.464355928674294,0.0227272727272727,0.0,0.0741986734039763,0.6470828135402855,0.6754502236611157,0.36064074347213093,0.37482444853254604,1001,953,48,48,True,False,False,False,False,Missing-dominant activity,Medium availability,Medium availability,0.1483973468079527,0.0,0.4958325907718366,1.0,1.0,44.0,1.0,15.292060600796185,15.46388427611937,0.0,0.0,0.5363574623730225,1.0
030103,APURIMAC,ABANCAY,CIRCA,0.0,0.0,0.0,0.0,0.0,132.0,132.0,1.0,16.88047882108808,16.48009188282277,0.2424242424242424,0.0,0.0741986734039763,0.6469659099200744,0.6427618793784402,0.3605822916620254,0.3584802763912083,1002,1087,-85,85,False,False,False,False,False,Mixed/other profile,Medium availability,Medium availability,0.1483973468079527,0.0,0.4956655856001064,1.0,1.0,132.0,1.0,20.401187377518124,19.352242008507226,0.4393939393939394,0.022727272727272728,0.49940008742374586,0.9772727272727273
020509,ANCASH,BOLOGNESI,HUASTA,4.0,1.0,1.0,0.0,0.0,127.0,127.0,1.0,12.86439850342236,13.645822723860553,0.1496062992125984,0.0,0.0506484740881968,0.6699289407068845,0.6897278554809996,0.36028870739754065,0.3701881647845982,1003,989,14,14,True,False,False,False,False,Missing-dominant activity,Medium availability,Medium availability,0.1012969481763936,0.0,0.5284699152955493,1.0,1.0,127.0,1.0,12.701580187575196,13.645822723860553,0.12598425196850394,0.0,0.5567540792585708,1.0
200603,PIURA,SULLANA,IGNACIO ESCUDERO,0.0,0.0,0.0,0.0,0.0,32.0,32.0,1.0,19.46316849441144,19.779273960914047,0.4375,0.0,0.095866887825709,0.6245239129754292,0.6087859975215546,0.3601954004005691,0.3523264426736318,1004,1149,-145,145,False,False,False,False,False,Mixed/other profile,Medium availability,Low availability,0.1917337756514181,0.0,0.463605589964899,1.0,1.0,32.0,1.0,23.479011426005183,23.382258770459963,0.8125,0.0625,0.4679085678879352,0.9375
010602,AMAZONAS,RODRIGUEZ DE MENDOZA,CHIRIMOTO,0.0,0.0,0.0,0.0,0.0,40.0,40.0,1.0,18.08533126967132,18.83869220980619,0.25,0.0,0.0897107931332828,0.6305366062939919,0.6526984227822549,0.36012369971363734,0.37120460795776883,1005,980,25,25,False,False,False,False,False,Mixed/other profile,Medium availability,Medium availability,0.1794215862665657,0.0,0.47219515184856,1.0,1.0,40.0,1.0,18.08533126967132,18.83869220980619,0.25,0.0,0.5038548896889355,1.0
130204,LA LIBERTAD,ASCOPE,MAGDALENA DE CAO,0.0,0.0,0.0,0.0,0.0,47.0,47.0,1.0,11.866267659435836,11.741831346129604,0.0,0.0,0.0319556292752363,0.6880058550054226,0.7067204478570333,0.35998074214032943,0.3693380385661348,1006,994,12,12,False,False,False,False,False,Mixed/other profile,Medium availability,Medium availability,0.0639112585504727,0.0,0.5542940785791751,1.0,1.0,47.0,1.0,11.866267659435835,11.741831346129603,0.0,0.0,0.5810292112243334,1.0
010513,AMAZONAS,LUYA,OCUMAL,0.0,0.0,0.0,0.0,0.0,52.0,52.0,1.0,17.03962634335551,17.831724475490223,0.4230769230769231,0.0,0.0826041033634331,0.637298182143794,0.34116439142572297,0.3599511427536135,0.21188424739457803,1007,1540,-533,533,False,False,False,False,False,Mixed/other profile,Medium availability,Very low availability,0.1652082067268663,0.0,0.4818545459197058,1.0,1.0,52.0,1.0,33.27388823770769,33.98735474703694,1.0,0.8076923076923077,0.4049601196191648,0.1923076923076923
051004,AYACUCHO,VICTOR FAJARDO,ASQUIPATA,6.0,1.0,1.0,0.0,0.0,16.0,16.0,1.0,14.563759779225178,15.314000905374485,0.0,0.0,0.0639112585504727,0.6559273360151874,0.6765661201755655,0.35991929728283,0.37023868936301907,1008,987,21,21,True,False,False,False,False,Missing-dominant activity,Medium availability,Medium availability,0.1278225171009454,0.0,0.5084676228788391,1.0,1.0,16.0,1.0,14.563759779225178,15.314000905374485,0.0,0.0,0.537951600250808,1.0
150703,LIMA,HUAROCHIRI,CALLAHUANCA,2.0,1.0,1.0,0.0,0.0,11.0,11.0,1.0,12.358486098251705,11.798578666387256,0.0,0.0,0.0319556292752363,0.6874290470529005,0.7061782390345213,0.3596923381640684,0.3690669341548788,1009,997,12,12,True,False,False,False,False,Missing-dominant activity,Medium availability,Medium availability,0.0639112585504727,0.0,0.5534700672184294,1.0,1.0,11.0,1.0,12.358486098251705,11.798578666387257,0.0,0.0,0.5802546271921734,1.0
050908,AYACUCHO,SUCRE,SAN PEDRO DE LARCAY,1.0,1.0,1.0,0.0,0.0,50.0,50.0,1.0,12.5253429006568,11.825718961738488,0.18,0.0,0.0319556292752363,0.6871540830803793,0.6777380302201829,0.3595548561778078,0.3548468297477096,1010,1120,-110,110,True,False,False,False,False,Missing-dominant activity,Medium availability,Medium availability,0.0639112585504727,0.0,0.553077261543399,1.0,1.0,50.0,1.0,14.847166287513234,15.158062727465651,0.12,0.0,0.5396257574574042,1.0
130802,LA LIBERTAD,PATAZ,BULDIBUYO,0.0,0.0,0.0,0.0,0.0,61.0,61.0,1.0,16.882494728830725,16.799902211185483,0.1147540983606557,0.0,0.0741986734039763,0.644612546983347,0.5301457879153628,0.3594056101936617,0.3021722306596696,1011,1386,-375,375,False,False,False,False,False,Mixed/other profile,Medium availability,Low availability,0.1483973468079527,0.0,0.4923036385476386,1.0,1.0,61.0,1.0,28.022519322773118,28.58992450755297,1.0,0.2459016393442623,0.4341661138837737,0.7540983606557377
120428,JUNIN,JAUJA,SAN LORENZO,2.0,1.0,1.0,0.0,0.0,22.0,22.0,1.0,11.877051955324534,11.869893008519329,0.0,0.0,0.0319556292752363,0.6867077884301096,0.7055002442411412,0.35933170885267296,0.36872793675818877,1012,1001,11,11,True,False,False,False,False,Missing-dominant activity,Medium availability,Medium availability,0.0639112585504727,0.0,0.5524396977572994,1.0,1.0,22.0,1.0,11.877051955324534,11.869893008519327,0.0,0.0,0.5792860632016303,1.0
060110,CAJAMARCA,CAJAMARCA,MATARA,2.0,1.0,1.0,0.0,0.0,27.0,27.0,1.0,11.981732513421308,11.876809336961772,0.0,0.0,0.0319556292752363,0.6866380508234198,0.8520531086792131,0.35929684004932805,0.4420043689772247,1013,520,493,493,True,False,False,False,False,Missing-dominant activity,Medium availability,High availability,0.0639112585504727,0.0,0.5523400726048855,1.0,1.0,27.0,1.0,3.157237787754218,2.872110268201538,0.0,0.0,0.7886472981131618,1.0
211204,PUNO,SANDIA,PATAMBUCO,0.0,0.0,0.0,0.0,0.0,54.0,54.0,1.0,16.817335181959045,16.86095527893272,0.1666666666666666,0.0,0.0741986734039763,0.6441680905824669,0.6443023006394358,0.35918338199322164,0.3592504870217061,1014,1083,-69,69,False,False,False,False,False,Mixed/other profile,Medium availability,Medium availability,0.1483973468079527,0.0,0.4916687008320956,1.0,1.0,54.0,1.0,20.344443851286808,20.251884616377673,0.5370370370370371,0.0,0.4918604294849084,1.0
080703,CUSCO,CHUMBIVILCAS,CHAMACA,14.0,1.0,1.0,0.0,0.0,197.0,197.0,1.0,17.130434147100804,18.068944997770007,0.299492385786802,0.0,0.0826041033634331,0.6356732917192127,0.5110877742974482,0.3591386975413229,0.29684593883044064,1015,1390,-375,375,True,False,False,False,False,Missing-dominant activity,Medium availability,Low availability,0.1652082067268663,0.0,0.4795332738845896,1.0,1.0,197.0,1.0,26.142354656702146,27.48735069087864,0.7969543147208121,0.3248730964467005,0.44078529033065483,0.6751269035532995
010501,AMAZONAS,LUYA,LAMUD,0.0,0.0,0.0,0.0,0.0,27.0,27.0,1.0,15.545373687338,15.546395209283112,0.0,0.0,0.0639112585504727,0.6540913348301729,0.6748402493093533,0.35900129669032277,0.36937575392991295,1016,993,23,23,False,False,False,False,False,Mixed/other profile,Medium availability,Medium availability,0.1278225171009454,0.0,0.5058447640431043,1.0,1.0,27.0,1.0,15.545373687338,15.546395209283112,0.0,0.0,0.5354860704419333,1.0
081007,CUSCO,PARURO,PACCARITAMBO,2.0,1.0,1.0,0.0,0.0,65.0,65.0,1.0,12.0723237474177,11.953038261571551,0.0,0.0,0.0319556292752363,0.6858719035825513,0.5896496340980681,0.35891376642889383,0.31080263168665223,1017,1366,-349,349,True,False,False,False,False,Missing-dominant activity,Medium availability,Low availability,0.0639112585504727,0.0,0.5512455765465021,1.0,1.0,65.0,1.0,24.756365513284294,24.52290838249631,0.8307692307692308,0.1076923076923077,0.459939037722515,0.8923076923076922
210406,PUNO,CHUCUITO,POMATA,0.0,0.0,0.0,0.0,0.0,143.0,143.0,1.0,21.3345374784464,20.90865662104404,0.6083916083916084,0.0209790209790209,0.1061543026792127,0.6113603068353147,0.6342948701517579,0.3587573047572637,0.3702245864154853,1018,988,30,30,False,False,False,False,False,Mixed/other profile,Medium availability,Medium availability,0.2123086053584255,0.0,0.4537914473271729,0.9790209790209792,1.0,143.0,1.0,21.3345374784464,20.908656621044038,0.6083916083916084,0.02097902097902098,0.486555109207806,0.9790209790209791
030301,APURIMAC,ANTABAMBA,ANTABAMBA,0.0,0.0,0.0,0.0,0.0,211.0,211.0,1.0,17.903829698662424,17.95791954374764,0.4502369668246445,0.1279620853080568,0.1184116192954771,0.5980426261596724,0.2554134160503032,0.35822712272757473,0.18691251767289016,1019,1584,-565,565,False,False,False,False,False,Mixed/other profile,Medium availability,Very low availability,0.2368232385909542,0.0,0.4806160739315565,0.8720379146919431,1.0,211.0,1.0,44.44755833128625,44.59975693644905,1.0,0.985781990521327,0.35878287600957337,0.014218009478673022
150127,LIMA,LIMA,PUNTA NEGRA,0.0,0.0,0.0,0.0,0.0,4.0,4.0,1.0,13.254198582267092,14.143394922770238,0.0,0.0,0.0506484740881968,0.6655923300333524,0.8424304353500971,0.3581204020607746,0.44653945471914697,1020,502,518,518,False,False,False,False,False,Mixed/other profile,Medium availability,High availability,0.1012969481763936,0.0,0.5222747571905035,1.0,1.0,4.0,1.0,3.528363557584357,3.1898435185416756,0.0,0.0,0.7749006219287101,1.0
210110,PUNO,PUNO,PAUCARCOLLA,2.0,1.0,1.0,0.0,0.0,131.0,131.0,1.0,12.343058665964998,12.124375440201858,0.0,0.0,0.0319556292752363,0.6841661889480539,0.69373884568947,0.3580609091116451,0.36284723748235315,1021,1050,-29,29,True,False,False,False,False,Missing-dominant activity,Medium availability,Medium availability,0.0639112585504727,0.0,0.5488088413543628,1.0,1.0,131.0,1.0,13.196426502760767,13.17220453628274,0.022900763358778626,0.0,0.5624840652706714,1.0
010705,AMAZONAS,UTCUBAMBA,JAMALCA,0.0,0.0,0.0,0.0,0.0,55.0,55.0,1.0,23.78945511260532,23.80681971756757,0.8545454545454545,0.0,0.1145597326386695,0.6015277711206739,0.6199751021782023,0.3580437518796717,0.3672674174084359,1022,1010,12,12,False,False,False,False,False,Mixed/other profile,Medium availability,Medium availability,0.2291194652773391,0.0,0.4307539587438199,1.0,1.0,55.0,1.0,24.026571001398498,23.806819717567574,0.8545454545454545,0.01818181818181818,0.46489949661821106,0.9818181818181818
090305,HUANCAVELICA,ANGARAES,CHINCHO,0.0,0.0,0.0,0.0,0.0,30.0,30.0,1.0,13.456461788587855,14.166578916928716,0.0,0.0,0.0506484740881968,0.665393759037604,0.7239053697292916,0.3580211165629004,0.38727692190874424,1023,845,178,178,False,False,False,False,False,Mixed/other profile,Medium availability,Medium availability,0.1012969481763936,0.0,0.5219910843394344,1.0,1.0,30.0,1.0,10.011576861539949,10.067903685505362,0.0,0.0,0.6055790996132737,1.0
120413,JUNIN,JAUJA,LEONOR ORDO?EZ,2.0,1.0,1.0,0.0,0.0,7.0,7.0,1.0,12.105378672006935,12.137545466424768,0.0,0.0,0.0319556292752363,0.6840360002695046,0.7029887200739915,0.35799581477237047,0.3674721746746139,1024,1007,17,17,True,False,False,False,False,Missing-dominant activity,Medium availability,Medium availability,0.0639112585504727,0.0,0.5486228575278638,1.0,1.0,7.0,1.0,12.105378672006937,12.137545466424768,0.0,0.0,0.5756981715342737,1.0
020205,ANCASH,AIJA,SUCCHA,6.0,0.3333333333333333,0.3333333333333333,4.0,4.0,52.0,52.0,1.0,25.02068208589513,24.766165024090554,1.0,0.0,0.1192736200596729,0.5966025979865874,0.9163225451011365,0.35793810902313017,0.5177980825804047,1025,372,653,653,False,False,False,False,False,Mixed/other profile,Medium availability,Very high availability,0.1012969481763936,0.1372502919429523,0.4237179971236963,1.0,1.0,52.0,1.0,1.6385392630718403,1.286613722693858,0.0,0.0,0.8804607787159093,1.0
090105,HUANCAVELICA,HUANCAVELICA,CUENCA,6.0,1.0,1.0,0.0,0.0,75.0,75.0,1.0,15.760811608241903,15.848345178862216,0.0133333333333333,0.0,0.0639112585504727,0.6517439635539783,0.7810021079218539,0.3578276110522255,0.42245668323616326,1026,595,431,431,True,False,False,False,False,Missing-dominant activity,Medium availability,High availability,0.1278225171009454,0.0,0.5024913765056833,1.0,1.0,75.0,1.0,6.049785322585718,5.93170902419983,0.0,0.0,0.6871458684597913,1.0
160501,LORETO,REQUENA,REQUENA,0.0,0.0,0.0,0.0,0.0,62.0,62.0,1.0,20.85469486278221,20.484691772405878,0.5645161290322581,0.1290322580645161,0.1339237390247836,0.5814808279519088,0.11211160384293553,0.3577022834883462,0.12301767143385957,1027,1830,-803,803,False,False,False,False,False,Mixed/other profile,Medium availability,Very low availability,0.2678474780495672,0.0,0.4574150076732338,0.8709677419354839,1.0,62.0,1.0,140.32505757062225,141.5070489158264,1.0,1.0,0.16015943406133648,0.0
010603,AMAZONAS,RODRIGUEZ DE MENDOZA,COCHAMAL,0.0,0.0,0.0,0.0,0.0,8.0,8.0,1.0,13.504324377941174,12.214237094587173,0.125,0.0,0.0319556292752363,0.6832804693929314,0.7022785088066761,0.35761804933408387,0.3671170690409562,1028,1012,16,16,False,False,False,False,False,Mixed/other profile,Medium availability,Medium availability,0.0639112585504727,0.0,0.5475435277041878,1.0,1.0,8.0,1.0,13.504324377941174,12.214237094587173,0.125,0.0,0.5746835840095373,1.0
080806,CUSCO,ESPINAR,PICHIGUA,4.0,1.0,1.0,0.0,0.0,145.0,145.0,1.0,13.348226873979806,14.266044290120114,0.0137931034482758,0.0,0.0506484740881968,0.6645452683002253,0.6733663458758097,0.3575968711942111,0.36200740998200326,1029,1059,-30,30,True,False,False,False,False,Missing-dominant activity,Medium availability,Medium availability,0.1012969481763936,0.0,0.5207789547146076,1.0,1.0,145.0,1.0,15.267039688304255,15.189047245787314,0.1724137931034483,0.013793103448275862,0.5392918241575608,0.9862068965517241
100206,HUANUCO,AMBO,SAN FRANCISCO,0.0,0.0,0.0,0.0,0.0,56.0,56.0,1.0,15.968777957180848,15.930160426442782,0.1428571428571428,0.0,0.0639112585504727,0.6511151705545162,0.6720426066616567,0.3575132145524944,0.3679769326060647,1030,1004,26,26,False,False,False,False,False,Mixed/other profile,Medium availability,Medium availability,0.1278225171009454,0.0,0.5015931007921661,1.0,1.0,56.0,1.0,15.968777957180848,15.930160426442782,0.14285714285714285,0.0,0.531489438088081,1.0
050910,AYACUCHO,SUCRE,SANTIAGO DE PAUCARAY,3.0,1.0,1.0,0.0,0.0,48.0,48.0,1.0,15.6097578240691,15.982579557670888,0.0,0.0,0.0639112585504727,0.6507138972056525,0.7715484210140977,0.3573125778780626,0.4177298397822852,1031,620,411,411,True,False,False,False,False,Missing-dominant activity,Medium availability,High availability,0.1278225171009454,0.0,0.5010198531509322,1.0,1.0,48.0,1.0,6.429823674972025,6.490122756706598,0.0,0.0,0.6736406014487112,1.0
090109,HUANCAVELICA,HUANCAVELICA,LARIA,4.0,1.0,1.0,0.0,0.0,53.0,53.0,1.0,13.530879969204936,14.33621159848747,0.0,0.0,0.0506484740881968,0.6639500241065672,0.7366745693994987,0.35729924909738203,0.3936615217438478,1032,790,242,242,True,False,False,False,False,Missing-dominant activity,Medium availability,Medium availability,0.1012969481763936,0.0,0.5199286058665247,1.0,1.0,53.0,1.0,8.88225646905729,8.96817878159679,0.0,0.0,0.6238208134278554,1.0
150724,LIMA,HUAROCHIRI,CASTA,6.0,1.0,1.0,0.0,0.0,14.0,14.0,1.0,16.863877107814044,16.012225714603122,0.0714285714285714,0.0,0.0639112585504727,0.6504875010816589,0.6714525871858212,0.35719937981606575,0.36768192286814694,1033,1006,27,27,True,False,False,False,False,Missing-dominant activity,Medium availability,Medium availability,0.1278225171009454,0.0,0.5006964301166557,1.0,1.0,14.0,1.0,16.863877107814044,16.012225714603122,0.07142857142857142,0.0,0.5306465531226019,1.0
200111,PIURA,PIURA,LAS LOMAS,0.0,0.0,0.0,0.0,0.0,105.0,105.0,1.0,22.541990061325137,21.932421741760862,0.6952380952380952,0.1333333333333333,0.1425039435834407,0.5717259504225878,0.2521101322564526,0.35711494700301427,0.19730703791994667,1034,1563,-529,529,False,False,False,False,False,Mixed/other profile,Medium availability,Very low availability,0.2850078871668814,0.0,0.4453227863179826,0.8666666666666667,1.0,105.0,1.0,45.040755346298155,44.24160949786754,1.0,1.0,0.36015733179493237,0.0
051104,AYACUCHO,VILCAS HUAMAN,CONCEPCION,4.0,1.0,1.0,0.0,0.0,76.0,76.0,1.0,13.873413112077392,14.38027785777409,0.0,0.0,0.0506484740881968,0.6635775912947461,0.6672411066660839,0.3571130326914715,0.3589447903771404,1035,1085,-50,50,True,False,False,False,False,Missing-dominant activity,Medium availability,Medium availability,0.1012969481763936,0.0,0.5193965589924945,1.0,1.0,76.0,1.0,16.76474353937376,16.609665441777707,0.17105263157894737,0.0,0.52463015238012,1.0
090511,HUANCAVELICA,CHURCAMPA,COSME,6.0,1.0,1.0,0.0,0.0,44.0,44.0,1.0,15.595405086195097,16.05103795948162,0.0,0.0,0.0639112585504727,0.6501917027459037,0.7052260853445582,0.35705148064818815,0.38456867194751543,1036,867,169,169,True,False,False,False,False,Missing-dominant activity,Medium availability,Medium availability,0.1278225171009454,0.0,0.5002738610655766,1.0,1.0,44.0,1.0,11.674590334376665,11.89884289753913,0.0,0.0,0.5788944076350833,1.0
120407,JUNIN,JAUJA,EL MANTARO,2.0,1.0,1.0,0.0,0.0,8.0,8.0,1.0,12.4597390094283,12.358094035518306,0.0,0.0,0.0319556292752363,0.6818750095547168,0.7009573537833546,0.35691531941497656,0.36645649152929544,1037,1017,20,20,True,False,False,False,False,Missing-dominant activity,Medium availability,Medium availability,0.0639112585504727,0.0,0.5455357279353098,1.0,1.0,8.0,1.0,12.4597390094283,12.358094035518306,0.0,0.0,0.5727962196905065,1.0
080102,CUSCO,CUSCO,CCORCA,0.0,0.0,0.0,0.0,0.0,55.0,55.0,1.0,12.190509040325662,12.369562334745696,0.0,0.0,0.0319556292752363,0.6817636182745189,0.6963984075790552,0.3568596237748776,0.3641770184271458,1038,1038,0,0,False,False,False,False,False,Mixed/other profile,Medium availability,Medium availability,0.0639112585504727,0.0,0.5453765975350271,1.0,1.0,55.0,1.0,13.514028748092022,12.866638817599625,0.07272727272727272,0.0,0.5662834393986504,1.0
050605,AYACUCHO,LUCANAS,CHAVIÑA,0.0,0.0,0.0,0.0,0.0,120.0,120.0,1.0,13.329072878729386,12.375735791111886,0.2166666666666666,0.0,0.0319556292752363,0.6817036952150182,0.7007963155278982,0.35682966224512724,0.3663759724015673,1039,1019,20,20,False,False,False,False,False,Mixed/other profile,Medium availability,Medium availability,0.0639112585504727,0.0,0.5452909931643116,1.0,1.0,120.0,1.0,13.329072878729386,12.375735791111886,0.21666666666666667,0.0,0.5725661650398547,1.0
010505,AMAZONAS,LUYA,CONILA,0.0,0.0,0.0,0.0,0.0,22.0,22.0,1.0,15.975117379130142,16.14292466054085,0.0,0.0,0.0639112585504727,0.649494085346028,0.39023333787411746,0.35670267194825034,0.22707229821229508,1040,1510,-470,470,False,False,False,False,False,Mixed/other profile,Medium availability,Very low availability,0.1278225171009454,0.0,0.4992772647800401,1.0,1.0,22.0,1.0,31.387948521031056,30.890917647117373,1.0,0.6818181818181818,0.4211125605993886,0.31818181818181823
050102,AYACUCHO,HUAMANGA,ACOCRO,12.0,0.9166666666666666,0.9166666666666666,1.0,1.0,109.0,109.0,1.0,21.75268670104137,21.366478308695275,0.6513761467889908,0.0458715596330275,0.1121593450277127,0.6012080355252545,0.7659461650583654,0.3566836902764836,0.4390527550430391,1041,527,514,514,False,False,False,False,False,Mixed/other profile,Medium availability,High availability,0.1652082067268663,0.059110483328559,0.4499564334502325,0.9541284403669724,1.0,109.0,1.0,6.761824846755199,6.842040965076657,0.0,0.0,0.6656373786548079,1.0
020607,ANCASH,CARHUAZ,PARIAHUANCA,3.0,1.0,1.0,0.0,0.0,25.0,25.0,1.0,12.464011848325914,12.412118322236498,0.0,0.0,0.0319556292752363,0.6813511066013944,0.7998768473023667,0.35665336793831537,0.41591623828880153,1042,629,413,413,True,False,False,False,False,Missing-dominant activity,Medium availability,High availability,0.0639112585504727,0.0,0.5447872951448491,1.0,1.0,25.0,1.0,5.0341411732066605,4.938260654603715,0.0,0.0,0.7141097818605239,1.0
200307,PIURA,HUANCABAMBA,SONDOR,0.0,0.0,0.0,0.0,0.0,49.0,49.0,1.0,16.31073830493585,18.82565013254269,0.4081632653061224,0.0,0.0826041033634331,0.6306219673065906,0.693029666914686,0.3566130353350119,0.38781688513905954,1043,837,206,206,False,False,False,False,False,Mixed/other profile,Medium availability,Medium availability,0.1652082067268663,0.0,0.4723170961522723,1.0,1.0,49.0,1.0,11.65772384624254,13.254815458269771,0.0,0.0,0.5614709527352657,1.0
120414,JUNIN,JAUJA,LLOCLLAPAMPA,4.0,1.0,1.0,0.0,0.0,20.0,20.0,1.0,13.43974918097796,14.504771704343554,0.0,0.0,0.0506484740881968,0.6625311497647024,0.6827738121145506,0.3565898119264496,0.3667111431013737,1044,1016,28,28,True,False,False,False,False,Missing-dominant activity,Medium availability,Medium availability,0.1012969481763936,0.0,0.5179016425210035,1.0,1.0,20.0,1.0,13.43974918097796,14.504771704343554,0.0,0.0,0.5468197315922152,1.0
020504,ANCASH,BOLOGNESI,AQUIA,6.0,1.0,1.0,0.0,0.0,154.0,154.0,1.0,16.25781655731759,13.346752961365382,0.2922077922077922,0.0779220779220779,0.0639112585504727,0.6492303393446062,0.6927773151687997,0.3565707989475394,0.37834428685963617,1045,931,114,114,True,False,False,False,False,Missing-dominant activity,Medium availability,Medium availability,0.1278225171009454,0.0,0.532295661030328,0.922077922077922,1.0,154.0,1.0,14.00597691271733,13.284327463085638,0.13636363636363635,0.0,0.5611104502411426,1.0
051106,AYACUCHO,VILCAS HUAMAN,INDEPENDENCIA,4.0,1.0,1.0,0.0,0.0,33.0,33.0,1.0,14.606360320687989,14.54128880765933,0.0,0.0,0.0506484740881968,0.6622257961590039,0.7670659963645403,0.35643713512360037,0.4088572352263686,1046,676,370,370,True,False,False,False,False,Missing-dominant activity,Medium availability,High availability,0.1012969481763936,0.0,0.5174654230842912,1.0,1.0,33.0,1.0,7.5120238262364465,6.7703982650570715,0.0,0.0,0.667237137663629,1.0
080702,CUSCO,CHUMBIVILCAS,CAPACMARCA,6.0,1.0,1.0,0.0,0.0,87.0,87.0,1.0,13.383795067689965,14.542499044507275,0.0,0.0,0.0506484740881968,0.6622156885259385,0.6424288326876064,0.35643208130706766,0.34653865338790163,1047,1206,-159,159,True,False,False,False,False,Missing-dominant activity,Medium availability,Low availability,0.1012969481763936,0.0,0.5174509836084835,1.0,1.0,87.0,1.0,20.281517867251175,19.97935917033629,0.4942528735632184,0.011494252873563218,0.4941101550709648,0.9885057471264368
030610,APURIMAC,CHINCHEROS,EL PORVENIR,0.0,0.0,0.0,0.0,0.0,10.0,10.0,1.0,9.177470312754108,9.522569299892172,0.0,0.0,0.0,0.7128458960328372,0.6555136303319125,0.3564229480164186,0.32775681516595623,1048,1322,-274,274,False,False,False,False,False,Mixed/other profile,Medium availability,Low availability,0.0,0.0,0.5897798514754818,1.0,1.0,10.0,1.0,18.532970712435457,18.386206763903285,0.1,0.0,0.5078766147598749,1.0
220706,SAN MARTIN,PICOTA,SAN CRISTOBAL,2.0,1.0,1.0,0.0,0.0,17.0,17.0,1.0,12.358193003761878,12.46352881909914,0.0,0.0,0.0319556292752363,0.6808545069250402,0.8571017209471528,0.3564050681001383,0.44452867511119454,1049,508,541,541,True,False,False,False,False,Missing-dominant activity,Medium availability,High availability,0.0639112585504727,0.0,0.5440778670357718,1.0,1.0,17.0,1.0,2.8613510157129687,2.715165245529603,0.0,0.0,0.7958596013530755,1.0
210112,PUNO,PUNO,PLATERIA,0.0,0.0,0.0,0.0,0.0,130.0,130.0,1.0,21.0253919610368,21.048503944374723,0.6923076923076923,0.0,0.095866887825709,0.6168280911485953,0.7216732153931514,0.3563474894871521,0.4087700516094302,1050,677,373,373,False,False,False,False,False,Mixed/other profile,Medium availability,High availability,0.1917337756514181,0.0,0.4526115587837075,1.0,1.0,130.0,1.0,10.774224498792961,10.27224196658771,0.0,0.0,0.6023903077045021,1.0
210213,PUNO,AZANGARO,SAN JUAN DE SALINAS,0.0,0.0,0.0,0.0,0.0,75.0,75.0,1.0,11.62143706994576,12.487597364076914,0.0,0.0,0.0319556292752363,0.6806226681537908,0.682661010395438,0.35628914871451356,0.3573083198353372,1051,1098,-47,47,False,False,False,False,False,Mixed/other profile,Medium availability,Medium availability,0.0639112585504727,0.0,0.5437466687911299,1.0,1.0,75.0,1.0,13.918512386623046,14.519112177519718,0.013333333333333334,0.0,0.5466585862791972,1.0
021008,ANCASH,HUARI,HUANTAR,2.0,1.0,1.0,0.0,0.0,28.0,28.0,1.0,14.056737657625265,14.602992517495874,0.0,0.0,0.0506484740881968,0.6617114605861323,0.7464803931597099,0.35617996733716456,0.3985644336239534,1052,759,293,293,True,False,False,False,False,Missing-dominant activity,Medium availability,Medium availability,0.1012969481763936,0.0,0.5167306579801891,1.0,1.0,28.0,1.0,7.87466214020436,8.198432851335292,0.0,0.0,0.6378291330852999,1.0
040808,AREQUIPA,LA UNION,SAYLA,2.0,1.0,1.0,0.0,0.0,23.0,23.0,1.0,12.57394410580926,12.51629111503183,0.0,0.0,0.0319556292752363,0.6803468173752643,0.6995208283703984,0.3561512233252503,0.36573822882281737,1053,1025,28,28,True,False,False,False,False,Missing-dominant activity,Medium availability,Medium availability,0.0639112585504727,0.0,0.5433525962503776,1.0,1.0,23.0,1.0,12.57394410580926,12.51629111503183,0.0,0.0,0.5707440405291407,1.0
220204,SAN MARTIN,BELLAVISTA,HUALLAGA,6.0,1.0,1.0,0.0,0.0,72.0,72.0,1.0,14.722883745073752,11.88320545759829,0.1388888888888889,0.0833333333333333,0.0506484740881968,0.6615735918211649,0.7121355883966312,0.3561110329546809,0.381392031242414,1054,901,153,153,True,False,False,False,False,Missing-dominant activity,Medium availability,Medium availability,0.1012969481763936,0.0,0.5522479883159499,0.9166666666666666,1.0,72.0,1.0,12.313354083134733,11.18870828654104,0.05555555555555555,0.0,0.5887651262809017,1.0
060608,CAJAMARCA,CUTERVO,SAN ANDRES DE CUTERVO,10.0,1.0,1.0,0.0,0.0,15.0,15.0,1.0,19.475233441661427,18.98720951305843,0.2666666666666666,0.0,0.0826041033634331,0.629568492335264,0.6803443897541919,0.35608629784934853,0.38147424655881246,1055,900,155,155,True,False,False,False,False,Missing-dominant activity,Medium availability,Medium availability,0.1652082067268663,0.0,0.47081213190752,1.0,1.0,15.0,1.0,15.236506803666122,14.816575022337124,0.06666666666666667,0.0,0.5433491282202743,1.0
061105,CAJAMARCA,SAN MIGUEL,EL PRADO,24.0,1.0,1.0,0.0,0.0,15.0,15.0,1.0,18.379715073731628,18.993625923608647,0.2666666666666666,0.0,0.0826041033634331,0.6295268290689389,0.6517492158273201,0.35606546621618596,0.3671766595953766,1056,1011,45,45,True,False,False,False,False,Missing-dominant activity,Medium availability,Medium availability,0.1652082067268663,0.0,0.470752612955627,1.0,1.0,15.0,1.0,18.379715073731628,18.993625923608647,0.26666666666666666,0.0,0.5024988797533146,1.0
120806,JUNIN,YAULI,PACCHA,2.0,1.0,1.0,0.0,0.0,29.0,29.0,1.0,12.642379551993027,12.590733273988585,0.0,0.0,0.0319556292752363,0.6796338802395587,0.44230224770804627,0.3557947547573975,0.2371289384916413,1057,1493,-436,436,True,False,False,False,False,Missing-dominant activity,Medium availability,Low availability,0.0639112585504727,0.0,0.542334114627941,1.0,1.0,29.0,1.0,30.561541173304366,30.194036761450377,1.0,0.5172413793103449,0.4249638021444997,0.48275862068965514
081208,CUSCO,QUISPICANCHI,LUCRE,2.0,1.0,1.0,0.0,0.0,57.0,57.0,1.0,12.588854102357542,12.62569598343489,0.0,0.0,0.0319556292752363,0.6793003868685445,0.6390991992993325,0.35562800807189043,0.3355274142872844,1058,1284,-226,226,True,False,False,False,False,Missing-dominant activity,Medium availability,Low availability,0.0639112585504727,0.0,0.5418576955264922,1.0,1.0,57.0,1.0,20.996520943252342,21.177720458511942,0.6842105263157895,0.0,0.4844274275704751,1.0
210504,PUNO,EL COLLAO,SANTA ROSA,0.0,0.0,0.0,0.0,0.0,484.0,484.0,1.0,20.31129179487527,18.54561810578568,0.4772727272727273,0.2045454545454545,0.1400798337172098,0.5711048281472968,0.19195182345916117,0.3555923309322533,0.16601582858818548,1059,1652,-593,593,False,False,False,False,False,Mixed/other profile,Medium availability,Very low availability,0.2801596674344196,0.0,0.4749549493013331,0.7954545454545454,1.0,484.0,1.0,75.25767484633297,73.07304125374988,1.0,1.0,0.27421689065594457,0.0
211307,PUNO,YUNGUYO,UNICACHI,2.0,1.0,1.0,0.0,0.0,19.0,19.0,1.0,12.749952275167038,12.670935365100863,0.0,0.0,0.0319556292752363,0.6788701367137618,0.6981327246190567,0.3554128829944991,0.3650441769471465,1060,1029,31,31,True,False,False,False,False,Missing-dominant activity,Medium availability,Medium availability,0.0639112585504727,0.0,0.5412430524482312,1.0,1.0,19.0,1.0,12.749952275167038,12.670935365100865,0.0,0.0,0.5687610351700811,1.0
060310,CAJAMARCA,CELENDIN,SUCRE,0.0,0.0,0.0,0.0,0.0,62.0,62.0,1.0,16.47829233563162,16.511806299166146,0.3064516129032258,0.0,0.0639112585504727,0.6467306205148373,0.6801107562018958,0.355320939532655,0.3720110073761842,1061,973,88,88,False,False,False,False,False,Mixed/other profile,Medium availability,Medium availability,0.1278225171009454,0.0,0.495329457878339,1.0,1.0,62.0,1.0,14.869353876445205,14.84688915416986,0.12903225806451613,0.0,0.5430153660027084,1.0
030217,APURIMAC,ANDAHUAYLAS,TUMAY HUARACA,0.0,0.0,0.0,0.0,0.0,115.0,115.0,1.0,17.474067213162396,16.5266790630897,0.3130434782608696,0.0,0.0639112585504727,0.6466204261418851,0.6786529258646633,0.35526584234617886,0.371282092207568,1062,979,83,83,False,False,False,False,False,Mixed/other profile,Medium availability,Medium availability,0.1278225171009454,0.0,0.4951720373455502,1.0,1.0,115.0,1.0,15.679154548913509,15.037360498091523,0.16521739130434782,0.0,0.5409327512352333,1.0
010523,AMAZONAS,LUYA,TRITA,0.0,0.0,0.0,0.0,0.0,5.0,5.0,1.0,14.910333209070368,14.830647342093291,0.0,0.0,0.0506484740881968,0.6598312659444701,0.6802358775720625,0.35523987001633345,0.36544217583012967,1063,1026,37,37,False,False,False,False,False,Mixed/other profile,Medium availability,Medium availability,0.1012969481763936,0.0,0.5140446656349572,1.0,1.0,5.0,1.0,14.910333209070368,14.830647342093293,0.0,0.0,0.5431941108172321,1.0
030203,APURIMAC,ANDAHUAYLAS,CHIARA,0.0,0.0,0.0,0.0,0.0,40.0,40.0,1.0,16.614825622812006,16.59466927823027,0.1,0.0,0.0639112585504727,0.6461178651118767,0.6189076492238845,0.35501456183117475,0.3414094538871786,1064,1245,-181,181,False,False,False,False,False,Mixed/other profile,Medium availability,Low availability,0.1278225171009454,0.0,0.4944540930169668,1.0,1.0,40.0,1.0,25.292531987216833,25.168866461431218,1.0,0.0,0.4555823560341209,1.0
050202,AYACUCHO,CANGALLO,CHUSCHI,18.0,0.5555555555555556,0.5555555555555556,8.0,8.0,95.0,95.0,1.0,24.669714834166907,23.10919143891974,0.6210526315789474,0.2631578947368421,0.183398692608552,0.5262830770737876,0.708012206764913,0.3548408848411698,0.44570544968673254,1065,504,561,561,False,False,False,False,False,Mixed/other profile,Medium availability,High availability,0.1794215862665657,0.1873757989505383,0.4360434935640576,0.736842105263158,1.0,95.0,1.0,12.548502699410047,10.367746047641594,0.23157894736842105,0.042105263157894736,0.6009196938746879,0.9578947368421052
061204,CAJAMARCA,SAN PABLO,TUMBADEN,6.0,1.0,1.0,0.0,0.0,32.0,32.0,1.0,16.31049472565517,16.654301104157472,0.1875,0.0,0.0639112585504727,0.6456786825195273,0.6936234903550698,0.354794970535,0.3787673744527712,1066,926,140,140,True,False,False,False,False,Missing-dominant activity,Medium availability,Medium availability,0.1278225171009454,0.0,0.4938266893136104,1.0,1.0,32.0,1.0,14.31241406416822,13.185609388375497,0.03125,0.0,0.5623192719358141,1.0
080604,CUSCO,CANCHIS,MARANGANI,8.0,1.0,1.0,0.0,0.0,112.0,112.0,1.0,16.34200100027281,17.754677560331878,0.3482142857142857,0.0089285714285714,0.0741986734039763,0.6351517657067941,0.6424728806268616,0.3546752195553852,0.35833577701541897,1067,1091,-24,24,True,False,False,False,False,Missing-dominant activity,Medium availability,Medium availability,0.1483973468079527,0.0,0.4826147673362365,0.9910714285714286,1.0,112.0,1.0,18.29177269181289,19.646250230693546,0.4732142857142857,0.017857142857142856,0.4969000335485778,0.9821428571428571
090723,HUANCAVELICA,TAYACAJA,SANTIAGO DE TUCUMA,3.0,1.0,1.0,0.0,0.0,17.0,17.0,1.0,9.753240474350871,9.86300870023062,0.0,0.0,0.0,0.7087128661438704,0.7437058037681146,0.3543564330719352,0.3718529018840573,1068,975,93,93,True,False,False,False,False,Missing-dominant activity,Medium availability,Medium availability,0.0,0.0,0.583875523062672,1.0,1.0,17.0,1.0,7.695804051297379,8.409996650557723,0.0,0.0,0.6338654339544494,1.0
021807,ANCASH,SANTA,SAMANCO,6.0,1.0,1.0,0.0,0.0,17.0,17.0,1.0,15.569571703939296,16.781898056033157,0.0588235294117647,0.0,0.0639112585504727,0.6447439053979369,0.6596701780284475,0.3543275819742048,0.3617907182894601,1069,1061,8,8,True,False,False,False,False,Missing-dominant activity,Medium availability,Medium availability,0.1278225171009454,0.0,0.4924912934256241,1.0,1.0,17.0,1.0,16.51292151893046,17.7369282844517,0.058823529411764705,0.0,0.5138145400406393,1.0
130605,LA LIBERTAD,OTUZCO,HUARANCHAL,0.0,0.0,0.0,0.0,0.0,100.0,100.0,1.0,15.324276907641574,15.061483548641371,0.06,0.0,0.0506484740881968,0.6579522043904849,0.6633308212000224,0.35430033923934084,0.3569896476441096,1070,1100,-30,30,False,False,False,False,False,Mixed/other profile,Medium availability,Medium availability,0.1012969481763936,0.0,0.5113602919864069,1.0,1.0,100.0,1.0,16.731597691656354,17.183146050710793,0.06,0.0,0.5190440302857464,1.0
010506,AMAZONAS,LUYA,INGUILPATA,0.0,0.0,0.0,0.0,0.0,28.0,28.0,1.0,12.394818096223249,12.911620932613884,0.0,0.0,0.0319556292752363,0.6766047643885016,0.6960032379230776,0.35428019683186895,0.36397943359915697,1071,1041,30,30,False,False,False,False,False,Mixed/other profile,Medium availability,Medium availability,0.0639112585504727,0.0,0.5380068062692881,1.0,1.0,28.0,1.0,12.394818096223249,12.911620932613884,0.0,0.0,0.5657189113186822,1.0
010703,AMAZONAS,UTCUBAMBA,CUMBA,4.0,0.25,0.25,3.0,3.0,67.0,67.0,1.0,25.15665351581572,24.674064360308925,0.9104477611940298,0.1940298507462686,0.1696587976367634,0.5388584505114449,0.7715128420021216,0.35425862407410413,0.4705858198194425,1072,447,625,625,False,False,False,False,False,Mixed/other profile,Medium availability,High availability,0.2210966286164087,0.1182209666571181,0.424382008193322,0.8059701492537313,1.0,67.0,1.0,6.678794763028012,6.492307134548586,0.0,0.0,0.6735897742887452,1.0
020513,ANCASH,BOLOGNESI,PACLLON,4.0,1.0,1.0,0.0,0.0,26.0,26.0,1.0,17.096905499695684,15.128161075041646,0.2692307692307692,0.0,0.0506484740881968,0.6574144586848667,0.6779640395838058,0.35403146638653177,0.3643062568360013,1073,1036,37,37,True,False,False,False,False,Missing-dominant activity,Medium availability,Medium availability,0.1012969481763936,0.0,0.510592083835524,1.0,1.0,26.0,1.0,17.096905499695684,15.128161075041646,0.2692307692307692,0.0,0.5399486279768655,1.0
020904,ANCASH,CORONGO,CUSCA,8.0,1.0,1.0,0.0,0.0,28.0,28.0,1.0,19.168974569715854,18.37597892968356,0.4642857142857143,0.0,0.0741986734039763,0.6335999559810472,0.655578021129501,0.3538993146925118,0.3648883472667387,1074,1033,41,41,True,False,False,False,False,Missing-dominant activity,Medium availability,Medium availability,0.1483973468079527,0.0,0.4765713656872105,1.0,1.0,28.0,1.0,19.168974569715854,18.375978929683562,0.4642857142857143,0.0,0.507968601613573,1.0
120703,JUNIN,TARMA,HUARICOLCA,6.0,1.0,1.0,0.0,0.0,31.0,31.0,1.0,15.586065161370408,16.900126942412015,0.064516129032258,0.0,0.0639112585504727,0.6438837266135488,0.6652449321719934,0.35389749258201075,0.3645780953612331,1075,1035,40,40,True,False,False,False,False,Missing-dominant activity,Medium availability,Medium availability,0.1278225171009454,0.0,0.491262466590784,1.0,1.0,31.0,1.0,15.586065161370408,16.900126942412015,0.06451612903225806,0.0,0.5217784745314192,1.0
210209,PUNO,AZANGARO,POTONI,0.0,0.0,0.0,0.0,0.0,222.0,222.0,1.0,15.734303025617246,15.191508021795489,0.2297297297297297,0.0,0.0506484740881968,0.6569056290824655,0.5263087837251723,0.3537770515853312,0.2884786289066846,1076,1403,-327,327,False,False,False,False,False,Mixed/other profile,Medium availability,Low availability,0.1012969481763936,0.0,0.5098651844035222,1.0,1.0,222.0,1.0,24.616391157469693,23.3574652701899,0.6036036036036037,0.33783783783783783,0.4680859072521767,0.6621621621621622
100204,HUANUCO,AMBO,CONCHAMARCA,0.0,0.0,0.0,0.0,0.0,83.0,83.0,1.0,14.316004061056304,15.22477110117012,0.036144578313253,0.0,0.0506484740881968,0.6566392424221769,0.6772353237345401,0.35364385825518685,0.36394189891136847,1077,1042,35,35,False,False,False,False,False,Mixed/other profile,Medium availability,Medium availability,0.1012969481763936,0.0,0.5094846320316813,1.0,1.0,83.0,1.0,14.316004061056304,15.22477110117012,0.03614457831325301,0.0,0.5389076053350574,1.0
110202,ICA,CHINCHA,ALTO LARAN,0.0,0.0,0.0,0.0,0.0,58.0,58.0,1.0,15.47614317873047,14.41811020998586,0.4137931034482758,0.0689655172413793,0.0639112585504727,0.6425690404632567,0.6627680618506879,0.35324014950686466,0.3633396602005803,1078,1046,32,32,False,False,False,False,False,Mixed/other profile,Medium availability,Medium availability,0.1278225171009454,0.0,0.5189409937652436,0.9310344827586208,1.0,58.0,1.0,15.559763577564613,14.41811020998586,0.43103448275862066,0.06896551724137931,0.547796738604431,0.9310344827586207
250102,UCAYALI,CORONEL PORTILLO,CAMPOVERDE,90.0,0.5444444444444444,0.5444444444444444,57.0,49.0,69.0,69.0,1.0,32.16655117286625,32.62749075143626,0.782608695652174,0.5797101449275363,0.3182632309134085,0.3881255243216701,0.7273558818017334,0.3531943776175393,0.522809556357571,1079,365,714,714,False,False,False,True,False,Observed low geospatial access,Medium availability,Very high availability,0.2967946936159055,0.3397317682109115,0.3743408111427586,0.4202898550724637,1.0,69.0,1.0,9.148875040501725,9.759297736173504,0.0,0.0,0.6105084025739049,1.0
200704,PIURA,TALARA,LOBITOS,0.0,0.0,0.0,0.0,0.0,8.0,8.0,1.0,15.19087800461306,13.150335979773407,0.25,0.0,0.0319556292752363,0.6743963256854015,0.6939272697545349,0.3531759774803189,0.3629414495148856,1080,1049,31,31,False,False,False,False,False,Mixed/other profile,Medium availability,Medium availability,0.0639112585504727,0.0,0.5348518938362878,1.0,1.0,8.0,1.0,15.19087800461306,13.150335979773407,0.25,0.0,0.5627532425064784,1.0
200208,PIURA,AYABACA,SAPILLICA,0.0,0.0,0.0,0.0,0.0,73.0,73.0,1.0,19.169393799870814,18.60871320863404,0.410958904109589,0.0,0.0741986734039763,0.632050124648861,0.2611713657178379,0.3531243990264187,0.1676850195609071,1081,1646,-565,565,False,False,False,False,False,Mixed/other profile,Medium availability,Very low availability,0.1483973468079527,0.0,0.4743573209269442,1.0,1.0,73.0,1.0,40.031978827224826,41.003579205258966,1.0,1.0,0.3731019510254827,0.0
040509,AREQUIPA,CAYLLOMA,ICHUPAMPA,2.0,1.0,1.0,0.0,0.0,36.0,36.0,1.0,13.205735365007474,13.189988843248209,0.0,0.0,0.0319556292752363,0.6740330945683727,0.6935858266183874,0.3529943619218045,0.36277072794681187,1082,1051,31,31,True,False,False,False,False,Missing-dominant activity,Medium availability,Medium availability,0.0639112585504727,0.0,0.5343329922405324,1.0,1.0,36.0,1.0,13.205735365007474,13.189988843248209,0.0,0.0,0.5622654665976963,1.0
080502,CUSCO,CANAS,CHECCA,4.0,1.0,1.0,0.0,0.0,165.0,165.0,1.0,15.424087064302435,15.40126849716334,0.2545454545454545,0.0,0.0506484740881968,0.6552348411582092,0.4773711073259589,0.352941657623203,0.26400979070707786,1083,1446,-363,363,True,False,False,False,False,Missing-dominant activity,Medium availability,Low availability,0.1012969481763936,0.0,0.5074783445117275,1.0,1.0,165.0,1.0,30.053471832851724,29.303808446123067,1.0,0.4121212121212121,0.43001067280331795,0.5878787878787879
100201,HUANUCO,AMBO,AMBO,2.0,1.0,1.0,0.0,0.0,104.0,104.0,1.0,22.89209451675133,22.368459746035573,0.6923076923076923,0.0,0.095866887825709,0.6092810512406416,0.6327178565869978,0.35257396953317527,0.36429237220635335,1084,1037,47,47,True,False,False,False,False,Missing-dominant activity,Medium availability,Medium availability,0.1917337756514181,0.0,0.4418300732009166,1.0,1.0,104.0,1.0,22.892094516751335,22.368459746035573,0.6923076923076923,0.0,0.4753112236957112,1.0
120432,JUNIN,JAUJA,TUNAN MARCA,2.0,1.0,1.0,0.0,0.0,9.0,9.0,1.0,13.228334980152328,13.300404310457248,0.0,0.0,0.0319556292752363,0.6730269817591479,0.692640064273713,0.3524913055171921,0.3622978467744747,1085,1055,30,30,True,False,False,False,False,Missing-dominant activity,Medium availability,Medium availability,0.0639112585504727,0.0,0.5328956882273541,1.0,1.0,9.0,1.0,13.228334980152328,13.300404310457248,0.0,0.0,0.5609143775338759,1.0
240104,TUMBES,TUMBES,PAMPAS DE HOSPITAL,0.0,0.0,0.0,0.0,0.0,25.0,25.0,1.0,17.483342883313963,15.484183006010314,0.16,0.08,0.0741986734039763,0.6305802944009955,0.6694388803423754,0.3523894839024859,0.3718187768731759,1086,976,110,110,False,False,False,False,False,Mixed/other profile,Medium availability,Medium availability,0.1483973468079527,0.0,0.506543277715708,0.92,1.0,25.0,1.0,14.595253400836906,13.207088358616845,0.12,0.08,0.5620555433462506,0.92
120433,JUNIN,JAUJA,YAULI,2.0,1.0,1.0,0.0,0.0,56.0,56.0,1.0,12.605984331098131,13.35606564737958,0.0,0.0,0.0319556292752363,0.6725227333689251,0.692166062615586,0.3522391813220807,0.36206084594541116,1087,1057,30,30,True,False,False,False,False,Missing-dominant activity,Medium availability,Medium availability,0.0639112585504727,0.0,0.5321753333841788,1.0,1.0,56.0,1.0,12.605984331098133,13.35606564737958,0.0,0.0,0.5602372323079801,1.0
120411,JUNIN,JAUJA,JANJAILLO,2.0,1.0,1.0,0.0,0.0,22.0,22.0,1.0,13.226006997253563,13.357070368901898,0.0,0.0,0.0319556292752363,0.6725136493483516,0.6921575234890409,0.35223463931179394,0.3620565763821386,1088,1058,30,30,True,False,False,False,False,Missing-dominant activity,Medium availability,Medium availability,0.0639112585504727,0.0,0.5321623562119309,1.0,1.0,22.0,1.0,13.226006997253565,13.357070368901898,0.0,0.0,0.5602250335557727,1.0
190105,PASCO,PASCO,NINACACA,10.0,1.0,1.0,0.0,0.0,139.0,139.0,1.0,19.786105228604143,20.22004108315375,0.5179856115107914,0.0,0.0826041033634331,0.6217993555814405,0.6454065159407136,0.3522017294724368,0.36400530965207334,1089,1040,49,49,True,False,False,False,False,Missing-dominant activity,Medium availability,Medium availability,0.1652082067268663,0.0,0.4597133651163436,1.0,1.0,139.0,1.0,19.752758779215856,20.060428523056586,0.5179856115107914,0.0,0.4934378799153053,1.0
150717,LIMA,HUAROCHIRI,SAN BARTOLOME,6.0,1.0,1.0,0.0,0.0,52.0,52.0,1.0,15.530037004975098,15.62235779039806,0.0,0.0,0.0506484740881968,0.6534967903384046,0.6742813678525301,0.3520726322133007,0.3624649209703635,1090,1053,37,37,True,False,False,False,False,Missing-dominant activity,Medium availability,Medium availability,0.1012969481763936,0.0,0.5049954147691496,1.0,1.0,52.0,1.0,15.530037004975098,15.622357790398059,0.0,0.0,0.5346876683607573,1.0
130907,LA LIBERTAD,SANCHEZ CARRION,SARIN,10.0,1.0,1.0,0.0,0.0,126.0,126.0,1.0,20.01334249342008,18.83154726148084,0.3968253968253968,0.0317460317460317,0.0826041033634331,0.6210595538421122,0.6820123478958637,0.3518318286027726,0.3823082256296484,1091,889,202,202,True,False,False,False,False,Missing-dominant activity,Medium availability,Medium availability,0.1652082067268663,0.0,0.4722619476656025,0.9682539682539684,1.0,126.0,1.0,14.699020562913288,14.60183440005076,0.19047619047619047,0.0,0.5457319255655197,1.0
081006,CUSCO,PARURO,OMACHA,8.0,1.0,1.0,0.0,0.0,93.0,93.0,1.0,18.253399975065904,19.039368607591,0.3655913978494624,0.0,0.0741986734039763,0.6292301978973651,0.24612503972241934,0.35171443565067073,0.1601618565631978,1092,1669,-577,577,True,False,False,False,False,Missing-dominant activity,Medium availability,Very low availability,0.1483973468079527,0.0,0.4703288541390931,1.0,1.0,93.0,1.0,46.065730442258435,46.51610708506672,1.0,1.0,0.3516071996034562,0.0
040305,AREQUIPA,CARAVELI,BELLA UNION,18.0,0.0,0.0,25.0,22.0,49.0,49.0,1.0,26.68026670785885,24.808369815085417,1.0,0.2040816326530612,0.1681785981218547,0.5351656665910178,0.7752851506890737,0.35167213235643624,0.47173187440546416,1093,446,647,647,False,False,False,False,False,Mixed/other profile,Medium availability,High availability,0.0639112585504727,0.2724459376932367,0.4234145091241946,0.7959183673469388,1.0,49.0,1.0,6.588148401081964,6.26421605243654,0.0,0.0,0.6789787866986767,1.0
060503,CAJAMARCA,CONTUMAZA,CUPISNIQUE,6.0,1.0,1.0,0.0,0.0,65.0,65.0,1.0,15.877129833944965,15.728072103381834,0.0461538461538461,0.0,0.0506484740881968,0.6526738907566063,0.6735078289105969,0.3516611824224016,0.36207815149939687,1094,1056,38,38,True,False,False,False,False,Missing-dominant activity,Medium availability,Medium availability,0.1012969481763936,0.0,0.503819843938009,1.0,1.0,65.0,1.0,15.876141717823499,15.728072103381834,0.046153846153846156,0.0,0.5335826127294242,1.0
090510,HUANCAVELICA,CHURCAMPA,PACHAMARCA,12.0,1.0,1.0,0.0,0.0,50.0,50.0,1.0,22.15936495069645,21.80481115692705,0.9,0.0,0.0897107931332828,0.6124502712469773,0.7687458288238228,0.35108053219013,0.4292283109785528,1095,565,530,530,True,False,False,False,False,Missing-dominant activity,Medium availability,High availability,0.1794215862665657,0.0,0.4463575303528246,1.0,1.0,50.0,1.0,7.603416437674463,6.664154175858513,0.0,0.0,0.6696368983197469,1.0
120417,JUNIN,JAUJA,MASMA CHICCHE,2.0,1.0,1.0,0.0,0.0,14.0,14.0,1.0,13.651364559743444,13.627640504995714,0.0,0.0,0.0319556292752363,0.6700901855609837,0.6898794282568168,0.35102290741811,0.36091752876602656,1096,1067,29,29,True,False,False,False,False,Missing-dominant activity,Medium availability,Medium availability,0.0639112585504727,0.0,0.5287002650871195,1.0,1.0,14.0,1.0,13.651364559743444,13.627640504995714,0.0,0.0,0.5569706117954526,1.0
120113,JUNIN,HUANCAYO,CULLHUAS,8.0,1.0,1.0,0.0,0.0,30.0,30.0,1.0,18.57679466432546,19.34892326003117,0.3333333333333333,0.0,0.0741986734039763,0.627240425574812,0.7346803565513699,0.35071954948939416,0.4044395149776731,1097,706,391,391,True,False,False,False,False,Missing-dominant activity,Medium availability,High availability,0.1483973468079527,0.0,0.4674863222497314,1.0,1.0,30.0,1.0,9.55195332432483,9.132435369688025,0.0,0.0,0.6209719379305284,1.0
200204,PIURA,AYABACA,LAGUNAS,0.0,0.0,0.0,0.0,0.0,62.0,62.0,1.0,19.82196978785586,20.73045337407293,0.5967741935483871,0.0,0.0826041033634331,0.6187141334855633,0.24028433575586605,0.35065911842449815,0.16144421955964958,1098,1666,-568,568,False,False,False,False,False,Mixed/other profile,Medium availability,Very low availability,0.1652082067268663,0.0,0.455305904979376,1.0,1.0,62.0,1.0,49.015118050765736,48.84593355062246,1.0,1.0,0.3432633367940944,0.0
010520,AMAZONAS,LUYA,SANTA CATALINA,0.0,0.0,0.0,0.0,0.0,21.0,21.0,1.0,18.97491266654465,19.38109504285145,0.4285714285714285,0.0,0.0741986734039763,0.627035369025357,0.6494072030123794,0.35061702121466665,0.3618029382081779,1099,1060,39,39,False,False,False,False,False,Mixed/other profile,Medium availability,Medium availability,0.1483973468079527,0.0,0.4671933843219384,1.0,1.0,21.0,1.0,18.97491266654465,19.381095042851452,0.42857142857142855,0.0,0.49915314716054204,1.0
010119,AMAZONAS,CHACHAPOYAS,SAN ISIDRO DE MAINO,0.0,0.0,0.0,0.0,0.0,91.0,91.0,1.0,13.502008693613824,13.742028233105383,0.0,0.0,0.0319556292752363,0.6690790820603131,0.6889289745813094,0.3505173556677747,0.36044230192827287,1100,1072,28,28,False,False,False,False,False,Mixed/other profile,Medium availability,Medium availability,0.0639112585504727,0.0,0.527255831514733,1.0,1.0,91.0,1.0,13.502008693613824,13.742028233105383,0.0,0.0,0.5556128208304422,1.0
190104,PASCO,PASCO,HUAYLLAY,62.0,0.1935483870967742,0.1935483870967742,392.0,198.0,396.0,396.0,1.0,32.16088829083511,32.52235866502457,0.9570707070707072,0.7196969696969697,0.354293706526052,0.3465359236142715,0.7219958634408082,0.35041481507016176,0.5381447849834301,1101,336,765,765,False,False,False,True,False,Observed low geospatial access,Medium availability,Very high availability,0.2291194652773391,0.479467947774765,0.3749214493190892,0.2803030303030303,1.0,396.0,1.0,11.973198467798353,10.242474156125482,0.16666666666666666,0.0,0.602851233486869,1.0
060905,CAJAMARCA,SAN IGNACIO,NAMBALLE,14.0,1.0,1.0,0.0,0.0,39.0,39.0,1.0,21.99657730969756,22.06433693248503,0.717948717948718,0.0,0.0897107931332828,0.6109814211054975,0.6443100157332672,0.3503461071193901,0.367010404433275,1102,1014,88,88,True,False,False,False,False,Missing-dominant activity,Medium availability,Medium availability,0.1794215862665657,0.0,0.4442591730078535,1.0,1.0,39.0,1.0,20.764004281963434,20.25054090326592,0.5128205128205128,0.0,0.4918714510475246,1.0
210302,PUNO,CARABAYA,AJOYANI,4.0,0.25,0.25,4.0,4.0,179.0,179.0,1.0,23.30182574831605,24.223297966377626,0.8268156424581006,0.0,0.1005807752467125,0.5993666263309325,0.749091403753603,0.3499737007888225,0.4248360895001577,1103,586,517,517,False,False,False,False,False,Mixed/other profile,Medium availability,High availability,0.0639112585504727,0.1372502919429523,0.4276666090441893,1.0,1.0,179.0,1.0,8.42947313526541,8.003688133674805,0.0,0.0,0.6415591482194329,1.0
040205,AREQUIPA,CAMANA,NICOLAS DE PIEROLA,6.0,1.0,1.0,0.0,0.0,33.0,33.0,1.0,15.774065187911894,16.74252686899348,0.3636363636363636,0.0303030303030303,0.0639112585504727,0.6359407127366082,0.6572330631837939,0.3499259856435405,0.3605721608671333,1104,1070,34,34,True,False,False,False,False,Missing-dominant activity,Medium availability,Medium availability,0.1278225171009454,0.0,0.4929023168964533,0.9696969696969696,1.0,33.0,1.0,15.774065187911894,16.74252686899348,0.36363636363636365,0.030303030303030304,0.523319960392433,0.9696969696969697
050106,AYACUCHO,HUAMANGA,OCROS,0.0,0.0,0.0,0.0,0.0,133.0,133.0,1.0,21.58602369608551,22.23013892174038,0.7218045112781954,0.0,0.0897107931332828,0.6100516512661411,0.6479751176231683,0.34988122219971196,0.36884295537822553,1105,1000,105,105,False,False,False,False,False,Mixed/other profile,Medium availability,Medium availability,0.1794215862665657,0.0,0.4429309303802016,1.0,1.0,133.0,1.0,19.255314946717057,19.62171362474623,0.42105263157894735,0.0,0.4971073108902404,1.0
100603,HUANUCO,LEONCIO PRADO,HERMILIO VALDIZAN,0.0,0.0,0.0,0.0,0.0,23.0,23.0,1.0,21.76378209665544,22.234366472295832,0.782608695652174,0.0,0.0897107931332828,0.6100280312318238,0.6334200298834791,0.3498694121825533,0.36156541150838095,1106,1063,43,43,False,False,False,False,False,Mixed/other profile,Medium availability,Medium availability,0.1794215862665657,0.0,0.4428971874740339,1.0,1.0,23.0,1.0,21.76378209665544,22.234366472295832,0.782608695652174,0.0,0.4763143284049701,1.0
150718,LIMA,HUAROCHIRI,SAN DAMIAN,6.0,1.0,1.0,0.0,0.0,96.0,96.0,1.0,16.730945112283063,16.22830381848389,0.1354166666666666,0.0,0.0506484740881968,0.6488492174784405,0.6699125740504996,0.34974884578331866,0.36028052406934824,1107,1074,33,33,True,False,False,False,False,Missing-dominant activity,Medium availability,Medium availability,0.1012969481763936,0.0,0.4983560249692007,1.0,1.0,96.0,1.0,16.730945112283063,16.22830381848389,0.13541666666666666,0.0,0.5284465343578567,1.0
010118,AMAZONAS,CHACHAPOYAS,SAN FRANCISCO DE DAGUAS,0.0,0.0,0.0,0.0,0.0,17.0,17.0,1.0,13.639760194713324,13.91877672075503,0.0588235294117647,0.0,0.0319556292752363,0.6675320798087377,0.6874747673957418,0.34974385454198703,0.35971519833548904,1108,1078,30,30,False,False,False,False,False,Mixed/other profile,Medium availability,Medium availability,0.0639112585504727,0.0,0.5250458282981968,1.0,1.0,17.0,1.0,13.639760194713324,13.91877672075503,0.058823529411764705,0.0,0.5535353819939168,1.0
061306,CAJAMARCA,SANTA CRUZ,NINABAMBA,0.0,0.0,0.0,0.0,0.0,18.0,18.0,1.0,17.93467011679961,18.14918032116889,0.0,0.0,0.0639112585504727,0.6351282749097094,0.7997722831592584,0.349519766730091,0.4318417708548655,1109,555,554,554,False,False,False,False,False,Mixed/other profile,Medium availability,High availability,0.1278225171009454,0.0,0.4787546784424419,1.0,1.0,18.0,1.0,5.189628956594167,4.943351732761531,0.0,0.0,0.7139604045132264,1.0
040705,AREQUIPA,ISLAY,MEJIA,2.0,1.0,1.0,0.0,0.0,10.0,10.0,1.0,13.001115203291135,13.970864501379424,0.0,0.0,0.0319556292752363,0.6670796735311357,0.7270418619806966,0.349517651403186,0.3794987456279665,1110,916,194,194,True,False,False,False,False,Missing-dominant activity,Medium availability,Medium availability,0.0639112585504727,0.0,0.5243995336159082,1.0,1.0,10.0,1.0,9.847967280019407,9.787023376041208,0.0,0.0,0.6100598028295667,1.0
051008,AYACUCHO,VICTOR FAJARDO,HUAMANQUIQUIA,6.0,1.0,1.0,0.0,0.0,56.0,56.0,1.0,18.34510290834297,18.15638386861317,0.1964285714285714,0.0,0.0639112585504727,0.6350794549300143,0.6767234047493894,0.34949535674024346,0.3703173316499311,1111,986,125,125,True,False,False,False,False,Missing-dominant activity,Medium availability,Medium availability,0.1278225171009454,0.0,0.4786849356143061,1.0,1.0,56.0,1.0,15.078975389747796,15.292984987959688,0.0,0.0,0.5381762924991278,1.0
120708,JUNIN,TARMA,SAN PEDRO DE CAJAS,12.0,1.0,1.0,0.0,0.0,101.0,101.0,1.0,21.676393118867423,21.366360186442847,0.6237623762376238,0.0396039603960396,0.095866887825709,0.603089000813454,0.626184550090478,0.34947794431958146,0.3610257189580935,1112,1066,46,46,True,False,False,False,False,Missing-dominant activity,Medium availability,Medium availability,0.1917337756514181,0.0,0.4499574127603798,0.9603960396039604,1.0,101.0,1.0,21.676393118867423,21.366360186442847,0.6237623762376238,0.039603960396039604,0.4829510545846999,0.9603960396039604
061309,CAJAMARCA,SANTA CRUZ,SEXI,0.0,0.0,0.0,0.0,0.0,41.0,41.0,1.0,13.47832176080444,13.998444655430102,0.0,0.0,0.0319556292752363,0.6668407642012553,0.4532946622200872,0.3493981967382458,0.24262514574766175,1113,1485,-372,372,False,False,False,False,False,Mixed/other profile,Medium availability,Low availability,0.0639112585504727,0.0,0.5240582345732219,1.0,1.0,41.0,1.0,29.469286316952825,29.646314675508005,1.0,0.4878048780487805,0.42805160804960196,0.5121951219512195
081003,CUSCO,PARURO,CCAPI,4.0,1.0,1.0,0.0,0.0,89.0,89.0,1.0,16.99506183541715,16.32767164528175,0.146067415730337,0.0,0.0506484740881968,0.6481027053575803,0.6618903553069448,0.34937558972288857,0.35626941469757084,1114,1108,6,6,True,False,False,False,False,Missing-dominant activity,Medium availability,Medium availability,0.1012969481763936,0.0,0.4972895790822575,1.0,1.0,89.0,1.0,19.13789474484329,17.399079382173664,0.3595505617977528,0.0,0.516986221867064,1.0
100323,HUANUCO,DOS DE MAYO,YANAS,0.0,0.0,0.0,0.0,0.0,76.0,76.0,1.0,14.152197513071789,14.048580841985808,0.0263157894736842,0.0,0.0319556292752363,0.6664075893379956,0.8252969215401127,0.34918160930661596,0.4286262754076745,1115,573,542,542,False,False,False,False,False,Mixed/other profile,Medium availability,High availability,0.0639112585504727,0.0,0.5234394133399938,1.0,1.0,76.0,1.0,3.883260581304441,3.8214904092181494,0.0,0.0,0.7504241736287326,1.0
100104,HUANUCO,HUANUCO,CHURUBAMBA,0.0,0.0,0.0,0.0,0.0,162.0,162.0,1.0,20.093969377776723,17.34659898478798,0.345679012345679,0.1296296296296296,0.095866887825709,0.6017969700991002,0.6233499958938082,0.34883192896240456,0.3596084418597586,1116,1081,35,35,False,False,False,False,False,Mixed/other profile,Medium availability,Medium availability,0.1917337756514181,0.0,0.4866940842685557,0.8703703703703703,1.0,162.0,1.0,20.04056131701943,17.34659898478798,0.345679012345679,0.12962962962962962,0.5174841211181389,0.8703703703703703
100610,HUANUCO,LEONCIO PRADO,SANTO DOMINGO DE ANDA,0.0,0.0,0.0,0.0,0.0,20.0,20.0,1.0,14.59976558837091,14.13113582985634,0.05,0.0,0.0319556292752363,0.6656974521197054,0.5172793496678474,0.3488265406974709,0.27461748947154185,1117,1431,-314,314,False,False,False,False,False,Mixed/other profile,Medium availability,Low availability,0.0639112585504727,0.0,0.5224249315995793,1.0,1.0,20.0,1.0,27.85656734066661,27.785491241214856,1.0,0.3,0.43897049952549627,0.7
060507,CAJAMARCA,CONTUMAZA,TANTARICA,6.0,1.0,1.0,0.0,0.0,50.0,50.0,1.0,13.432966092375862,14.133533082528718,0.0,0.0,0.0319556292752363,0.6656768889094141,0.6690673396850357,0.3488162590923252,0.350511484480136,1118,1164,-46,46,True,False,False,False,False,Missing-dominant activity,Medium availability,Low availability,0.0639112585504727,0.0,0.5223955555848774,1.0,1.0,50.0,1.0,16.262879908789188,16.34806232900331,0.0,0.0,0.5272390566929082,1.0
080304,CUSCO,ANTA,CHINCHAYPUJIO,0.0,0.0,0.0,0.0,0.0,192.0,192.0,1.0,16.132551439701633,16.48086117594328,0.0104166666666666,0.0,0.0506484740881968,0.6469601974805252,0.37714626453795086,0.34880433578436104,0.21389736931307382,1119,1535,-416,416,False,False,False,False,False,Mixed/other profile,Medium availability,Very low availability,0.1012969481763936,0.0,0.4956574249721789,1.0,1.0,192.0,1.0,33.59685731658962,34.0091021220062,1.0,0.6875,0.40485180648278696,0.3125
010312,AMAZONAS,BONGARA,YAMBRASBAMBA,0.0,0.0,0.0,0.0,0.0,58.0,58.0,1.0,20.39508286951649,17.051591410260308,0.3793103448275862,0.1551724137931034,0.1012969481763936,0.5962382810703529,0.5064742225012961,0.34876761462337325,0.30388558533884485,1120,1382,-262,262,False,False,False,False,False,Mixed/other profile,Medium availability,Low availability,0.2025938963527872,0.0,0.4897000074404056,0.8448275862068966,1.0,58.0,1.0,28.105167965255614,28.388409749230398,0.9655172413793104,0.3275862068965517,0.4353572636718025,0.6724137931034483
210809,PUNO,MELGAR,UMACHIRI,0.0,0.0,0.0,0.0,0.0,84.0,84.0,1.0,18.568190118086445,18.38014894136215,0.3571428571428571,0.0,0.0639112585504727,0.6335720234735147,0.21668674043331132,0.3487416410119937,0.140298999491892,1121,1766,-645,645,False,False,False,False,False,Mixed/other profile,Medium availability,Very low availability,0.1278225171009454,0.0,0.4765314621050212,1.0,1.0,84.0,1.0,59.18719573680838,59.48127172640131,1.0,1.0,0.3095524863333019,0.0
080302,CUSCO,ANTA,ANCAHUASI,0.0,0.0,0.0,0.0,0.0,45.0,45.0,1.0,13.629235062225384,14.152891478672258,0.0,0.0,0.0319556292752363,0.6655109552627323,0.2730085208865782,0.3487332922689843,0.15248207508090725,1122,1712,-590,590,False,False,False,False,False,Mixed/other profile,Medium availability,Very low availability,0.0639112585504727,0.0,0.5221585075181892,1.0,1.0,45.0,1.0,37.14610494388595,37.120113287901546,1.0,1.0,0.3900121726951117,0.0
100803,HUANUCO,PACHITEA,MOLINO,0.0,0.0,0.0,0.0,0.0,120.0,120.0,1.0,21.54461868949343,21.404094344451376,0.775,0.0,0.0826041033634331,0.6147513844095356,0.6378600584122083,0.3486777438864843,0.36023208088782066,1123,1075,48,48,False,False,False,False,False,Mixed/other profile,Medium availability,Medium availability,0.1652082067268663,0.0,0.4496448348707652,1.0,1.0,120.0,1.0,21.54461868949343,21.404094344451376,0.775,0.0,0.48265722630315466,1.0
210202,PUNO,AZANGARO,ACHAYA,2.0,1.0,1.0,0.0,0.0,54.0,54.0,1.0,14.562124934943986,14.172024588419587,0.0,0.0,0.0319556292752363,0.6653471608646194,0.6255965890683247,0.34865139506992787,0.3287761091717805,1124,1319,-195,195,True,False,False,False,False,Missing-dominant activity,Medium availability,Low availability,0.0639112585504727,0.0,0.5219245155208849,1.0,1.0,54.0,1.0,23.946908675471672,23.77290253310874,0.9444444444444444,0.0,0.4651379843833211,1.0
061003,CAJAMARCA,SAN MARCOS,EDUARDO VILLANUEVA,3.0,1.0,1.0,0.0,0.0,11.0,11.0,1.0,14.028056927454736,14.21362674070192,0.0,0.0,0.0319556292752363,0.6649917255687682,0.7214417352715472,0.34847367742200225,0.37669868227339176,1125,941,184,184,True,False,False,False,False,Missing-dominant activity,Medium availability,Medium availability,0.0639112585504727,0.0,0.521416750812526,1.0,1.0,11.0,1.0,10.166964902373904,10.2936470856528,0.0,0.0,0.6020596218164961,1.0
220704,SAN MARTIN,PICOTA,PILLUANA,4.0,1.0,1.0,0.0,0.0,13.0,13.0,1.0,17.437022900718617,16.57101402964973,0.1538461538461538,0.0,0.0506484740881968,0.6462924961970603,0.809274742338359,0.34847048514262857,0.42996160821327795,1126,563,563,563,True,False,False,False,False,Missing-dominant activity,Medium availability,High availability,0.1012969481763936,0.0,0.4947035659958004,1.0,1.0,13.0,1.0,4.056121042326797,4.498056843398659,0.0,0.0,0.7275353461976557,1.0
060405,CAJAMARCA,CHOTA,CHIMBAN,0.0,0.0,0.0,0.0,0.0,36.0,36.0,1.0,19.44638101470163,20.11942039353853,0.5277777777777778,0.0,0.0741986734039763,0.6224163138782994,0.7235327009604549,0.3483074936411379,0.3988656871822156,1127,754,373,373,False,False,False,False,False,Mixed/other profile,Medium availability,High availability,0.1483973468079527,0.0,0.4605947341118565,1.0,1.0,36.0,1.0,10.517711829776115,10.101759509174396,0.0,0.0,0.6050467156577928,1.0
061112,CAJAMARCA,SAN MIGUEL,TONGOD,8.0,1.0,1.0,0.0,0.0,25.0,25.0,1.0,18.372542060151765,18.51828117903876,0.2,0.0,0.0639112585504727,0.632650136177449,0.6805097048474497,0.34828069736396083,0.3722104816989612,1128,972,156,156,True,False,False,False,False,Missing-dominant activity,Medium availability,Medium availability,0.1278225171009454,0.0,0.4752144802534987,1.0,1.0,25.0,1.0,13.937771102923495,14.795160302113418,0.04,0.0,0.5435852926392138,1.0
050803,AYACUCHO,PAUCAR DEL SARA SARA,CORCULLA,0.0,0.0,0.0,0.0,0.0,20.0,20.0,1.0,13.911984445388953,14.302512208855322,0.0,0.0,0.0319556292752363,0.6642355625384426,0.6843759877417822,0.3480955959068395,0.35816580850850926,1129,1092,37,37,False,False,False,False,False,Mixed/other profile,Medium availability,Medium availability,0.0639112585504727,0.0,0.5203365179120609,1.0,1.0,20.0,1.0,13.911984445388953,14.302512208855322,0.0,0.0,0.5491085539168318,1.0
211306,PUNO,YUNGUYO,TINICACHI,0.0,0.0,0.0,0.0,0.0,6.0,6.0,1.0,14.32028475751948,14.304425161472484,0.0,0.0,0.0319556292752363,0.664219337065282,0.6843607355340784,0.34808748317025917,0.35815818240465735,1130,1093,37,37,False,False,False,False,False,Mixed/other profile,Medium availability,Medium availability,0.0639112585504727,0.0,0.5203133386646888,1.0,1.0,6.0,1.0,14.32028475751948,14.304425161472484,0.0,0.0,0.5490867650486835,1.0
050303,AYACUCHO,HUANCA SANCOS,SACSAMARCA,0.0,0.0,0.0,0.0,0.0,188.0,188.0,1.0,16.36924028799262,16.682058631954384,0.2819148936170212,0.0,0.0506484740881968,0.645474756756051,0.47716059563511554,0.34806161542212394,0.26390453486165616,1131,1447,-316,316,False,False,False,False,False,Mixed/other profile,Medium availability,Low availability,0.1012969481763936,0.0,0.4935353667943587,1.0,1.0,188.0,1.0,28.98192707937511,27.613245891457215,0.8670212765957447,0.43617021276595747,0.44001665637843257,0.5638297872340425
120805,JUNIN,YAULI,MOROCOCHA,4.0,1.0,1.0,0.0,0.0,24.0,24.0,1.0,23.745864035167468,24.07761123156527,0.7916666666666666,0.0,0.095866887825709,0.6001185234501254,0.2670525748819135,0.3479927056379172,0.18145973135381124,1132,1599,-467,467,True,False,False,False,False,Missing-dominant activity,Low availability,Very low availability,0.1917337756514181,0.0,0.4287407477858935,1.0,1.0,24.0,1.0,40.02484179499448,39.027018935817935,1.0,1.0,0.3815036784027336,0.0
210704,PUNO,LAMPA,NICASIO,4.0,1.0,1.0,0.0,0.0,29.0,29.0,1.0,16.4071382496849,16.722588948431227,0.0,0.0,0.0506484740881968,0.6451775676123666,0.6594278000730691,0.3479130208502817,0.355038137080633,1133,1119,14,14,True,False,False,False,False,Missing-dominant activity,Low availability,Medium availability,0.1012969481763936,0.0,0.4931108108748093,1.0,1.0,29.0,1.0,17.769050424536104,17.774184999160358,0.3103448275862069,0.0,0.5134682858186701,1.0
220708,SAN MARTIN,PICOTA,SHAMBOYACU,16.0,0.5,0.5,9.0,9.0,54.0,54.0,1.0,26.07821457111972,26.747415448910083,0.8333333333333334,0.2407407407407407,0.1807844909991889,0.5147645420230227,0.7936675037498546,0.3477745165111058,0.48722599737452177,1134,424,710,710,False,False,False,False,False,Mixed/other profile,Low availability,High availability,0.1652082067268663,0.1963607752715114,0.4099810917789213,0.7592592592592593,1.0,54.0,1.0,5.497746147777309,5.248276522551866,0.0,0.0,0.7052392910712209,1.0
210308,PUNO,CARABAYA,OLLACHEA,24.0,0.2916666666666667,0.2916666666666667,28.0,28.0,78.0,78.0,1.0,25.9286425190452,27.33773458435327,0.6153846153846154,0.3846153846153846,0.2261829056749057,0.4688695993130778,0.6906226661037685,0.34752625249399177,0.45840278588933714,1135,475,660,660,False,False,False,False,False,Mixed/other profile,Low availability,High availability,0.1652082067268663,0.2871576046229451,0.4060774495681332,0.6153846153846154,1.0,78.0,1.0,13.904627607613753,13.538810091743937,0.3076923076923077,0.0,0.5580323801482409,1.0
210212,PUNO,AZANGARO,SAN JOSE,0.0,0.0,0.0,0.0,0.0,108.0,108.0,1.0,16.262735134530587,16.840380323630033,0.1296296296296296,0.0,0.0506484740881968,0.6443177029573106,0.6315054474241999,0.3474830885227537,0.34107696075619837,1136,1249,-113,113,False,False,False,False,False,Mixed/other profile,Low availability,Low availability,0.1012969481763936,0.0,0.491882432796158,1.0,1.0,108.0,1.0,21.774886700154983,21.043700645487206,0.6018518518518519,0.027777777777777776,0.4854839725107619,0.9722222222222222
010301,AMAZONAS,BONGARA,JUMBILLA,0.0,0.0,0.0,0.0,0.0,41.0,41.0,1.0,16.81741730136306,16.858534793246374,0.073170731707317,0.0,0.0506484740881968,0.6441856823833557,0.6624304336838365,0.3474170782357763,0.35653945388601666,1137,1105,32,32,False,False,False,False,False,Mixed/other profile,Low availability,Medium availability,0.1012969481763936,0.0,0.4916938319762225,1.0,1.0,41.0,1.0,17.212738068993794,17.317819964174443,0.07317073170731707,0.0,0.5177577624054808,1.0
080507,CUSCO,CANAS,QUEHUE,6.0,1.0,1.0,0.0,0.0,55.0,55.0,1.0,17.01505011528139,16.946271449796537,0.109090909090909,0.0,0.0506484740881968,0.6435495409933751,0.4725199408214761,0.347099007540786,0.26158420745483646,1138,1451,-313,313,True,False,False,False,False,Missing-dominant activity,Low availability,Low availability,0.1012969481763936,0.0,0.4907850585619644,1.0,1.0,55.0,1.0,29.575198314082087,28.70832212342125,1.0,0.43636363636363634,0.4334700453293815,0.5636363636363637
130812,LA LIBERTAD,PATAZ,TAURIJA,0.0,0.0,0.0,0.0,0.0,50.0,50.0,1.0,14.817767983292295,14.67182908004408,0.06,0.0,0.0319556292752363,0.6611400634397503,0.6927593588017414,0.3465478463574933,0.3623574940384889,1139,1054,85,85,False,False,False,False,False,Mixed/other profile,Low availability,Medium availability,0.0639112585504727,0.0,0.5159143763425005,1.0,1.0,50.0,1.0,14.117456108039958,13.286429749347164,0.14,0.0,0.5610847982882021,1.0
090713,HUANCAVELICA,TAYACAJA,QUISHUAR,3.0,0.6666666666666666,0.6666666666666666,1.0,1.0,17.0,17.0,1.0,18.806288450448456,18.701246812030863,0.1176470588235294,0.0,0.0615108709395158,0.6314390268683977,0.8725451093577359,0.34647494890395675,0.46702799014862584,1140,456,684,684,False,False,False,False,False,Mixed/other profile,Low availability,High availability,0.0639112585504727,0.059110483328559,0.473484324097711,1.0,1.0,17.0,1.0,1.8955949037935704,2.273484684637311,0.0,0.0,0.8179215847967655,1.0
211206,PUNO,SANDIA,QUIACA,0.0,0.0,0.0,0.0,0.0,50.0,50.0,1.0,19.053421052812627,19.149539013884876,0.4,0.0,0.0639112585504727,0.6285185373850501,0.6039318319953112,0.3462148979677614,0.333921545272892,1141,1293,-152,152,False,False,False,False,False,Mixed/other profile,Low availability,Low availability,0.1278225171009454,0.0,0.4693121962643575,1.0,1.0,50.0,1.0,23.351461508683244,23.303288265349337,0.74,0.08,0.46847404570758744,0.92
050802,AYACUCHO,PAUCAR DEL SARA SARA,COLTA,0.0,0.0,0.0,0.0,0.0,30.0,30.0,1.0,16.438744366933555,13.613623534448056,0.2,0.0333333333333333,0.0319556292752363,0.6602146287361143,0.6799964068580344,0.3460851290056753,0.35597601806663537,1142,1114,28,28,False,False,False,False,False,Mixed/other profile,Low availability,Medium availability,0.0639112585504727,0.0,0.5288780410515919,0.9666666666666668,1.0,30.0,1.0,16.438744366933555,13.613623534448056,0.2,0.03333333333333333,0.5571377240829064,0.9666666666666667
030306,APURIMAC,ANTABAMBA,PACHACONAS,0.0,0.0,0.0,0.0,0.0,57.0,57.0,1.0,19.564678642119112,19.23070488511015,0.4385964912280701,0.0,0.0639112585504727,0.6279967204933166,0.6739908965708319,0.3459539895218946,0.36895107756065226,1143,998,145,145,False,False,False,False,False,Mixed/other profile,Low availability,Medium availability,0.1278225171009454,0.0,0.4685667435618807,1.0,1.0,57.0,1.0,15.571470588302034,15.66197596776541,0.15789473684210525,0.0,0.5342727093869029,1.0
210605,PUNO,HUANCANE,PUSI,2.0,1.0,1.0,0.0,0.0,152.0,152.0,1.0,15.24501931027462,14.824472931083026,0.1052631578947368,0.0,0.0319556292752363,0.6598819025523667,0.6579162916907562,0.3459187659138015,0.34493596048299624,1144,1224,-80,80,True,False,False,False,False,Missing-dominant activity,Low availability,Low availability,0.0639112585504727,0.0,0.5141170036462381,1.0,1.0,152.0,1.0,17.231525452000223,18.008201250150485,0.3026315789473684,0.0,0.5113089881296516,1.0
040121,AREQUIPA,AREQUIPA,SANTA RITA DE SIHUAS,2.0,1.0,1.0,0.0,0.0,24.0,24.0,1.0,17.13153003565572,17.27763476614194,0.125,0.0,0.0506484740881968,0.6411747013320716,0.6626984045077983,0.3459115877101342,0.35667343929799755,1145,1103,42,42,True,False,False,False,False,Missing-dominant activity,Low availability,Medium availability,0.1012969481763936,0.0,0.4873924304743879,1.0,1.0,24.0,1.0,17.13153003565572,17.27763476614194,0.125,0.0,0.5181405778682833,1.0
040115,AREQUIPA,AREQUIPA,QUEQUE?A,2.0,1.0,1.0,0.0,0.0,12.0,12.0,1.0,14.4253931477774,14.856109132728283,0.0,0.0,0.0319556292752363,0.6596226611519187,0.6800801467476321,0.3457891452135775,0.3560178880114342,1146,1113,33,33,True,False,False,False,False,Missing-dominant activity,Low availability,Medium availability,0.0639112585504727,0.0,0.5137466587884553,1.0,1.0,12.0,1.0,14.384251140532536,14.850865056485478,0.0,0.0,0.5429716382109031,1.0
050804,AYACUCHO,PAUCAR DEL SARA SARA,LAMPA,0.0,0.0,0.0,0.0,0.0,43.0,43.0,1.0,16.878907455848385,17.31218925930395,0.4883720930232558,0.0,0.0506484740881968,0.6409295369545556,0.6624679460200579,0.3457890055213762,0.35655821005412736,1147,1104,43,43,False,False,False,False,False,Mixed/other profile,Low availability,Medium availability,0.1012969481763936,0.0,0.4870421956493651,1.0,1.0,43.0,1.0,16.878907455848385,17.31218925930395,0.4883720930232558,0.0,0.5178113514572256,1.0
020608,ANCASH,CARHUAZ,SAN MIGUEL DE ACO,3.0,1.0,1.0,0.0,0.0,31.0,31.0,1.0,15.141857057217484,14.878510127294946,0.0,0.0,0.0319556292752363,0.6594394098315954,0.7570298072912105,0.3456975195534159,0.3944927182832234,1148,787,361,361,True,False,False,False,False,Missing-dominant activity,Low availability,Medium availability,0.0639112585504727,0.0,0.5134848711879935,1.0,1.0,31.0,1.0,7.866018540963432,7.436556061179699,0.0,0.0,0.6528997247017294,1.0
061302,CAJAMARCA,SANTA CRUZ,ANDABAMBA,0.0,0.0,0.0,0.0,0.0,13.0,13.0,1.0,14.987085061130824,14.949552434953226,0.0,0.0,0.0319556292752363,0.6588599536369015,0.7501683380448149,0.3454077914560689,0.3910619836600256,1149,817,332,332,False,False,False,False,False,Mixed/other profile,Low availability,Medium availability,0.0639112585504727,0.0,0.5126570766241452,1.0,1.0,13.0,1.0,7.956892092607431,7.924569986078061,0.0,0.0,0.643097625778307,1.0
210603,PUNO,HUANCANE,HUATASANI,0.0,0.0,0.0,0.0,0.0,51.0,51.0,1.0,14.744159547549152,14.97138337630686,0.0,0.0,0.0319556292752363,0.6586824080231588,0.6505412985343342,0.34531901864919756,0.34124846390478525,1150,1247,-97,97,False,False,False,False,False,Mixed/other profile,Low availability,Low availability,0.0639112585504727,0.0,0.512403440033084,1.0,1.0,51.0,1.0,18.994551750436553,19.19253831315551,0.37254901960784315,0.0,0.5007732836204775,1.0
100404,HUANUCO,HUACAYBAMBA,PINRA,6.0,1.0,1.0,0.0,0.0,63.0,63.0,1.0,18.99297075046924,18.70817248581848,0.365079365079365,0.0158730158730158,0.0639112585504727,0.626631500031687,0.6559539814153333,0.34527137929107987,0.35993261998290305,1151,1076,75,75,True,False,False,False,False,Missing-dominant activity,Low availability,Medium availability,0.1278225171009454,0.0,0.4734191497051311,0.9841269841269842,1.0,63.0,1.0,17.955779638484543,17.5770347734051,0.2698412698412698,0.015873015873015872,0.5153084088246259,0.9841269841269842
060406,CAJAMARCA,CHOTA,CHOROPAMPA,0.0,0.0,0.0,0.0,0.0,27.0,27.0,1.0,20.44842031872193,21.145024216673928,0.6296296296296297,0.0,0.0741986734039763,0.6162611035157181,0.6383313202829084,0.3452298884598472,0.35626499684344237,1152,1109,43,43,False,False,False,False,False,Mixed/other profile,Low availability,Medium availability,0.1483973468079527,0.0,0.4518015764510258,1.0,1.0,27.0,1.0,20.566903514629477,21.317730313314712,0.6296296296296297,0.0,0.483330457547012,1.0
021702,ANCASH,RECUAY,CATAC,2.0,1.0,1.0,0.0,0.0,218.0,218.0,1.0,15.94945128968261,14.838919308891548,0.2293577981651376,0.0045871559633027,0.0319556292752363,0.6583873113477692,0.6787959903450025,0.34517147031150275,0.3553758098101194,1153,1117,36,36,True,False,False,False,False,Missing-dominant activity,Low availability,Medium availability,0.0639112585504727,0.0,0.5139477973382287,0.9954128440366972,1.0,218.0,1.0,15.908035941628677,14.838919308891548,0.22018348623853212,0.0045871559633027525,0.5431030530485619,0.9954128440366973
021011,ANCASH,HUARI,PONTO,0.0,0.0,0.0,0.0,0.0,57.0,57.0,1.0,19.73199287844856,19.510315806958456,0.4561403508771929,0.0,0.0639112585504727,0.626214989737497,0.6486360331875896,0.3450631241439849,0.3562736458690311,1154,1107,47,47,False,False,False,False,False,Mixed/other profile,Low availability,Medium availability,0.1278225171009454,0.0,0.46602141391071,1.0,1.0,57.0,1.0,19.73199287844856,19.510315806958456,0.45614035087719296,0.0,0.49805147598227084,1.0
010105,AMAZONAS,CHACHAPOYAS,CHILIQUIN,0.0,0.0,0.0,0.0,0.0,48.0,48.0,1.0,20.910613416404573,21.238219400424462,0.7083333333333334,0.0,0.0741986734039763,0.6157159885557791,0.6386937026920425,0.34495733097987774,0.3564461880480094,1155,1106,49,49,False,False,False,False,False,Mixed/other profile,Low availability,Medium availability,0.1483973468079527,0.0,0.4510228407939702,1.0,1.0,48.0,1.0,20.914583118672383,21.25154616258899,0.7083333333333334,0.0,0.48384814670291787,1.0
030102,APURIMAC,ABANCAY,CHACOCHE,0.0,0.0,0.0,0.0,0.0,16.0,16.0,1.0,19.622861788767757,19.587997832296708,0.4375,0.0,0.0639112585504727,0.625724296484076,0.7376070453062785,0.3448177775172744,0.40075915192837563,1156,730,426,426,False,False,False,False,False,Mixed/other profile,Low availability,High availability,0.1278225171009454,0.0,0.4653204235486801,1.0,1.0,16.0,1.0,9.654295489298494,8.89229016563368,0.0,0.0,0.6251529218661123,1.0
051102,AYACUCHO,VILCAS HUAMAN,ACCOMARCA,6.0,1.0,1.0,0.0,0.0,28.0,28.0,1.0,18.964461756254344,19.6110931488336,0.3214285714285714,0.0,0.0639112585504727,0.6255787675453277,0.7161523378413552,0.3447450130479002,0.39003179819591394,1157,824,333,333,True,False,False,False,False,Missing-dominant activity,Low availability,Medium availability,0.1278225171009454,0.0,0.465112525064754,1.0,1.0,28.0,1.0,10.710579385003244,10.793991834080709,0.0,0.0,0.5945033397733646,1.0
090610,HUANCAVELICA,HUAYTARA,SAN ANTONIO DE CUSICANCHA,4.0,1.0,1.0,0.0,0.0,134.0,134.0,1.0,17.412331749473207,17.6365254155846,0.1865671641791045,0.0,0.0506484740881968,0.6386506634608926,0.6871573177788819,0.3446495687745447,0.36890289593353937,1158,999,159,159,True,False,False,False,False,Missing-dominant activity,Low availability,Medium availability,0.1012969481763936,0.0,0.4837866620869895,1.0,1.0,134.0,1.0,14.633539515203193,13.957641366940205,0.07462686567164178,0.0,0.5530818825412598,1.0
061110,CAJAMARCA,SAN MIGUEL,SAN GREGORIO,6.0,1.0,1.0,0.0,0.0,62.0,62.0,1.0,19.38801246893442,19.71277060670697,0.4677419354838709,0.0,0.0639112585504727,0.6249400076123321,0.6484030271907939,0.3444256330814024,0.35615714287063327,1159,1110,49,49,True,False,False,False,False,Missing-dominant activity,Low availability,Medium availability,0.1278225171009454,0.0,0.4642000108747601,1.0,1.0,62.0,1.0,19.221547109532814,19.54952029669986,0.45161290322580644,0.0,0.4977186102725628,1.0
080905,CUSCO,LA CONVENCION,OCOBAMBA,1.0,1.0,1.0,0.0,0.0,89.0,89.0,1.0,18.90585180495633,19.19568211293844,0.4831460674157303,0.0112359550561797,0.0639112585504727,0.6248508387794907,0.6100728649280788,0.34438104866498165,0.33699206173927576,1160,1273,-113,113,True,False,False,False,False,Missing-dominant activity,Low availability,Low availability,0.1278225171009454,0.0,0.4688880361376353,0.9887640449438202,1.0,89.0,1.0,20.234805925077122,19.19568211293844,0.48314606741573035,0.1348314606741573,0.5007461473290371,0.8651685393258427
120426,JUNIN,JAUJA,POMACANCHA,6.0,1.0,1.0,0.0,0.0,44.0,44.0,1.0,19.45476148276485,19.766001502410173,0.4772727272727273,0.0,0.0639112585504727,0.6246068489170542,0.6471243547565393,0.3442590537337634,0.35551780665350596,1161,1116,45,45,True,False,False,False,False,Missing-dominant activity,Low availability,Medium availability,0.1278225171009454,0.0,0.463724069881506,1.0,1.0,44.0,1.0,19.52243424616679,19.766001502410173,0.4772727272727273,0.0,0.4958919353664848,1.0
210709,PUNO,LAMPA,SANTA LUCIA,0.0,0.0,0.0,0.0,0.0,428.0,428.0,1.0,19.666740470855547,16.76380042423493,0.4088785046728972,0.2149532710280373,0.1081242044419734,0.5803900986164805,0.24338670778777716,0.344257151529227,0.17575545611487528,1162,1619,-457,457,False,False,False,False,False,Mixed/other profile,Low availability,Very low availability,0.2162484088839469,0.0,0.4926801141784168,0.7850467289719626,1.0,428.0,1.0,52.82894100543295,53.511020219285484,1.0,0.9532710280373832,0.32766859456998876,0.04672897196261683
020111,ANCASH,HUARAZ,PIRA,4.0,1.0,1.0,0.0,0.0,103.0,103.0,1.0,17.02727453686651,17.759264623494563,0.0194174757281553,0.0,0.0506484740881968,0.6377985936178514,0.6537686305776215,0.3442235338530241,0.35220855233290915,1163,1152,11,11,True,False,False,False,False,Missing-dominant activity,Low availability,Low availability,0.1012969481763936,0.0,0.4825694194540734,1.0,1.0,103.0,1.0,18.76463923529101,18.665447666713316,0.3300970873786408,0.0,0.5053837579680307,1.0
211103,PUNO,SAN ROMAN,CABANILLAS,2.0,1.0,1.0,0.0,0.0,273.0,273.0,1.0,18.58570124279061,17.403926721476406,0.4029304029304029,0.0879120879120879,0.0741986734039763,0.6139072702866328,0.23682965233717426,0.3440529718453046,0.1555141628705753,1164,1697,-533,533,True,False,False,False,False,Missing-dominant activity,Low availability,Very low availability,0.1483973468079527,0.0,0.4861155666575132,0.912087912087912,1.0,273.0,1.0,53.96314944948085,53.61417053366683,1.0,0.9743589743589743,0.32733906377838085,0.02564102564102566
040127,AREQUIPA,AREQUIPA,YARABAMBA,2.0,1.0,1.0,0.0,0.0,20.0,20.0,1.0,15.405619866912389,15.322361385878594,0.1,0.0,0.0319556292752363,0.6558608328165618,0.6775105065565302,0.34390823104589907,0.35473306791588327,1165,1121,44,44,True,False,False,False,False,Missing-dominant activity,Low availability,Medium availability,0.0639112585504727,0.0,0.5083726183093741,1.0,1.0,20.0,1.0,15.179587478980036,15.188220722275135,0.1,0.0,0.5393007236521861,1.0
110403,ICA,PALPA,RIO GRANDE,2.0,1.0,1.0,0.0,0.0,45.0,45.0,1.0,16.291419559277724,15.609627211123072,0.4,0.1333333333333333,0.0741986734039763,0.6135962403722952,0.6343748524959696,0.3438974568881358,0.35428676294997297,1166,1126,40,40,True,False,False,False,False,Missing-dominant activity,Low availability,Medium availability,0.1483973468079527,0.0,0.505137486246136,0.8666666666666667,1.0,45.0,1.0,16.291419559277724,15.609627211123072,0.4,0.13333333333333333,0.5348212178513851,0.8666666666666667
060403,CAJAMARCA,CHOTA,CHADIN,0.0,0.0,0.0,0.0,0.0,24.0,24.0,1.0,23.17767320634541,23.12327048153172,0.9166666666666666,0.0,0.0826041033634331,0.6051546668669422,0.6584041517433316,0.3438793851151877,0.37050412755338236,1167,983,184,184,False,False,False,False,False,Mixed/other profile,Low availability,Medium availability,0.1652082067268663,0.0,0.435935238381346,1.0,1.0,24.0,1.0,17.706424262794215,17.932352230901476,0.20833333333333334,0.0,0.5120059310619023,1.0
100208,HUANUCO,AMBO,TOMAY-KICHWA,0.0,0.0,0.0,0.0,0.0,39.0,39.0,1.0,15.210721054104129,15.361047562546425,0.0,0.0,0.0319556292752363,0.6555535475785151,0.6762147529878726,0.34375458842687573,0.35408519113155446,1168,1129,39,39,False,False,False,False,False,Mixed/other profile,Low availability,Medium availability,0.0639112585504727,0.0,0.5079336393978788,1.0,1.0,39.0,1.0,15.210721054104129,15.361047562546423,0.0,0.0,0.5374496471255323,1.0
120907,JUNIN,CHUPACA,SAN JUAN DE JARPA,4.0,1.0,1.0,0.0,0.0,21.0,21.0,1.0,18.49715728142892,17.936041383952738,0.1904761904761904,0.0,0.0506484740881968,0.6365811352662731,0.6156006170081015,0.343614804677235,0.3331245455481492,1169,1295,-126,126,True,False,False,False,False,Missing-dominant activity,Low availability,Low availability,0.1012969481763936,0.0,0.480830193237533,1.0,1.0,21.0,1.0,22.851174858366342,22.91709162785903,0.9523809523809523,0.047619047619047616,0.4712661875625941,0.9523809523809523
130606,LA LIBERTAD,OTUZCO,LA CUESTA,0.0,0.0,0.0,0.0,0.0,40.0,40.0,1.0,14.819398544940231,15.40139850695201,0.0,0.0,0.0319556292752363,0.6552338122421899,0.6759141965904332,0.3435947207587131,0.35393491293283474,1170,1132,38,38,False,False,False,False,False,Mixed/other profile,Low availability,Low availability,0.0639112585504727,0.0,0.5074768746317,1.0,1.0,40.0,1.0,14.819398544940233,15.40139850695201,0.0,0.0,0.5370202808434761,1.0
120418,JUNIN,JAUJA,MOLINOS,6.0,1.0,1.0,0.0,0.0,35.0,35.0,1.0,18.295167046257436,16.237460574334765,0.3428571428571428,0.0857142857142857,0.0639112585504727,0.6230659607262101,0.6441334544428741,0.3434886096383414,0.35402235649667335,1171,1131,40,40,True,False,False,False,False,Missing-dominant activity,Low availability,Medium availability,0.1278225171009454,0.0,0.4982574949149941,0.9142857142857144,1.0,35.0,1.0,18.295167046257433,16.237460574334765,0.34285714285714286,0.08571428571428572,0.5283539145102283,0.9142857142857143
090113,HUANCAVELICA,HUANCAVELICA,NUEVO OCCORO,4.0,1.0,1.0,0.0,0.0,157.0,157.0,1.0,17.29362332995724,18.018424080413546,0.3503184713375796,0.0,0.0506484740881968,0.6360176444567756,0.7531350627165732,0.3433330592724862,0.401891768402385,1172,719,453,453,True,False,False,False,False,Missing-dominant activity,Low availability,High availability,0.1012969481763936,0.0,0.4800252063668223,1.0,1.0,157.0,1.0,7.781089765647714,7.710193515706401,0.0,0.0,0.6473358038808188,1.0
150138,LIMA,LIMA,SANTA MARIA DEL MAR,0.0,0.0,0.0,0.0,0.0,2.0,2.0,1.0,18.033776145765927,18.033776145765927,0.0,0.0,0.0506484740881968,0.6359129074658587,0.8776892824244382,0.3432806907770278,0.46416887825631753,1173,465,708,708,False,False,False,False,False,Mixed/other profile,Low availability,High availability,0.1012969481763936,0.0,0.479875582094084,1.0,1.0,2.0,1.0,2.1383444042876167,2.1383444042876167,0.0,0.0,0.8252704034634832,1.0
100602,HUANUCO,LEONCIO PRADO,DANIEL ALOMIA ROBLES,0.0,0.0,0.0,0.0,0.0,53.0,53.0,1.0,18.06168877676383,15.897433008923498,0.2641509433962264,0.1320754716981132,0.0741986734039763,0.6117436909694924,0.6326560614312334,0.3429711821867344,0.3534273674176049,1174,1137,37,37,False,False,False,False,False,Mixed/other profile,Low availability,Low availability,0.1483973468079527,0.0,0.5019519035413236,0.8679245283018868,1.0,53.0,1.0,18.06168877676383,15.897433008923498,0.2641509433962264,0.1320754716981132,0.5318267184866677,0.8679245283018868
040706,AREQUIPA,ISLAY,PUNTA DE BOMBON,48.0,0.0,0.0,175.0,87.0,18.0,18.0,1.0,34.31463038252885,27.86760592096971,1.0,0.4444444444444444,0.2371580596947864,0.4485161902176526,0.7758158260038466,0.3428371249562195,0.5064869428493165,1175,391,784,784,False,False,False,False,False,Mixed/other profile,Low availability,High availability,0.0639112585504727,0.4104048608391002,0.4026421765014086,0.5555555555555556,1.0,18.0,1.0,11.779214575827517,3.188056337307649,0.3333333333333333,0.2222222222222222,0.7749749895293045,0.7777777777777778
030611,APURIMAC,CHINCHEROS,LOS CHANKAS,0.0,0.0,0.0,0.0,0.0,36.0,36.0,1.0,11.851797797243488,11.975735722920644,0.0,0.0,0.0,0.6856446511996426,0.66424639091432,0.3428223255998213,0.33212319545716,1176,1298,-122,122,False,False,False,False,False,Mixed/other profile,Low availability,Low availability,0.0,0.0,0.5509209302852036,1.0,1.0,36.0,1.0,16.919341049404434,17.047216560180175,0.2222222222222222,0.0,0.5203519870204573,1.0
050809,AYACUCHO,PAUCAR DEL SARA SARA,SAN JOSE DE USHUA,0.0,0.0,0.0,0.0,0.0,13.0,13.0,1.0,15.225562303414772,15.600697182636551,0.0,0.0,0.0319556292752363,0.6536660463748384,0.6744404712695626,0.34281083782503735,0.3531980502723995,1177,1142,35,35,False,False,False,False,False,Mixed/other profile,Low availability,Low availability,0.0639112585504727,0.0,0.505237209106912,1.0,1.0,13.0,1.0,15.225562303414772,15.600697182636551,0.0,0.0,0.5349149589565181,1.0
010114,AMAZONAS,CHACHAPOYAS,MOLINOPAMPA,0.0,0.0,0.0,0.0,0.0,34.0,34.0,1.0,21.607260076719204,22.01164542102456,0.6764705882352942,0.0,0.0741986734039763,0.6112782999659361,0.6345953027540812,0.3427384866849562,0.35439698807902875,1178,1123,55,55,False,False,False,False,False,Mixed/other profile,Low availability,Medium availability,0.1483973468079527,0.0,0.4446832856656231,1.0,1.0,34.0,1.0,21.607260076719204,22.01164542102456,0.6764705882352942,0.0,0.47799328964868737,1.0
030705,APURIMAC,GRAU,MAMARA,0.0,0.0,0.0,0.0,0.0,16.0,16.0,1.0,15.903485792586764,15.627201090796728,0.0625,0.0,0.0319556292752363,0.65345897495106,0.23186677345197312,0.34270730211314815,0.1319112013636047,1179,1798,-619,619,False,False,False,False,False,Mixed/other profile,Low availability,Very low availability,0.0639112585504727,0.0,0.5049413927872285,1.0,1.0,16.0,1.0,51.921496740205946,52.406049770715825,1.0,1.0,0.33123824778853306,0.0
130804,LA LIBERTAD,PATAZ,HUANCASPATA,0.0,0.0,0.0,0.0,0.0,107.0,107.0,1.0,19.268557682335395,20.301620364284723,0.5327102803738317,0.0,0.0639112585504727,0.6213012938049702,0.674284021513295,0.34260627617772144,0.36909764003188383,1180,996,184,184,False,False,False,False,False,Mixed/other profile,Low availability,Medium availability,0.1278225171009454,0.0,0.4590018482928146,1.0,1.0,107.0,1.0,15.559584122052053,15.621996284880415,0.06542056074766354,0.0,0.5346914593047072,1.0
050807,AYACUCHO,PAUCAR DEL SARA SARA,PARARCA,0.0,0.0,0.0,0.0,0.0,10.0,10.0,1.0,15.285925886064703,15.662929052861,0.0,0.0,0.0319556292752363,0.6531803590170102,0.6739839172826669,0.34256799414612327,0.3529697732789516,1181,1144,37,37,False,False,False,False,False,Mixed/other profile,Low availability,Low availability,0.0639112585504727,0.0,0.5045433700243003,1.0,1.0,10.0,1.0,15.285925886064703,15.662929052861,0.0,0.0,0.5342627389752386,1.0
010605,AMAZONAS,RODRIGUEZ DE MENDOZA,LIMABAMBA,0.0,0.0,0.0,0.0,0.0,45.0,45.0,1.0,18.52594704259429,17.2829654070632,0.2666666666666666,0.0222222222222222,0.0506484740881968,0.6344701835094406,0.6559961571411493,0.34255932879881873,0.3533223156146731,1182,1139,43,43,False,False,False,False,False,Mixed/other profile,Low availability,Low availability,0.1012969481763936,0.0,0.4873383573944391,0.9777777777777776,1.0,45.0,1.0,18.52594704259429,17.2829654070632,0.26666666666666666,0.022222222222222223,0.51808974829688,0.9777777777777777
050402,AYACUCHO,HUANTA,AYAHUANCO,0.0,0.0,0.0,0.0,0.0,48.0,48.0,1.0,20.533026387576417,20.34765897543749,0.5208333333333334,0.0625,0.0826041033634331,0.6022710579393674,0.6118007739226798,0.3424375806514003,0.34720243864305644,1183,1197,-14,14,False,False,False,False,False,Mixed/other profile,Low availability,Low availability,0.1652082067268663,0.0,0.4586015113419535,0.9375,1.0,48.0,1.0,23.39565015608518,22.787204672647018,0.8333333333333334,0.0625,0.4722153913181141,0.9375
040809,AREQUIPA,LA UNION,TAURIA,2.0,1.0,1.0,0.0,0.0,27.0,27.0,1.0,17.7786696077308,15.757368940353246,0.2962962962962963,0.0,0.0319556292752363,0.6524467590032828,0.6732943213818152,0.34220119413925953,0.35262497532852577,1184,1146,38,38,True,False,False,False,False,Missing-dominant activity,Low availability,Low availability,0.0639112585504727,0.0,0.5034953700046898,1.0,1.0,27.0,1.0,17.7786696077308,15.757368940353246,0.2962962962962963,0.0,0.5332776019740217,1.0
160507,LORETO,REQUENA,SAQUENA,0.0,0.0,0.0,0.0,0.0,23.0,23.0,1.0,18.160522075486583,16.17583011650985,0.3043478260869565,0.1304347826086956,0.0741986734039763,0.6101147364301029,0.1550708882408422,0.34215670491703964,0.11463478082240924,1185,1848,-663,663,False,False,False,False,False,Mixed/other profile,Low availability,Very low availability,0.1483973468079527,0.0,0.4989216731610167,0.8695652173913043,1.0,23.0,1.0,99.57709234274867,99.21457611872903,1.0,1.0,0.2215298403440603,0.0
211303,PUNO,YUNGUYO,COPANI,2.0,1.0,1.0,0.0,0.0,46.0,46.0,1.0,16.024707758753745,15.814286153156532,0.0,0.0,0.0319556292752363,0.6520066256100422,0.6728805888598315,0.34198112744263925,0.3524181090675339,1186,1148,38,38,True,False,False,False,False,Missing-dominant activity,Low availability,Low availability,0.0639112585504727,0.0,0.502866608014346,1.0,1.0,46.0,1.0,16.024707758753745,15.814286153156532,0.0,0.0,0.532686555514045,1.0
140303,LAMBAYEQUE,LAMBAYEQUE,ILLIMO,2.0,1.0,1.0,0.0,0.0,26.0,26.0,1.0,20.724909969335258,20.51003017275553,0.6923076923076923,0.0,0.0639112585504727,0.6200375104088854,0.6455472412636738,0.3419743844796791,0.3547292499070732,1187,1122,65,65,True,False,False,False,False,Missing-dominant activity,Low availability,Medium availability,0.1278225171009454,0.0,0.457196443441265,1.0,1.0,26.0,1.0,20.249062011304662,20.036152884499003,0.5,0.0,0.49363891609096266,1.0
110303,ICA,NAZCA,EL INGENIO,0.0,0.0,0.0,0.0,0.0,50.0,50.0,1.0,20.610813669623084,20.524287049751145,0.56,0.0,0.0639112585504727,0.6199515056399503,0.6427482566364782,0.34193138209521146,0.3533297575934754,1188,1138,50,50,False,False,False,False,False,Mixed/other profile,Low availability,Low availability,0.1278225171009454,0.0,0.4570735794856433,1.0,1.0,50.0,1.0,20.610813669623084,20.524287049751145,0.56,0.0,0.4896403666235404,1.0
110505,ICA,PISCO,PARACAS,4.0,1.0,1.0,0.0,0.0,27.0,27.0,1.0,19.97418434614596,16.13084765124256,0.2962962962962963,0.1851851851851851,0.0897107931332828,0.5940300065018371,0.6149007253960226,0.34187039981755996,0.3523057592646527,1189,1151,38,38,True,False,False,False,False,Missing-dominant activity,Low availability,Low availability,0.1794215862665657,0.0,0.4994079457962752,0.8148148148148149,1.0,27.0,1.0,20.211822901107695,16.151705058516153,0.2962962962962963,0.18518518518518517,0.5292232585022544,0.8148148148148149
101107,HUANUCO,YAROWILCA,PAMPAMARCA,0.0,0.0,0.0,0.0,0.0,94.0,94.0,1.0,13.720278692191794,15.849035868009109,0.0,0.0,0.0319556292752363,0.6517386424773317,0.7573989238736398,0.341847135876284,0.3946772765744381,1190,784,406,406,False,False,False,False,False,Mixed/other profile,Low availability,Medium availability,0.0639112585504727,0.0,0.5024837749676169,1.0,1.0,94.0,1.0,7.429682964250432,7.411072880021233,0.0,0.0,0.6534270341051998,1.0
020303,ANCASH,ANTONIO RAIMONDI,CHACCHO,0.0,0.0,0.0,0.0,0.0,56.0,56.0,1.0,15.117578937938912,15.92836587361446,0.0,0.0,0.0319556292752363,0.6511289300093961,0.6980225480705875,0.3415422796423162,0.3649890886729119,1191,1030,161,161,False,False,False,False,False,Mixed/other profile,Low availability,Medium availability,0.0639112585504727,0.0,0.5016127571562801,1.0,1.0,56.0,1.0,11.870124114665614,12.683285312489728,0.0,0.0,0.5686036401008394,1.0
030214,APURIMAC,ANDAHUAYLAS,SAN MIGUEL DE CHACCRAMPA,0.0,0.0,0.0,0.0,0.0,41.0,41.0,1.0,22.31904884893596,22.528601191592127,0.951219512195122,0.0,0.0741986734039763,0.608394563287586,0.6657820052853787,0.3412966183457812,0.3699903393446775,1192,991,201,201,False,False,False,False,False,Mixed/other profile,Low availability,Medium availability,0.1483973468079527,0.0,0.4405636618394086,1.0,1.0,41.0,1.0,16.203491548561985,16.821510082869377,0.07317073170731707,0.0,0.5225457218362554,1.0
150811,LIMA,HUAURA,SAYAN,41.0,0.024390243902439,0.024390243902439,79.0,52.0,231.0,231.0,1.0,32.30347837457731,30.78669373196401,1.0,0.5844155844155844,0.2883281633175144,0.3940212722829968,0.7701120767257638,0.3411747178002556,0.5292201200216391,1193,354,839,839,False,False,False,True,False,Observed low geospatial access,Low availability,Very high availability,0.2210966286164087,0.3555596980186201,0.3847799251538174,0.4155844155844156,1.0,231.0,1.0,7.177865259655502,6.578815444506733,0.0,0.0,0.6715886810368055,1.0
100703,HUANUCO,MARAÑON,SAN BUENAVENTURA,0.0,0.0,0.0,0.0,0.0,88.0,88.0,1.0,22.388249991246504,20.804984757863355,0.6704545454545454,0.0,0.0639112585504727,0.6182696969830976,0.7022519083057076,0.34109047776678514,0.3830815834280902,1194,878,316,316,False,False,False,False,False,Mixed/other profile,Low availability,Medium availability,0.1278225171009454,0.0,0.4546709956901394,1.0,1.0,88.0,1.0,13.191752527407441,12.217118211452036,0.011363636363636364,0.0,0.5746455832938681,1.0
210115,PUNO,PUNO,VILQUE,0.0,0.0,0.0,0.0,0.0,84.0,84.0,1.0,18.779463926555817,18.70625542308308,0.369047619047619,0.0,0.0506484740881968,0.6314060316176805,0.568667564289277,0.34102725285293867,0.3096580191887369,1195,1370,-175,175,False,False,False,False,False,Mixed/other profile,Low availability,Low availability,0.1012969481763936,0.0,0.4734371880252579,1.0,1.0,84.0,1.0,26.61560572323492,25.999223432181473,1.0,0.15476190476190477,0.4501373367397835,0.8452380952380952
010304,AMAZONAS,BONGARA,COROSHA,0.0,0.0,0.0,0.0,0.0,34.0,34.0,1.0,16.542566557295252,16.14819670624368,0.0,0.0,0.0319556292752363,0.649454172700574,0.631440636485697,0.3407049009879052,0.3316981328804667,1196,1304,-108,108,False,False,False,False,False,Mixed/other profile,Low availability,Low availability,0.0639112585504727,0.0,0.4992202467151058,1.0,1.0,34.0,1.0,22.414102378646277,22.614356304931043,1.0,0.0,0.4734866235509958,1.0
130610,LA LIBERTAD,OTUZCO,PARANDAY,0.0,0.0,0.0,0.0,0.0,27.0,27.0,1.0,15.712845078777208,16.18686774174782,0.0,0.0,0.0319556292752363,0.6491617836198107,0.6702063912885048,0.3405587064475235,0.35108101028187055,1197,1159,38,38,False,False,False,False,False,Mixed/other profile,Low availability,Low availability,0.0639112585504727,0.0,0.4988025480283009,1.0,1.0,27.0,1.0,15.712845078777207,16.18686774174782,0.0,0.0,0.5288662732692926,1.0
060312,CAJAMARCA,CELENDIN,LA LIBERTAD DE PALLAN,0.0,0.0,0.0,0.0,0.0,52.0,52.0,1.0,20.47806651282287,20.984973522647465,0.5769230769230769,0.0,0.0639112585504727,0.6172026431196888,0.6401642813222655,0.34055695083508075,0.35203776993636915,1198,1155,43,43,False,False,False,False,False,Mixed/other profile,Low availability,Low availability,0.1278225171009454,0.0,0.4531466330281268,1.0,1.0,52.0,1.0,20.47806651282287,20.984973522647465,0.5769230769230769,0.0,0.4859489733175223,1.0
210802,PUNO,MELGAR,ANTAUTA,0.0,0.0,0.0,0.0,0.0,250.0,250.0,1.0,20.635227177143705,20.86878485160153,0.548,0.004,0.0639112585504727,0.6166904571220884,0.5565138647898769,0.3403008578362805,0.31021256167017475,1199,1367,-168,168,False,False,False,False,False,Mixed/other profile,Low availability,Low availability,0.1278225171009454,0.0,0.4541292244601262,0.996,1.0,250.0,1.0,22.87129469779861,22.716525030549526,0.592,0.248,0.47273409255696697,0.752
080808,CUSCO,ESPINAR,ALTO PICHIGUA,2.0,1.0,1.0,0.0,0.0,164.0,164.0,1.0,17.074948044507607,16.29600253400957,0.3536585365853658,0.0,0.0319556292752363,0.6483401573820158,0.6584584395544719,0.34014789332862605,0.3452070344148541,1200,1220,-20,20,True,False,False,False,False,Missing-dominant activity,Low availability,Low availability,0.0639112585504727,0.0,0.4976287962600226,1.0,1.0,164.0,1.0,17.690139798093,16.29600253400957,0.3597560975609756,0.036585365853658534,0.5277629275865279,0.9634146341463414
200703,PIURA,TALARA,LA BREA,0.0,0.0,0.0,0.0,0.0,28.0,28.0,1.0,18.68134870249951,16.887516271336366,0.4642857142857143,0.1785714285714285,0.0897107931332828,0.5904037763555242,0.5653891659041984,0.3400572847444035,0.3275499795187406,1201,1324,-123,123,False,False,False,False,False,Mixed/other profile,Low availability,Low availability,0.1794215862665657,0.0,0.4913931498956468,0.8214285714285714,1.0,28.0,1.0,21.206834618359956,19.099721408303147,0.5,0.2857142857142857,0.5015763594549774,0.7142857142857143
211004,PUNO,SAN ANTONIO DE PUTINA,QUILCAPUNCU,4.0,1.0,1.0,0.0,0.0,72.0,72.0,1.0,19.14821337079606,19.00853972590556,0.4305555555555556,0.0,0.0506484740881968,0.6294300418681781,0.3124298240574187,0.34003925797818746,0.18153914907280774,1202,1598,-396,396,True,False,False,False,False,Missing-dominant activity,Low availability,Very low availability,0.1012969481763936,0.0,0.4706143455259687,1.0,1.0,72.0,1.0,37.65180098256893,37.828099117285255,1.0,0.8611111111111112,0.3868045105582173,0.13888888888888884
150730,LIMA,HUAROCHIRI,SANTIAGO DE TUNA,3.0,1.0,1.0,0.0,0.0,13.0,13.0,1.0,16.286732592956387,16.343391418229682,0.0,0.0,0.0319556292752363,0.6479850010999659,0.6691001966501545,0.3399703151876011,0.3505279129626954,1203,1163,40,40,True,False,False,False,False,Missing-dominant activity,Low availability,Low availability,0.0639112585504727,0.0,0.4971214301428086,1.0,1.0,13.0,1.0,16.286732592956387,16.343391418229682,0.0,0.0,0.5272859952145065,1.0
220902,SAN MARTIN,SAN MARTIN,ALBERTO LEVEAU,4.0,1.0,1.0,0.0,0.0,27.0,27.0,1.0,18.87376823943528,19.031222865504937,0.2222222222222222,0.0,0.0506484740881968,0.6292829716454795,0.7651732014505717,0.3399657228668382,0.40791083776938425,1204,681,523,523,True,False,False,False,False,Missing-dominant activity,Low availability,High availability,0.1012969481763936,0.0,0.4704042452078278,1.0,1.0,27.0,1.0,7.06412511574831,6.891877301902779,0.0,0.0,0.6645331449293881,1.0
050510,AYACUCHO,LA MAR,ANCHIHUAY,0.0,0.0,0.0,0.0,0.0,36.0,36.0,1.0,18.845807501528267,19.100789630695857,0.4166666666666667,0.0,0.0506484740881968,0.6288329593941508,0.6533484195556789,0.33974071674117384,0.35199844682193787,1205,1156,49,49,False,False,False,False,False,Mixed/other profile,Low availability,Low availability,0.1012969481763936,0.0,0.4697613705630726,1.0,1.0,36.0,1.0,15.759135917650976,18.733290026489854,0.3611111111111111,0.0,0.5047834565081128,1.0
030711,APURIMAC,GRAU,TURPAY,0.0,0.0,0.0,0.0,0.0,23.0,23.0,1.0,15.971603214299144,16.4178847828217,0.0869565217391304,0.0,0.0319556292752363,0.6474286671359069,0.2355188734010387,0.3396921482055716,0.1337372513381375,1206,1792,-586,586,False,False,False,False,False,Mixed/other profile,Low availability,Very low availability,0.0639112585504727,0.0,0.4963266673370098,1.0,1.0,23.0,1.0,50.961287603453705,50.831227797504134,1.0,1.0,0.3364555334300553,0.0
100106,HUANUCO,HUANUCO,QUISQUI,0.0,0.0,0.0,0.0,0.0,85.0,85.0,1.0,20.258104054400373,20.737013132331736,0.5764705882352941,0.0117647058823529,0.0639112585504727,0.615145544236861,0.6415482792899807,0.3395284013936668,0.35272976892022667,1207,1145,62,62,False,False,False,False,False,Mixed/other profile,Low availability,Low availability,0.1278225171009454,0.0,0.4552499371450955,0.9882352941176472,1.0,85.0,1.0,20.243427205542645,20.737013132331736,0.5764705882352941,0.0,0.4879261132714011,1.0
130811,LA LIBERTAD,PATAZ,SANTIAGO DE CHALLAS,0.0,0.0,0.0,0.0,0.0,40.0,40.0,1.0,18.960464021791804,19.20421946520677,0.35,0.0,0.0506484740881968,0.6281667652799848,0.7410774867789489,0.33940761968409083,0.3958629804335729,1208,774,434,434,False,False,False,False,False,Mixed/other profile,Low availability,Medium availability,0.1012969481763936,0.0,0.4688096646856926,1.0,1.0,40.0,1.0,8.80010553003954,8.614893240083289,0.0,0.0,0.6301106953984986,1.0
010522,AMAZONAS,LUYA,TINGO,0.0,0.0,0.0,0.0,0.0,28.0,28.0,1.0,18.646256480860075,19.35114109881297,0.4285714285714285,0.0,0.0506484740881968,0.627226279110457,0.6495866615860609,0.33893737659932693,0.3501175678371289,1209,1170,39,39,False,False,False,False,False,Mixed/other profile,Low availability,Low availability,0.1012969481763936,0.0,0.4674661130149385,1.0,1.0,28.0,1.0,18.646256480860075,19.351141098812974,0.42857142857142855,0.0,0.49940951655151566,1.0
050409,AYACUCHO,HUANTA,CANAYRE,0.0,0.0,0.0,0.0,0.0,18.0,18.0,1.0,19.54791991217364,18.867174446517343,0.3333333333333333,0.0555555555555555,0.0639112585504727,0.6136837169706999,0.43123403336404087,0.33879748776058627,0.24757264595725678,1210,1475,-265,265,False,False,False,False,False,Mixed/other profile,Low availability,Low availability,0.1278225171009454,0.0,0.4719291194819524,0.9444444444444444,1.0,18.0,1.0,29.713996577102826,30.08530808561611,1.0,0.5555555555555556,0.42557242861529654,0.4444444444444444
150705,LIMA,HUAROCHIRI,CHICLA,4.0,1.0,1.0,0.0,0.0,47.0,47.0,1.0,21.387432010384497,20.14129783610271,0.5106382978723404,0.0638297872340425,0.0741986734039763,0.6031329859147689,0.6257899496888661,0.33866582965937264,0.34999431154642124,1211,1171,40,40,True,False,False,False,False,Missing-dominant activity,Low availability,Low availability,0.1483973468079527,0.0,0.4604027458356882,0.9361702127659576,1.0,47.0,1.0,21.460891139535008,20.14129783610271,0.5106382978723404,0.06382978723404255,0.4927698369415413,0.9361702127659575
130305,LA LIBERTAD,BOLIVAR,UCHUMARCA,0.0,0.0,0.0,0.0,0.0,60.0,60.0,1.0,17.465817600472988,16.696436951180203,0.2666666666666666,0.0,0.0319556292752363,0.6453692496244945,0.6666413478751017,0.3386624394498654,0.349298488575169,1212,1178,34,34,False,False,False,False,False,Mixed/other profile,Low availability,Low availability,0.0639112585504727,0.0,0.4933846423207065,1.0,1.0,60.0,1.0,17.227255588159736,16.696436951180203,0.26666666666666666,0.0,0.5237733541072881,1.0
050907,AYACUCHO,SUCRE,PAICO,2.0,1.0,1.0,0.0,0.0,22.0,22.0,1.0,19.23086058803362,19.44357226417854,0.2272727272727272,0.0,0.0506484740881968,0.6266380746445068,0.7204710608941579,0.33864327436635183,0.3855597674911774,1213,859,354,354,True,False,False,False,False,Missing-dominant activity,Low availability,Medium availability,0.1012969481763936,0.0,0.4666258209207241,1.0,1.0,22.0,1.0,11.64741338226566,10.383849469026291,0.0,0.0,0.6006729441345113,1.0
060902,CAJAMARCA,SAN IGNACIO,CHIRINOS,16.0,1.0,1.0,0.0,0.0,82.0,82.0,1.0,22.231166640619374,21.784952110836485,0.5975609756097561,0.1219512195121951,0.1012969481763936,0.5759779901598927,0.7150271082137569,0.33863746916814313,0.40816202819507524,1214,680,534,534,True,False,False,False,False,Missing-dominant activity,Low availability,High availability,0.2025938963527872,0.0,0.446519080019359,0.8780487804878049,1.0,82.0,1.0,10.813776558396766,10.903258493306577,0.0,0.0,0.5928958688767956,1.0
210703,PUNO,LAMPA,CALAPUJA,2.0,1.0,1.0,0.0,0.0,34.0,34.0,1.0,16.294645628068555,16.71539991728748,0.0,0.0,0.0319556292752363,0.6452302316721856,0.6665106687471529,0.338592930473711,0.3492331490111946,1215,1179,36,36,True,False,False,False,False,Missing-dominant activity,Low availability,Low availability,0.0639112585504727,0.0,0.4931860452459794,1.0,1.0,34.0,1.0,16.414430091790145,16.71539991728748,0.0,0.0,0.5235866696387899,1.0
131102,LA LIBERTAD,GRAN CHIMU,LUCMA,0.0,0.0,0.0,0.0,0.0,116.0,116.0,1.0,23.42043641905481,24.155412339052983,0.75,0.0172413793103448,0.0826041033634331,0.5945440320943423,0.6788355324594035,0.33857406772888765,0.3807198179114183,1216,906,310,310,False,False,False,False,False,Mixed/other profile,Low availability,Medium availability,0.1652082067268663,0.0,0.4281663512677796,0.9827586206896552,1.0,116.0,1.0,14.708517394496566,15.013377358423828,0.1810344827586207,0.0,0.5411936177991479,1.0
120403,JUNIN,JAUJA,APATA,10.0,1.0,1.0,0.0,0.0,118.0,118.0,1.0,19.65451131087778,19.70516917114589,0.4745762711864407,0.1016949152542373,0.0826041033634331,0.5944791783466732,0.6169738421167129,0.3385416408550531,0.34978897274007303,1217,1174,43,43,True,False,False,False,False,Missing-dominant activity,Low availability,Low availability,0.1652082067268663,0.0,0.4642680756042062,0.8983050847457628,1.0,118.0,1.0,19.65451131087778,19.70516917114589,0.4745762711864407,0.1016949152542373,0.4964033095614059,0.8983050847457628
100205,HUANUCO,AMBO,HUACAR,0.0,0.0,0.0,0.0,0.0,204.0,204.0,1.0,23.6730845376914,23.572292891433804,0.9264705882352942,0.0,0.0741986734039763,0.6027607781220774,0.6265886941948782,0.3384797257630269,0.35039368379942726,1218,1167,51,51,False,False,False,False,False,Mixed/other profile,Low availability,Low availability,0.1483973468079527,0.0,0.4325153973172535,1.0,1.0,204.0,1.0,23.673084537691402,23.572292891433804,0.9264705882352942,0.0,0.46655527742125447,1.0
040113,AREQUIPA,AREQUIPA,POCSI,4.0,1.0,1.0,0.0,0.0,18.0,18.0,1.0,20.02817768971948,19.501093425054396,0.4444444444444444,0.0,0.0506484740881968,0.6262733680381627,0.6486909097362324,0.33846092106317976,0.34966969191221464,1219,1175,44,44,True,False,False,False,False,Missing-dominant activity,Low availability,Low availability,0.1012969481763936,0.0,0.4661048114830896,1.0,1.0,18.0,1.0,20.028177689719477,19.501093425054393,0.4444444444444444,0.0,0.49812987105176065,1.0
060204,CAJAMARCA,CAJABAMBA,SITACOCHA,0.0,0.0,0.0,0.0,0.0,81.0,81.0,1.0,22.27744136751197,24.451913109883428,0.6172839506172839,0.037037037037037,0.0897107931332828,0.5870843304759366,0.6683806848849341,0.33839756180460967,0.37904573900910843,1220,923,297,297,False,False,False,False,False,Mixed/other profile,Low availability,Medium availability,0.1794215862665657,0.0,0.4259934879814967,0.962962962962963,1.0,81.0,1.0,16.921767272723113,16.44596479694539,0.2839506172839506,0.0,0.5262581212641917,1.0
210107,PUNO,PUNO,COATA,2.0,1.0,1.0,0.0,0.0,80.0,80.0,1.0,22.07874353324045,21.78111923501745,0.8125,0.0,0.0639112585504727,0.6125851931755422,0.6358238035492438,0.3382482258630074,0.34986753104985824,1221,1173,48,48,True,False,False,False,False,Missing-dominant activity,Low availability,Low availability,0.1278225171009454,0.0,0.4465502759650602,1.0,1.0,80.0,1.0,22.0835815777153,21.78111923501745,0.8125,0.0,0.4797482907846341,1.0
010706,AMAZONAS,UTCUBAMBA,LONYA GRANDE,0.0,0.0,0.0,0.0,0.0,90.0,90.0,1.0,25.680403644457503,26.50795697059461,0.9,0.0888888888888888,0.1145597326386695,0.5614451466318409,0.6351664375793531,0.33800243963525517,0.3748630851090113,1222,952,270,270,False,False,False,False,False,Mixed/other profile,Low availability,Medium availability,0.2291194652773391,0.0,0.4115883047121536,0.9111111111111112,1.0,90.0,1.0,21.307394428266264,21.286940678485465,0.6555555555555556,0.011111111111111112,0.48357110130383774,0.9888888888888889
060308,CAJAMARCA,CELENDIN,OXAMARCA,0.0,0.0,0.0,0.0,0.0,78.0,78.0,1.0,23.24325355414833,23.75376699053143,0.8205128205128205,0.0,0.0741986734039763,0.6018056685127791,0.7148220762335057,0.3380021709583777,0.394510374818741,1223,785,438,438,False,False,False,False,False,Mixed/other profile,Low availability,Medium availability,0.1483973468079527,0.0,0.4311509550182557,1.0,1.0,78.0,1.0,10.830275576858261,10.92327710852489,0.01282051282051282,0.0,0.5926029660478653,1.0
020502,ANCASH,BOLOGNESI,ABELARDO PARDO LEZAMETA,2.0,1.0,1.0,0.0,0.0,10.0,10.0,1.0,16.967403161977064,16.88950650810765,0.0,0.0,0.0319556292752363,0.6439607633845204,0.6653173479850834,0.33795819632987834,0.34863648863015984,1224,1183,41,41,True,False,False,False,False,Missing-dominant activity,Low availability,Low availability,0.0639112585504727,0.0,0.4913725191207433,1.0,1.0,10.0,1.0,16.967403161977064,16.88950650810765,0.0,0.0,0.5218819256929763,1.0
020514,ANCASH,BOLOGNESI,SAN MIGUEL DE CORPANQUI,2.0,1.0,1.0,0.0,0.0,11.0,11.0,1.0,17.17104067128783,16.89657886193367,0.0,0.0,0.0319556292752363,0.6439094580145364,0.6652691201058978,0.33793254364488634,0.34861237469056705,1225,1185,40,40,True,False,False,False,False,Missing-dominant activity,Low availability,Low availability,0.0639112585504727,0.0,0.491299225735052,1.0,1.0,11.0,1.0,17.17104067128783,16.89657886193367,0.0,0.0,0.5218130287227111,1.0
020107,ANCASH,HUARAZ,LA LIBERTAD,2.0,1.0,1.0,0.0,0.0,79.0,79.0,1.0,17.02637473102211,16.89877398386839,0.1012658227848101,0.0,0.0319556292752363,0.6438935379422999,0.6506040806276567,0.3379245836087681,0.3412798549514465,1226,1246,-20,20,True,False,False,False,False,Missing-dominant activity,Low availability,Low availability,0.0639112585504727,0.0,0.491276482774714,1.0,1.0,79.0,1.0,18.903066842106945,19.18215115831976,0.34177215189873417,0.0,0.500862972325224,1.0
010516,AMAZONAS,LUYA,SAN CRISTOBAL,0.0,0.0,0.0,0.0,0.0,4.0,4.0,1.0,16.420381989282205,16.95081081277238,0.0,0.0,0.0319556292752363,0.6435167126630371,0.6648999331110714,0.3377361709691367,0.3484277811931539,1227,1188,39,39,False,False,False,False,False,Mixed/other profile,Low availability,Low availability,0.0639112585504727,0.0,0.4907381609471959,1.0,1.0,4.0,1.0,16.420381989282205,16.95081081277238,0.0,0.0,0.5212856187301022,1.0
050505,AYACUCHO,LA MAR,CHUNGUI,0.0,0.0,0.0,0.0,0.0,73.0,73.0,1.0,21.667420723986844,19.549324603822317,0.4657534246575342,0.1917808219178082,0.1061543026792127,0.5684341048290855,0.3760449811554408,0.3372942037541491,0.24109964191732677,1228,1487,-259,259,False,False,False,False,False,Mixed/other profile,Low availability,Low availability,0.2123086053584255,0.0,0.465669073434897,0.8082191780821918,1.0,73.0,1.0,33.60150803287284,33.372893856040626,1.0,0.6986301369863014,0.4080486032161875,0.3013698630136986
050805,AYACUCHO,PAUCAR DEL SARA SARA,MARCABAMBA,0.0,0.0,0.0,0.0,0.0,21.0,21.0,1.0,18.48331090037801,17.08286653202197,0.238095238095238,0.0,0.0319556292752363,0.6425653116586255,0.6640056007495232,0.3372604704669309,0.34798061501237976,1229,1195,34,34,False,False,False,False,False,Mixed/other profile,Low availability,Low availability,0.0639112585504727,0.0,0.4893790166551793,1.0,1.0,21.0,1.0,18.483310900378015,17.08286653202197,0.23809523809523808,0.0,0.5200080010707475,1.0
130306,LA LIBERTAD,BOLIVAR,UCUNCHA,0.0,0.0,0.0,0.0,0.0,27.0,27.0,1.0,17.031969353519127,17.09196854279972,0.1111111111111111,0.0,0.0319556292752363,0.6424999920120051,0.6652775234927468,0.33722781064362073,0.34861657638399157,1230,1184,46,46,False,False,False,False,False,Mixed/other profile,Low availability,Low availability,0.0639112585504727,0.0,0.489285702874293,1.0,1.0,27.0,1.0,16.61600415118646,16.895346350253647,0.0,0.0,0.5218250335610669,1.0
220603,SAN MARTIN,MARISCAL CACERES,HUICUNGO,64.0,0.0625,0.0625,81.0,79.0,64.0,64.0,1.0,31.20968364322976,31.58679032009833,0.9375,0.5625,0.2770660557863848,0.3973691568820764,0.6143935186437193,0.3372176063342306,0.4457297872150521,1231,503,728,728,False,False,False,True,False,Observed low geospatial access,Low availability,High availability,0.1794215862665657,0.3747105253062038,0.3801702241172521,0.4375,1.0,64.0,1.0,17.801049971996786,12.599885167116142,0.34375,0.28125,0.5696693123481704,0.71875
090115,HUANCAVELICA,HUANCAVELICA,PILCHACA,2.0,0.5,0.5,1.0,1.0,20.0,20.0,1.0,21.974020464190836,21.776615881178635,0.9,0.0,0.0615108709395158,0.6126108549675005,0.8722757264934076,0.3370608629535081,0.4668932987164617,1232,458,774,774,False,False,False,False,False,Mixed/other profile,Low availability,High availability,0.0639112585504727,0.059110483328559,0.4465869356678578,1.0,1.0,20.0,1.0,2.4269510133869536,2.280719732360775,0.0,0.0,0.8175367521334395,1.0
100110,HUANUCO,HUANUCO,YARUMAYO,6.0,1.0,1.0,0.0,0.0,45.0,45.0,1.0,22.368261576825205,22.219645319798293,0.7555555555555555,0.0,0.0639112585504727,0.6101102993630346,0.6442785912087949,0.3370107789567537,0.3540949248796338,1233,1128,105,105,True,False,False,False,False,Missing-dominant activity,Low availability,Medium availability,0.1278225171009454,0.0,0.4430147133757638,1.0,1.0,45.0,1.0,20.40443384436037,20.256014543546982,0.5555555555555556,0.0,0.49182655886970716,1.0
060609,CAJAMARCA,CUTERVO,SAN JUAN DE CUTERVO,8.0,1.0,1.0,0.0,0.0,34.0,34.0,1.0,24.239346808504568,24.188429210895244,0.9705882352941176,0.0,0.0741986734039763,0.5995461897932461,0.6695283371171954,0.33687243159861124,0.37186350526058587,1234,974,260,260,True,False,False,False,False,Missing-dominant activity,Low availability,Medium availability,0.1483973468079527,0.0,0.4279231282760659,1.0,1.0,34.0,1.0,16.160397916365774,16.28264226792333,0.029411764705882353,0.0,0.5278976244531364,1.0
080606,CUSCO,CANCHIS,SAN PABLO,4.0,1.0,1.0,0.0,0.0,145.0,145.0,1.0,18.090434749382204,14.039347634252254,0.3034482758620689,0.1448275862068965,0.0506484740881968,0.6230389795405072,0.6427778774176589,0.33684372681435204,0.34671317575292787,1235,1202,33,33,True,False,False,False,False,Missing-dominant activity,Low availability,Low availability,0.1012969481763936,0.0,0.5235532220036804,0.8551724137931034,1.0,145.0,1.0,18.412668932781106,14.072226785504862,0.30344827586206896,0.14482758620689656,0.5517516475424685,0.8551724137931034
050504,AYACUCHO,LA MAR,CHILCAS,0.0,0.0,0.0,0.0,0.0,47.0,47.0,1.0,20.191037269511657,20.038005247218617,0.5106382978723404,0.0,0.0506484740881968,0.6229176681235806,0.6500237074181658,0.33678307110588873,0.35033609075318134,1236,1169,67,67,False,False,False,False,False,Mixed/other profile,Low availability,Low availability,0.1012969481763936,0.0,0.4613109544622581,1.0,1.0,47.0,1.0,19.714698402177905,19.278376554674654,0.425531914893617,0.0,0.500033867740237,1.0
090611,HUANCAVELICA,HUAYTARA,SAN FRANCISCO DE SANGAYAICO,6.0,1.0,1.0,0.0,0.0,33.0,33.0,1.0,22.147906859526017,22.353338401108303,0.9090909090909092,0.0,0.0639112585504727,0.6093650714807199,0.632796836974215,0.3366381650155963,0.3483540477623438,1237,1189,48,48,True,False,False,False,False,Missing-dominant activity,Low availability,Low availability,0.1278225171009454,0.0,0.4419501021153142,1.0,1.0,33.0,1.0,22.147906859526017,22.353338401108303,0.9090909090909091,0.0,0.4754240528203071,1.0
210307,PUNO,CARABAYA,ITUATA,8.0,1.0,1.0,0.0,0.0,208.0,208.0,1.0,20.04522325538188,19.467253896232684,0.4711538461538461,0.0576923076923076,0.0639112585504727,0.6091801074326876,0.6336483384344285,0.33654568299158016,0.34877979849245055,1238,1181,57,57,True,False,False,False,False,Missing-dominant activity,Low availability,Low availability,0.1278225171009454,0.0,0.466411142486257,0.9423076923076924,1.0,208.0,1.0,20.01395097216297,19.363310164748682,0.46153846153846156,0.052884615384615384,0.4993053186425902,0.9471153846153846
060415,CAJAMARCA,CHOTA,QUEROCOTO,0.0,0.0,0.0,0.0,0.0,62.0,62.0,1.0,25.239777966894422,23.799644324698043,0.9193548387096774,0.1451612903225806,0.1145597326386695,0.5580169349323314,0.7251127712725982,0.33628833378550044,0.41983625195563384,1239,609,630,630,False,False,False,False,False,Mixed/other profile,Low availability,High availability,0.2291194652773391,0.0,0.4308076028987223,0.8548387096774194,1.0,62.0,1.0,10.144665954003342,9.958922448179536,0.0,0.0,0.6073039589608545,1.0
060414,CAJAMARCA,CHOTA,PION,0.0,0.0,0.0,0.0,0.0,16.0,16.0,1.0,23.7655215155105,24.426616670156506,0.9375,0.0,0.0741986734039763,0.5983245153336259,0.6720838541446192,0.3362615943688011,0.3731412637742978,1240,967,273,273,False,False,False,False,False,Mixed/other profile,Low availability,Medium availability,0.1483973468079527,0.0,0.426177879048037,1.0,1.0,16.0,1.0,16.191507764160026,15.924438177541473,0.0,0.0,0.5315483630637419,1.0
101103,HUANUCO,YAROWILCA,CHACABAMBA,0.0,0.0,0.0,0.0,0.0,55.0,55.0,1.0,20.36625301305632,20.24686906638288,0.5454545454545454,0.0,0.0506484740881968,0.6216353530874599,0.6436312653469598,0.33614191358782836,0.3471398697175783,1241,1198,43,43,False,False,False,False,False,Mixed/other profile,Low availability,Low availability,0.1012969481763936,0.0,0.4594790758392285,1.0,1.0,55.0,1.0,19.99107064172558,20.369082344722017,0.6181818181818182,0.0,0.490901807638514,1.0
130613,LA LIBERTAD,OTUZCO,SINSICAP,0.0,0.0,0.0,0.0,0.0,92.0,92.0,1.0,21.315394145955583,21.496730945307423,0.6304347826086957,0.0217391304347826,0.0639112585504727,0.6076940435931684,0.6275739754523835,0.3358026510718205,0.34574261700142805,1242,1214,28,28,False,False,False,False,False,Mixed/other profile,Low availability,Low availability,0.1278225171009454,0.0,0.4488796896051474,0.9782608695652174,1.0,92.0,1.0,21.37090836558403,21.496730945307426,0.6304347826086957,0.03260869565217391,0.48193797735433674,0.967391304347826
020104,ANCASH,HUARAZ,HUANCHAY,4.0,1.0,1.0,0.0,0.0,134.0,134.0,1.0,20.89406478238428,20.367143627678416,0.5671641791044776,0.0,0.0506484740881968,0.62090263732302,0.6545689253601635,0.3357755557056084,0.3526086997241802,1243,1147,96,96,True,False,False,False,False,Missing-dominant activity,Low availability,Low availability,0.1012969481763936,0.0,0.4584323390328858,1.0,1.0,134.0,1.0,17.713091246828714,18.5368858574557,0.26865671641791045,0.0,0.5065270362288051,1.0
040518,AREQUIPA,CAYLLOMA,TUTI,2.0,1.0,1.0,0.0,0.0,106.0,106.0,1.0,17.12779176174437,17.532361221206585,0.2924528301886792,0.0,0.0319556292752363,0.6393781970949242,0.6610096614126268,0.33566691318508024,0.3464826453439316,1244,1207,37,37,True,False,False,False,False,Missing-dominant activity,Low availability,Low availability,0.0639112585504727,0.0,0.4848259958498917,1.0,1.0,106.0,1.0,17.12779176174437,17.532361221206585,0.29245283018867924,0.0,0.515728087732324,1.0
140115,LAMBAYEQUE,CHICLAYO,SA?A,2.0,1.0,1.0,0.0,0.0,38.0,38.0,1.0,22.830769979418967,24.774160866605072,0.7368421052631579,0.0263157894736842,0.0826041033634331,0.5886675866491922,0.6171678465111663,0.3356358450063126,0.34988597493729967,1245,1172,73,73,True,False,False,False,False,Missing-dominant activity,Low availability,Low availability,0.1652082067268663,0.0,0.4236604621304248,0.9736842105263158,1.0,38.0,1.0,25.301048898689206,25.544674847140367,1.0,0.0,0.4530969235873804,1.0
131103,LA LIBERTAD,GRAN CHIMU,MARMOT,0.0,0.0,0.0,0.0,0.0,40.0,40.0,1.0,21.868651576830548,22.732239999988664,0.725,0.0,0.0639112585504727,0.6072759632767158,0.6407391496277971,0.3355936109135943,0.3523252040891349,1246,1150,96,96,False,False,False,False,False,Mixed/other profile,Low availability,Low availability,0.1278225171009454,0.0,0.4389656618238798,1.0,1.0,40.0,1.0,20.38010387922393,20.881637136449186,0.725,0.0,0.4867702137539959,1.0
120605,JUNIN,SATIPO,PAMPA HERMOSA,12.0,1.0,1.0,0.0,0.0,61.0,61.0,1.0,20.799648443238308,16.03440855029406,0.3114754098360656,0.2295081967213114,0.0897107931332828,0.581465898309341,0.6144062217152124,0.3355883457213119,0.3520585074242476,1247,1153,94,94,True,False,False,False,False,Missing-dominant activity,Low availability,Low availability,0.1794215862665657,0.0,0.5004547961796207,0.7704918032786885,1.0,61.0,1.0,19.293859848102795,15.739758721878136,0.2459016393442623,0.19672131147540983,0.5334608787969076,0.8032786885245902
030206,APURIMAC,ANDAHUAYLAS,HUAYANA,0.0,0.0,0.0,0.0,0.0,43.0,43.0,1.0,20.24104933805772,20.484854126065283,0.5348837209302325,0.0,0.0506484740881968,0.6201895244947189,0.6800750921163023,0.33541899929145785,0.3653617831022496,1248,1028,220,220,False,False,False,False,False,Mixed/other profile,Low availability,Medium availability,0.1012969481763936,0.0,0.4574136064210269,1.0,1.0,43.0,1.0,15.12367914224829,14.851521705160941,0.06976744186046512,0.0,0.5429644173090034,1.0
061113,CAJAMARCA,SAN MIGUEL,UNION AGUA BLANCA,8.0,1.0,1.0,0.0,0.0,39.0,39.0,1.0,19.121966663172508,20.576166839197647,0.5641025641025641,0.0,0.0506484740881968,0.6196390203323061,0.6424545153834855,0.3351437472102515,0.3465514947358412,1249,1205,44,44,True,False,False,False,False,Missing-dominant activity,Low availability,Low availability,0.1012969481763936,0.0,0.4566271719032946,1.0,1.0,39.0,1.0,19.121966663172508,20.576166839197647,0.5641025641025641,0.0,0.48922073626212215,1.0
060307,CAJAMARCA,CELENDIN,MIGUEL IGLESIAS,0.0,0.0,0.0,0.0,0.0,28.0,28.0,1.0,23.411979483085087,25.0448411328722,0.7857142857142857,0.0,0.0741986734039763,0.5952062459222727,0.6194873115062804,0.3347024596631245,0.3468429924551284,1250,1200,50,50,False,False,False,False,False,Mixed/other profile,Low availability,Low availability,0.1483973468079527,0.0,0.4217232084603897,1.0,1.0,28.0,1.0,23.411979483085087,25.044841132872197,0.7857142857142857,0.0,0.4564104450089721,1.0
190102,PASCO,PASCO,HUACHON,8.0,1.0,1.0,0.0,0.0,112.0,112.0,1.0,21.52514021688257,21.124979846386463,0.5982142857142857,0.0714285714285714,0.0741986734039763,0.5949500748559525,0.6213825151319774,0.33457437412996444,0.34779059426797687,1251,1196,55,55,True,False,False,False,False,Missing-dominant activity,Low availability,Low availability,0.1483973468079527,0.0,0.451969494692177,0.9285714285714286,1.0,112.0,1.0,20.80925037738695,20.513206402672694,0.5535714285714286,0.07142857142857142,0.4897301236579269,0.9285714285714286
010103,AMAZONAS,CHACHAPOYAS,BALSAS,0.0,0.0,0.0,0.0,0.0,27.0,27.0,1.0,21.887384999652664,23.20380056133953,0.6666666666666666,0.0,0.0639112585504727,0.6047220722722901,0.6320767993461138,0.3343166654113814,0.34799402894829323,1252,1194,58,58,False,False,False,False,False,Mixed/other profile,Low availability,Low availability,0.1278225171009454,0.0,0.4353172461032717,1.0,1.0,27.0,1.0,21.18785399131841,22.491557430091618,0.6666666666666666,0.0,0.47439542763730547,1.0
050904,AYACUCHO,SUCRE,CHILCAYOC,1.0,1.0,1.0,0.0,0.0,15.0,15.0,1.0,17.959754971708655,17.94838334465383,0.0,0.0,0.0319556292752363,0.6364965613367682,0.6583008771032102,0.3342260953060023,0.34512825318922324,1253,1223,30,30,True,False,False,False,False,Missing-dominant activity,Low availability,Low availability,0.0639112585504727,0.0,0.4807093733382404,1.0,1.0,15.0,1.0,17.959754971708655,17.94838334465383,0.0,0.0,0.5118583958617289,1.0
150702,LIMA,HUAROCHIRI,ANTIOQUIA,4.0,1.0,1.0,0.0,0.0,44.0,44.0,1.0,19.377139365927828,20.892813197728398,0.5227272727272727,0.0,0.0506484740881968,0.6177479148155969,0.6406768455525171,0.33419819445189686,0.345662659820357,1254,1215,39,39,True,False,False,False,False,Missing-dominant activity,Low availability,Low availability,0.1012969481763936,0.0,0.4539255925937098,1.0,1.0,44.0,1.0,19.377139365927828,20.892813197728394,0.5227272727272727,0.0,0.4866812079321674,1.0
210604,PUNO,HUANCANE,INCHUPALLA,0.0,0.0,0.0,0.0,0.0,162.0,162.0,1.0,20.88690644001615,20.932192752306847,0.5493827160493827,0.0,0.0506484740881968,0.6175146431638956,0.6103994446854977,0.3340815586260462,0.33052395938684725,1255,1310,-55,55,False,False,False,False,False,Mixed/other profile,Low availability,Low availability,0.1012969481763936,0.0,0.4535923473769937,1.0,1.0,162.0,1.0,22.80760087368178,22.74454073352444,0.6728395061728395,0.06790123456790123,0.4725283072226686,0.9320987654320988
150124,LIMA,LIMA,PUCUSANA,2.0,1.0,1.0,0.0,0.0,13.0,13.0,1.0,23.447774103148333,23.31445541558831,1.0,0.0,0.0639112585504727,0.6041299940683615,0.7360346986527704,0.3340206263094171,0.3999729786016215,1256,744,512,512,True,False,False,False,False,Missing-dominant activity,Low availability,High availability,0.1278225171009454,0.0,0.4344714200976595,1.0,1.0,13.0,1.0,9.097467748689457,9.020590565884394,0.0,0.0,0.6229067123611005,1.0
090615,HUANCAVELICA,HUAYTARA,SANTO DOMINGO DE CAPILLAS,6.0,1.0,1.0,0.0,0.0,69.0,69.0,1.0,21.453149121660147,20.36362648760777,0.5507246376811594,0.0579710144927536,0.0639112585504727,0.6035327008818223,0.643662422010097,0.3337219797161475,0.35378684028028484,1257,1133,124,124,True,False,False,False,False,Missing-dominant activity,Low availability,Low availability,0.1278225171009454,0.0,0.4584628646137834,0.9420289855072465,1.0,69.0,1.0,20.829088706978368,20.36362648760777,0.5507246376811594,0.0,0.49094631715728165,1.0
101102,HUANUCO,YAROWILCA,CAHUAC,0.0,0.0,0.0,0.0,0.0,58.0,58.0,1.0,17.729998223782808,18.139508228163866,0.1551724137931034,0.0,0.0319556292752363,0.635193853641491,0.6400561842912731,0.33357474145836363,0.3360059067832547,1258,1280,-22,22,False,False,False,False,False,Mixed/other profile,Low availability,Low availability,0.0639112585504727,0.0,0.478848362344987,1.0,1.0,58.0,1.0,21.053373501612185,21.00445912007443,0.8275862068965517,0.0,0.48579454898753305,1.0
021204,ANCASH,HUAYLAS,HUAYLAS,2.0,1.0,1.0,0.0,0.0,22.0,22.0,1.0,19.17560387438564,18.18996832121499,0.3636363636363636,0.0,0.0319556292752363,0.6348520879673765,0.656755045487381,0.3334038586213064,0.34435533738130863,1259,1229,30,30,True,False,False,False,False,Missing-dominant activity,Low availability,Low availability,0.0639112585504727,0.0,0.4783601256676807,1.0,1.0,22.0,1.0,19.17560387438564,18.18996832121499,0.36363636363636365,0.0,0.5096500649819727,1.0
100804,HUANUCO,PACHITEA,UMARI,0.0,0.0,0.0,0.0,0.0,77.0,77.0,1.0,22.59037024017869,21.97370656263934,0.7402597402597403,0.0649350649350649,0.0741986734039763,0.5920119599722519,0.6153161154619536,0.3331053166881141,0.344757394432965,1260,1226,34,34,False,False,False,False,False,Mixed/other profile,Low availability,Low availability,0.1483973468079527,0.0,0.444989256361102,0.935064935064935,1.0,77.0,1.0,22.590370240178686,21.97370656263934,0.7402597402597403,0.06493506493506493,0.47828090706067594,0.935064935064935
081005,CUSCO,PARURO,HUANOQUITE,2.0,1.0,1.0,0.0,0.0,148.0,148.0,1.0,18.681331254802657,18.314412103006827,0.3986486486486486,0.0,0.0319556292752363,0.6340130577443257,0.6442056067367925,0.332984343509781,0.3380806180060144,1261,1269,-8,8,True,False,False,False,False,Missing-dominant activity,Low availability,Low availability,0.0639112585504727,0.0,0.4771615110633224,1.0,1.0,148.0,1.0,20.005984590289277,20.26873269013202,0.5472972972972973,0.0,0.49172229533827494,1.0
051107,AYACUCHO,VILCAS HUAMAN,SAURAMA,2.0,1.0,1.0,0.0,0.0,15.0,15.0,1.0,18.571967341785445,18.323891033720155,0.2666666666666666,0.0,0.0319556292752363,0.6339493702234327,0.6389084140810248,0.3329524997493345,0.3354320216781306,1262,1285,-23,23,True,False,False,False,False,Missing-dominant activity,Low availability,Low availability,0.0639112585504727,0.0,0.4770705288906182,1.0,1.0,15.0,1.0,21.099535516166977,21.212424721682062,0.8666666666666667,0.0,0.48415487725860695,1.0
050620,AYACUCHO,LUCANAS,SANTA ANA DE HUAYCAHUACHO,0.0,0.0,0.0,0.0,0.0,7.0,7.0,1.0,18.33004754509958,18.359673047430103,0.2857142857142857,0.0,0.0319556292752363,0.6337092374411967,0.6186151970584847,0.3328324333582165,0.3252854131668605,1263,1331,-68,68,False,False,False,False,False,Mixed/other profile,Low availability,Low availability,0.0639112585504727,0.0,0.4767274820588524,1.0,1.0,7.0,1.0,25.516637132823938,25.23166390204142,1.0,0.0,0.45516456722640675,1.0
140107,LAMBAYEQUE,CHICLAYO,LAGUNAS,2.0,1.0,1.0,0.0,0.0,38.0,38.0,1.0,27.54631445535372,27.45841165914685,1.0,0.0263157894736842,0.0897107931332828,0.5758078837826739,0.6258916726203869,0.33275933845797834,0.35780123287683485,1264,1094,170,170,True,False,False,False,False,Missing-dominant activity,Low availability,Medium availability,0.1794215862665657,0.0,0.4052894580353987,0.9736842105263158,1.0,38.0,1.0,23.33258634006299,23.713064338920802,0.9473684210526315,0.0,0.4655595323148386,1.0
190303,PASCO,OXAPAMPA,HUANCABAMBA,16.0,1.0,1.0,0.0,0.0,91.0,91.0,1.0,22.445631597082823,23.409359970469158,0.6263736263736264,0.1318681318681318,0.1012969481763936,0.564063893636699,0.6585176913314625,0.33268042090654626,0.37990731975392805,1265,913,352,352,True,False,False,False,False,Missing-dominant activity,Low availability,Medium availability,0.2025938963527872,0.0,0.4337490474244836,0.8681318681318682,1.0,91.0,1.0,16.72104890420138,16.91977154263432,0.4065934065934066,0.02197802197802198,0.5215872827498131,0.978021978021978
020511,ANCASH,BOLOGNESI,LA PRIMAVERA,2.0,1.0,1.0,0.0,0.0,13.0,13.0,1.0,18.510407332795257,18.41358709249113,0.3076923076923077,0.0,0.0319556292752363,0.6333482576329013,0.6553414206034858,0.3326519434540688,0.34364852493936104,1266,1233,33,33,True,False,False,False,False,Missing-dominant activity,Low availability,Low availability,0.0639112585504727,0.0,0.4762117966184304,1.0,1.0,13.0,1.0,18.510407332795257,18.41358709249113,0.3076923076923077,0.0,0.5076306008621226,1.0
090311,HUANCAVELICA,ANGARAES,SANTO TOMAS DE PATA,0.0,0.0,0.0,0.0,0.0,47.0,47.0,1.0,23.573577650806467,23.87687709097217,0.723404255319149,0.0,0.0639112585504727,0.6011617102845046,0.6372175269760647,0.3325364844174886,0.3505643927632687,1267,1162,105,105,False,False,False,False,False,Mixed/other profile,Low availability,Low availability,0.1278225171009454,0.0,0.4302310146921494,1.0,1.0,47.0,1.0,22.076181702803616,21.522384167805594,0.6808510638297872,0.0,0.4817393242515211,1.0
100702,HUANUCO,MARAÑON,CHOLON,0.0,0.0,0.0,0.0,0.0,68.0,68.0,1.0,20.75704975875649,13.65595399413602,0.3823529411764705,0.2941176470588235,0.0826041033634331,0.5816038865578614,0.6380284064434644,0.33210399496064724,0.36031625490344876,1268,1073,195,195,False,False,False,False,False,Mixed/other profile,Low availability,Medium availability,0.1652082067268663,0.0,0.528341686679298,0.7058823529411764,1.0,68.0,1.0,19.25424029781806,12.486162669157698,0.38235294117647056,0.20588235294117646,0.5711330176083105,0.7941176470588236
210903,PUNO,MOHO,HUAYRAPATA,0.0,0.0,0.0,0.0,0.0,62.0,62.0,1.0,20.03088722612202,19.227856215232222,0.4354838709677419,0.0483870967741935,0.0506484740881968,0.6134988701365485,0.2641171981670364,0.33207367211237265,0.15738283612761658,1269,1682,-413,413,False,False,False,False,False,Mixed/other profile,Low availability,Very low availability,0.1012969481763936,0.0,0.468592855955438,0.9516129032258064,1.0,62.0,1.0,40.85003466936611,40.00163406109135,1.0,1.0,0.3773102830957663,0.0
100609,HUANUCO,LEONCIO PRADO,PUEBLO NUEVO,0.0,0.0,0.0,0.0,0.0,30.0,30.0,1.0,19.314515690171376,18.657670727046256,0.4333333333333333,0.0,0.0319556292752363,0.6317264477205278,0.6106333817303549,0.33184103849788205,0.3212945055027956,1270,1345,-75,75,False,False,False,False,False,Mixed/other profile,Low availability,Low availability,0.0639112585504727,0.0,0.4738949253150397,1.0,1.0,30.0,1.0,22.377731575390264,22.77110566434687,0.7333333333333333,0.06666666666666667,0.47233340247193556,0.9333333333333333
210104,PUNO,PUNO,ATUNCOLLA,2.0,1.0,1.0,0.0,0.0,109.0,109.0,1.0,18.36337003821201,18.68464573542321,0.1834862385321101,0.0,0.0319556292752363,0.6315484498688921,0.6448414888768612,0.33175203957206423,0.33839855907604877,1271,1265,6,6,True,False,False,False,False,Missing-dominant activity,Low availability,Low availability,0.0639112585504727,0.0,0.473640642669846,1.0,1.0,109.0,1.0,19.96017943919868,20.158180155535312,0.5137614678899083,0.0,0.492630698395516,1.0
060303,CAJAMARCA,CELENDIN,CORTEGANA,6.0,1.0,1.0,0.0,0.0,70.0,70.0,1.0,25.03393140726556,26.89471160986568,0.8714285714285714,0.0428571428571428,0.0897107931332828,0.5734423919567195,0.4385071472701637,0.33157659254500116,0.26410897020172325,1272,1445,-173,173,True,False,False,False,False,Missing-dominant activity,Low availability,Low availability,0.1794215862665657,0.0,0.4089993354483748,0.9571428571428572,1.0,70.0,1.0,30.21131050893452,30.29546232014372,1.0,0.5285714285714286,0.424397965487989,0.4714285714285714
120503,JUNIN,JUNIN,ONDORES,6.0,1.0,1.0,0.0,0.0,177.0,177.0,1.0,22.824206647327717,23.326293576574045,0.7570621468926554,0.0169491525423728,0.0639112585504727,0.5989820657733378,0.6684144296963269,0.3314466621619052,0.36616284412339983,1273,1024,249,249,True,False,False,False,False,Missing-dominant activity,Low availability,Medium availability,0.1278225171009454,0.0,0.4343811593372138,0.9830508474576272,1.0,177.0,1.0,16.56237239013578,16.441140616237067,0.21468926553672316,0.0,0.5263063281376099,1.0
090312,HUANCAVELICA,ANGARAES,SECCLLA,0.0,0.0,0.0,0.0,0.0,34.0,34.0,1.0,22.779381757679367,24.30508359887051,0.7647058823529411,0.0,0.0639112585504727,0.5989464273065135,0.6660156801668222,0.33142884292849306,0.36496346935864743,1274,1032,242,242,False,False,False,False,False,Mixed/other profile,Low availability,Medium availability,0.1278225171009454,0.0,0.4270663247235908,1.0,1.0,34.0,1.0,17.523993630013553,16.787412596794123,0.20588235294117646,0.0,0.5228795430954605,1.0
050615,AYACUCHO,LUCANAS,SAN CRISTOBAL,0.0,0.0,0.0,0.0,0.0,64.0,64.0,1.0,19.62858983903749,21.090743722249226,0.578125,0.015625,0.0506484740881968,0.6118921578169843,0.6348911650422805,0.33127031595259054,0.34276981956523866,1275,1237,38,38,False,False,False,False,False,Mixed/other profile,Low availability,Low availability,0.1012969481763936,0.0,0.4522566540242632,0.984375,1.0,64.0,1.0,19.628589839037495,21.090743722249222,0.578125,0.015625,0.4851123786318293,0.984375
090411,HUANCAVELICA,CASTROVIRREYNA,SANTA ANA,12.0,0.5,0.5,7.0,7.0,222.0,222.0,1.0,26.117329526237075,27.04672215660411,0.8378378378378378,0.3153153153153153,0.1712698283562717,0.4909995097261456,0.6267985275100925,0.33113466904120864,0.3990341779331821,1276,752,524,524,False,False,False,False,False,Mixed/other profile,Low availability,High availability,0.1652082067268663,0.1773314499856771,0.4079915776010575,0.6846846846846847,1.0,222.0,1.0,22.14541559005327,21.953004562961503,0.6981981981981982,0.02702702702702703,0.47843805088314373,0.972972972972973
090310,HUANCAVELICA,ANGARAES,SAN ANTONIO DE ANTAPARCO,0.0,0.0,0.0,0.0,0.0,20.0,20.0,1.0,22.220872436633407,21.961460888593912,0.95,0.0,0.0506484740881968,0.6115616865180473,0.6647919463082385,0.3311050803031221,0.35772021019821765,1277,1095,182,182,False,False,False,False,False,Mixed/other profile,Low availability,Medium availability,0.1012969481763936,0.0,0.4450881235972104,1.0,1.0,20.0,1.0,16.969189869217495,16.966704643008427,0.0,0.0,0.5211313518689121,1.0
140205,LAMBAYEQUE,FERRE?AFE,PITIPO,2.0,1.0,1.0,0.0,0.0,87.0,87.0,1.0,23.042746148040003,22.86806611666607,0.6436781609195402,0.1839080459770115,0.1105483143082043,0.5513627720412898,0.5785495495591595,0.33095554317474707,0.3445489319336819,1278,1228,50,50,True,False,False,False,False,Missing-dominant activity,Low availability,Low availability,0.2210966286164087,0.0,0.4379074083348475,0.8160919540229885,1.0,87.0,1.0,21.735900385927426,22.841284277002348,0.6551724137931034,0.1724137931034483,0.47181955355742,0.8275862068965517
120106,JUNIN,HUANCAYO,CHICCHE,6.0,1.0,1.0,0.0,0.0,19.0,19.0,1.0,24.481488384213822,24.51879350394232,1.0,0.0,0.0639112585504727,0.597854804876701,0.6687671473030973,0.3308830317135868,0.366339202926785,1279,1021,258,258,True,False,False,False,False,Missing-dominant activity,Low availability,Medium availability,0.1278225171009454,0.0,0.4255068641095728,1.0,1.0,19.0,1.0,16.344677874329133,16.390795646810698,0.05263157894736842,0.0,0.5268102104329961,1.0
010106,AMAZONAS,CHACHAPOYAS,CHUQUIBAMBA,0.0,0.0,0.0,0.0,0.0,38.0,38.0,1.0,26.48132726734489,26.722897494646457,0.9736842105263158,0.0526315789473684,0.0897107931332828,0.5713120363283788,0.60891374288332,0.3305114147308308,0.3493122680083014,1280,1177,103,103,False,False,False,False,False,Mixed/other profile,Low availability,Low availability,0.1794215862665657,0.0,0.410145014303699,0.9473684210526316,1.0,38.0,1.0,25.680561058495694,25.62297032419819,0.9736842105263158,0.02631578947368421,0.4525835424648932,0.9736842105263158
010612,AMAZONAS,RODRIGUEZ DE MENDOZA,VISTA ALEGRE,0.0,0.0,0.0,0.0,0.0,17.0,17.0,1.0,21.807516557868755,22.218377321745997,0.5882352941176471,0.0,0.0506484740881968,0.61011738792107,0.6458798655724767,0.3303829310046334,0.34826416983033676,1281,1192,89,89,False,False,False,False,False,Mixed/other profile,Low availability,Low availability,0.1012969481763936,0.0,0.4430248398872429,1.0,1.0,17.0,1.0,18.40396022031583,19.978885136554016,0.47058823529411764,0.0,0.49411409367496684,1.0
050905,AYACUCHO,SUCRE,HUACA?A,1.0,1.0,1.0,0.0,0.0,36.0,36.0,1.0,19.403120285200167,19.202442130573708,0.3611111111111111,0.0,0.0319556292752363,0.6281781843113325,0.6085411734681259,0.33006690679328443,0.3202484013716811,1282,1349,-67,67,True,False,False,False,False,Missing-dominant activity,Low availability,Low availability,0.0639112585504727,0.0,0.4688259775876179,1.0,1.0,36.0,1.0,24.63882028559226,25.608567664593235,0.8055555555555556,0.027777777777777776,0.4526778668592276,0.9722222222222222
150715,LIMA,HUAROCHIRI,SAN ANDRES DE TUPICOCHA,3.0,1.0,1.0,0.0,0.0,47.0,47.0,1.0,18.746739401552595,19.23427456014612,0.4680851063829787,0.0,0.0319556292752363,0.6279738190744095,0.6502893612660207,0.3299647241748229,0.3411224952706285,1283,1248,35,35,True,False,False,False,False,Missing-dominant activity,Low availability,Low availability,0.0639112585504727,0.0,0.4685340272491566,1.0,1.0,47.0,1.0,18.746739401552595,19.23427456014612,0.46808510638297873,0.0,0.5004133732371724,1.0
061104,CAJAMARCA,SAN MIGUEL,CATILLUC,4.0,1.0,1.0,0.0,0.0,33.0,33.0,1.0,21.89967524513789,22.419671871100498,0.7878787878787878,0.0,0.0506484740881968,0.6089968995138071,0.67178961948368,0.32982268680100196,0.3612190467859384,1284,1065,219,219,True,False,False,False,False,Missing-dominant activity,Low availability,Medium availability,0.1012969481763936,0.0,0.4414241421625816,1.0,1.0,33.0,1.0,15.246008059281351,15.965299597752031,0.0,0.0,0.5311280278338286,1.0
240105,TUMBES,TUMBES,SAN JACINTO,12.0,1.0,1.0,0.0,0.0,29.0,29.0,1.0,21.181748801154185,18.665207559007342,0.3793103448275862,0.2068965517241379,0.0897107931332828,0.56960772493027,0.60259783429529,0.3296592590317764,0.3461543137142864,1285,1209,76,76,True,False,False,False,False,Missing-dominant activity,Low availability,Low availability,0.1794215862665657,0.0,0.4738238434964449,0.7931034482758621,1.0,29.0,1.0,19.166247112975647,16.98514169505946,0.2413793103448276,0.20689655172413793,0.5209525711607591,0.7931034482758621
060104,CAJAMARCA,CAJAMARCA,COSPAN,10.0,0.3,0.3,12.0,8.0,104.0,104.0,1.0,27.464654661711407,27.508534843728604,0.9903846153846154,0.2980769230769231,0.1651814695420971,0.4940511264727434,0.7665597229566685,0.32961629800742026,0.4658705962493828,1286,463,823,823,False,False,False,False,False,Mixed/other profile,Low availability,High availability,0.1278225171009454,0.2025404219832489,0.4049631477083149,0.7019230769230769,1.0,104.0,1.0,6.660570359513627,6.802706357924397,0.0,0.0,0.666513889938098,1.0
081002,CUSCO,PARURO,ACCHA,2.0,1.0,1.0,0.0,0.0,83.0,83.0,1.0,19.154453341373998,19.461973642055263,0.4216867469879518,0.0,0.0319556292752363,0.6265212912184639,0.2834545305645603,0.3292384602468501,0.15770507991989832,1287,1681,-394,394,True,False,False,False,False,Missing-dominant activity,Low availability,Very low availability,0.0639112585504727,0.0,0.4664589874549485,1.0,1.0,83.0,1.0,36.4758730028293,37.24445919256862,1.0,0.963855421686747,0.3894445101008349,0.03614457831325302
060906,CAJAMARCA,SAN IGNACIO,SAN JOSE DE LOURDES,30.0,1.0,1.0,0.0,0.0,95.0,95.0,1.0,24.484506203466577,22.31209810266135,0.5684210526315789,0.2631578947368421,0.1278225171009454,0.5306471274634721,0.5540651312105488,0.32923482228220874,0.3409438241557471,1288,1253,35,35,True,False,False,False,False,Missing-dominant activity,Low availability,Low availability,0.2556450342018909,0.0,0.4422778512636068,0.736842105263158,1.0,95.0,1.0,24.484506203466577,22.31209810266135,0.5684210526315789,0.2631578947368421,0.47573214233085914,0.736842105263158
101101,HUANUCO,YAROWILCA,CHAVINILLO,0.0,0.0,0.0,0.0,0.0,125.0,125.0,1.0,24.515304500765623,24.183772010022658,0.888,0.08,0.0826041033634331,0.5755701917734704,0.6384861549041032,0.3290871475684517,0.3605451291337681,1289,1071,218,218,False,False,False,False,False,Mixed/other profile,Low availability,Medium availability,0.1652082067268663,0.0,0.4279574168192432,0.92,1.0,125.0,1.0,21.630310395421322,21.289427852256296,0.752,0.0,0.4835516498630046,1.0
160401,LORETO,MARISCAL RAMON CASTILLA,RAMON CASTILLA,0.0,0.0,0.0,0.0,0.0,96.0,96.0,1.0,26.365424622260736,21.798924138348497,0.5625,0.3645833333333333,0.1547612601997051,0.5031087838393742,0.019914071531308728,0.3289350220195396,0.08733766586550691,1290,1866,-576,576,False,False,False,False,False,Mixed/other profile,Low availability,Very low availability,0.3095225203994102,0.0,0.4464054054848202,0.6354166666666667,1.0,96.0,1.0,300.16026278185024,302.3863493010588,1.0,1.0,0.02844867361615533,0.0
051103,AYACUCHO,VILCAS HUAMAN,CARHUANCA,2.0,1.0,1.0,0.0,0.0,27.0,27.0,1.0,20.38863795063945,19.60694630207866,0.4814814814814814,0.0,0.0319556292752363,0.625604885772147,0.6394978954390179,0.32878025752369167,0.3357267623571271,1291,1282,9,9,True,False,False,False,False,Missing-dominant activity,Low availability,Low availability,0.0639112585504727,0.0,0.465149836817353,1.0,1.0,27.0,1.0,21.26669447394765,21.10537167875885,0.7407407407407407,0.0,0.48499699348431136,1.0
061303,CAJAMARCA,SANTA CRUZ,CATACHE,0.0,0.0,0.0,0.0,0.0,83.0,83.0,1.0,21.56831304878802,20.60408373189661,0.5180722891566265,0.1927710843373494,0.095866887825709,0.5616398552086636,0.39942059651127065,0.32875337151718625,0.24764374216848983,1292,1474,-182,182,False,False,False,False,False,Mixed/other profile,Low availability,Low availability,0.1917337756514181,0.0,0.4563874007283833,0.8072289156626506,1.0,83.0,1.0,30.64231858868624,30.93733676148088,0.9879518072289156,0.6506024096385542,0.4208590277183385,0.3493975903614458
120803,JUNIN,YAULI,HUAY HUAY,2.0,1.0,1.0,0.0,0.0,168.0,168.0,1.0,22.3347316877251,21.95157734767876,0.7142857142857143,0.0178571428571428,0.0506484740881968,0.6062604279293712,0.2610001632378971,0.328454451008784,0.15582431866304694,1293,1693,-400,400,True,False,False,False,False,Missing-dominant activity,Low availability,Very low availability,0.1012969481763936,0.0,0.4451679582664487,0.9821428571428572,1.0,168.0,1.0,40.89337788601369,41.06255620708884,1.0,1.0,0.3728573760541387,0.0
021015,ANCASH,HUARI,SAN PEDRO DE CHANA,1.0,1.0,1.0,0.0,0.0,54.0,54.0,1.0,22.29452417457952,21.479866321457465,0.6111111111111112,0.074074074074074,0.0639112585504727,0.5920909031403144,0.6549561516431323,0.3280010808453936,0.3594337050968025,1294,1082,212,212,True,False,False,False,False,Missing-dominant activity,Low availability,Medium availability,0.1278225171009454,0.0,0.4490187505179095,0.925925925925926,1.0,54.0,1.0,19.152089949401702,18.474982694087103,0.3148148148148148,0.0,0.5070802166330461,1.0
021506,ANCASH,PALLASCA,LACABAMBA,0.0,0.0,0.0,0.0,0.0,28.0,28.0,1.0,20.5347952685075,19.930333132240413,0.4642857142857143,0.0,0.0319556292752363,0.6235837006725371,0.5292972779432913,0.3277696649738867,0.2806264536092638,1295,1417,-122,122,False,False,False,False,False,Mixed/other profile,Low availability,Low availability,0.0639112585504727,0.0,0.4622624295321959,1.0,1.0,28.0,1.0,28.654684941126412,28.497673617833172,1.0,0.25,0.4347103970618448,0.75
021502,ANCASH,PALLASCA,BOLOGNESI,0.0,0.0,0.0,0.0,0.0,31.0,31.0,1.0,23.087424627426227,23.24349054684456,0.935483870967742,0.0,0.0506484740881968,0.6045093932915138,0.6159315248876216,0.3275789336898553,0.3332899994879092,1296,1294,2,2,False,False,False,False,False,Mixed/other profile,Low availability,Low availability,0.1012969481763936,0.0,0.4350134189878768,1.0,1.0,31.0,1.0,25.91019053852579,25.815003812955517,0.967741935483871,0.0,0.45133074983945953,1.0
021504,ANCASH,PALLASCA,HUACASCHUQUE,0.0,0.0,0.0,0.0,0.0,15.0,15.0,1.0,20.162836875529347,20.00036613741805,0.5333333333333333,0.0,0.0319556292752363,0.6231501058445683,0.6138109006098669,0.3275528675599023,0.3228832649425516,1297,1337,-40,40,False,False,False,False,False,Mixed/other profile,Low availability,Low availability,0.0639112585504727,0.0,0.4616430083493833,1.0,1.0,15.0,1.0,26.26480507968296,26.285117247313806,1.0,0.0,0.44830128658552426,1.0
020306,ANCASH,ANTONIO RAIMONDI,SAN JUAN DE RONTOY,0.0,0.0,0.0,0.0,0.0,36.0,36.0,1.0,22.415290054420133,23.339755784264653,0.8333333333333334,0.0,0.0506484740881968,0.6039949985084115,0.6314553247621408,0.3273217362983042,0.34105189942516884,1298,1250,48,48,False,False,False,False,False,Mixed/other profile,Low availability,Low availability,0.1012969481763936,0.0,0.4342785692977308,1.0,1.0,36.0,1.0,21.4636170487688,22.611513792104294,0.75,0.0,0.4735076068030585,1.0
130304,LA LIBERTAD,BOLIVAR,LONGOTEA,2.0,1.0,1.0,0.0,0.0,51.0,51.0,1.0,23.14443069207778,23.419164713378542,0.8431372549019608,0.0,0.0506484740881968,0.6035722046470606,0.6462078967943847,0.32711033936762873,0.3484281854412908,1299,1187,112,112,True,False,False,False,False,Missing-dominant activity,Low availability,Low availability,0.1012969481763936,0.0,0.4336745780672295,1.0,1.0,51.0,1.0,19.802140880031722,19.922560868266906,0.49019607843137253,0.0,0.49458270970626395,1.0
010104,AMAZONAS,CHACHAPOYAS,CHETO,0.0,0.0,0.0,0.0,0.0,20.0,20.0,1.0,20.3777072486518,20.178448028895453,0.5,0.0,0.0319556292752363,0.622054028991246,0.6447246626579721,0.32700482913324114,0.3383401459666042,1300,1266,34,34,False,False,False,False,False,Mixed/other profile,Low availability,Low availability,0.0639112585504727,0.0,0.4600771842732085,1.0,1.0,20.0,1.0,20.3777072486518,20.178448028895453,0.5,0.0,0.4924638037971031,1.0
090616,HUANCAVELICA,HUAYTARA,TAMBO,2.0,1.0,1.0,0.0,0.0,76.0,76.0,1.0,18.513977582537304,18.345727437837432,0.3684210526315789,0.0394736842105263,0.0319556292752363,0.6219606682198994,0.655768672868037,0.32695814874756784,0.34386215107163665,1301,1231,70,70,True,False,False,False,False,Missing-dominant activity,Low availability,Low availability,0.0639112585504727,0.0,0.4768611049757961,0.9605263157894736,1.0,76.0,1.0,17.80208780580637,18.345727437837432,0.35526315789473684,0.0,0.5082409612400529,1.0
021805,ANCASH,SANTA,MORO,6.0,1.0,1.0,0.0,0.0,81.0,81.0,1.0,23.836172959889115,24.874545339184056,0.8148148148148148,0.0246913580246913,0.0639112585504727,0.5886503469576889,0.2966440523868393,0.3262808027540808,0.18027765546865598,1302,1605,-303,303,True,False,False,False,False,Missing-dominant activity,Low availability,Very low availability,0.1278225171009454,0.0,0.4229396490929948,0.9753086419753086,1.0,81.0,1.0,35.96961752457266,36.68111761424079,1.0,0.9259259259259259,0.39203118594945296,0.07407407407407407
010507,AMAZONAS,LUYA,LONGUITA,0.0,0.0,0.0,0.0,0.0,17.0,17.0,1.0,23.94577617823826,23.763093720176517,1.0,0.0,0.0506484740881968,0.6017567707125874,0.6256449109600724,0.3262026224003921,0.3381466925241346,1303,1268,35,35,False,False,False,False,False,Mixed/other profile,Low availability,Low availability,0.1012969481763936,0.0,0.431081101017982,1.0,1.0,17.0,1.0,23.94577617823826,23.763093720176514,1.0,0.0,0.4652070156572462,1.0
050903,AYACUCHO,SUCRE,CHALCOS,1.0,1.0,1.0,0.0,0.0,20.0,20.0,1.0,20.37046085804837,20.467748654599426,0.65,0.0,0.0319556292752363,0.6202929097531803,0.6538301998258822,0.3261242695142083,0.34289291455055926,1304,1236,68,68,True,False,False,False,False,Missing-dominant activity,Low availability,Low availability,0.0639112585504727,0.0,0.4575612996474004,1.0,1.0,20.0,1.0,18.466307851295102,18.655527025480144,0.3,0.0,0.5054717140369746,1.0
120406,JUNIN,JAUJA,CURICACA,2.0,1.0,1.0,0.0,0.0,25.0,25.0,1.0,19.432847699011493,20.46815815711538,0.6,0.0,0.0319556292752363,0.6202904337627234,0.6430668545641968,0.32612303151897987,0.33751124191971654,1305,1271,34,34,True,False,False,False,False,Missing-dominant activity,Low availability,Low availability,0.0639112585504727,0.0,0.4575577625181763,1.0,1.0,25.0,1.0,19.432847699011493,20.46815815711538,0.6,0.0,0.4900955065202811,1.0
030713,APURIMAC,GRAU,VIRUNDO,0.0,0.0,0.0,0.0,0.0,39.0,39.0,1.0,20.197632323787023,20.545165101938604,0.6153846153846154,0.0,0.0319556292752363,0.6198256612971508,0.24592200597357552,0.32589064528619355,0.1389388176244059,1306,1771,-465,465,False,False,False,False,False,Mixed/other profile,Low availability,Very low availability,0.0639112585504727,0.0,0.4568938018530726,1.0,1.0,39.0,1.0,46.753968568390576,46.59523907547108,1.0,1.0,0.3513171513908222,0.0
230302,TACNA,JORGE BASADRE,ILABAYA,61.0,0.0327868852459016,0.0327868852459016,1505.0,1247.0,55.0,55.0,1.0,48.28438607549522,51.41872550672993,1.0,0.9818181818181818,0.4417860029826318,0.2098711934945742,0.239598163711046,0.325828598238603,0.3406920833468389,1307,1257,50,50,False,False,False,True,False,Observed low geospatial access,Low availability,Low availability,0.2678474780495672,0.6157245279156964,0.2920237829143268,0.0181818181818181,1.0,55.0,1.0,48.28438607549522,51.41872550672993,1.0,0.9818181818181818,0.33449088322357223,0.018181818181818188
140309,LAMBAYEQUE,LAMBAYEQUE,PACORA,2.0,1.0,1.0,0.0,0.0,35.0,35.0,1.0,24.023988726358954,23.99706569317276,1.0,0.0,0.0506484740881968,0.6005361006129083,0.6268148878371298,0.32559228735055257,0.3387316809626633,1308,1264,44,44,True,False,False,False,False,Missing-dominant activity,Low availability,Low availability,0.1012969481763936,0.0,0.429337286589869,1.0,1.0,35.0,1.0,23.58163106095546,23.52678306114563,1.0,0.0,0.4668784111958998,1.0
030304,APURIMAC,ANTABAMBA,JUAN ESPINOZA MEDRANO,0.0,0.0,0.0,0.0,0.0,182.0,182.0,1.0,20.055649596330632,18.491077974201385,0.467032967032967,0.2142857142857142,0.0826041033634331,0.568545457646964,0.45715303165163435,0.3255747805051985,0.2698785675075337,1309,1435,-126,126,False,False,False,False,False,Mixed/other profile,Low availability,Low availability,0.1652082067268663,0.0,0.475473102760969,0.7857142857142857,1.0,182.0,1.0,30.648289019209454,29.415239104716367,0.9120879120879121,0.47802197802197804,0.4293708929403255,0.5219780219780219
090309,HUANCAVELICA,ANGARAES,JULCAMARCA,0.0,0.0,0.0,0.0,0.0,24.0,24.0,1.0,21.04028498087196,20.76819369843539,0.7083333333333334,0.0,0.0319556292752363,0.6184888947815921,0.7050060874161561,0.3252222620284142,0.3684808583456962,1310,1003,307,307,False,False,False,False,False,Mixed/other profile,Low availability,Medium availability,0.0639112585504727,0.0,0.4549841354022745,1.0,1.0,24.0,1.0,11.603475101540814,11.922120730498726,0.0,0.0,0.5785801248802231,1.0
020506,ANCASH,BOLOGNESI,CANIS,2.0,1.0,1.0,0.0,0.0,9.0,9.0,1.0,20.97723736324848,20.830558926373207,1.0,0.0,0.0319556292752363,0.6181175461928289,0.6410243050369715,0.3250365877340326,0.3364899671561039,1311,1275,36,36,True,False,False,False,False,Missing-dominant activity,Low availability,Low availability,0.0639112585504727,0.0,0.454453637418327,1.0,1.0,9.0,1.0,20.977237363248477,20.830558926373207,1.0,0.0,0.48717757862424516,1.0
130108,LA LIBERTAD,TRUJILLO,POROTO,2.0,1.0,1.0,0.0,0.0,36.0,36.0,1.0,20.8976191510728,20.83246346963513,0.6111111111111112,0.0,0.0319556292752363,0.6181062224478657,0.6372203471743536,0.325030925861551,0.33458798822479496,1312,1288,24,24,True,False,False,False,False,Missing-dominant activity,Low availability,Low availability,0.0639112585504727,0.0,0.4544374606398081,1.0,1.0,36.0,1.0,21.523565205815878,21.521863608024322,0.7222222222222222,0.0,0.4817433531062194,1.0
150719,LIMA,HUAROCHIRI,SAN JUAN DE IRIS,2.0,1.0,1.0,0.0,0.0,15.0,15.0,1.0,19.51965092199272,20.86174330289333,0.5333333333333333,0.0,0.0319556292752363,0.617932259068166,0.6408501321372206,0.32494394417170114,0.3364028807062285,1313,1276,37,37,True,False,False,False,False,Missing-dominant activity,Low availability,Low availability,0.0639112585504727,0.0,0.4541889415259513,1.0,1.0,15.0,1.0,19.51965092199272,20.861743302893334,0.5333333333333333,0.0,0.4869287601960295,1.0
210108,PUNO,PUNO,HUATA,2.0,1.0,1.0,0.0,0.0,85.0,85.0,1.0,20.862929765705587,21.184109896191867,0.6941176470588235,0.0,0.0319556292752363,0.6160322057451331,0.6377653706576946,0.3239939175101847,0.33486049996646544,1314,1286,28,28,True,False,False,False,False,Missing-dominant activity,Low availability,Low availability,0.0639112585504727,0.0,0.4514745796359044,1.0,1.0,85.0,1.0,21.044660805953814,21.42148721867174,0.7058823529411765,0.0,0.4825219580824208,1.0
150509,LIMA,CA?ETE,MALA,60.0,0.0,0.0,1997.0,1997.0,57.0,57.0,1.0,48.92612922105899,49.57502322818761,1.0,1.0,0.4386134766758108,0.2090643616020256,0.8309524975865117,0.3238389191389182,0.6347829871311612,1315,167,1148,1148,False,False,False,True,False,Observed low geospatial access,Low availability,Very high availability,0.2291194652773391,0.6481074880742825,0.2986633737171795,0.0,1.0,57.0,1.0,3.9410963946784126,3.603109999658201,0.0,0.0,0.758503567980731,1.0
020302,ANCASH,ANTONIO RAIMONDI,ACZO,0.0,0.0,0.0,0.0,0.0,41.0,41.0,1.0,24.412335600368483,26.0102907665196,0.7073170731707317,0.024390243902439,0.0639112585504727,0.5831645928429028,0.6283167619708969,0.3235379256966877,0.3461140102606848,1316,1210,106,106,False,False,False,False,False,Mixed/other profile,Low availability,Low availability,0.1278225171009454,0.0,0.4149738085909065,0.975609756097561,1.0,41.0,1.0,22.346618541328095,23.226738558637173,0.7073170731707317,0.0,0.4690239456727099,1.0
101104,HUANUCO,YAROWILCA,APARICIO POMARES,0.0,0.0,0.0,0.0,0.0,93.0,93.0,1.0,23.22191817520465,21.894380295546487,0.7634408602150538,0.0967741935483871,0.0639112585504727,0.5829091940076883,0.7098711270488325,0.32341022627908045,0.38689119279965256,1317,850,467,467,False,False,False,False,False,Mixed/other profile,Low availability,Medium availability,0.1278225171009454,0.0,0.4456306458174349,0.9032258064516128,1.0,93.0,1.0,11.524361554215673,11.417026423657113,0.03225806451612903,0.0,0.5855301814983321,1.0
090710,HUANCAVELICA,TAYACAJA,?AHUIMPUQUIO,6.0,1.0,1.0,0.0,0.0,19.0,19.0,1.0,25.504935871462227,24.940451220314664,1.0,0.0,0.0506484740881968,0.5957275506440297,0.7997840373987082,0.3231880123661133,0.4252162557434525,1318,585,733,733,True,False,False,False,False,Missing-dominant activity,Low availability,High availability,0.1012969481763936,0.0,0.422467929491471,1.0,1.0,19.0,1.0,4.786414213442895,4.942779218022632,0.0,0.0,0.7139771962838688,1.0
130110,LA LIBERTAD,TRUJILLO,SIMBAL,2.0,1.0,1.0,0.0,0.0,42.0,42.0,1.0,21.744259842097357,21.5857515177447,0.6904761904761905,0.0,0.0319556292752363,0.6137031620034328,0.6368747123640848,0.32282939563933455,0.33441517081966055,1319,1289,30,30,True,False,False,False,False,Missing-dominant activity,Low availability,Low availability,0.0639112585504727,0.0,0.4481473742906182,1.0,1.0,42.0,1.0,21.744259842097353,21.5857515177447,0.6904761904761905,0.0,0.4812495890915497,1.0
130303,LA LIBERTAD,BOLIVAR,CONDORMARCA,0.0,0.0,0.0,0.0,0.0,75.0,75.0,1.0,20.68098532673692,21.67555494013129,0.52,0.0,0.0319556292752363,0.6131880764091517,0.26684890280148826,0.32257185284219403,0.1494022660383623,1320,1725,-405,405,False,False,False,False,False,Mixed/other profile,Low availability,Very low availability,0.0639112585504727,0.0,0.4474115377273597,1.0,1.0,75.0,1.0,39.43663558845053,39.09388856058788,1.0,1.0,0.3812127182878404,0.0
010112,AMAZONAS,CHACHAPOYAS,MAGDALENA,0.0,0.0,0.0,0.0,0.0,46.0,46.0,1.0,21.24156113758748,21.70176367236684,0.5869565217391305,0.0,0.0319556292752363,0.6130381354569789,0.6362495766336994,0.32249688236610763,0.33410260295446786,1321,1291,30,30,False,False,False,False,False,Mixed/other profile,Low availability,Low availability,0.0639112585504727,0.0,0.4471973363671129,1.0,1.0,46.0,1.0,21.241561137587478,21.701763672366837,0.5869565217391305,0.0,0.48035653804814205,1.0
021501,ANCASH,PALLASCA,CABANA,16.0,0.125,0.125,30.0,14.0,109.0,109.0,1.0,29.06154808190587,29.198225220073084,1.0,0.3761467889908257,0.1810860483943253,0.463156185259355,0.34305241293208294,0.32212111682684014,0.2620692306632041,1322,1449,-127,127,False,False,False,False,False,Mixed/other profile,Low availability,Low availability,0.1012969481763936,0.2608751486122569,0.3942860313665753,0.6238532110091743,1.0,109.0,1.0,32.18299773587213,32.71099441164008,1.0,0.8165137614678899,0.41143791624635706,0.1834862385321101
200210,PIURA,AYABACA,SUYO,0.0,0.0,0.0,0.0,0.0,140.0,140.0,1.0,23.3689872070403,23.317328384981597,0.6,0.2357142857142857,0.1105483143082043,0.533400371939783,0.19765574229070668,0.32197434312399364,0.1541020282994555,1323,1703,-380,380,False,False,False,False,False,Mixed/other profile,Low availability,Very low availability,0.2210966286164087,0.0,0.4344495109343839,0.7642857142857142,1.0,140.0,1.0,70.36918745782009,69.69002823337063,1.0,1.0,0.282365346129581,0.0
051003,AYACUCHO,VICTOR FAJARDO,APONGO,2.0,1.0,1.0,0.0,0.0,29.0,29.0,1.0,20.856209279273696,22.05901804348572,0.7586206896551724,0.0,0.0319556292752363,0.6110113584359189,0.6444220457881138,0.3214834938555776,0.33818883753167506,1324,1267,57,57,True,False,False,False,False,Missing-dominant activity,Low availability,Low availability,0.0639112585504727,0.0,0.4443019406227414,1.0,1.0,29.0,1.0,19.503455778325677,20.231038559776266,0.5172413793103449,0.0,0.4920314939830197,1.0
050902,AYACUCHO,SUCRE,BELEN,1.0,1.0,1.0,0.0,0.0,4.0,4.0,1.0,22.4688566291279,22.09008025802435,1.0,0.0,0.0319556292752363,0.6108366224750836,0.6583368844345165,0.32139612587516,0.34514625685487643,1325,1221,104,104,True,False,False,False,False,Missing-dominant activity,Low availability,Low availability,0.0639112585504727,0.0,0.4440523178215481,1.0,1.0,4.0,1.0,18.512706939202257,17.942792458595967,0.25,0.0,0.5119098349064524,1.0
030302,APURIMAC,ANTABAMBA,EL ORO,0.0,0.0,0.0,0.0,0.0,19.0,19.0,1.0,22.3248214726017,22.13685328372897,1.0,0.0,0.0319556292752363,0.6105739506090375,0.7893411770584049,0.3212647899421369,0.4106484031668206,1326,661,665,665,False,False,False,False,False,Mixed/other profile,Low availability,High availability,0.0639112585504727,0.0,0.4436770722986252,1.0,1.0,19.0,1.0,5.447339033743234,5.473795605187713,0.0,0.0,0.69905882436915,1.0
101006,HUANUCO,LAURICOCHA,SAN FRANCISCO DE ASIS,0.0,0.0,0.0,0.0,0.0,147.0,147.0,1.0,25.13536342903825,25.38853685884948,1.0,0.0068027210884353,0.0506484740881968,0.5914637196166022,0.7042335608102062,0.3210560968523995,0.3774410174492015,1327,934,393,393,False,False,False,False,False,Mixed/other profile,Low availability,Medium availability,0.1012969481763936,0.0,0.4192921942044754,0.9931972789115646,1.0,147.0,1.0,11.498105050518255,12.004194507489128,0.0,0.0,0.5774765154431516,1.0
020301,ANCASH,ANTONIO RAIMONDI,LLAMELLIN,0.0,0.0,0.0,0.0,0.0,75.0,75.0,1.0,22.59898727541837,22.475332478194066,0.8933333333333333,0.0,0.0319556292752363,0.60868876908089,0.6586400444833329,0.32032219917806315,0.3452978368792846,1328,1218,110,110,False,False,False,False,False,Mixed/other profile,Low availability,Low availability,0.0639112585504727,0.0,0.4409839558298428,1.0,1.0,75.0,1.0,18.48378248344844,17.895785929554695,0.18666666666666668,0.0,0.5123429206904757,1.0
010510,AMAZONAS,LUYA,LUYA VIEJO,0.0,0.0,0.0,0.0,0.0,1.0,1.0,1.0,22.80882949183871,22.80882949183871,1.0,0.0,0.0319556292752363,0.6068577347537817,0.6304398998196383,0.319406682014509,0.3311977645474373,1329,1305,24,24,False,False,False,False,False,Mixed/other profile,Low availability,Low availability,0.0639112585504727,0.0,0.4383681925054025,1.0,1.0,1.0,1.0,22.80882949183871,22.80882949183871,1.0,0.0,0.4720569997423405,1.0
050502,AYACUCHO,LA MAR,ANCO,0.0,0.0,0.0,0.0,0.0,96.0,96.0,1.0,25.07055051009767,24.721061217135496,0.8125,0.1979166666666666,0.1012969481763936,0.5374550170395995,0.5667031724849579,0.31937598260799654,0.33400006033067575,1330,1292,38,38,False,False,False,False,False,Mixed/other profile,Low availability,Low availability,0.2025938963527872,0.0,0.4240428814851422,0.8020833333333334,1.0,96.0,1.0,22.97991903803863,22.443210932104968,0.625,0.21875,0.47475453212136853,0.78125
010308,AMAZONAS,BONGARA,RECTA,0.0,0.0,0.0,0.0,0.0,30.0,30.0,1.0,22.926209601240373,22.853729584175227,1.0,0.0,0.0319556292752363,0.6066131760984801,0.6302100107205952,0.3192844026868582,0.3310828199979158,1331,1306,25,25,False,False,False,False,False,Mixed/other profile,Low availability,Low availability,0.0639112585504727,0.0,0.4380188229978288,1.0,1.0,30.0,1.0,22.926209601240373,22.853729584175227,1.0,0.0,0.47172858674370755,1.0
090404,HUANCAVELICA,CASTROVIRREYNA,CAPILLAS,9.0,0.7777777777777778,0.7777777777777778,2.0,2.0,135.0,135.0,1.0,27.064997077674885,25.98911536721103,0.925925925925926,0.2444444444444444,0.1210426231416109,0.5172501345323443,0.7376614185487861,0.3191463788369776,0.4293520208451985,1332,564,768,768,False,False,False,False,False,Mixed/other profile,Low availability,High availability,0.1483973468079527,0.0936878994752691,0.4151192398081109,0.7555555555555555,1.0,135.0,1.0,10.166189055198284,8.887882923200255,0.05185185185185185,0.0,0.6252305979268373,1.0
210707,PUNO,LAMPA,PARATIA,0.0,0.0,0.0,0.0,0.0,125.0,125.0,1.0,23.7414693274586,23.29771789573036,0.872,0.056,0.0506484740881968,0.5874193779306429,0.3310883154381891,0.3190339260094199,0.19086839476319295,1333,1577,-244,244,False,False,False,False,False,Mixed/other profile,Low availability,Very low availability,0.1012969481763936,0.0,0.43459911132949,0.944,1.0,125.0,1.0,37.088364591756466,36.97051124337508,1.0,0.808,0.3906975934831274,0.19199999999999995
021403,ANCASH,OCROS,CAJAMARQUILLA,2.0,1.0,1.0,0.0,0.0,16.0,16.0,1.0,22.90809866190165,23.01925019267505,0.875,0.0,0.0319556292752363,0.6057155894656928,0.6293662647404329,0.31883560937046457,0.3306609470078346,1334,1308,26,26,True,False,False,False,False,Missing-dominant activity,Low availability,Low availability,0.0639112585504727,0.0,0.4367365563795612,1.0,1.0,16.0,1.0,22.908098661901654,23.019250192675052,0.875,0.0,0.4705232353434756,1.0
051011,AYACUCHO,VICTOR FAJARDO,SARHUA,8.0,1.0,1.0,0.0,0.0,74.0,74.0,1.0,24.31704048280189,24.30774133082385,0.7972972972972973,0.1216216216216216,0.0741986734039763,0.5624463086927549,0.6856958329940481,0.31832249104836563,0.37994725319901224,1335,911,424,424,True,False,False,False,False,Missing-dominant activity,Low availability,Medium availability,0.1483973468079527,0.0,0.4270468502560592,0.8783783783783784,1.0,74.0,1.0,14.47127559989555,14.137877795650967,0.22972972972972974,0.0,0.5509940471343546,1.0
010302,AMAZONAS,BONGARA,CHISQUILLA,0.0,0.0,0.0,0.0,0.0,49.0,49.0,1.0,23.48989794367656,23.21621181595884,0.979591836734694,0.0,0.0319556292752363,0.6046555290495168,0.6266920546393512,0.31830557916237656,0.32932384195729375,1336,1314,22,22,False,False,False,False,False,Mixed/other profile,Low availability,Low availability,0.0639112585504727,0.0,0.4352221843564525,1.0,1.0,49.0,1.0,23.45183135666369,23.551486453180047,1.0,0.0,0.46670293519907313,1.0
021707,ANCASH,RECUAY,PAMPAS CHICO,4.0,1.0,1.0,0.0,0.0,36.0,36.0,1.0,25.291144449526183,25.2427266787243,1.0,0.0277777777777777,0.0506484740881968,0.585890416709582,0.6185637494583924,0.3182694453988894,0.33460611177329463,1337,1287,50,50,True,False,False,False,False,Missing-dominant activity,Low availability,Low availability,0.1012969481763936,0.0,0.4203196429184506,0.9722222222222222,1.0,36.0,1.0,25.2286190847815,25.2427266787243,1.0,0.0,0.45509107065484633,1.0
010117,AMAZONAS,CHACHAPOYAS,QUINJALCA,0.0,0.0,0.0,0.0,0.0,28.0,28.0,1.0,25.65066327918288,27.021373717673026,0.8928571428571429,0.0,0.0506484740881968,0.5857114719879751,0.610562070145748,0.318179973038086,0.33060527211697244,1338,1309,29,29,False,False,False,False,False,Mixed/other profile,Low availability,Low availability,0.1012969481763936,0.0,0.4081592456971074,1.0,1.0,28.0,1.0,25.650663279182876,27.021373717673022,0.8928571428571429,0.0,0.44366010020821156,1.0
050506,AYACUCHO,LA MAR,LUIS CARRANZA,0.0,0.0,0.0,0.0,0.0,47.0,47.0,1.0,23.031675821391417,23.47631450262306,0.8936170212765957,0.0,0.0319556292752363,0.6032687742008531,0.6612433609980015,0.3176122017380447,0.3465994951366189,1339,1204,135,135,False,False,False,False,False,Mixed/other profile,Low availability,Low availability,0.0639112585504727,0.0,0.4332411060012189,1.0,1.0,47.0,1.0,18.371259598782263,17.496899935013186,0.2765957446808511,0.0,0.5160619442828593,1.0
040512,AREQUIPA,CAYLLOMA,MACA,2.0,1.0,1.0,0.0,0.0,23.0,23.0,1.0,20.87023331883266,21.20550699202221,0.5217391304347826,0.0434782608695652,0.0319556292752363,0.6028635902649262,0.625902941948421,0.31740960977008126,0.32892928561182866,1340,1318,22,22,True,False,False,False,False,Missing-dominant activity,Low availability,Low availability,0.0639112585504727,0.0,0.4512958121797081,0.9565217391304348,1.0,23.0,1.0,20.87023331883266,21.20550699202221,0.5217391304347826,0.043478260869565216,0.48420917172755806,0.9565217391304348
200303,PIURA,HUANCABAMBA,EL CARMEN DE LA FRONTERA,0.0,0.0,0.0,0.0,0.0,56.0,56.0,1.0,22.8609611113936,18.06106310668659,0.4464285714285714,0.3571428571428571,0.1061543026792127,0.5285840977767245,0.3919901877889903,0.3173692002279686,0.2490722452341015,1341,1471,-130,130,False,False,False,False,False,Mixed/other profile,Low availability,Low availability,0.2123086053584255,0.0,0.4796099355994024,0.6428571428571428,1.0,56.0,1.0,31.419760370249445,32.10918112099351,1.0,0.6607142857142857,0.4145778192903943,0.3392857142857143
131203,LA LIBERTAD,VIRU,GUADALUPITO,0.0,0.0,0.0,0.0,0.0,28.0,28.0,1.0,19.220484816376047,15.27665587648325,0.2857142857142857,0.1785714285714285,0.0319556292752363,0.6026533841121495,0.7314089639415333,0.3173045066936929,0.3816822966083848,1342,895,447,447,False,False,False,False,False,Mixed/other profile,Low availability,Medium availability,0.0639112585504727,0.0,0.5088925895479688,0.8214285714285714,1.0,28.0,1.0,13.04195508267684,9.407771429674007,0.21428571428571427,0.0,0.6162985199164763,1.0
080708,CUSCO,CHUMBIVILCAS,VELILLE,10.0,1.0,1.0,0.0,0.0,315.0,315.0,1.0,23.582280393564137,22.66831042717996,0.8253968253968254,0.1238095238095238,0.0639112585504727,0.5704832380597656,0.5554444157727205,0.3171972483051192,0.3096778371615966,1343,1369,-26,26,True,False,False,False,False,Missing-dominant activity,Low availability,Low availability,0.1278225171009454,0.0,0.4394658502894611,0.8761904761904762,1.0,315.0,1.0,25.27245270821569,24.095927787030853,0.8476190476190476,0.22857142857142856,0.4628797776344987,0.7714285714285715
230106,TACNA,TACNA,PACHIA,0.0,0.0,0.0,0.0,0.0,30.0,30.0,1.0,23.774817434703163,17.33229851553049,0.4,0.3,0.0826041033634331,0.5507870744983591,0.5723340290026369,0.3166955889308961,0.32746906618303495,1344,1325,19,19,False,False,False,False,False,Mixed/other profile,Low availability,Low availability,0.1652082067268663,0.0,0.4868386778547987,0.7,1.0,30.0,1.0,23.774817434703163,17.33229851553049,0.4,0.3,0.5176200414323384,0.7
210402,PUNO,CHUCUITO,DESAGUADERO,62.0,0.032258064516129,0.032258064516129,4304.0,1016.0,109.0,109.0,1.0,40.73550788716276,40.838000154569706,1.0,1.0,0.3992109405342047,0.2336817707329433,0.2616533078275537,0.316446355633574,0.3304321241808792,1345,1312,33,33,False,False,False,True,False,Observed low geospatial access,Low availability,Low availability,0.1483973468079527,0.6500245342604567,0.3338311010470619,0.0,1.0,109.0,1.0,40.73550788716276,40.838000154569706,1.0,1.0,0.3737904397536481,0.0
150707,LIMA,HUAROCHIRI,HUACHUPAMPA,4.0,1.0,1.0,0.0,0.0,17.0,17.0,1.0,25.27237324393787,24.295061742625556,1.0,0.0588235294117647,0.0506484740881968,0.5813507858036502,0.6054044169080132,0.3159996299459235,0.328026445498105,1346,1321,25,25,True,False,False,False,False,Missing-dominant activity,Low availability,Low availability,0.1012969481763936,0.0,0.4271397780388281,0.9411764705882352,1.0,17.0,1.0,25.27237324393787,24.295061742625553,1.0,0.058823529411764705,0.46150210818791804,0.9411764705882353
020505,ANCASH,BOLOGNESI,CAJACAY,6.0,1.0,1.0,0.0,0.0,84.0,84.0,1.0,21.603622580511693,19.24733661898375,0.4285714285714285,0.2023809523809523,0.0639112585504727,0.5671757675306621,0.650210620028906,0.3155435130405674,0.3570609392896893,1347,1099,248,248,True,False,False,False,False,Missing-dominant activity,Low availability,Medium availability,0.1278225171009454,0.0,0.4684143617784969,0.7976190476190477,1.0,84.0,1.0,20.21828255726857,19.24733661898375,0.42857142857142855,0.0,0.50030088575558,1.0
050706,AYACUCHO,PARINACOCHAS,PUYUSCA,0.0,0.0,0.0,0.0,0.0,85.0,85.0,1.0,26.679977108129258,25.96800661448537,1.0,0.1411764705882353,0.0826041033634331,0.5483320876614168,0.5728843530044121,0.31546809551242494,0.32774422818392257,1348,1323,25,25,False,False,False,False,False,Mixed/other profile,Low availability,Low availability,0.1652082067268663,0.0,0.4152643269112679,0.8588235294117648,1.0,85.0,1.0,26.679977108129258,25.968006614485372,1.0,0.1411764705882353,0.4503389916869752,0.8588235294117648
060803,CAJAMARCA,JAEN,CHONTALI,63.0,0.0317460317460317,0.0317460317460317,71.0,71.0,67.0,67.0,1.0,31.197640200603256,31.41241209619466,1.0,0.6417910447761194,0.2565522978720841,0.374278306844979,0.830220213494979,0.31541530235853155,0.5433862556835316,1349,329,1020,1020,False,False,False,True,False,Observed low geospatial access,Low availability,Very high availability,0.1483973468079527,0.3647072489362155,0.3811651718254497,0.3582089552238806,1.0,67.0,1.0,3.909792045599708,3.6308187182065317,0.0,0.0,0.7574574478499702,1.0
140116,LAMBAYEQUE,CHICLAYO,CAYALTI,2.0,1.0,1.0,0.0,0.0,31.0,31.0,1.0,24.71070302398241,24.928013130190287,0.967741935483871,0.0967741935483871,0.0639112585504727,0.5667575460187282,0.5543766303100596,0.3153344022846004,0.30914394443026616,1350,1372,-22,22,True,False,False,False,False,Missing-dominant activity,Low availability,Low availability,0.1278225171009454,0.0,0.4225568629760633,0.9032258064516128,1.0,31.0,1.0,28.654255030336213,28.870751603894483,1.0,0.16129032258064516,0.43251961012036166,0.8387096774193549
021505,ANCASH,PALLASCA,HUANDOVAL,0.0,0.0,0.0,0.0,0.0,57.0,57.0,1.0,23.766761663293867,23.36631285622295,1.0,0.0175438596491228,0.0319556292752363,0.5985902905110232,0.41780025949041677,0.31527295989312976,0.22487794438282654,1351,1514,-163,163,False,False,False,False,False,Mixed/other profile,Low availability,Very low availability,0.0639112585504727,0.0,0.4340763548653714,0.9824561403508772,1.0,57.0,1.0,29.94963766816339,30.38046091978169,1.0,0.5964912280701754,0.4239251827306706,0.4035087719298246
100401,HUANUCO,HUACAYBAMBA,HUACAYBAMBA,6.0,1.0,1.0,0.0,0.0,129.0,129.0,1.0,25.49485003680148,25.58625102893177,0.8992248062015504,0.1007751937984496,0.0639112585504727,0.5623030674027086,0.6210569719200183,0.3131071629765907,0.34248411523524547,1352,1239,113,113,True,False,False,False,False,Missing-dominant activity,Low availability,Low availability,0.1278225171009454,0.0,0.4179080364889193,0.8992248062015504,1.0,129.0,1.0,22.959223174445004,22.824562459622072,0.7441860465116279,0.031007751937984496,0.4719418535734482,0.9689922480620154
120802,JUNIN,YAULI,CHACAPALPA,2.0,1.0,1.0,0.0,0.0,149.0,149.0,1.0,24.077928779245138,24.12673134434432,0.87248322147651,0.0201342281879194,0.0319556292752363,0.5938242564415024,0.34146280200408186,0.31288994285836935,0.1867092156396591,1353,1585,-232,232,True,False,False,False,False,Missing-dominant activity,Low availability,Very low availability,0.0639112585504727,0.0,0.4283778927112546,0.9798657718120806,1.0,149.0,1.0,33.64924628281423,32.40645983157071,1.0,0.825503355704698,0.41301972673641607,0.17449664429530198
101003,HUANUCO,LAURICOCHA,JIVIA,1.0,0.0,0.0,2.0,2.0,117.0,117.0,1.0,27.218089254036148,27.115253596364145,1.0,0.1282051282051282,0.0787995790128709,0.5468157836920681,0.7508749727461423,0.3128076813524695,0.41483727587950664,1354,634,720,720,False,False,False,False,False,Mixed/other profile,Low availability,High availability,0.0639112585504727,0.0936878994752691,0.4075390316480093,0.8717948717948718,1.0,117.0,1.0,7.70763145471998,7.873034434981516,0.0,0.0,0.6441071039230606,1.0
120502,JUNIN,JUNIN,CARHUAMAYO,4.0,1.0,1.0,0.0,0.0,90.0,90.0,1.0,24.581026399098867,25.488120352101014,0.9222222222222224,0.0,0.0319556292752363,0.5930156169485306,0.61742808477194,0.31248562311188344,0.32469185702358816,1355,1333,22,22,True,False,False,False,False,Missing-dominant activity,Low availability,Low availability,0.0639112585504727,0.0,0.4185937384979009,1.0,1.0,90.0,1.0,24.581026399098867,25.488120352101014,0.9222222222222223,0.0,0.4534686925313429,1.0
040601,AREQUIPA,CONDESUYOS,CHUQUIBAMBA,44.0,0.0,0.0,111.0,85.0,53.0,53.0,1.0,33.30981948603856,32.89353743141798,1.0,0.7547169811320755,0.2902379086848937,0.334600571346579,0.36799667958996496,0.31241924001573634,0.3291172941374293,1356,1317,39,39,False,False,False,True,False,Observed low geospatial access,Low availability,Low availability,0.1897228399593951,0.3907529774103924,0.3728795224088596,0.2452830188679244,1.0,53.0,1.0,32.999114354109196,32.505830897641836,1.0,0.7358490566037735,0.41250199510156715,0.26415094339622647
021005,ANCASH,HUARI,HUACACHI,0.0,0.0,0.0,0.0,0.0,48.0,48.0,1.0,25.466483908741093,25.66487240193217,1.0,0.0,0.0319556292752363,0.5921523375650701,0.616616588162092,0.3120539834201532,0.32428610871866415,1357,1335,22,22,False,False,False,False,False,Mixed/other profile,Low availability,Low availability,0.0639112585504727,0.0,0.4173604822358144,1.0,1.0,48.0,1.0,25.466483908741093,25.664872401932172,1.0,0.0,0.4523094116601314,1.0
020203,ANCASH,AIJA,HUACLLAN,2.0,1.0,1.0,0.0,0.0,24.0,24.0,1.0,26.082822955346305,25.82796935456254,1.0,0.0,0.0319556292752363,0.5913608127151407,0.8442002228224501,0.31165822099518853,0.4380779260488432,1358,531,827,827,True,False,False,False,False,Missing-dominant activity,Low availability,High availability,0.0639112585504727,0.0,0.4162297324502011,1.0,1.0,24.0,1.0,3.1196021723730074,3.1295105438839697,0.0,0.0,0.7774288897463573,1.0
210114,PUNO,PUNO,TIQUILLACA,0.0,0.0,0.0,0.0,0.0,152.0,152.0,1.0,22.22089409877117,19.89446524896697,0.5,0.1710526315789473,0.0506484740881968,0.5724905418875903,0.582188190143654,0.31156950798789357,0.3164183321159254,1359,1358,1,1,False,False,False,False,False,Mixed/other profile,Low availability,Low availability,0.1012969481763936,0.0,0.4625804733732493,0.8289473684210527,1.0,152.0,1.0,23.65078917791482,21.118576037181334,0.5723684210526315,0.19078947368421054,0.4848929032127388,0.8092105263157895
050114,AYACUCHO,HUAMANGA,VINCHOS,22.0,1.0,1.0,0.0,0.0,279.0,279.0,1.0,25.841119994629985,24.208427082346475,0.7813620071684588,0.2903225806451613,0.1105483143082043,0.512346402280583,0.5733679238020258,0.3114473582943937,0.3419581190551151,1360,1243,117,117,True,False,False,False,False,Missing-dominant activity,Low availability,Low availability,0.2210966286164087,0.0,0.4277759663916163,0.7096774193548387,1.0,279.0,1.0,24.070757124344357,22.615942671907842,0.7132616487455197,0.1935483870967742,0.473474914187226,0.8064516129032258
021103,ANCASH,HUARMEY,CULEBRAS,6.0,1.0,1.0,0.0,0.0,26.0,26.0,1.0,23.376919260487178,25.389657353481446,0.6153846153846154,0.1153846153846153,0.0639112585504727,0.5588836398471213,0.5995722042761518,0.31139744919879697,0.3317417314133122,1361,1303,58,58,True,False,False,False,False,Missing-dominant activity,Low availability,Low availability,0.1278225171009454,0.0,0.4192843206607227,0.8846153846153846,1.0,26.0,1.0,22.42876086594628,24.37860970469714,0.6153846153846154,0.07692307692307693,0.4609273247901069,0.9230769230769231
020304,ANCASH,ANTONIO RAIMONDI,CHINGAS,0.0,0.0,0.0,0.0,0.0,53.0,53.0,1.0,25.9202600584785,26.083017208584245,1.0,0.0,0.0319556292752363,0.5901326365465447,0.6391563411112697,0.3110441329108905,0.335555985193253,1362,1283,79,79,False,False,False,False,False,Mixed/other profile,Low availability,Low availability,0.0639112585504727,0.0,0.4144751950664924,1.0,1.0,53.0,1.0,20.73507846683665,21.167336789235208,0.6226415094339622,0.0,0.4845090587303854,1.0
020902,ANCASH,CORONGO,ACO,2.0,1.0,1.0,0.0,0.0,7.0,7.0,1.0,26.51052240297512,26.63376101869561,1.0,0.0,0.0319556292752363,0.5875195318791901,0.6122616757430019,0.30973758057721323,0.32210865250911913,1363,1342,21,21,True,False,False,False,False,Missing-dominant activity,Low availability,Low availability,0.0639112585504727,0.0,0.4107421883988431,1.0,1.0,7.0,1.0,26.51052240297512,26.633761018695612,1.0,0.0,0.44608810820428846,1.0
120427,JUNIN,JAUJA,RICRAN,4.0,1.0,1.0,0.0,0.0,61.0,61.0,1.0,23.35779926956197,22.677770988238173,0.8688524590163934,0.1311475409836065,0.0506484740881968,0.5682299593671314,0.5917691468291134,0.3094392167276641,0.3212088104586551,1364,1346,18,18,True,False,False,False,False,Missing-dominant activity,Low availability,Low availability,0.1012969481763936,0.0,0.4393917452317335,0.8688524590163934,1.0,61.0,1.0,23.357799269561966,22.677770988238173,0.8688524590163934,0.13114754098360656,0.47301915589170773,0.8688524590163934
101108,HUANUCO,YAROWILCA,CHORAS,0.0,0.0,0.0,0.0,0.0,61.0,61.0,1.0,26.316330918023677,25.59871003090557,1.0,0.081967213114754,0.0506484740881968,0.5678846470646489,0.6413681775995568,0.3092665605764229,0.3460083258438768,1365,1212,153,153,False,False,False,False,False,Mixed/other profile,Low availability,Low availability,0.1012969481763936,0.0,0.4178211585701074,0.918032786885246,1.0,61.0,1.0,20.338328159425,20.769121619127997,0.5901639344262295,0.0,0.4876688251422241,1.0
150710,LIMA,HUAROCHIRI,LAHUAYTAMBO,4.0,1.0,1.0,0.0,0.0,28.0,28.0,1.0,28.555552653315026,28.748064113911568,1.0,0.0357142857142857,0.0506484740881968,0.5672354524908179,0.5925516288970915,0.30894196328950735,0.32160005149264415,1366,1344,22,22,True,False,False,False,False,Missing-dominant activity,Low availability,Low availability,0.1012969481763936,0.0,0.3970710545787194,0.9642857142857144,1.0,28.0,1.0,28.555552653315026,28.748064113911568,1.0,0.03571428571428571,0.433237020873396,0.9642857142857143
100202,HUANUCO,AMBO,CAYNA,0.0,0.0,0.0,0.0,0.0,136.0,136.0,1.0,25.543805175530636,24.935310191648878,0.9852941176470588,0.1397058823529411,0.0639112585504727,0.5538415134966512,0.6177956483614125,0.30887638602356193,0.34085345345594265,1367,1255,112,112,False,False,False,False,False,Mixed/other profile,Low availability,Low availability,0.1278225171009454,0.0,0.4225046831464765,0.8602941176470589,1.0,136.0,1.0,25.07296428242665,24.935310191648874,0.9852941176470589,0.007352941176470588,0.4571450438776482,0.9926470588235294
050511,AYACUCHO,LA MAR,ORONCCOY,0.0,0.0,0.0,0.0,0.0,36.0,36.0,1.0,19.69053207839077,17.063485822183782,0.3611111111111111,0.0833333333333333,0.0,0.6177045049406269,0.448545137145109,0.30885225247031345,0.2242725685725545,1368,1518,-150,150,False,False,False,False,False,Mixed/other profile,Low availability,Very low availability,0.0,0.0,0.4895778642008955,0.9166666666666666,1.0,36.0,1.0,32.75922899949033,29.92156198279576,1.0,0.5,0.4264930530644415,0.5
090106,HUANCAVELICA,HUANCAVELICA,HUACHOCOLPA,2.0,1.0,1.0,0.0,0.0,88.0,88.0,1.0,24.724307979396453,24.584590087394314,0.8522727272727273,0.1022727272727272,0.0506484740881968,0.5668387401252866,0.6412744367124728,0.3087436071067417,0.3459614554003348,1369,1213,156,156,True,False,False,False,False,Missing-dominant activity,Low availability,Low availability,0.1012969481763936,0.0,0.4250293690101496,0.8977272727272727,1.0,88.0,1.0,21.072374721171126,20.785852485297077,0.6136363636363636,0.0,0.48753490958924695,1.0
080505,CUSCO,CANAS,LAYO,2.0,1.0,1.0,0.0,0.0,128.0,128.0,1.0,21.08242529717483,19.307221290752707,0.4609375,0.140625,0.0319556292752363,0.5853192086453722,0.4175860746829051,0.3086374189603043,0.2247708519790707,1370,1516,-146,146,True,False,False,False,False,Missing-dominant activity,Low availability,Very low availability,0.0639112585504727,0.0,0.4678667266362462,0.859375,1.0,128.0,1.0,31.17452123141989,31.26196893452535,1.0,0.5859375,0.4190961781184359,0.4140625
021509,ANCASH,PALLASCA,PAMPAS,10.0,0.2,0.2,9.0,9.0,77.0,77.0,1.0,28.441702720189287,29.06462791748289,0.8571428571428571,0.4675324675324675,0.1807844909991889,0.4363160034499056,0.501174318341113,0.30855024722454727,0.340979404670151,1371,1252,119,119,False,False,False,False,False,Mixed/other profile,Low availability,Low availability,0.1652082067268663,0.1963607752715114,0.3951082052994941,0.5324675324675325,1.0,77.0,1.0,28.213795574102964,28.942004314255705,1.0,0.33766233766233766,0.43210431377116343,0.6623376623376623
010102,AMAZONAS,CHACHAPOYAS,ASUNCION,0.0,0.0,0.0,0.0,0.0,18.0,18.0,1.0,27.132688295237013,27.318931545136373,1.0,0.0,0.0319556292752363,0.5843403716015974,0.609273213563946,0.30814800043841684,0.3206144214195912,1372,1347,25,25,False,False,False,False,False,Mixed/other profile,Low availability,Low availability,0.0639112585504727,0.0,0.4062005308594247,1.0,1.0,18.0,1.0,27.132688295237013,27.318931545136373,1.0,0.0,0.441818876519923,1.0
040605,AREQUIPA,CONDESUYOS,IRAY,2.0,1.0,1.0,0.0,0.0,28.0,28.0,1.0,26.348267318942906,27.766486283542832,0.8928571428571429,0.0,0.0319556292752363,0.5823050037735076,0.6090293554511437,0.30713031652437195,0.32049249236319,1373,1348,25,25,True,False,False,False,False,Missing-dominant activity,Low availability,Low availability,0.0639112585504727,0.0,0.4032928625335823,1.0,1.0,28.0,1.0,25.967560141701046,27.375585437270246,0.8928571428571429,0.0,0.4414705077873482,1.0
140102,LAMBAYEQUE,CHICLAYO,CHONGOYAPE,30.0,0.1,0.1,113.0,95.0,67.0,67.0,1.0,34.09860599790457,35.26446904519357,1.0,0.7014925373134329,0.2723623027018508,0.3417914272890558,0.779046787510314,0.3070768649954533,0.5257045451060824,1374,359,1015,1015,False,False,False,True,False,Observed low geospatial access,Low availability,Very high availability,0.1483973468079527,0.3963272585957488,0.3603416978329795,0.2985074626865671,1.0,67.0,1.0,6.843172895227133,6.043684863120761,0.014925373134328358,0.0,0.684352553586163,1.0
020512,ANCASH,BOLOGNESI,MANGAS,2.0,1.0,1.0,0.0,0.0,25.0,25.0,1.0,25.22086033062871,25.253806487943,1.0,0.04,0.0319556292752363,0.5821689583528278,0.6065122443818137,0.30706229381403205,0.319233936828525,1375,1353,22,22,True,False,False,False,False,Missing-dominant activity,Low availability,Low availability,0.0639112585504727,0.0,0.4202413690754683,0.96,1.0,25.0,1.0,25.22086033062871,25.253806487943002,1.0,0.04,0.45501749197401964,0.96
050304,AYACUCHO,HUANCA SANCOS,SANTIAGO DE LUCANAMARCA,0.0,0.0,0.0,0.0,0.0,206.0,206.0,1.0,22.64563556306357,21.92152652585297,0.558252427184466,0.2427184466019417,0.0741986734039763,0.5389721003874274,0.40293011003360685,0.30658538689570186,0.23856439171879157,1376,1492,-116,116,False,False,False,False,False,Mixed/other profile,Low availability,Low availability,0.1483973468079527,0.0,0.4454109062400141,0.7572815533980582,1.0,206.0,1.0,32.74628338875073,31.949548154874435,1.0,0.6262135922330098,0.41542026814787114,0.37378640776699024
130302,LA LIBERTAD,BOLIVAR,BAMBAMARCA,2.0,1.0,1.0,0.0,0.0,50.0,50.0,1.0,26.27724710219065,26.85088689283132,0.98,0.08,0.0506484740881968,0.5625036247826737,0.30329364932051,0.30657604943543526,0.1769710617043534,1377,1615,-238,238,True,False,False,False,False,Missing-dominant activity,Low availability,Very low availability,0.1012969481763936,0.0,0.4092908925466767,0.92,1.0,50.0,1.0,34.74479104460178,35.20624250719456,1.0,0.92,0.39899092760072863,0.07999999999999996
160210,LORETO,ALTO AMAZONAS,SANTA CRUZ,22.0,0.0,0.0,3021.0,312.0,51.0,51.0,1.0,44.17510492379258,44.659482404462224,1.0,1.0,0.3876345797551473,0.2223362171006804,0.8251740618259216,0.30498539842791383,0.6064043207905344,1378,211,1167,1167,False,False,False,True,False,Observed low geospatial access,Low availability,Very high availability,0.1917337756514181,0.5835353838588766,0.3176231672866864,0.0,1.0,51.0,1.0,4.125656491942164,3.8263476663839686,0.0,0.0,0.7502486597513165,1.0
080913,CUSCO,LA CONVENCION,VILLA KINTIARINA,2.0,1.0,1.0,0.0,0.0,20.0,20.0,1.0,21.447438636780497,19.76030269804072,0.45,0.05,0.0,0.6096424754452179,0.7146848133979513,0.30482123772260894,0.35734240669897566,1379,1097,282,282,True,False,False,False,False,Missing-dominant activity,Low availability,Medium availability,0.0,0.0,0.46377496492174,0.95,1.0,20.0,1.0,12.65545573622382,10.936697788814865,0.05,0.0,0.5924068762827877,1.0
120214,JUNIN,CONCEPCION,SAN JOSE DE QUERO,12.0,1.0,1.0,0.0,0.0,61.0,61.0,1.0,27.2613429011836,27.10787148940228,0.9836065573770492,0.2295081967213114,0.0897107931332828,0.5164589493213823,0.4898765997616912,0.3030848712273325,0.289793696447487,1380,1398,-18,18,True,False,False,False,False,Missing-dominant activity,Low availability,Low availability,0.1794215862665657,0.0,0.4075877261968225,0.7704918032786885,1.0,61.0,1.0,29.380298350302393,28.815078416462114,1.0,0.3770491803278688,0.4328447912286455,0.6229508196721312
060613,CAJAMARCA,CUTERVO,SANTO TOMAS,24.0,1.0,1.0,0.0,0.0,53.0,53.0,1.0,28.73653156262559,27.86474743056625,1.0,0.320754716981132,0.1182498797882768,0.4856359622262029,0.6404848610229661,0.30194292100723985,0.37936737040562146,1381,919,462,462,True,False,False,False,False,Missing-dominant activity,Low availability,Medium availability,0.2364997595765537,0.0,0.4026605390293465,0.679245283018868,1.0,53.0,1.0,20.460504862321883,20.927287155070516,0.6037735849056604,0.0,0.48640694431852294,1.0
080803,CUSCO,ESPINAR,COPORAQUE,6.0,1.0,1.0,0.0,0.0,516.0,516.0,1.0,23.71753373953512,22.399144783968037,0.6375968992248062,0.2306201550387596,0.0639112585504727,0.5399246733615923,0.5509455664671431,0.3019179659560325,0.3074284125088079,1382,1377,5,5,True,False,False,False,False,Missing-dominant activity,Low availability,Low availability,0.1278225171009454,0.0,0.4415867426760289,0.7693798449612403,1.0,516.0,1.0,24.561069706236093,23.235797072356274,0.6724806201550387,0.25775193798449614,0.4689587826607028,0.7422480620155039
120112,JUNIN,HUANCAYO,COLCA,4.0,1.0,1.0,0.0,0.0,32.0,32.0,1.0,25.904504320828103,26.00872004238486,0.875,0.125,0.0506484740881968,0.5529892146120503,0.7145422851853563,0.30181884435012357,0.3825953796367766,1383,884,499,499,True,False,False,False,False,Missing-dominant activity,Low availability,Medium availability,0.1012969481763936,0.0,0.4149845923029289,0.875,1.0,32.0,1.0,10.693627427418736,10.950649270608316,0.0,0.0,0.5922032645505091,1.0
010202,AMAZONAS,BAGUA,ARAMANGO,0.0,0.0,0.0,0.0,0.0,103.0,103.0,1.0,28.55276174482788,27.278482438886503,0.8446601941747572,0.3980582524271844,0.1381099319544491,0.4651084307021422,0.7089550872661026,0.3016091813282956,0.42353250961027583,1384,592,792,792,False,False,False,False,False,Mixed/other profile,Low availability,High availability,0.2762198639088982,0.0,0.4064655806147108,0.6019417475728155,1.0,103.0,1.0,12.50224094592526,11.510598188124177,0.10679611650485436,0.0,0.5842215532372894,1.0
120124,JUNIN,HUANCAYO,PARIAHUANCA,40.0,1.0,1.0,0.0,0.0,92.0,92.0,1.0,25.410133439588886,26.75696726983392,0.7282608695652174,0.3152173913043478,0.1105483143082043,0.4923768710958449,0.7527298934470765,0.3014625927020246,0.43163910387764043,1385,556,829,829,True,False,False,False,False,Missing-dominant activity,Low availability,High availability,0.2210966286164087,0.0,0.4099172692673561,0.6847826086956521,1.0,92.0,1.0,9.171727310962758,7.508705229409937,0.06521739130434782,0.010869565217391304,0.6514153757318486,0.9891304347826086
021407,ANCASH,OCROS,LLIPA,2.0,1.0,1.0,0.0,0.0,18.0,18.0,1.0,26.35996558544271,26.667523993152656,1.0,0.0555555555555555,0.0319556292752363,0.5706943691188515,0.595446020179863,0.3013249991970439,0.3137008247275497,1386,1361,25,25,True,False,False,False,False,Missing-dominant activity,Low availability,Low availability,0.0639112585504727,0.0,0.4105157654078831,0.9444444444444444,1.0,18.0,1.0,26.35996558544271,26.667523993152656,1.0,0.05555555555555555,0.4458752669236139,0.9444444444444444
100203,HUANUCO,AMBO,COLPAS,0.0,0.0,0.0,0.0,0.0,97.0,97.0,1.0,25.7423659443343,24.98371977809407,0.9690721649484536,0.1958762886597938,0.0639112585504727,0.5367483344295848,0.6265783240529423,0.3003297964900288,0.3452447913017075,1387,1219,168,168,False,False,False,False,False,Mixed/other profile,Low availability,Low availability,0.1278225171009454,0.0,0.4221588871821756,0.8041237113402062,1.0,97.0,1.0,23.309988759919687,23.574381372117053,0.9175257731958762,0.0,0.46654046293277474,1.0
130806,LA LIBERTAD,PATAZ,HUAYO,0.0,0.0,0.0,0.0,0.0,67.0,67.0,1.0,26.96357133786239,26.2237391413132,1.0,0.1791044776119403,0.0639112585504727,0.5357285924831348,0.32379232510393485,0.2998199255168037,0.19385179182720377,1388,1572,-184,184,False,False,False,False,False,Mixed/other profile,Low availability,Very low availability,0.1278225171009454,0.0,0.4135141939524526,0.8208955223880597,1.0,67.0,1.0,33.260652885327374,33.98112325743566,1.0,0.8656716417910447,0.4049911680589261,0.13432835820895528
100704,HUANUCO,MARAÑON,LA MORADA,0.0,0.0,0.0,0.0,0.0,32.0,32.0,1.0,22.809644230298204,21.451397981655816,0.59375,0.15625,0.0319556292752363,0.5676026104733092,0.620850924299863,0.29977911987427275,0.32640327678754966,1389,1328,61,61,False,False,False,False,False,Mixed/other profile,Low availability,Low availability,0.0639112585504727,0.0,0.4492537292475845,0.84375,1.0,32.0,1.0,19.671559941367313,16.539834385156702,0.375,0.15625,0.5253227489998042,0.84375
100103,HUANUCO,HUANUCO,CHINCHAO,10.0,1.0,1.0,0.0,0.0,105.0,105.0,1.0,25.95375072128619,25.35508269549833,0.8761904761904762,0.2285714285714285,0.0741986734039763,0.5250977693515826,0.5494710329077672,0.29964822137777947,0.3118348531558718,1390,1364,26,26,True,False,False,False,False,Missing-dominant activity,Low availability,Low availability,0.1483973468079527,0.0,0.4195274256043017,0.7714285714285715,1.0,105.0,1.0,25.95375072128619,25.355082695498332,0.8761904761904762,0.22857142857142856,0.45434637354170826,0.7714285714285715
150505,LIMA,CAÑETE,CHILCA,0.0,0.0,0.0,0.0,0.0,62.0,62.0,1.0,28.81704360165875,28.34509985841672,0.9838709677419356,0.2741935483870967,0.1012969481763936,0.4974619825539154,0.6943160708944833,0.2993794653651545,0.39780650953543845,1391,762,629,629,False,False,False,False,False,Mixed/other profile,Low availability,Medium availability,0.2025938963527872,0.0,0.3996000672429206,0.7258064516129032,1.0,62.0,1.0,13.01114682799933,13.105318191281864,0.04838709677419355,0.0,0.5633086727064047,1.0
050606,AYACUCHO,LUCANAS,CHIPAO,0.0,0.0,0.0,0.0,0.0,195.0,195.0,1.0,22.771414807578477,24.21547604862812,0.6256410256410256,0.2512820512820513,0.0741986734039763,0.5240222698327626,0.43833899434917134,0.29911047161836946,0.25626883387657384,1392,1462,-70,70,False,False,False,False,False,Mixed/other profile,Low availability,Low availability,0.1483973468079527,0.0,0.4277241217391113,0.7487179487179487,1.0,195.0,1.0,30.38437793418801,30.764854935322255,0.882051282051282,0.5230769230769231,0.4218029589603547,0.4769230769230769
100607,HUANUCO,LEONCIO PRADO,PUCAYACU,0.0,0.0,0.0,0.0,0.0,20.0,20.0,1.0,24.60135510331584,22.70132741338537,0.7,0.25,0.0639112585504727,0.532445148586426,0.7296379247717228,0.2981782035684494,0.39677459166109774,1393,769,624,624,False,False,False,False,False,Mixed/other profile,Low availability,Medium availability,0.1278225171009454,0.0,0.4392073551234657,0.75,1.0,20.0,1.0,11.840551974941757,9.559939378950336,0.15,0.0,0.6137684639596042,1.0
100108,HUANUCO,HUANUCO,SAN PEDRO DE CHAULAN,6.0,1.0,1.0,0.0,0.0,199.0,199.0,1.0,24.996452620408608,24.95165253443094,0.7839195979899497,0.2110552763819095,0.0639112585504727,0.5323549299733168,0.6425873705432286,0.2981330942618947,0.3532493145468506,1394,1140,254,254,True,False,False,False,False,Missing-dominant activity,Low availability,Low availability,0.1278225171009454,0.0,0.422387875554128,0.7889447236180904,1.0,199.0,1.0,20.608533074212225,20.552686848199254,0.592964824120603,0.0,0.48941052934746954,1.0
100905,HUANUCO,PUERTO INCA,YUYAPICHIS,0.0,0.0,0.0,0.0,0.0,69.0,69.0,1.0,23.74514391144174,23.186570258197985,0.5652173913043478,0.3333333333333333,0.0897107931332828,0.5048145095225984,0.528519234991973,0.2972626513279406,0.30911501406262787,1395,1373,22,22,False,False,False,False,False,Mixed/other profile,Low availability,Low availability,0.1794215862665657,0.0,0.4354492993179978,0.6666666666666667,1.0,69.0,1.0,23.65210627196297,23.186570258197985,0.5652173913043478,0.3333333333333333,0.46931319284567563,0.6666666666666667
060603,CAJAMARCA,CUTERVO,CHOROS,8.0,1.0,1.0,0.0,0.0,41.0,41.0,1.0,25.54837620878865,25.448408076925727,0.8292682926829268,0.2439024390243902,0.0741986734039763,0.5200396374650305,0.7152505821709163,0.2971191554345034,0.3947246277874463,1396,783,613,613,True,False,False,False,False,Missing-dominant activity,Low availability,Medium availability,0.1483973468079527,0.0,0.4188719559604965,0.7560975609756098,1.0,41.0,1.0,10.457065931272487,10.881477546131787,0.0,0.0,0.5932151173870234,1.0
050301,AYACUCHO,HUANCA SANCOS,SANCOS,0.0,0.0,0.0,0.0,0.0,237.0,237.0,1.0,23.953424074543868,23.59293511466538,0.6118143459915611,0.3459915611814346,0.0948614199796975,0.4988543135393106,0.23729998576897493,0.29685786675950404,0.1660807028743362,1397,1650,-253,253,False,False,False,False,False,Mixed/other profile,Low availability,Very low availability,0.1897228399593951,0.0,0.43235968841963,0.6540084388185654,1.0,237.0,1.0,49.53838108162934,50.08012647107662,1.0,1.0,0.3389999796699642,0.0
050808,AYACUCHO,PAUCAR DEL SARA SARA,SAN JAVIER DE ALPABAMBA,0.0,0.0,0.0,0.0,0.0,21.0,21.0,1.0,25.53477758196521,26.07279144555749,0.8095238095238095,0.0952380952380952,0.0319556292752363,0.5616102268925657,0.5861926864808564,0.296782928083901,0.3090741578780464,1398,1374,24,24,False,False,False,False,False,Mixed/other profile,Low availability,Low availability,0.0639112585504727,0.0,0.4145452220914204,0.9047619047619048,1.0,21.0,1.0,25.444714562177165,26.072791445557492,0.8095238095238095,0.09523809523809523,0.4496630215032643,0.9047619047619048
210505,PUNO,EL COLLAO,CONDURIRI,0.0,0.0,0.0,0.0,0.0,277.0,277.0,1.0,23.219294441801395,24.096765726829407,0.6606498194945848,0.1949458483754512,0.0506484740881968,0.541535662520116,0.2582113758436376,0.2960920683041564,0.1544299249659172,1399,1701,-302,302,False,False,False,False,False,Mixed/other profile,Low availability,Very low availability,0.1012969481763936,0.0,0.4285991671896447,0.8050541516245487,1.0,277.0,1.0,44.37491483499523,46.0294952783097,1.0,0.9638989169675091,0.35340150133412906,0.03610108303249093
150508,LIMA,CAÑETE,LUNAHUANA,0.0,0.0,0.0,0.0,0.0,23.0,23.0,1.0,22.831888222549324,21.832566068887516,0.6521739130434783,0.1739130434782608,0.0319556292752363,0.5601184763334697,0.6500527433814611,0.296037052804353,0.3410041863283487,1400,1251,149,149,False,False,False,False,False,Mixed/other profile,Low availability,Low availability,0.0639112585504727,0.0,0.4461319848242114,0.8260869565217391,1.0,23.0,1.0,18.123300573785134,19.273551531845364,0.43478260869565216,0.0,0.5000753476878017,1.0
020906,ANCASH,CORONGO,YANAC,2.0,1.0,1.0,0.0,0.0,12.0,12.0,1.0,27.096300485238952,27.18874999695945,1.0,0.0833333333333333,0.0319556292752363,0.559938446731364,0.5848354138777015,0.29594703800330013,0.30839552157646893,1401,1375,26,26,True,False,False,False,False,Missing-dominant activity,Low availability,Low availability,0.0639112585504727,0.0,0.4070549239019486,0.9166666666666666,1.0,12.0,1.0,27.096300485238952,27.18874999695945,1.0,0.08333333333333333,0.44262201982528804,0.9166666666666666
021002,ANCASH,HUARI,ANRA,0.0,0.0,0.0,0.0,0.0,27.0,27.0,1.0,27.269192189392857,27.951347872115974,1.0,0.074074074074074,0.0319556292752363,0.5592513027685697,0.5843561090704743,0.295603466021903,0.3081558691728553,1402,1376,26,26,False,False,False,False,False,Mixed/other profile,Low availability,Low availability,0.0639112585504727,0.0,0.4021050357011313,0.925925925925926,1.0,27.0,1.0,27.269192189392857,27.951347872115978,1.0,0.07407407407407407,0.4379690447038521,0.9259259259259259
160206,LORETO,ALTO AMAZONAS,LAGUNAS,28.0,0.0,0.0,4857.0,1229.0,65.0,65.0,1.0,83.65479793823094,82.30427977819132,1.0,1.0,0.4462510594004805,0.1442874547007655,0.7492737351127673,0.295269257050623,0.597762397256624,1403,227,1176,1176,False,False,False,True,False,Observed low geospatial access,Low availability,Very high availability,0.2291194652773391,0.6633826535236219,0.2061249352868079,0.0,1.0,65.0,1.0,10.683524222605335,7.025806821327746,0.16923076923076924,0.046153846153846156,0.6615998413698874,0.9538461538461538
021209,ANCASH,HUAYLAS,SANTO TORIBIO,4.0,1.0,1.0,0.0,0.0,17.0,17.0,1.0,26.225743286568427,25.58376686496693,1.0,0.1764705882352941,0.0506484740881968,0.5396065781131892,0.5640471100967998,0.29512752610069304,0.3073477920924983,1404,1378,26,26,True,False,False,False,False,Missing-dominant activity,Low availability,Low availability,0.1012969481763936,0.0,0.4179253636911106,0.8235294117647058,1.0,17.0,1.0,26.225743286568427,25.58376686496693,1.0,0.17647058823529413,0.4528404093819829,0.8235294117647058
050602,AYACUCHO,LUCANAS,AUCARA,0.0,0.0,0.0,0.0,0.0,175.0,175.0,1.0,25.752159020443205,26.46699982849736,0.8228571428571428,0.2457142857142857,0.0741986734039763,0.5145909371100617,0.3437836417817104,0.294394805257019,0.20899115759284334,1405,1545,-140,140,False,False,False,False,False,Mixed/other profile,Low availability,Very low availability,0.1483973468079527,0.0,0.411864604034782,0.7542857142857142,1.0,175.0,1.0,38.41483928010623,38.049509605366694,1.0,0.7542857142857143,0.38581336581060677,0.24571428571428566
120810,JUNIN,YAULI,YAULI,2.0,1.0,1.0,0.0,0.0,95.0,95.0,1.0,26.071245961153053,27.870725434617608,0.8210526315789474,0.2526315789473684,0.0826041033634331,0.5060460238067352,0.3426739193370679,0.29432506358508415,0.2126390113502505,1406,1537,-131,131,True,False,False,False,False,Missing-dominant activity,Low availability,Very low availability,0.1652082067268663,0.0,0.4026221392727797,0.7473684210526316,1.0,95.0,1.0,35.292364694483176,34.21697295078295,1.0,0.8,0.40381988476723996,0.19999999999999996
060811,CAJAMARCA,JAEN,SAN JOSE DEL ALTO,62.0,0.0967741935483871,0.0967741935483871,115.0,72.0,55.0,55.0,1.0,35.48370488371998,36.06243821681295,1.0,0.8545454545454545,0.2937882464864373,0.2930503278919747,0.8643082084291442,0.293419287189206,0.5790482274577908,1407,261,1146,1146,False,False,False,True,False,Observed low geospatial access,Low availability,Very high availability,0.2025938963527872,0.3849825966200874,0.3563056632223016,0.1454545454545455,1.0,55.0,1.0,2.6605003661822546,2.5020956649723165,0.0,0.0,0.8061545834702062,1.0
010109,AMAZONAS,CHACHAPOYAS,LA JALCA,0.0,0.0,0.0,0.0,0.0,171.0,171.0,1.0,30.06850830099401,28.94983418740384,1.0,0.3216374269005848,0.1061543026792127,0.4805810803033221,0.5059498882807897,0.2933676914912674,0.3060520954800012,1408,1379,29,29,False,False,False,False,False,Mixed/other profile,Low availability,Low availability,0.2123086053584255,0.0,0.3958175833907109,0.6783625730994152,1.0,171.0,1.0,30.068508300994015,28.949834187403837,1.0,0.3216374269005848,0.43205873764423586,0.6783625730994152
160301,LORETO,LORETO,NAUTA,0.0,0.0,0.0,0.0,0.0,195.0,195.0,1.0,36.36309875641536,29.98252893423888,0.7333333333333333,0.4974358974358974,0.1624628256797776,0.4234412768413007,0.1490113903889994,0.29295205126053914,0.1557371080343885,1409,1694,-285,285,False,False,False,False,False,Mixed/other profile,Low availability,Very low availability,0.3249256513595553,0.0,0.3895314943886713,0.5025641025641026,1.0,195.0,1.0,100.75176780920717,104.31701250686832,1.0,1.0,0.21287341484142774,0.0
210109,PUNO,PUNO,MA?AZO,1.0,1.0,1.0,0.0,0.0,155.0,155.0,1.0,25.82844400274771,24.15565570973773,0.7419354838709677,0.3225806451612903,0.0826041033634331,0.5029409965469236,0.2643213450019661,0.2927725499551783,0.1734627241826996,1410,1628,-218,218,True,False,False,False,False,Missing-dominant activity,Low availability,Very low availability,0.1652082067268663,0.0,0.4281645572790152,0.6774193548387097,1.0,155.0,1.0,41.825579718514504,39.93309120777558,1.0,1.0,0.37760192143138016,0.0
160510,LORETO,REQUENA,JENARO HERRERA,0.0,0.0,0.0,0.0,0.0,24.0,24.0,1.0,25.90773343478368,26.169078023962527,0.9166666666666666,0.125,0.0319556292752363,0.5522208213799382,0.12067185971143012,0.29208822532758727,0.07631374449333321,1411,1870,-459,459,False,False,False,False,False,Mixed/other profile,Low availability,Very low availability,0.0639112585504727,0.0,0.413886887685626,0.875,1.0,24.0,1.0,130.49350316083658,131.8518889905538,1.0,1.0,0.17238837101632876,0.0
120699,JUNIN,SATIPO,MAZAMARI - PANGOA,0.0,0.0,0.0,0.0,0.0,355.0,355.0,1.0,20.91166806568963,14.59725095324138,0.4309859154929577,0.2732394366197183,0.0,0.579787402904758,0.601766508543264,0.289893701452379,0.300883254271632,1412,1389,23,23,False,False,False,False,False,Mixed/other profile,Low availability,Low availability,0.0,0.0,0.5167989055581051,0.7267605633802816,1.0,355.0,1.0,20.842446263093645,14.59725095324138,0.4309859154929577,0.2676056338028169,0.5457831409772986,0.7323943661971831
160606,LORETO,UCAYALI,VARGAS GUERRA,54.0,0.0,0.0,4598.0,3934.0,32.0,32.0,1.0,54.93619616456986,56.85710847042952,1.0,1.0,0.3881238590022768,0.1916035272668176,0.7295631239943612,0.2898636931345472,0.558843491498319,1413,299,1114,1114,False,False,False,True,False,Observed low geospatial access,Low availability,Very high availability,0.0639112585504727,0.7123364594540809,0.2737193246668823,0.0,1.0,32.0,1.0,11.20565887836185,9.566415012824336,0.21875,0.0,0.6136616057062303,1.0
110302,ICA,NAZCA,CHANGUILLO,0.0,0.0,0.0,0.0,0.0,34.0,34.0,1.0,27.03240213015404,25.380926179776296,0.6176470588235294,0.2941176470588235,0.0741986734039763,0.5053066833711306,0.5296875780917689,0.2897526783875535,0.30194312574787263,1414,1387,27,27,False,False,False,False,False,Mixed/other profile,Low availability,Low availability,0.1483973468079527,0.0,0.4193456821268252,0.7058823529411764,1.0,34.0,1.0,26.83240256824025,25.380926179776296,0.6176470588235294,0.29411764705882354,0.45417553172773717,0.7058823529411764
240303,TUMBES,ZARUMILLA,MATAPALO,2.0,1.0,1.0,0.0,0.0,19.0,19.0,1.0,26.07623851155592,22.25967093432457,0.8947368421052632,0.2105263157894736,0.0319556292752363,0.5467288460078015,0.6861240150351959,0.2893422376415189,0.3590398221552161,1415,1084,331,331,True,False,False,False,False,Missing-dominant activity,Low availability,Medium availability,0.0639112585504727,0.0,0.4426953439209194,0.7894736842105263,1.0,19.0,1.0,13.70071172443873,10.64505831541687,0.21052631578947367,0.10526315789473684,0.596718517719453,0.8947368421052632
080404,CUSCO,CALCA,LARES,0.0,0.0,0.0,0.0,0.0,93.0,93.0,1.0,25.70643868252712,24.288516056024772,0.6881720430107527,0.3440860215053763,0.0826041033634331,0.4958056319419889,0.2499248060861454,0.28920486765271103,0.16626445472478923,1416,1649,-233,233,False,False,False,False,False,Mixed/other profile,Low availability,Very low availability,0.1652082067268663,0.0,0.4271877691337169,0.6559139784946236,1.0,93.0,1.0,44.939441615473704,45.05919064653094,1.0,1.0,0.357035437265922,0.0
040306,AREQUIPA,CARAVELI,CAHUACHO,0.0,0.0,0.0,0.0,0.0,29.0,29.0,1.0,26.24948427632323,24.65539098675835,0.6896551724137931,0.2758620689655172,0.0639112585504727,0.5144032279164825,0.5385669890298928,0.2891572432334776,0.3012391237901827,1417,1388,29,29,False,False,False,False,False,Mixed/other profile,Low availability,Low availability,0.1278225171009454,0.0,0.4245169265801967,0.7241379310344828,1.0,29.0,1.0,26.24948427632323,24.65539098675835,0.6896551724137931,0.27586206896551724,0.45903658531364,0.7241379310344828
060411,CAJAMARCA,CHOTA,LLAMA,0.0,0.0,0.0,0.0,0.0,112.0,112.0,1.0,28.771749412315977,28.69779616827132,0.9196428571428572,0.3571428571428571,0.1061543026792127,0.4710264053898588,0.5946054028366994,0.28859035403453576,0.350379852757956,1418,1168,250,250,False,False,False,False,False,Mixed/other profile,Low availability,Low availability,0.2123086053584255,0.0,0.3973846607610228,0.6428571428571428,1.0,112.0,1.0,23.68084096176198,25.79249842524176,0.8125,0.07142857142857142,0.451477106093244,0.9285714285714286
110104,ICA,ICA,OCUCAJE,8.0,1.0,1.0,0.0,0.0,37.0,37.0,1.0,27.13993630734674,21.12553427798528,0.5945945945945946,0.3783783783783784,0.0741986734039763,0.5028618800809319,0.2973062920879782,0.28853027674245413,0.18575248274597725,1419,1586,-167,167,True,False,False,False,False,Missing-dominant activity,Low availability,Very low availability,0.1483973468079527,0.0,0.4519648479920649,0.6216216216216216,1.0,37.0,1.0,40.08757132992196,34.67708928286947,1.0,0.9459459459459459,0.40155725124537434,0.05405405405405406
080911,CUSCO,LA CONVENCION,INKAWASI,0.0,0.0,0.0,0.0,0.0,77.0,77.0,1.0,27.973796612427087,27.528391119004517,0.948051948051948,0.2987012987012987,0.0826041033634331,0.493773437450887,0.2595001005374152,0.28818877040716007,0.17105210195042414,1420,1635,-215,215,False,False,False,False,False,Mixed/other profile,Low availability,Very low availability,0.1652082067268663,0.0,0.4048340386589666,0.7012987012987013,1.0,77.0,1.0,41.309063295886325,41.58286243880868,1.0,1.0,0.37071442933916454,0.0
210310,PUNO,CARABAYA,USICAYOS,0.0,0.0,0.0,0.0,0.0,202.0,202.0,1.0,25.930276648853432,25.51475885236901,0.8663366336633663,0.2376237623762376,0.0506484740881968,0.52159801441586,0.40096320192525686,0.2861232442520284,0.22580583800672682,1421,1511,-90,90,False,False,False,False,False,Mixed/other profile,Low availability,Very low availability,0.1012969481763936,0.0,0.418407347326759,0.7623762376237624,1.0,202.0,1.0,31.324562575472804,33.09995441645315,0.8960396039603961,0.6188118811881188,0.4094382375452751,0.3811881188118812
160701,LORETO,DATEM DEL MARAÑON,BARRANCA,0.0,0.0,0.0,0.0,0.0,88.0,88.0,1.0,34.686994268321605,28.67512429615678,0.6136363636363636,0.4886363636363636,0.1400798337172098,0.4316774850209159,0.20717306053358364,0.28587865936906287,0.1736264471253967,1422,1627,-205,205,False,False,False,False,False,Mixed/other profile,Low availability,Very low availability,0.2801596674344196,0.0,0.3975262773026072,0.5113636363636364,1.0,88.0,1.0,70.23611720553332,72.11712705910699,1.0,0.9545454545454546,0.2764809955674572,0.045454545454545414
060611,CAJAMARCA,CUTERVO,SANTA CRUZ,14.0,1.0,1.0,0.0,0.0,63.0,63.0,1.0,28.730208055858075,28.69301254587552,1.0,0.3492063492063492,0.095866887825709,0.473428267609583,0.6815460011658685,0.284647577717646,0.3887064444957887,1423,828,595,595,True,False,False,False,False,Missing-dominant activity,Low availability,Medium availability,0.1917337756514181,0.0,0.3974145319592682,0.6507936507936508,1.0,63.0,1.0,14.622057813428084,14.661578692765824,0.07936507936507936,0.0,0.5450657159512409,1.0
250302,UCAYALI,PADRE ABAD,IRAZOLA,63.0,0.3174603174603174,0.3174603174603174,47.0,46.0,28.0,28.0,1.0,38.05280997359701,38.0296773598776,1.0,0.7857142857142857,0.2604682150498614,0.3069865135891388,0.6094436854766817,0.2837273643195001,0.43495595026327155,1424,539,885,885,False,False,False,True,False,Observed low geospatial access,Low availability,High availability,0.1917337756514181,0.3292026544483046,0.3467154275763208,0.2142857142857143,1.0,28.0,1.0,22.659437508877534,22.72461379829918,0.7142857142857143,0.07142857142857142,0.4726746527217902,0.9285714285714286
050411,AYACUCHO,HUANTA,PUCACOLPA,0.0,0.0,0.0,0.0,0.0,50.0,50.0,1.0,27.110750447643216,26.92691928512124,0.82,0.34,0.0826041033634331,0.4841497492571802,0.6516195595500685,0.28337692631030664,0.36711183145675075,1425,1013,412,412,False,False,False,False,False,Mixed/other profile,Low availability,Medium availability,0.1652082067268663,0.0,0.4087853560816861,0.6599999999999999,1.0,50.0,1.0,16.648844678272084,16.269726177397516,0.18,0.06,0.5280279422143836,0.94
050617,AYACUCHO,LUCANAS,SAN PEDRO,0.0,0.0,0.0,0.0,0.0,131.0,131.0,1.0,25.290745299919383,22.666991042583174,0.6259541984732825,0.3053435114503817,0.0506484740881968,0.5160302777797687,0.5395659196264575,0.2833393759339828,0.29510719685732717,1426,1392,34,34,False,False,False,False,False,Mixed/other profile,Low availability,Low availability,0.1012969481763936,0.0,0.4394761874498332,0.6946564885496183,1.0,131.0,1.0,25.28879907255627,22.666991042583174,0.6259541984732825,0.3053435114503817,0.47309853294510296,0.6946564885496183
020202,ANCASH,AIJA,CORIS,13.0,0.2307692307692307,0.2307692307692307,11.0,11.0,132.0,132.0,1.0,30.81060522484341,30.4742102139826,1.0,0.5833333333333334,0.1698656916166663,0.3956283026563671,0.7706671300194636,0.2827469971365167,0.470266410818065,1427,448,979,979,False,False,False,True,False,Observed low geospatial access,Low availability,High availability,0.1278225171009454,0.2119088661323873,0.3866118609376673,0.4166666666666666,1.0,132.0,1.0,6.959432489269969,6.544417680717624,0.007575757575757576,0.0,0.6723816143135195,1.0
100112,HUANUCO,HUANUCO,YACUS,0.0,0.0,0.0,0.0,0.0,41.0,41.0,1.0,28.80329512357325,29.17903268477556,1.0,0.2926829268292683,0.0741986734039763,0.4882778663380529,0.6508400347457857,0.28123826987101463,0.362519354074881,1428,1052,376,376,False,False,False,False,False,Mixed/other profile,Low availability,Medium availability,0.1483973468079527,0.0,0.3944039205526192,0.7073170731707317,1.0,41.0,1.0,19.933310656488636,19.14316083915846,0.4146341463414634,0.0,0.5012000496368367,1.0
060810,CAJAMARCA,JAEN,SAN FELIPE,7.0,0.0,0.0,7.0,7.0,82.0,82.0,1.0,29.860331015304972,30.029701952763943,1.0,0.5121951219512195,0.1393141990810354,0.4188160266180912,0.8340521450508027,0.2790651128495633,0.48668317206591905,1429,425,1004,1004,False,False,False,False,False,Mixed/other profile,Low availability,High availability,0.1012969481763936,0.1773314499856771,0.3892493760049388,0.4878048780487805,1.0,82.0,1.0,4.316819865215661,3.487647580552686,0.0,0.0,0.7629316357868612,1.0
081103,CUSCO,PAUCARTAMBO,CHALLABAMBA,2.0,1.0,1.0,0.0,0.0,289.0,289.0,1.0,25.81875416390726,25.759857893903884,0.7370242214532872,0.3321799307958477,0.0639112585504727,0.492036798047066,0.2413767244044418,0.2779740282987694,0.15264399147745725,1430,1711,-281,281,True,False,False,False,False,Missing-dominant activity,Low availability,Very low availability,0.1278225171009454,0.0,0.4167011104083148,0.6678200692041523,1.0,289.0,1.0,48.77847171229287,48.401664652032984,1.0,1.0,0.34482389200634544,0.0
160211,LORETO,ALTO AMAZONAS,TENIENTE CESAR LOPEZ ROJAS,0.0,0.0,0.0,0.0,0.0,34.0,34.0,1.0,27.772963890289287,29.217108972270875,0.8235294117647058,0.4117647058823529,0.1012969481763936,0.4523896666134063,0.6599052155180432,0.27684330739489993,0.38060108184721836,1431,907,524,524,False,False,False,False,False,Mixed/other profile,Low availability,Medium availability,0.2025938963527872,0.0,0.3941701119687317,0.5882352941176471,1.0,34.0,1.0,17.43346547924739,17.70087050822432,0.2647058823529412,0.0,0.5141503078829188,1.0
150302,LIMA,CAJATAMBO,COPA,0.0,0.0,0.0,0.0,0.0,15.0,15.0,1.0,28.44776665570571,27.875714290547386,1.0,0.2666666666666666,0.0506484740881968,0.5018130695821353,0.5268975087108607,0.2762307718351661,0.2887729913995288,1432,1402,30,30,False,False,False,False,False,Mixed/other profile,Low availability,Low availability,0.1012969481763936,0.0,0.4025900994030504,0.7333333333333334,1.0,15.0,1.0,28.44776665570571,27.875714290547382,1.0,0.26666666666666666,0.4384250124440868,0.7333333333333334
040502,AREQUIPA,CAYLLOMA,ACHOMA,2.0,1.0,1.0,0.0,0.0,59.0,59.0,1.0,22.356225644125445,22.19601356495576,0.576271186440678,0.3050847457627119,0.0319556292752363,0.5187170491742923,0.5420961848006862,0.2753363392247643,0.28702590703796127,1433,1405,28,28,True,False,False,False,False,Missing-dominant activity,Low availability,Low availability,0.0639112585504727,0.0,0.4432035327187227,0.6949152542372881,1.0,59.0,1.0,22.356225644125445,22.196013564955756,0.576271186440678,0.3050847457627119,0.47660229789928543,0.6949152542372881
131104,LA LIBERTAD,GRAN CHIMU,SAYAPULLO,0.0,0.0,0.0,0.0,0.0,70.0,70.0,1.0,27.94776076957431,28.459991543787424,1.0,0.3428571428571428,0.0741986734039763,0.4763556948577307,0.7698402376351635,0.2752771841308535,0.42201945551956993,1434,596,838,838,False,False,False,False,False,Mixed/other profile,Low availability,High availability,0.1483973468079527,0.0,0.3988754824498195,0.6571428571428571,1.0,70.0,1.0,6.987409026831181,6.595719026062749,0.0,0.0,0.6712003394788051,1.0
210407,PUNO,CHUCUITO,ZEPITA,0.0,0.0,0.0,0.0,0.0,290.0,290.0,1.0,30.184374998058743,29.66750048616714,0.9206896551724136,0.4862068965517241,0.1182498797882768,0.4281365566543143,0.4536897357881408,0.27319321822129555,0.2859698077882088,1435,1408,27,27,False,False,False,False,False,Mixed/other profile,Low availability,Low availability,0.2364997595765537,0.0,0.3914266080283308,0.5137931034482759,1.0,290.0,1.0,30.184374998058743,29.66750048616714,0.9206896551724137,0.4862068965517241,0.427931149648083,0.5137931034482759
090607,HUANCAVELICA,HUAYTARA,PILPICHACA,28.0,0.5714285714285714,0.5714285714285714,12.0,12.0,597.0,597.0,1.0,36.59218126839922,35.34004215661029,0.9698492462311558,0.7403685092127303,0.2155216928129711,0.3298584160951415,0.630753244234262,0.2726900544540563,0.42313746852361656,1436,594,842,842,False,False,False,True,False,Observed low geospatial access,Low availability,High availability,0.2123086053584255,0.2187347802675168,0.3599556697985151,0.2596314907872696,1.0,597.0,1.0,17.742362366313007,15.733696328315501,0.33835845896147404,0.1423785594639866,0.5335240172477973,0.8576214405360134
130803,LA LIBERTAD,PATAZ,CHILLIA,0.0,0.0,0.0,0.0,0.0,81.0,81.0,1.0,27.65331791704623,28.267958867195667,0.8765432098765432,0.3950617283950617,0.0826041033634331,0.4615431963992095,0.6369041783905185,0.2720736498813213,0.35975414087697577,1437,1077,360,360,False,False,False,False,False,Mixed/other profile,Low availability,Medium availability,0.1652082067268663,0.0,0.4000881641681829,0.6049382716049383,1.0,81.0,1.0,20.806646527316992,21.580297892327316,0.5802469135802469,0.0,0.4812916834150264,1.0
100316,HUANUCO,DOS DE MAYO,QUIVILLA,0.0,0.0,0.0,0.0,0.0,62.0,62.0,1.0,28.875505132360363,28.601516756493325,1.0,0.2258064516129032,0.0319556292752363,0.5108488266618614,0.7819111861648216,0.27140222796854885,0.40693340772002895,1438,687,751,751,False,False,False,False,False,Mixed/other profile,Low availability,High availability,0.0639112585504727,0.0,0.3979868030653321,0.7741935483870968,1.0,62.0,1.0,6.062322891661033,5.880256537442669,0.0,0.0,0.6884445516640308,1.0
120606,JUNIN,SATIPO,PANGOA,130.0,0.5384615384615384,0.5384615384615384,2105.0,1918.0,0.0,0.0,0.0,0.0,0.0,0.0,0.0,0.5418635559144052,0.0,0.0,0.2709317779572026,0.2709317779572026,1439,1432,7,7,False,False,False,False,False,Mixed/other profile,Low availability,Low availability,0.4352253014840846,0.6485018103447258,0.0,0.0,0.0,0.0,0.0,0.0,0.0,0.0,0.0,0.0,0.0
050619,AYACUCHO,LUCANAS,SANCOS,0.0,0.0,0.0,0.0,0.0,213.0,213.0,1.0,29.41263593591908,28.083849025974136,0.8873239436619719,0.431924882629108,0.0897107931332828,0.4513033505708053,0.47644370984575785,0.27050707185204403,0.28307725148952034,1440,1411,29,29,False,False,False,False,False,Mixed/other profile,Low availability,Low availability,0.1794215862665657,0.0,0.4012583076564824,0.568075117370892,1.0,213.0,1.0,29.411583648770918,28.083849025974136,0.8873239436619719,0.431924882629108,0.4371731066207004,0.568075117370892
110503,ICA,PISCO,HUMAY,4.0,1.0,1.0,0.0,0.0,60.0,60.0,1.0,26.079037562451852,27.884674867988824,0.65,0.3833333333333333,0.0741986734039763,0.4667727961240296,0.4260744950266041,0.27048573476400295,0.2501365842152902,1441,1470,-29,29,True,False,False,False,False,Missing-dominant activity,Low availability,Low availability,0.1483973468079527,0.0,0.402532565891471,0.6166666666666667,1.0,60.0,1.0,29.736104221854358,31.873940324500616,0.7666666666666667,0.55,0.41582070718086306,0.44999999999999996
150704,LIMA,HUAROCHIRI,CARAMPOMA,2.0,1.0,1.0,0.0,0.0,59.0,59.0,1.0,24.664904299167656,25.20258137504251,0.6949152542372882,0.288135593220339,0.0319556292752363,0.507981791914317,0.532309871359788,0.2699687105947767,0.28213275031751217,1442,1413,29,29,True,False,False,False,False,Missing-dominant activity,Low availability,Low availability,0.0639112585504727,0.0,0.4206035284005982,0.711864406779661,1.0,59.0,1.0,24.664904299167656,25.20258137504251,0.6949152542372882,0.288135593220339,0.45535792760841387,0.711864406779661
210105,PUNO,PUNO,CAPACHICA,2.0,1.0,1.0,0.0,0.0,146.0,146.0,1.0,29.24220615661737,29.59326849844023,1.0,0.4178082191780822,0.0897107931332828,0.4489707331894973,0.4922067796688646,0.26934076316139005,0.2909587864010737,1443,1395,48,48,True,False,False,False,False,Missing-dominant activity,Low availability,Low availability,0.1794215862665657,0.0,0.3918759984898885,0.5821917808219178,1.0,146.0,1.0,29.06663360359715,29.278134526597167,1.0,0.363013698630137,0.4301584132255797,0.636986301369863
200605,PIURA,SULLANA,MARCAVELICA,0.0,0.0,0.0,0.0,0.0,105.0,105.0,1.0,29.0369517181249,29.89515355096536,0.6761904761904762,0.4952380952380952,0.1105483143082043,0.4244671971694943,0.4496898914541428,0.26750775573884933,0.28011910288117353,1444,1418,26,26,False,False,False,False,False,Mixed/other profile,Low availability,Low availability,0.2210966286164087,0.0,0.3900551796298899,0.5047619047619047,1.0,105.0,1.0,26.96229627523792,29.99357099111692,0.6571428571428571,0.49523809523809526,0.42608760003653057,0.5047619047619047
101001,HUANUCO,LAURICOCHA,JESUS,61.0,0.0655737704918032,0.0655737704918032,163.0,111.0,549.0,549.0,1.0,36.08423284799525,36.50770409487657,1.0,0.9544626593806922,0.2729678974971323,0.2615250203249539,0.6537616856787767,0.2672464589110431,0.4633647915879545,1445,466,979,979,False,False,False,True,False,Observed low geospatial access,Low availability,High availability,0.1278225171009454,0.4181132778933193,0.3540911687702308,0.0455373406193078,1.0,549.0,1.0,15.670080065537913,14.235782756170044,0.40437158469945356,0.10382513661202186,0.5498703238034046,0.8961748633879781
040114,AREQUIPA,AREQUIPA,POLOBAYA,2.0,1.0,1.0,0.0,0.0,56.0,56.0,1.0,26.94238445245815,26.74859141983648,0.9821428571428572,0.2857142857142857,0.0319556292752363,0.5012669774519651,0.5260414087159382,0.2666113033636007,0.27899851899558725,1446,1421,25,25,True,False,False,False,False,Missing-dominant activity,Low availability,Low availability,0.0639112585504727,0.0,0.409973233094644,0.7142857142857143,1.0,56.0,1.0,26.936595408829593,26.74859141983648,0.9821428571428571,0.2857142857142857,0.4453652777574627,0.7142857142857143
010707,AMAZONAS,UTCUBAMBA,YAMON,0.0,0.0,0.0,0.0,0.0,45.0,45.0,1.0,28.340395029656232,29.14313443283884,1.0,0.4444444444444444,0.0897107931332828,0.4429039042819296,0.6937754460999349,0.2663073487076062,0.39174311961660885,1447,807,640,640,False,False,False,False,False,Mixed/other profile,Low availability,Medium availability,0.1794215862665657,0.0,0.3946246251646614,0.5555555555555556,1.0,45.0,1.0,13.061545498070293,13.167954037888721,0.0,0.0,0.5625363515713356,1.0
140304,LAMBAYEQUE,LAMBAYEQUE,JAYANCA,2.0,1.0,1.0,0.0,0.0,76.0,76.0,1.0,31.40858992353326,28.950708327332325,1.0,0.3684210526315789,0.0639112585504727,0.4665422041194181,0.5008866087662038,0.2652267313349454,0.28239893365833824,1448,1412,36,36,True,False,False,False,False,Missing-dominant activity,Low availability,Low availability,0.1278225171009454,0.0,0.3958121712984169,0.631578947368421,1.0,76.0,1.0,31.14344244381329,28.686622530673464,1.0,0.34210526315789475,0.433597411019389,0.6578947368421053
250304,UCAYALI,PADRE ABAD,NESHUYA,127.0,0.1417322834645669,0.1417322834645669,225.0,194.0,26.0,26.0,1.0,54.220030386273294,53.12077260773859,1.0,1.0,0.3291755452165927,0.2002689139038728,0.7640865632690874,0.2647222295602327,0.5466310542428401,1449,324,1125,1125,False,False,False,True,False,Observed low geospatial access,Low availability,Very high availability,0.2025938963527872,0.4557571940803981,0.2860984484341041,0.0,1.0,26.0,1.0,7.805875552185406,6.962473641829628,0.0,0.0,0.662980804670125,1.0
220907,SAN MARTIN,SAN MARTIN,HUIMBAYOC,48.0,0.3333333333333333,0.3333333333333333,45.0,42.0,21.0,21.0,1.0,45.25349247177213,46.88740978171794,1.0,0.8571428571428571,0.2679194762378387,0.2590093977020483,0.7332594343010443,0.2634644369699435,0.5005894552694415,1450,400,1050,1050,False,False,False,True,False,Observed low geospatial access,Low availability,High availability,0.2123086053584255,0.3235303471172519,0.308788935492722,0.1428571428571429,1.0,21.0,1.0,11.942867785107046,8.118513526136672,0.23809523809523808,0.047619047619047616,0.6393502122667982,0.9523809523809523
010116,AMAZONAS,CHACHAPOYAS,OLLEROS,0.0,0.0,0.0,0.0,0.0,15.0,15.0,1.0,28.80394481624745,29.13446763725253,1.0,0.3333333333333333,0.0506484740881968,0.4762745639736066,0.5016912236876632,0.2634615190309017,0.27616984888793,1451,1426,25,25,False,False,False,False,False,Mixed/other profile,Low availability,Low availability,0.1012969481763936,0.0,0.3946779485337237,0.6666666666666667,1.0,15.0,1.0,28.803944816247455,29.134467637252534,1.0,0.3333333333333333,0.43098746241094743,0.6666666666666667
150901,LIMA,OYON,OYON,3.0,0.0,0.0,3.0,3.0,297.0,297.0,1.0,36.30974355472735,36.082910711990536,1.0,0.8080808080808081,0.2178831618587293,0.3069180415160744,0.7159130444548365,0.26240060168740187,0.46689810315678293,1452,457,995,995,False,False,False,True,False,Observed low geospatial access,Low availability,High availability,0.3175453570603406,0.1182209666571181,0.3562032627718812,0.1919191919191919,1.0,297.0,1.0,12.069048334971207,10.817144396915465,0.15151515151515152,0.0,0.594161492078338,1.0
050611,AYACUCHO,LUCANAS,LUCANAS,0.0,0.0,0.0,0.0,0.0,425.0,425.0,1.0,27.696742289756926,28.12490608608645,0.7717647058823529,0.4352941176470588,0.0741986734039763,0.4501094698215663,0.459614229166293,0.2621540716127713,0.2669064512851347,1453,1440,13,13,False,False,False,False,False,Mixed/other profile,Low availability,Low availability,0.1483973468079527,0.0,0.4009967215938342,0.5647058823529412,1.0,425.0,1.0,28.714967767216255,28.835368333631763,0.7717647058823529,0.4776470588235294,0.43272620973335985,0.5223529411764706
021703,ANCASH,RECUAY,COTAPARACO,2.0,1.0,1.0,0.0,0.0,77.0,77.0,1.0,26.89005525341819,27.354593310066065,0.8961038961038961,0.3116883116883117,0.0319556292752363,0.4906705218669041,0.659007384769466,0.2613130755710702,0.34548150702235114,1454,1216,238,238,True,False,False,False,False,Missing-dominant activity,Low availability,Low availability,0.0639112585504727,0.0,0.4059671648191395,0.6883116883116883,1.0,77.0,1.0,17.85408458209224,17.838984198864654,0.14285714285714285,0.0,0.5128676925278086,1.0
120105,JUNIN,HUANCAYO,CHACAPAMPA,6.0,1.0,1.0,0.0,0.0,23.0,23.0,1.0,30.441111123765637,29.617460033610328,1.0,0.4347826086956521,0.0741986734039763,0.4437758159623314,0.6963855835957553,0.25898724468315387,0.3852921284998658,1455,862,593,593,True,False,False,False,False,Missing-dominant activity,Low availability,Medium availability,0.1483973468079527,0.0,0.3917294265300387,0.5652173913043479,1.0,23.0,1.0,12.675215099816354,12.86809628414041,0.0,0.0,0.5662651194225076,1.0
131008,LA LIBERTAD,SANTIAGO DE CHUCO,SITABAMBA,4.0,1.0,1.0,0.0,0.0,70.0,70.0,1.0,28.85471852410327,29.205862704391365,0.9857142857142858,0.4428571428571428,0.0741986734039763,0.4431102546814556,0.36047737622809284,0.25865446404271597,0.21733802481603456,1456,1529,-73,73,True,False,False,False,False,Missing-dominant activity,Low availability,Very low availability,0.1483973468079527,0.0,0.3942391393408549,0.5571428571428572,1.0,70.0,1.0,31.513622158140286,31.650690031095177,1.0,0.7714285714285715,0.4170084966523776,0.22857142857142854
080914,CUSCO,LA CONVENCION,MEGANTONI,0.0,0.0,0.0,0.0,0.0,80.0,80.0,1.0,35.37112317279739,36.69805621997948,0.8375,0.6875,0.1748303931228009,0.3409567346076639,0.14432634533838135,0.25789356386523243,0.15957836923059113,1457,1673,-216,216,False,False,False,True,False,Observed low geospatial access,Low availability,Very low availability,0.3496607862456018,0.0,0.3531524780109485,0.3125,1.0,80.0,1.0,106.52939642883413,108.43949073204394,1.0,1.0,0.20618049334054478,0.0
040515,AREQUIPA,CAYLLOMA,SIBAYO,2.0,1.0,1.0,0.0,0.0,129.0,129.0,1.0,29.565054523621846,26.58934775930883,0.9224806201550388,0.3488372093023256,0.0319556292752363,0.48307715679326,0.507806776778179,0.25751639303424817,0.26988120302670765,1458,1434,24,24,True,False,False,False,False,Missing-dominant activity,Low availability,Low availability,0.0639112585504727,0.0,0.4110404565485109,0.6511627906976745,1.0,129.0,1.0,29.573907748577977,26.58934775930883,0.9224806201550387,0.3488372093023256,0.44636848509839533,0.6511627906976745
010519,AMAZONAS,LUYA,SAN JUAN DE LOPECANCHA,0.0,0.0,0.0,0.0,0.0,49.0,49.0,1.0,28.289833050217357,28.29661223736757,1.0,0.3877551020408163,0.0506484740881968,0.4636081696572535,0.48880528050586514,0.25712832187272516,0.269726877297031,1459,1436,23,23,False,False,False,False,False,Mixed/other profile,Low availability,Low availability,0.1012969481763936,0.0,0.3999067146707119,0.6122448979591837,1.0,49.0,1.0,28.289833050217354,28.296612237367572,1.0,0.3877551020408163,0.4359025873115857,0.6122448979591837
090102,HUANCAVELICA,HUANCAVELICA,ACOBAMBILLA,15.0,0.5333333333333333,0.5333333333333333,7.0,7.0,118.0,118.0,1.0,38.00317888534226,36.88483336248485,1.0,0.711864406779661,0.1783765181261214,0.3330058867376271,0.6749924951940345,0.25569120243187426,0.42668450666007796,1460,582,878,878,False,False,False,True,False,Observed low geospatial access,Low availability,High availability,0.1794215862665657,0.1773314499856771,0.3522360125307506,0.288135593220339,1.0,118.0,1.0,13.58650448571138,12.140789238681734,0.2796610169491525,0.09322033898305085,0.5756551384127855,0.9067796610169492
021210,ANCASH,HUAYLAS,YURACMARCA,6.0,1.0,1.0,0.0,0.0,49.0,49.0,1.0,27.955778510752754,29.37619637802513,0.8775510204081632,0.4285714285714285,0.0639112585504727,0.4466660567060397,0.47214492433606103,0.2552886576282562,0.2680280914432669,1461,1439,22,22,True,False,False,False,False,Missing-dominant activity,Low availability,Low availability,0.1278225171009454,0.0,0.3931964075392405,0.5714285714285714,1.0,49.0,1.0,27.955778510752754,29.376196378025135,0.8775510204081632,0.42857142857142855,0.4295947898678424,0.5714285714285714
050806,AYACUCHO,PAUCAR DEL SARA SARA,OYOLO,0.0,0.0,0.0,0.0,0.0,104.0,104.0,1.0,31.41258018251858,26.978704607511,0.7307692307692307,0.4326923076923077,0.0506484740881968,0.4561015850456196,0.4809403180868974,0.2533750295669082,0.2657943960875471,1462,1441,21,21,False,False,False,False,False,Mixed/other profile,Low availability,Low availability,0.1012969481763936,0.0,0.4084418247904456,0.5673076923076923,1.0,104.0,1.0,30.75381932711444,26.978704607511002,0.7307692307692307,0.4326923076923077,0.4439257291351283,0.5673076923076923
211005,PUNO,SAN ANTONIO DE PUTINA,SINA,0.0,0.0,0.0,0.0,0.0,49.0,49.0,1.0,28.734638475202484,28.67134188892197,0.979591836734694,0.3469387755102041,0.0319556292752363,0.4742033072086155,0.3562297605936121,0.2530794682419259,0.19409269493442421,1463,1571,-108,108,False,False,False,False,False,Mixed/other profile,Low availability,Very low availability,0.0639112585504727,0.0,0.3975499140881096,0.653061224489796,1.0,49.0,1.0,32.45875179191752,32.469760830809854,1.0,0.7755102040816326,0.41268974545443127,0.22448979591836737
090116,HUANCAVELICA,HUANCAVELICA,VILCA,8.0,0.875,0.875,1.0,1.0,75.0,75.0,1.0,31.26254200766953,30.54561173708329,1.0,0.56,0.1037539150682559,0.402334169812659,0.7826391613313732,0.2530440424404575,0.4431965381998146,1464,517,947,947,False,False,False,False,False,Mixed/other profile,Low availability,High availability,0.1483973468079527,0.059110483328559,0.3861916711609415,0.4399999999999999,1.0,75.0,1.0,6.440662834779267,5.839329725240036,0.0,0.0,0.6894845161876761,1.0
120405,JUNIN,JAUJA,CANCHAYLLO,2.0,1.0,1.0,0.0,0.0,22.0,22.0,1.0,29.498927108803706,28.69965508956713,1.0,0.4090909090909091,0.0506484740881968,0.4554338651261915,0.48073736097928327,0.25304116960719414,0.26569291753374,1465,1442,23,23,True,False,False,False,False,Missing-dominant activity,Low availability,Low availability,0.1012969481763936,0.0,0.3973730540763776,0.5909090909090908,1.0,22.0,1.0,29.68468031743572,28.69965508956713,1.0,0.4090909090909091,0.43352090529508003,0.5909090909090908
090402,HUANCAVELICA,CASTROVIRREYNA,ARMA,8.0,1.0,1.0,0.0,0.0,174.0,174.0,1.0,29.97599227959596,29.89354903069423,1.0,0.4712643678160919,0.0741986734039763,0.4316660567816164,0.7293248521856119,0.2529323650927964,0.40176176279479414,1466,720,746,746,True,False,False,False,False,Missing-dominant activity,Low availability,High availability,0.1483973468079527,0.0,0.3900648101806343,0.5287356321839081,1.0,174.0,1.0,10.315607165050361,9.587069102585097,0.011494252873563218,0.0,0.6133212174080171,1.0
120419,JUNIN,JAUJA,MONOBAMBA,6.0,1.0,1.0,0.0,0.0,27.0,27.0,1.0,30.310228075068853,29.39711994603554,1.0,0.4074074074074074,0.0506484740881968,0.4529258839797893,0.47841011290595503,0.25178717903399306,0.26452929349707593,1467,1443,24,24,True,False,False,False,False,Missing-dominant activity,Low availability,Low availability,0.1012969481763936,0.0,0.3930687231457308,0.5925925925925926,1.0,27.0,1.0,30.310228075068853,29.39711994603554,1.0,0.4074074074074074,0.4294747644688247,0.5925925925925926
110502,ICA,PISCO,HUANCANO,0.0,0.0,0.0,0.0,0.0,58.0,58.0,1.0,28.133878433524025,27.814613275728263,0.8275862068965517,0.4310344827586206,0.0506484740881968,0.4527776778495623,0.5271717225018101,0.25171307596887954,0.28891009829500347,1468,1401,67,67,False,False,False,False,False,Mixed/other profile,Low availability,Low availability,0.1012969481763936,0.0,0.4029828895387836,0.5689655172413793,1.0,58.0,1.0,25.861978318346267,22.773713139593987,0.6896551724137931,0.3448275862068966,0.47231428337697023,0.6551724137931034
040510,AREQUIPA,CAYLLOMA,LARI,2.0,1.0,1.0,0.0,0.0,79.0,79.0,1.0,26.364068603283744,26.841884788095975,0.7721518987341772,0.3924050632911392,0.0319556292752363,0.4688240679968296,0.4936246327716187,0.2503898486360329,0.2627901310234275,1469,1448,21,21,True,False,False,False,False,Missing-dominant activity,Low availability,Low availability,0.0639112585504727,0.0,0.4093508385488164,0.6075949367088608,1.0,79.0,1.0,26.364068603283744,26.841884788095978,0.7721518987341772,0.3924050632911392,0.444780216798515,0.6075949367088608
120609,JUNIN,SATIPO,VIZCATAN DEL ENE,12.0,1.0,1.0,0.0,0.0,20.0,20.0,1.0,26.43379189808523,26.26623960739032,0.85,0.3,0.0,0.4992574520173459,0.27216558363845594,0.24962872600867295,0.13608279181922797,1470,1784,-314,314,True,False,False,False,False,Missing-dominant activity,Low availability,Very low availability,0.0,0.0,0.4132249314533514,0.7,1.0,20.0,1.0,37.537727362957625,37.38437366639814,1.0,1.0,0.3888079766263657,0.0
040519,AREQUIPA,CAYLLOMA,YANQUE,2.0,1.0,1.0,0.0,0.0,242.0,242.0,1.0,26.83075239057441,27.62277441004833,0.8305785123966942,0.3884297520661157,0.0319556292752363,0.4664261718584821,0.49144210781993625,0.24919090056685922,0.2616988685475863,1471,1450,21,21,True,False,False,False,False,Missing-dominant activity,Low availability,Low availability,0.0639112585504727,0.0,0.4042215678261669,0.6115702479338843,1.0,242.0,1.0,26.83075239057441,27.62277441004833,0.8305785123966942,0.3884297520661157,0.43995861919967283,0.6115702479338843
120104,JUNIN,HUANCAYO,CARHUACALLANGA,2.0,1.0,1.0,0.0,0.0,11.0,11.0,1.0,29.616615855070464,29.5457004323216,1.0,0.3636363636363636,0.0319556292752363,0.4654242708457343,0.7426430052022068,0.2486899500604853,0.3872993172387216,1472,844,628,628,True,False,False,False,False,Missing-dominant activity,Low availability,Medium availability,0.0639112585504727,0.0,0.3921645427666335,0.6363636363636364,1.0,11.0,1.0,8.609212752285277,8.492318447207616,0.0,0.0,0.632347150288867,1.0
170103,MADRE DE DIOS,TAMBOPATA,LAS PIEDRAS,0.0,0.0,0.0,0.0,0.0,76.0,76.0,1.0,36.2341222852744,36.86511362573831,0.6578947368421053,0.5526315789473685,0.1145597326386695,0.3808433172088858,0.4080380029644607,0.24770152492377767,0.2612988678015651,1473,1452,21,21,False,False,False,True,False,Observed low geospatial access,Low availability,Low availability,0.2291194652773391,0.0,0.3523325584187092,0.4473684210526315,1.0,76.0,1.0,36.234122285274395,36.86511362573831,0.6578947368421053,0.5526315789473685,0.39118210949810184,0.4473684210526315
021503,ANCASH,PALLASCA,CONCHUCOS,8.0,0.25,0.25,8.0,6.0,114.0,114.0,1.0,33.44893946010494,32.80570936267789,1.0,0.7894736842105263,0.1707581414924531,0.3245103532022078,0.6632344091305267,0.24763424734733044,0.41699627531148986,1474,625,849,849,False,False,False,True,False,Observed low geospatial access,Low availability,High availability,0.1652082067268663,0.1763080762580399,0.3733606549505225,0.2105263157894736,1.0,114.0,1.0,16.510168581860206,17.197519256618513,0.24561403508771928,0.0,0.5189062987578952,1.0
150407,LIMA,CANTA,SANTA ROSA DE QUIVES,0.0,0.0,0.0,0.0,0.0,83.0,83.0,1.0,29.453392336521187,29.83329367090842,0.8313253012048193,0.4819277108433735,0.0639112585504727,0.428720470316024,0.45431562863199604,0.24631586443324835,0.25911344359123434,1475,1454,21,21,False,False,False,False,False,Mixed/other profile,Low availability,Low availability,0.1278225171009454,0.0,0.3904268336700516,0.5180722891566265,1.0,83.0,1.0,29.453392336521187,29.83329367090842,0.8313253012048193,0.4819277108433735,0.4269913455500116,0.5180722891566265
010514,AMAZONAS,LUYA,PISUQUIA,0.0,0.0,0.0,0.0,0.0,82.0,82.0,1.0,31.131175295611524,30.986521505671487,1.0,0.6219512195121951,0.1105483143082043,0.3819471296444914,0.3238165742157414,0.24624772197634787,0.21718244426197286,1476,1530,-54,54,False,False,False,True,False,Observed low geospatial access,Low availability,Very low availability,0.2210966286164087,0.0,0.3836178507116428,0.3780487804878049,1.0,82.0,1.0,35.05411560071769,35.022591551434346,1.0,0.8536585365853658,0.3998773359876445,0.14634146341463417
010511,AMAZONAS,LUYA,MARIA,0.0,0.0,0.0,0.0,0.0,23.0,23.0,1.0,29.556401176870303,28.87758900511175,1.0,0.391304347826087,0.0319556292752363,0.4599944926861908,0.4853444964240938,0.24597506098071356,0.258650062849665,1477,1456,21,21,False,False,False,False,False,Mixed/other profile,Low availability,Low availability,0.0639112585504727,0.0,0.3962654243343099,0.6086956521739131,1.0,23.0,1.0,29.556401176870303,28.87758900511175,1.0,0.391304347826087,0.432479715388457,0.6086956521739131
250104,UCAYALI,CORONEL PORTILLO,MASISEA,65.0,0.5692307692307692,0.5692307692307692,30.0,29.0,129.0,129.0,1.0,67.60216088915368,58.12129925890367,1.0,0.9612403100775194,0.2902537169248924,0.2004257625154586,0.5282712281108017,0.24533973972017548,0.4092624725178471,1478,673,805,805,False,False,False,True,False,Observed low geospatial access,Low availability,High availability,0.2891065377426419,0.291400896107143,0.2697112221981635,0.0387596899224805,1.0,129.0,1.0,35.15563483502259,21.456762823478105,0.5271317829457365,0.3643410852713178,0.48224793384599585,0.6356589147286822
021408,ANCASH,OCROS,SAN CRISTOBAL DE RAJAN,2.0,1.0,1.0,0.0,0.0,23.0,23.0,1.0,29.878470919368816,29.567077657218046,1.0,0.391304347826087,0.0319556292752363,0.4570330658661879,0.48256070722353134,0.24449434757071212,0.2572581682493838,1479,1460,19,19,True,False,False,False,False,Missing-dominant activity,Low availability,Low availability,0.0639112585504727,0.0,0.3920348145914486,0.6086956521739131,1.0,23.0,1.0,29.878470919368816,29.567077657218046,1.0,0.391304347826087,0.4285028736733678,0.6086956521739131
210803,PUNO,MELGAR,CUPI,0.0,0.0,0.0,0.0,0.0,102.0,102.0,1.0,31.27931186640932,29.78430602889111,1.0,0.4509803921568627,0.0506484740881968,0.4382110588832864,0.21647849905272887,0.24442976648574158,0.13356348657046282,1480,1794,-314,314,False,False,False,False,False,Mixed/other profile,Low availability,Very low availability,0.1012969481763936,0.0,0.390721680757636,0.5490196078431373,1.0,102.0,1.0,58.562225428235664,59.5845812176465,1.0,1.0,0.30925499864675554,0.0
060903,CAJAMARCA,SAN IGNACIO,HUARANGO,26.0,1.0,1.0,0.0,0.0,90.0,90.0,1.0,32.93850885705978,32.173998935979185,1.0,0.6555555555555556,0.1216664224085192,0.3671342951487663,0.6173882558415666,0.24440035877864275,0.36952733912504293,1481,992,489,489,True,False,False,True,False,Missing-dominant activity,Low availability,Medium availability,0.2433328448170384,0.0,0.3768585168791899,0.3444444444444444,1.0,90.0,1.0,21.63114307087536,19.72113666357532,0.4777777777777778,0.1,0.49626893691652385,0.9
061109,CAJAMARCA,SAN MIGUEL,NIEPOS,8.0,1.0,1.0,0.0,0.0,63.0,63.0,1.0,30.41362081208792,30.21281712091298,1.0,0.5238095238095238,0.0741986734039763,0.414567955672815,0.4402583665010097,0.24438331453839565,0.257228519952493,1482,1461,21,21,True,False,False,False,False,Missing-dominant activity,Low availability,Low availability,0.1483973468079527,0.0,0.3881583040223889,0.4761904761904761,1.0,63.0,1.0,30.306006563613074,30.21281712091298,1.0,0.5238095238095238,0.4248588909198098,0.47619047619047616
100701,HUANUCO,MARAÑON,HUACRACHUCO,0.0,0.0,0.0,0.0,0.0,135.0,135.0,1.0,30.23341971532431,31.46413109227294,0.9851851851851852,0.6,0.1012969481763936,0.3866086654754705,0.6619580025353574,0.24395280682593207,0.3816274753558755,1483,897,586,586,False,False,False,True,False,Observed low geospatial access,Low availability,Medium availability,0.2025938963527872,0.0,0.3808695221078151,0.4,1.0,135.0,1.0,16.275063507345976,17.388881562194708,0.2518518518518518,0.0,0.5170828607647964,1.0
010503,AMAZONAS,LUYA,COCABAMBA,0.0,0.0,0.0,0.0,0.0,120.0,120.0,1.0,30.5625204031381,31.13232762335744,0.975,0.5916666666666667,0.095866887825709,0.3904421533271314,0.42238366439888014,0.2431545205764202,0.2591252761122946,1484,1453,31,31,False,False,False,True,False,Observed low geospatial access,Low availability,Low availability,0.1917337756514181,0.0,0.382774504753045,0.4083333333333333,1.0,120.0,1.0,30.290102388837184,30.863519481811636,0.9583333333333334,0.575,0.42126237771268593,0.42500000000000004
150708,LIMA,HUAROCHIRI,HUANZA,4.0,1.0,1.0,0.0,0.0,49.0,49.0,1.0,30.126927069772314,29.85469376738574,1.0,0.4693877551020408,0.0506484740881968,0.432392397818937,0.4579929582286736,0.2415204359535669,0.2543207161584352,1485,1466,19,19,True,False,False,False,False,Missing-dominant activity,Low availability,Low availability,0.1012969481763936,0.0,0.3902981776422133,0.5306122448979591,1.0,49.0,1.0,30.126927069772314,29.85469376738574,1.0,0.46938775510204084,0.4268704067989798,0.5306122448979591
160106,LORETO,MAYNAS,MAZAN,0.0,0.0,0.0,0.0,0.0,82.0,82.0,1.0,35.52154148598941,33.55182518720288,0.8048780487804879,0.5853658536585366,0.095866887825709,0.3829090267084291,0.29165495633890437,0.23938795726706905,0.1937609220823067,1486,1573,-87,87,False,False,False,True,False,Observed low geospatial access,Low availability,Very low availability,0.1917337756514181,0.0,0.3693125468657001,0.4146341463414634,1.0,82.0,1.0,46.417147212819856,45.88653659446517,1.0,0.8536585365853658,0.35393216759216306,0.14634146341463417
220911,SAN MARTIN,SAN MARTIN,PAPAPLAYA,54.0,0.1851851851851851,0.1851851851851851,85.0,80.0,24.0,24.0,1.0,53.84738939290301,53.0492937712105,1.0,1.0,0.2783216635102387,0.2004404610405465,0.752550551943451,0.23938106227539258,0.5154361077268448,1487,378,1109,1109,False,False,False,True,False,Observed low geospatial access,Low availability,High availability,0.1794215862665657,0.3772217407539115,0.2863435157722094,0.0,1.0,24.0,1.0,8.423792560649316,7.752019155261421,0.0,0.0,0.6465007884906444,1.0
101105,HUANUCO,YAROWILCA,JACAS CHICO,0.0,0.0,0.0,0.0,0.0,47.0,47.0,1.0,29.618852043415234,29.652942003999403,1.0,0.425531914893617,0.0319556292752363,0.4464006856491188,0.6132632898619729,0.23917815746217755,0.3226094595686046,1488,1339,149,149,False,False,False,False,False,Mixed/other profile,Low availability,Low availability,0.0639112585504727,0.0,0.3915146573102914,0.574468085106383,1.0,47.0,1.0,26.413507722449122,26.40784826464203,1.0,0.0,0.4475189855171041,1.0
120608,JUNIN,SATIPO,RIO TAMBO,58.0,1.0,1.0,0.0,0.0,206.0,206.0,1.0,39.85194820862534,38.95965060473765,0.883495145631068,0.7087378640776699,0.1483973468079527,0.3270228645321247,0.32027452767792675,0.2377101056700387,0.23433593724293972,1489,1498,-9,9,True,False,False,True,False,Missing-dominant activity,Low availability,Low availability,0.2967946936159055,0.0,0.3423488910791796,0.2912621359223301,1.0,206.0,1.0,42.90449274603576,43.27673440962959,0.883495145631068,0.7815533980582524,0.36391506727914635,0.2184466019417476
250106,UCAYALI,CORONEL PORTILLO,NUEVA REQUENA,29.0,0.6206896551724138,0.6206896551724138,11.0,11.0,56.0,56.0,1.0,37.67387961787624,37.43220292746851,1.0,0.9285714285714286,0.2072513812425873,0.2661317804072494,0.730507343521416,0.23669158082491834,0.4688793623820017,1490,449,1041,1041,False,False,False,True,False,Observed low geospatial access,Low availability,High availability,0.2025938963527872,0.2119088661323873,0.3495760128266828,0.0714285714285714,1.0,56.0,1.0,10.052352491371522,9.484962785702571,0.0,0.0,0.6150104907448801,1.0
101002,HUANUCO,LAURICOCHA,BA?OS,2.0,1.0,1.0,0.0,0.0,231.0,231.0,1.0,30.52602084743837,30.529205987759035,1.0,0.5367965367965368,0.0639112585504727,0.4093627319881469,0.6770567552849684,0.23663699526930979,0.37048400691772054,1491,984,507,507,True,False,False,False,False,Missing-dominant activity,Low availability,Medium availability,0.1278225171009454,0.0,0.3862881328958686,0.4632034632034632,1.0,231.0,1.0,15.64674472956621,15.248533088440128,0.12554112554112554,0.0,0.5386525075499549,1.0
211205,PUNO,SANDIA,PHARA,0.0,0.0,0.0,0.0,0.0,94.0,94.0,1.0,30.754961668715627,30.357337305160847,1.0,0.5425531914893617,0.0639112585504727,0.4083452367858341,0.4340716150122242,0.2361282476681534,0.24899143678134844,1492,1472,20,20,False,False,False,False,False,Mixed/other profile,Low availability,Low availability,0.1278225171009454,0.0,0.3873017060466324,0.4574468085106383,1.0,94.0,1.0,32.019767829714304,30.357337305160847,1.0,0.5425531914893617,0.4240536749414753,0.45744680851063835
160605,LORETO,UCAYALI,SARAYACU,28.0,0.0,0.0,321.0,321.0,89.0,89.0,1.0,110.63234192947604,112.39196540329586,1.0,1.0,0.3678886840262219,0.1042627764221697,0.4462732459731601,0.23607573022419578,0.407080964999691,1493,686,807,807,False,False,False,True,False,Observed low geospatial access,Low availability,High availability,0.2433328448170384,0.4924445232354053,0.1489468234602424,0.0,1.0,89.0,1.0,27.826109054855156,30.070550809858883,0.6853932584269663,0.5056179775280899,0.42565519890226733,0.4943820224719101
090107,HUANCAVELICA,HUANCAVELICA,HUAYLLAHUARA,2.0,1.0,1.0,0.0,0.0,38.0,38.0,1.0,30.1946493439662,29.95556565351288,1.0,0.4473684210526316,0.0319556292752363,0.4385745326386332,0.8311924576256453,0.23526508095693477,0.4315740434504408,1494,557,937,937,True,False,False,False,False,Missing-dominant activity,Low availability,High availability,0.0639112585504727,0.0,0.3896929413634611,0.5526315789473684,1.0,38.0,1.0,3.8042464861204084,3.594066325121319,0.0,0.0,0.7588463680366361,1.0
040513,AREQUIPA,CAYLLOMA,MADRIGAL,2.0,1.0,1.0,0.0,0.0,22.0,22.0,1.0,29.222765546273965,28.512458914852097,1.0,0.5,0.0319556292752363,0.4289818689371648,0.45423613422513687,0.23046874910620055,0.2430958817501866,1495,1484,11,11,True,False,False,False,False,Missing-dominant activity,Low availability,Low availability,0.0639112585504727,0.0,0.3985455270530926,0.5,1.0,22.0,1.0,29.222765546273965,28.512458914852097,1.0,0.5,0.4346230488930527,0.5
120135,JUNIN,HUANCAYO,SANTO DOMINGO DE ACOBAMBA,26.0,1.0,1.0,0.0,0.0,82.0,82.0,1.0,32.59132509772456,35.3562039365282,0.8658536585365854,0.6585365853658537,0.1061543026792127,0.3543502780442598,0.5230194034072008,0.23025229036173625,0.3145868530432067,1496,1359,137,137,True,False,False,True,False,Missing-dominant activity,Low availability,Low availability,0.2123086053584255,0.0,0.359873219505737,0.3414634146341463,1.0,82.0,1.0,25.160585955665322,26.961220909861034,0.7073170731707317,0.2926829268292683,0.44403468779425903,0.7073170731707317
200706,PIURA,TALARA,MANCORA,22.0,0.0,0.0,22.0,22.0,6.0,6.0,1.0,57.05424514360042,56.68253182707781,1.0,1.0,0.2676187058193896,0.19199578226848,0.8606032628636351,0.22980724404393482,0.5641109843415124,1497,288,1209,1209,False,False,False,True,False,Observed low geospatial access,Low availability,Very high availability,0.2678474780495672,0.267389933589212,0.2742796889549715,0.0,1.0,6.0,1.0,4.115917677719718,2.610065309339149,0.0,0.0,0.8008618040909075,1.0
050609,AYACUCHO,LUCANAS,LEONCIO PRADO,0.0,0.0,0.0,0.0,0.0,116.0,116.0,1.0,31.180825849221108,31.337526186571925,0.956896551724138,0.6120689655172413,0.0741986734039763,0.3834951743728556,0.412140381460295,0.22884692388841593,0.24316952743213566,1498,1482,16,16,False,False,False,True,False,Observed low geospatial access,Low availability,Low availability,0.1483973468079527,0.0,0.3815940914686115,0.3879310344827587,1.0,116.0,1.0,31.084867960417274,31.3128969295598,0.9568965517241379,0.603448275862069,0.418821234598451,0.39655172413793105
101007,HUANUCO,LAURICOCHA,SAN MIGUEL DE CAURI,0.0,0.0,0.0,0.0,0.0,828.0,828.0,1.0,30.907498438157468,31.50928482083196,0.92512077294686,0.5760869565217391,0.0639112585504727,0.3936021641932046,0.6424360444609651,0.22875671137183864,0.3531736515057189,1499,1143,356,356,False,False,False,True,False,Observed low geospatial access,Low availability,Low availability,0.1278225171009454,0.0,0.380611787356752,0.4239130434782608,1.0,828.0,1.0,17.861833626792237,18.33413000716288,0.38164251207729466,0.04468599033816425,0.5083454879463064,0.9553140096618358
210705,PUNO,LAMPA,OCUVIRI,0.0,0.0,0.0,0.0,0.0,623.0,623.0,1.0,30.88309574728701,31.170757443685627,0.9470304975922952,0.5826645264847512,0.0639112585504727,0.3929876461505054,0.21792608196714597,0.22844945235048905,0.14091867025880933,1500,1763,-263,263,False,False,False,True,False,Observed low geospatial access,Low availability,Very low availability,0.1278225171009454,0.0,0.3825528629941869,0.4173354735152488,1.0,623.0,1.0,57.5452568797083,58.8700626312898,1.0,1.0,0.31132297423877997,0.0
150729,LIMA,HUAROCHIRI,SANTIAGO DE ANCHUCAYA,2.0,1.0,1.0,0.0,0.0,28.0,28.0,1.0,29.409378359611303,30.016259654092863,1.0,0.5,0.0319556292752363,0.4225308067967885,0.4481720312740739,0.2272432180360124,0.2400638302746551,1501,1489,12,12,True,False,False,False,False,Missing-dominant activity,Low availability,Low availability,0.0639112585504727,0.0,0.3893297239954123,0.5,1.0,28.0,1.0,29.409378359611306,30.016259654092863,1.0,0.5,0.42596004467724846,0.5
100705,HUANUCO,MARAÃON,SANTA ROSA DE ALTO YANAJANCA,0.0,0.0,0.0,0.0,0.0,16.0,16.0,1.0,29.33492103841384,27.10544235498193,1.0,0.4375,0.0,0.4540726265949463,0.5802892379801337,0.22703631329747315,0.2901446189900668,1502,1396,106,106,False,False,False,False,False,Mixed/other profile,Low availability,Low availability,0.0,0.0,0.4076037522784947,0.5625,1.0,16.0,1.0,23.06741201840538,21.647934664984007,0.75,0.1875,0.48077033997161955,0.8125
140203,LAMBAYEQUE,FERRE?AFE,INCAHUASI,2.0,1.0,1.0,0.0,0.0,150.0,150.0,1.0,34.89954397745959,34.28295584084576,1.0,0.7466666666666667,0.1216664224085192,0.331800766129811,0.3646719886485167,0.22673359426916512,0.24316920552851795,1503,1483,20,20,True,False,False,True,False,Missing-dominant activity,Low availability,Low availability,0.2433328448170384,0.0,0.36542966589973,0.2533333333333333,1.0,150.0,1.0,33.054090909655955,33.081731582898826,1.0,0.74,0.4095314123550239,0.26
080602,CUSCO,CANCHIS,CHECACUPE,2.0,1.0,1.0,0.0,0.0,186.0,186.0,1.0,29.51761268576933,30.19703899395569,0.7150537634408602,0.5053763440860215,0.0319556292752363,0.4201635415395781,0.35972593584450996,0.2260595854074072,0.19584078255987314,1504,1566,-62,62,True,False,False,False,False,Missing-dominant activity,Low availability,Very low availability,0.0639112585504727,0.0,0.3882520639505493,0.4946236559139785,1.0,186.0,1.0,36.02923670910852,35.75208375953812,0.9946236559139785,0.7258064516129032,0.39638267332625854,0.27419354838709675
160104,LORETO,MAYNAS,INDIANA,0.0,0.0,0.0,0.0,0.0,64.0,64.0,1.0,38.95949837602403,36.41845919800964,0.96875,0.640625,0.095866887825709,0.3559855349770453,0.3830878310471544,0.22592621140137717,0.2394773594364317,1505,1490,15,15,False,False,False,True,False,Observed low geospatial access,Low availability,Low availability,0.1917337756514181,0.0,0.3545329071100648,0.359375,1.0,64.0,1.0,38.92509435176963,36.418459198009636,0.96875,0.640625,0.3932504729245063,0.359375
060604,CAJAMARCA,CUTERVO,CUJILLO,8.0,1.0,1.0,0.0,0.0,28.0,28.0,1.0,30.756604260760096,31.080310146304537,1.0,0.6428571428571429,0.0741986734039763,0.3752953117424599,0.6475788016649207,0.2247469925732181,0.3608887375344485,1506,1068,438,438,True,False,False,True,False,Missing-dominant activity,Low availability,Medium availability,0.1483973468079527,0.0,0.3830749351422897,0.3571428571428571,1.0,28.0,1.0,19.716572006441847,19.688802951219117,0.4642857142857143,0.0,0.4965411452356009,1.0
100507,HUANUCO,HUAMALIES,MONZON,0.0,0.0,0.0,0.0,0.0,116.0,116.0,1.0,36.92671384138953,37.684409919167535,0.8706896551724138,0.6896551724137931,0.1105483143082043,0.3369576258469549,0.3706114218596182,0.2237529700775796,0.24057986808391124,1507,1488,19,19,False,False,False,True,False,Observed low geospatial access,Low availability,Low availability,0.2210966286164087,0.0,0.348363110815847,0.3103448275862068,1.0,116.0,1.0,34.21970791365446,37.330939183399174,0.8706896551724138,0.6724137931034483,0.3890507997009325,0.3275862068965517
160103,LORETO,MAYNAS,FERNANDO LORES,0.0,0.0,0.0,0.0,0.0,154.0,154.0,1.0,37.52187238846388,39.18304179923165,0.8831168831168831,0.7012987012987013,0.1182498797882768,0.3285309838407437,0.33134987756301015,0.22339043181451024,0.22479987867564347,1508,1515,-7,7,False,False,False,True,False,Observed low geospatial access,Low availability,Very low availability,0.2364997595765537,0.0,0.3413151346147915,0.2987012987012987,1.0,154.0,1.0,42.48551578349293,43.046797335697704,0.8961038961038961,0.7467532467532467,0.36482264512712026,0.2532467532467533
040108,AREQUIPA,AREQUIPA,LA JOYA,15.0,1.0,1.0,0.0,0.0,65.0,65.0,1.0,34.05258520562161,32.41146916326112,1.0,0.7692307692307693,0.1145597326386695,0.3321058726192935,0.35832628283092877,0.22333280262898147,0.23644300773479915,1509,1495,14,14,True,False,False,True,False,Missing-dominant activity,Very low availability,Low availability,0.2291194652773391,0.0,0.3755358619836062,0.2307692307692307,1.0,65.0,1.0,34.11400092719464,32.41146916326112,1.0,0.7692307692307693,0.41299359085737086,0.23076923076923073
160705,LORETO,DATEM DEL MARAÑON,PASTAZA,0.0,0.0,0.0,0.0,0.0,89.0,89.0,1.0,47.06662182344779,42.55675955701691,0.7415730337078652,0.6292134831460674,0.1061543026792127,0.339691892474505,0.29771494639650015,0.22292309757685885,0.20193462453785643,1510,1555,-45,45,False,False,False,True,False,Observed low geospatial access,Very low availability,Very low availability,0.2123086053584255,0.0,0.3263656248833217,0.3707865168539326,1.0,89.0,1.0,58.496174265469115,48.793980853756146,0.9662921348314607,0.8089887640449438,0.34344510801426187,0.1910112359550562
061102,CAJAMARCA,SAN MIGUEL,BOLIVAR,4.0,1.0,1.0,0.0,0.0,41.0,41.0,1.0,30.563511165543392,30.441036257980137,1.0,0.5853658536585366,0.0506484740881968,0.3951554311092597,0.42108572866685473,0.22290195259872825,0.23586710137752576,1511,1497,14,14,True,False,False,True,False,Missing-dominant activity,Very low availability,Low availability,0.1012969481763936,0.0,0.3868074102954582,0.4146341463414634,1.0,41.0,1.0,30.506096751035184,30.39387407594582,1.0,0.5853658536585366,0.42385069252059393,0.41463414634146345
021016,ANCASH,HUARI,UCO,0.0,0.0,0.0,0.0,0.0,32.0,32.0,1.0,29.970069226253123,30.21415107233736,1.0,0.53125,0.0319556292752363,0.4123302655265299,0.5377977780762289,0.2221429474008831,0.2848767036757326,1512,1410,102,102,False,False,False,False,False,Mixed/other profile,Very low availability,Low availability,0.0639112585504727,0.0,0.3881503793236142,0.46875,1.0,32.0,1.0,28.741366640402546,28.709844789769384,1.0,0.21875,0.4334611115374699,0.78125
040207,AREQUIPA,CAMANA,QUILCA,1.0,1.0,1.0,0.0,0.0,36.0,36.0,1.0,27.26457164336571,30.6519095461492,0.75,0.5277777777777778,0.0319556292752363,0.4115641822110532,0.46484743457113736,0.22175990574314475,0.24840153192318684,1513,1473,40,40,True,False,False,False,False,Missing-dominant activity,Very low availability,Low availability,0.0639112585504727,0.0,0.3855678793491236,0.4722222222222222,1.0,36.0,1.0,25.859101934784015,27.966592015209486,0.6666666666666666,0.4722222222222222,0.43787728748257726,0.5277777777777778
080605,CUSCO,CANCHIS,PITUMARCA,4.0,1.0,1.0,0.0,0.0,295.0,295.0,1.0,33.699483965720994,32.53030913333167,0.8033898305084746,0.5661016949152542,0.0506484740881968,0.392583724555632,0.2654434838579146,0.2216160993219144,0.1580459789730557,1514,1680,-166,166,True,False,False,True,False,Missing-dominant activity,Very low availability,Very low availability,0.1012969481763936,0.0,0.3748774757574404,0.4338983050847458,1.0,295.0,1.0,42.48266027000411,40.58525959336268,1.0,0.9898305084745763,0.3748466234289821,0.01016949152542368
030305,APURIMAC,ANTABAMBA,OROPESA,0.0,0.0,0.0,0.0,0.0,226.0,226.0,1.0,33.87464786202475,32.36903688278985,0.995575221238938,0.6769911504424779,0.0826041033634331,0.3599427110807012,0.2295558455463158,0.22127340722206715,0.15607997445487445,1515,1690,-175,175,False,False,False,True,False,Observed low geospatial access,Very low availability,Very low availability,0.1652082067268663,0.0,0.3757715088763494,0.323008849557522,1.0,226.0,1.0,50.63020146137074,53.42717174694243,1.0,1.0,0.3279369222090226,0.0
120604,JUNIN,SATIPO,MAZAMARI,88.0,0.2386363636363636,0.2386363636363636,823.0,457.0,0.0,0.0,0.0,0.0,0.0,0.0,0.0,0.4424147741904511,0.0,0.0,0.22120738709522555,0.22120738709522555,1516,1524,-8,8,False,False,False,False,False,Mixed/other profile,Very low availability,Very low availability,0.3381201867673479,0.5467093616135543,0.0,0.0,0.0,0.0,0.0,0.0,0.0,0.0,0.0,0.0,0.0
210806,PUNO,MELGAR,NUÑOA,0.0,0.0,0.0,0.0,0.0,510.0,510.0,1.0,34.73411907865801,34.4802163600868,0.9823529411764704,0.6803921568627451,0.0897107931332828,0.3509594382963988,0.31541428354063245,0.2203351157148408,0.20256253833695761,1517,1553,-36,36,False,False,False,True,False,Observed low geospatial access,Very low availability,Very low availability,0.1794215862665657,0.0,0.3643958362217463,0.3196078431372549,1.0,510.0,1.0,39.52242713288917,40.35797671849106,0.9921568627450981,0.8254901960784313,0.37580191766308835,0.17450980392156867
100801,HUANUCO,PACHITEA,PANAO,2.0,1.0,1.0,0.0,0.0,176.0,176.0,1.0,31.264679688054173,32.389932317392955,0.9318181818181818,0.6931818181818182,0.0826041033634331,0.3550042548725344,0.3812196446241607,0.21880417911798375,0.2319118739937969,1518,1502,16,16,True,False,False,True,False,Missing-dominant activity,Very low availability,Low availability,0.1652082067268663,0.0,0.3756554290386856,0.3068181818181817,1.0,176.0,1.0,31.2170397426886,32.389932317392955,0.9090909090909091,0.6931818181818182,0.4131059858267231,0.30681818181818177
250303,UCAYALI,PADRE ABAD,CURIMANA,44.0,0.2727272727272727,0.2727272727272727,39.0,39.0,32.0,32.0,1.0,59.169087385707776,58.70319485299515,1.0,1.0,0.2470016640975976,0.1875265334335503,0.7103340507765901,0.21726409876557395,0.47866785743709384,1519,439,1080,1080,False,False,False,True,False,Observed low geospatial access,Very low availability,High availability,0.1794215862665657,0.3145817419286295,0.2678950477622147,0.0,1.0,32.0,1.0,10.415332088611375,9.607983483281702,0.09375,0.0625,0.6129772153951287,0.9375
050705,AYACUCHO,PARINACOCHAS,PULLO,0.0,0.0,0.0,0.0,0.0,212.0,212.0,1.0,34.777509151415224,34.54900954931311,0.9622641509433962,0.6509433962264151,0.0741986734039763,0.359542633920188,0.3862623862963662,0.21687065366208214,0.23023052985017126,1520,1504,16,16,False,False,False,True,False,Observed low geospatial access,Very low availability,Low availability,0.1483973468079527,0.0,0.3640366468401608,0.3490566037735849,1.0,212.0,1.0,34.77551353579439,34.54420104216146,0.9622641509433962,0.6509433962264151,0.40220772166327257,0.34905660377358494
130807,LA LIBERTAD,PATAZ,ONGON,0.0,0.0,0.0,0.0,0.0,56.0,56.0,1.0,30.58922968898353,32.3971090178721,0.8571428571428571,0.6071428571428571,0.0506484740881968,0.3807880469455545,0.25352134154298284,0.21571826051687565,0.1520849078155898,1521,1714,-193,193,False,False,False,True,False,Observed low geospatial access,Very low availability,Very low availability,0.1012969481763936,0.0,0.3756155772691596,0.3928571428571429,1.0,56.0,1.0,43.02327787843423,43.72137152329358,1.0,1.0,0.3621733450614041,0.0
040803,AREQUIPA,LA UNION,CHARCANA,4.0,1.0,1.0,0.0,0.0,43.0,43.0,1.0,31.462776670478004,31.20399125123441,1.0,0.627906976744186,0.0506484740881968,0.3792808886006159,0.40521470354338585,0.21496468134440633,0.22793158881579131,1522,1507,15,15,True,False,False,True,False,Missing-dominant activity,Very low availability,Low availability,0.1012969481763936,0.0,0.3823614023198167,0.3720930232558139,1.0,43.0,1.0,31.462776670478004,31.203991251234406,1.0,0.627906976744186,0.4194097093809167,0.37209302325581395
150720,LIMA,HUAROCHIRI,SAN JUAN DE TANTARANCHE,4.0,1.0,1.0,0.0,0.0,57.0,57.0,1.0,31.245595886530477,33.90917112523624,1.0,0.5964912280701754,0.0506484740881968,0.378235850383289,0.40479768143329675,0.2144421622357429,0.22772307776074677,1523,1508,15,15,True,False,False,True,False,Missing-dominant activity,Very low availability,Low availability,0.1012969481763936,0.0,0.3674045982919167,0.4035087719298246,1.0,57.0,1.0,31.245595886530474,33.90917112523624,1.0,0.5964912280701754,0.40535007122049915,0.4035087719298246
090613,HUANCAVELICA,HUAYTARA,SANTIAGO DE CHOCORVOS,16.0,1.0,1.0,0.0,0.0,290.0,290.0,1.0,33.857058489467214,34.17919286486264,1.0,0.7620689655172413,0.1012969481763936,0.3275623725874468,0.35314971406505474,0.2144296603819202,0.22722333112072418,1524,1509,15,15,True,False,False,True,False,Missing-dominant activity,Very low availability,Very low availability,0.2025938963527872,0.0,0.3659758032037418,0.2379310344827586,1.0,290.0,1.0,33.45212530305337,34.17919286486264,1.0,0.7655172413793103,0.4040069806840684,0.23448275862068968
110114,ICA,ICA,YAUCA DEL ROSARIO,8.0,1.0,1.0,0.0,0.0,57.0,57.0,1.0,34.42301299733876,34.64751890671349,0.8947368421052632,0.6666666666666666,0.0741986734039763,0.3544664563867393,0.3256152649128217,0.2143325648953578,0.199906969158399,1525,1557,-32,32,True,False,False,True,False,Missing-dominant activity,Very low availability,Very low availability,0.1483973468079527,0.0,0.3635235091239133,0.3333333333333333,1.0,57.0,1.0,37.800206555344815,38.80849817025532,0.9298245614035088,0.8070175438596491,0.3824578972438807,0.19298245614035092
210111,PUNO,PUNO,PICHACANI,4.0,1.0,1.0,0.0,0.0,451.0,451.0,1.0,41.622393912834006,38.8431813534997,0.9733924611973392,0.7117516629711752,0.1012969481763936,0.3264976089115753,0.3587190950535948,0.21389727854398446,0.2300080216149942,1526,1505,21,21,True,False,False,True,False,Missing-dominant activity,Very low availability,Low availability,0.2025938963527872,0.0,0.3428901540041826,0.2882483370288248,1.0,451.0,1.0,41.76811250789782,37.99205047832988,0.9733924611973392,0.70509977827051,0.38607004076392537,0.29490022172949004
150906,LIMA,OYON,PACHANGARA,26.0,0.0,0.0,52.0,30.0,45.0,45.0,1.0,50.022970354926535,50.647956267566265,1.0,1.0,0.2213920778909463,0.2063394459441861,0.7111596953247479,0.2138657619175662,0.4662758866078471,1527,461,1066,1066,False,False,False,True,False,Observed low geospatial access,Very low availability,High availability,0.1278225171009454,0.3149616386809472,0.2947706370631231,0.0,1.0,45.0,1.0,11.311431185483752,11.286585016778176,0.0,0.0,0.5873709933210685,1.0
120909,JUNIN,CHUPACA,YANACANCHA,4.0,1.0,1.0,0.0,0.0,132.0,132.0,1.0,30.59605381736895,32.796230864221414,0.8257575757575758,0.6212121212121212,0.0506484740881968,0.3750252214340673,0.41572664575519747,0.21283684776113204,0.23318755992169712,1528,1499,29,29,True,False,False,True,False,Missing-dominant activity,Very low availability,Low availability,0.1012969481763936,0.0,0.3734126539967196,0.3787878787878788,1.0,132.0,1.0,29.321439978444445,31.96779235711765,0.75,0.5833333333333334,0.4153237796502821,0.41666666666666663
040128,AREQUIPA,AREQUIPA,YURA,6.0,1.0,1.0,0.0,0.0,90.0,90.0,1.0,33.66085685440043,36.81847962816447,0.9111111111111112,0.7111111111111111,0.0897107931332828,0.3334594185151933,0.3606445092056008,0.21158510582423803,0.2251776511694418,1529,1513,16,16,True,False,False,True,False,Missing-dominant activity,Very low availability,Very low availability,0.1794215862665657,0.0,0.3525610740693238,0.2888888888888888,1.0,90.0,1.0,33.66085685440043,36.81847962816447,0.9111111111111111,0.7111111111111111,0.3913969179127631,0.28888888888888886
100902,HUANUCO,PUERTO INCA,CODO DEL POZUZO,0.0,0.0,0.0,0.0,0.0,69.0,69.0,1.0,37.485908591516974,38.09311956282868,0.9565217391304348,0.7391304347826086,0.1012969481763936,0.3207508479998234,0.34819403536885823,0.2110238980881085,0.22474549177262593,1530,1517,13,13,False,False,False,True,False,Observed low geospatial access,Very low availability,Very low availability,0.2025938963527872,0.0,0.34641425490658,0.2608695652173913,1.0,69.0,1.0,37.485908591516974,38.093119562828676,0.9565217391304348,0.7391304347826086,0.38561880829091555,0.26086956521739135
150511,LIMA,CA?ETE,PACARAN,21.0,0.0,0.0,31.0,26.0,8.0,8.0,1.0,37.02346936874657,37.19219586098376,1.0,1.0,0.1759907164882346,0.2455163603538979,0.886676818761815,0.21075353842106626,0.5313337676250248,1531,347,1184,1184,False,False,False,True,False,Observed low geospatial access,Very low availability,Very high availability,0.0639112585504727,0.2880701744259965,0.3507376576484257,0.0,1.0,8.0,1.0,2.178446581709893,1.9154873732942386,0.0,0.0,0.8381097410883074,1.0
010107,AMAZONAS,CHACHAPOYAS,GRANADA,0.0,0.0,0.0,0.0,0.0,13.0,13.0,1.0,30.46431577127324,30.400922136145947,1.0,0.6153846153846154,0.0319556292752363,0.3863155171518365,0.4120527100045223,0.2091355732135364,0.22200416963987932,1532,1520,12,12,False,False,False,True,False,Observed low geospatial access,Very low availability,Very low availability,0.0639112585504727,0.0,0.3870441453817446,0.3846153846153846,1.0,13.0,1.0,30.46431577127324,30.400922136145947,1.0,0.6153846153846154,0.4238115637427242,0.3846153846153846
240202,TUMBES,CONTRALMIRANTE VILLAR,CASITAS,6.0,1.0,1.0,0.0,0.0,39.0,39.0,1.0,36.55411189816903,37.00170985531843,0.9230769230769232,0.6410256410256411,0.0639112585504727,0.3538576860965493,0.5439742034618709,0.20888447232351098,0.30394273100617175,1533,1381,152,152,True,False,False,True,False,Missing-dominant activity,Very low availability,Low availability,0.1278225171009454,0.0,0.3516648262917738,0.3589743589743589,1.0,39.0,1.0,26.34146612059904,26.42095084370143,0.9230769230769231,0.23076923076923078,0.4474356752752001,0.7692307692307692
210305,PUNO,CARABAYA,CORANI,10.0,1.0,1.0,0.0,0.0,227.0,227.0,1.0,35.8086396284485,35.04622675184842,1.0,0.7268722466960352,0.0826041033634331,0.3349610356288187,0.4903371810718018,0.2087825694961259,0.2864706422176174,1534,1407,127,127,True,False,False,True,False,Missing-dominant activity,Very low availability,Low availability,0.1652082067268663,0.0,0.3614610137680418,0.2731277533039647,1.0,227.0,1.0,28.640327508480095,27.317376859342986,0.8810572687224669,0.3964757709251101,0.4418284462133355,0.6035242290748899
021405,ANCASH,OCROS,COCHAS,2.0,1.0,1.0,0.0,0.0,35.0,35.0,1.0,32.03769635562639,32.02747590423098,0.9428571428571428,0.6,0.0319556292752363,0.3843755437567374,0.4110230768108763,0.20816558651598685,0.2214893530430563,1535,1523,12,12,True,False,False,True,False,Missing-dominant activity,Very low availability,Very low availability,0.0639112585504727,0.0,0.3776793482239106,0.4,1.0,35.0,1.0,30.089828902785015,31.88779645285958,0.9428571428571428,0.6,0.4157472525869662,0.4
170303,MADRE DE DIOS,TAHUAMANU,TAHUAMANU,0.0,0.0,0.0,0.0,0.0,10.0,10.0,1.0,42.63569078699878,42.32271309633448,0.8,0.7,0.095866887825709,0.319155294511736,0.34739834682831916,0.20751109116872252,0.2216326173270141,1536,1521,15,15,False,False,False,True,False,Observed low geospatial access,Very low availability,Very low availability,0.1917337756514181,0.0,0.3273647064453372,0.3,1.0,10.0,1.0,42.63569078699878,42.322713096334475,0.8,0.7,0.36771192404045594,0.30000000000000004
160304,LORETO,LORETO,TROMPETEROS,0.0,0.0,0.0,0.0,0.0,68.0,68.0,1.0,86.44431053444539,72.41355583073937,0.7794117647058824,0.7647058823529411,0.1823228778459498,0.231281598883959,0.10417337988375079,0.2068022383649544,0.1432481288648503,1537,1751,-214,214,False,False,False,True,False,Observed low geospatial access,Very low availability,Very low availability,0.3646457556918997,0.0,0.2295619479854876,0.2352941176470588,1.0,68.0,1.0,158.54965121921222,151.08660116656796,1.0,1.0,0.148819114119644,0.0
250103,UCAYALI,CORONEL PORTILLO,IPARIA,55.0,0.5272727272727272,0.5272727272727272,27.0,26.0,84.0,84.0,1.0,89.33205526743264,87.98406764852108,1.0,1.0,0.2745343103333079,0.1357260180421719,0.5934677926964547,0.20513016418773988,0.4340010515148813,1538,543,995,995,False,False,False,True,False,Observed low geospatial access,Very low availability,High availability,0.26650515490326,0.2825634657633558,0.193894311488817,0.0,1.0,84.0,1.0,25.322149964599333,14.060029525657857,0.39285714285714285,0.30952380952380953,0.5518927650765679,0.6904761904761905
220202,SAN MARTIN,BELLAVISTA,ALTO BIAVO,16.0,1.0,1.0,0.0,0.0,53.0,53.0,1.0,37.95633731274861,40.48190343771332,0.8490566037735849,0.7169811320754716,0.0897107931332828,0.3196969504759035,0.47383247750086743,0.20470387180459315,0.2817716353170751,1539,1415,124,124,True,False,False,True,False,Missing-dominant activity,Very low availability,Low availability,0.1794215862665657,0.0,0.3354161287122071,0.2830188679245283,1.0,53.0,1.0,30.971478488149184,28.564501951193606,0.8301886792452831,0.4339622641509434,0.43431593820878633,0.5660377358490566
150709,LIMA,HUAROCHIRI,HUAROCHIRI,4.0,1.0,1.0,0.0,0.0,70.0,70.0,1.0,31.253059121291837,32.31090993914773,1.0,0.7,0.0506484740881968,0.3532663618572946,0.37946330290112573,0.2019574179727457,0.21505588849466126,1540,1532,8,8,True,False,False,True,False,Missing-dominant activity,Very low availability,Very low availability,0.1012969481763936,0.0,0.376094802653278,0.3,1.0,70.0,1.0,31.253059121291834,32.31090993914773,1.0,0.7,0.4135190041444653,0.30000000000000004
210805,PUNO,MELGAR,MACARI,0.0,0.0,0.0,0.0,0.0,184.0,184.0,1.0,35.53167641141037,36.2157447123535,1.0,0.8043478260869565,0.095866887825709,0.3075738038154344,0.22434371968636857,0.20172034582057172,0.1601053037560388,1541,1671,-130,130,False,False,False,True,False,Observed low geospatial access,Very low availability,Very low availability,0.1917337756514181,0.0,0.3555402166307448,0.1956521739130434,1.0,184.0,1.0,55.017466450269374,55.80248609472376,1.0,1.0,0.3204910281233837,0.0
010402,AMAZONAS,CONDORCANQUI,EL CENEPA,0.0,0.0,0.0,0.0,0.0,86.0,86.0,1.0,59.00080814537058,48.42045076573662,1.0,0.9883720930232558,0.1867168894749414,0.2155503302704879,0.24481870577054643,0.20113360987271464,0.2157677976227439,1542,1531,11,11,False,False,False,True,False,Observed low geospatial access,Very low availability,Very low availability,0.3734337789498829,0.0,0.3029456545392353,0.0116279069767442,1.0,86.0,1.0,59.00080814537058,48.42045076573662,1.0,0.9883720930232558,0.3447576195393188,0.011627906976744207
021802,ANCASH,SANTA,CACERES DEL PERU,6.0,1.0,1.0,0.0,0.0,183.0,183.0,1.0,33.02897835679456,32.988792805355644,1.0,0.7431693989071039,0.0639112585504727,0.3377005570113069,0.3604555979432092,0.2008059077808898,0.21218342824684094,1543,1539,4,4,True,False,False,True,False,Missing-dominant activity,Very low availability,Very low availability,0.1278225171009454,0.0,0.3723591095477687,0.2568306010928961,1.0,183.0,1.0,33.577234018357366,34.00618911034172,1.0,0.7431693989071039,0.40486631087905767,0.2568306010928961
040807,AREQUIPA,LA UNION,QUECHUALLA,2.0,1.0,1.0,0.0,0.0,45.0,45.0,1.0,31.16313662267756,31.361470126975263,1.0,0.6666666666666666,0.0319556292752363,0.3670197888647952,0.39299158511225585,0.19948770907001576,0.21247360719374608,1544,1538,6,6,True,False,False,True,False,Missing-dominant activity,Very low availability,Very low availability,0.0639112585504727,0.0,0.3814568412354218,0.3333333333333333,1.0,45.0,1.0,31.16313662267756,31.361470126975266,1.0,0.6666666666666666,0.4185594073032226,0.33333333333333337
021105,ANCASH,HUARMEY,MALVAS,4.0,1.0,1.0,0.0,0.0,54.0,54.0,1.0,33.26249558451515,33.59187374612945,1.0,0.7037037037037037,0.0506484740881968,0.3472573064850222,0.7299321607607228,0.19895289028660948,0.3902903174244598,1545,823,722,722,True,False,False,True,False,Missing-dominant activity,Very low availability,Medium availability,0.1012969481763936,0.0,0.3690977394230476,0.2962962962962963,1.0,54.0,1.0,10.423591868892563,9.534505341483197,0.0,0.0,0.6141888010867469,1.0
100311,HUANUCO,DOS DE MAYO,MARIAS,0.0,0.0,0.0,0.0,0.0,182.0,182.0,1.0,37.284795222907015,39.53488938958405,1.0,0.7472527472527473,0.0826041033634331,0.3136131507667572,0.5358739861694717,0.19810862706509516,0.30923904476645236,1546,1371,175,175,False,False,False,True,False,Observed low geospatial access,Very low availability,Low availability,0.1652082067268663,0.0,0.3396985356322591,0.2527472527472527,1.0,182.0,1.0,20.11319046716083,22.928130065238904,0.5769230769230769,0.3131868131868132,0.47118575732216517,0.6868131868131868
060606,CAJAMARCA,CUTERVO,PIMPINGOS,16.0,1.0,1.0,0.0,0.0,53.0,53.0,1.0,32.67544587183308,32.92765111590812,1.0,0.8867924528301887,0.1012969481763936,0.2948473499465432,0.649978186496271,0.19807214906146842,0.3756375673363323,1547,947,600,600,True,False,False,True,False,Missing-dominant activity,Very low availability,Medium availability,0.2025938963527872,0.0,0.3726929797079998,0.1132075471698113,1.0,53.0,1.0,18.76017879561178,19.285943260843183,0.4528301886792453,0.0,0.4999688378518158,1.0
021202,ANCASH,HUAYLAS,HUALLANCA,6.0,1.0,1.0,0.0,0.0,31.0,31.0,1.0,33.574184623750334,35.50294959874476,1.0,0.7419354838709677,0.0639112585504727,0.3288077372340876,0.3557171645636258,0.19635949789228016,0.20981421155704924,1548,1543,5,5,True,False,False,True,False,Missing-dominant activity,Very low availability,Very low availability,0.1278225171009454,0.0,0.3591262605648256,0.2580645161290322,1.0,31.0,1.0,33.574184623750334,35.502949598744756,1.0,0.7419354838709677,0.3975682996070231,0.25806451612903225
230111,TACNA,TACNA,LA YARADA LOS PALOS,0.0,0.0,0.0,0.0,0.0,61.0,61.0,1.0,31.17691992458653,32.736755044535656,0.9672131147540984,0.6721311475409836,0.0319556292752363,0.3599781458579331,0.3862739924861119,0.1959668875665847,0.2091148108806741,1549,1544,5,5,False,False,False,True,False,Observed low geospatial access,Very low availability,Very low availability,0.0639112585504727,0.0,0.373739271600326,0.3278688524590164,1.0,61.0,1.0,31.176919924586535,32.736755044535656,0.9672131147540983,0.6721311475409836,0.4113047667834385,0.3278688524590164
200604,PIURA,SULLANA,LANCONES,0.0,0.0,0.0,0.0,0.0,227.0,227.0,1.0,44.74987105488433,42.74169650654228,1.0,0.8898678414096917,0.1306174472313001,0.2609456253690123,0.2276898366796519,0.19578153630015618,0.179153641955476,1550,1610,-60,60,False,False,False,True,False,Observed low geospatial access,Very low availability,Very low availability,0.2612348944626003,0.0,0.3255799682741712,0.1101321585903083,1.0,227.0,1.0,52.775753652277054,54.26592878776086,1.0,1.0,0.3252711952566456,0.0
050708,AYACUCHO,PARINACOCHAS,UPAHUACHO,0.0,0.0,0.0,0.0,0.0,147.0,147.0,1.0,35.53719101882007,34.66291257013361,1.0,0.8299319727891157,0.0826041033634331,0.3054308240552497,0.7512538702962722,0.1940174637093414,0.4169289868298527,1551,626,925,925,False,False,False,True,False,Observed low geospatial access,Very low availability,High availability,0.1652082067268663,0.0,0.3634434512742635,0.1700680272108843,1.0,147.0,1.0,8.612369120882098,7.845523746762432,0.0,0.0,0.6446483861375318,1.0
221004,SAN MARTIN,TOCACHE,SHUNTE,0.0,0.0,0.0,0.0,0.0,24.0,24.0,1.0,32.09073806859137,31.06902337270441,1.0,0.7083333333333334,0.0319556292752363,0.3556981308769446,0.4065992456986441,0.19382688007609045,0.2192774374869402,1552,1527,25,25,False,False,False,True,False,Observed low geospatial access,Very low availability,Very low availability,0.0639112585504727,0.0,0.3831401869670638,0.2916666666666666,1.0,24.0,1.0,31.06416570250772,31.06902337270441,1.0,0.625,0.4201417795694916,0.375
061108,CAJAMARCA,SAN MIGUEL,NANCHOC,4.0,1.0,1.0,0.0,0.0,50.0,50.0,1.0,33.285743282684805,35.05977797591876,1.0,0.72,0.0506484740881968,0.3369739208382847,0.41431246647041275,0.19381119746324074,0.23248047027930477,1553,1500,53,53,True,False,False,True,False,Missing-dominant activity,Very low availability,Low availability,0.1012969481763936,0.0,0.3613913154832638,0.28,1.0,50.0,1.0,30.03232356105988,31.013032470653158,0.98,0.6,0.4204463806720182,0.4
160202,LORETO,ALTO AMAZONAS,BALSAPUERTO,0.0,0.0,0.0,0.0,0.0,99.0,99.0,1.0,45.5401553343286,47.20599839191621,1.0,0.8787878787878788,0.1357451968076798,0.251655192261916,0.41535962937792736,0.19370019453479792,0.2755524130928036,1554,1428,126,126,False,False,False,True,False,Observed low geospatial access,Very low availability,Low availability,0.2714903936153596,0.0,0.307559365568971,0.1212121212121212,1.0,99.0,1.0,31.344682787318153,32.68879946687475,0.797979797979798,0.5757575757575758,0.411552717293143,0.4242424242424242
020905,ANCASH,CORONGO,LA PAMPA,2.0,1.0,1.0,0.0,0.0,10.0,10.0,1.0,31.277054824989165,31.81406009224058,1.0,0.7,0.0319556292752363,0.3552170187069874,0.38129695195012453,0.19358632399111186,0.20662629061268042,1555,1548,7,7,True,False,False,True,False,Missing-dominant activity,Very low availability,Very low availability,0.0639112585504727,0.0,0.3788814552956963,0.3,1.0,10.0,1.0,31.277054824989165,31.81406009224058,1.0,0.7,0.41613850278589215,0.30000000000000004
100113,HUANUCO,HUANUCO,SAN PABLO DE PILLAO,0.0,0.0,0.0,0.0,0.0,76.0,76.0,1.0,36.80253590507414,38.61235957659007,1.0,0.7894736842105263,0.0826041033634331,0.3039351683583639,0.3314810902618959,0.19326963586089851,0.20704259681266451,1556,1547,9,9,False,False,False,True,False,Observed low geospatial access,Very low availability,Very low availability,0.1652082067268663,0.0,0.3439675337450312,0.2105263157894736,1.0,76.0,1.0,36.80253590507414,38.612359576590066,1.0,0.7894736842105263,0.383318850750077,0.21052631578947367
060302,CAJAMARCA,CELENDIN,CHUMUCH,0.0,0.0,0.0,0.0,0.0,25.0,25.0,1.0,31.712588237964045,32.21909035718782,1.0,0.76,0.0506484740881968,0.3356246488924819,0.36080971902159525,0.19313656149033934,0.20572909655489602,1557,1550,7,7,False,False,False,True,False,Observed low geospatial access,Very low availability,Very low availability,0.1012969481763936,0.0,0.3766066412749742,0.24,1.0,25.0,1.0,32.775867623354166,32.48981932503056,1.0,0.76,0.41258531288799327,0.24
080807,CUSCO,ESPINAR,SUYCKUTAMBO,2.0,1.0,1.0,0.0,0.0,189.0,189.0,1.0,33.90685983430948,32.8470947196127,1.0,0.6931216931216931,0.0319556292752363,0.3532571419391206,0.35662369754651696,0.19260638560717847,0.19428966341087664,1558,1570,-12,12,True,False,False,True,False,Missing-dominant activity,Very low availability,Very low availability,0.0639112585504727,0.0,0.3731337855366122,0.3068783068783068,1.0,189.0,1.0,34.74211552620651,33.49675662750268,1.0,0.7619047619047619,0.40742160873992217,0.23809523809523814
040125,AREQUIPA,AREQUIPA,VITOR,4.0,1.0,1.0,0.0,0.0,77.0,77.0,1.0,32.12356457517761,31.65825021413999,1.0,0.8181818181818182,0.0639112585504727,0.3203802779032921,0.3464231528788689,0.1921457682268824,0.2051672057146708,1559,1552,7,7,True,False,False,True,False,Missing-dominant activity,Very low availability,Very low availability,0.1278225171009454,0.0,0.3797640333683395,0.1818181818181817,1.0,77.0,1.0,32.12356457517761,31.65825021413999,1.0,0.8181818181818182,0.41696814047630626,0.18181818181818177
020507,ANCASH,BOLOGNESI,COLQUIOC,22.0,0.0,0.0,25.0,25.0,51.0,51.0,1.0,46.72530219415921,48.07593109189627,1.0,1.0,0.1708782610732743,0.2129700056475305,0.7880995720740505,0.1919241333604024,0.4794889165736624,1560,436,1124,1124,False,False,False,True,False,Observed low geospatial access,Very low availability,High availability,0.0639112585504727,0.2778452635960758,0.3042428652107579,0.0,1.0,51.0,1.0,7.1214875232253165,5.5400074299725635,0.0,0.0,0.6972851029629292,1.0
220602,SAN MARTIN,MARISCAL CACERES,CAMPANILLA,17.0,0.8823529411764706,0.8823529411764706,2.0,2.0,81.0,81.0,1.0,42.41391773046319,41.03428804863808,1.0,0.9753086419753086,0.1427108375633436,0.2404816185947383,0.7413618657357957,0.19159622807904095,0.4420363516495696,1561,519,1042,1042,False,False,False,True,False,Observed low geospatial access,Very low availability,High availability,0.1917337756514181,0.0936878994752691,0.3329631588390442,0.0246913580246913,1.0,81.0,1.0,11.207919549690853,8.305712694503287,0.19753086419753085,0.012345679012345678,0.6358079563421419,0.9876543209876543
070107,CALLAO,CALLAO,MI PERU,62.0,0.032258064516129,0.032258064516129,1805.0,1670.0,0.0,0.0,0.0,0.0,0.0,0.0,0.0,0.3819463123707287,0.0,0.0,0.19097315618536434,0.19097315618536434,1562,1576,-14,14,False,False,False,False,False,Mixed/other profile,Very low availability,Very low availability,0.1278225171009454,0.636070107640512,0.0,0.0,0.0,0.0,0.0,0.0,0.0,0.0,0.0,0.0,0.0
020510,ANCASH,BOLOGNESI,HUAYLLACAYAN,4.0,1.0,1.0,0.0,0.0,96.0,96.0,1.0,33.9779442021299,35.48596932781611,1.0,0.75,0.0506484740881968,0.3264487773589666,0.6579585781791149,0.1885486257235817,0.35430352613365584,1563,1125,438,438,True,False,False,True,False,Missing-dominant activity,Very low availability,Medium availability,0.1012969481763936,0.0,0.3592125390842381,0.25,1.0,96.0,1.0,19.205772955210296,18.00161483634443,0.3958333333333333,0.0,0.5113693973987354,1.0
120206,JUNIN,CONCEPCION,COMAS,14.0,1.0,1.0,0.0,0.0,117.0,117.0,1.0,37.15042858522575,38.188273152667904,0.9914529914529916,0.8717948717948718,0.095866887825709,0.2806359583987068,0.3080980741639797,0.1882514231122079,0.20198248099484437,1564,1554,10,10,True,False,False,True,False,Missing-dominant activity,Very low availability,Very low availability,0.1917337756514181,0.0,0.3459634570530977,0.1282051282051282,1.0,117.0,1.0,36.94164694314509,38.188273152667904,0.9914529914529915,0.8717948717948718,0.3851950510034876,0.1282051282051282
100105,HUANUCO,HUANUCO,MARGOS,0.0,0.0,0.0,0.0,0.0,143.0,143.0,1.0,33.5248581539724,33.543563002275214,1.0,0.8601398601398601,0.0741986734039763,0.3005078674208711,0.7017094381284784,0.1873532704124237,0.3879540557662274,1565,832,733,733,False,False,False,True,False,Observed low geospatial access,Very low availability,Medium availability,0.1483973468079527,0.0,0.3693568935183273,0.1398601398601399,1.0,143.0,1.0,11.764963332081987,12.276010717183402,0.0,0.0,0.5738706258978263,1.0
020901,ANCASH,CORONGO,CORONGO,2.0,1.0,1.0,0.0,0.0,42.0,42.0,1.0,32.20474156772165,31.56098751659224,1.0,0.7619047619047619,0.0319556292752363,0.3376505489601499,0.3636702009591144,0.1848030891176931,0.19781291511717536,1566,1561,5,5,True,False,False,True,False,Missing-dominant activity,Very low availability,Very low availability,0.0639112585504727,0.0,0.3803171107593978,0.2380952380952381,1.0,42.0,1.0,32.20474156772165,31.560987516592238,1.0,0.7619047619047619,0.41748804218648994,0.23809523809523814
080805,CUSCO,ESPINAR,PALLPATA,2.0,1.0,1.0,0.0,0.0,300.0,300.0,1.0,35.67615389009123,36.73743123776434,0.9366666666666666,0.7,0.0319556292752363,0.3370712287301132,0.3642396153203283,0.18451342900267476,0.1980976222977823,1567,1560,7,7,True,False,False,True,False,Missing-dominant activity,Very low availability,Very low availability,0.0639112585504727,0.0,0.3529588981858761,0.3,1.0,300.0,1.0,35.98918093040879,36.73743123776434,0.9366666666666666,0.7,0.3917708790290404,0.30000000000000004
150502,LIMA,CA?ETE,ASIA,2.0,1.0,1.0,0.0,0.0,67.0,67.0,1.0,37.63813813033498,39.00938896940341,1.0,0.8208955223880597,0.0741986734039763,0.293214100435571,0.6846513308408002,0.18370638691977365,0.3794250021223883,1568,917,651,651,True,False,False,True,False,Missing-dominant activity,Very low availability,Medium availability,0.1483973468079527,0.0,0.3421182245028413,0.1791044776119402,1.0,67.0,1.0,15.216191685510692,14.26801939453559,0.19402985074626866,0.0,0.5495019012011433,1.0
140308,LAMBAYEQUE,LAMBAYEQUE,OLMOS,2.0,1.0,1.0,0.0,0.0,234.0,234.0,1.0,48.927356897408806,47.92568924706073,1.0,0.97008547008547,0.1425039435834407,0.2223423535802868,0.238828988885455,0.18242314858186376,0.19066646623444786,1569,1578,-9,9,True,False,False,True,False,Missing-dominant activity,Very low availability,Very low availability,0.2850078871668814,0.0,0.3048114208656113,0.0299145299145299,1.0,234.0,1.0,52.60180255525151,52.165005401736316,1.0,0.9786324786324786,0.33202676067885517,0.021367521367521403
211203,PUNO,SANDIA,LIMBANI,0.0,0.0,0.0,0.0,0.0,103.0,103.0,1.0,38.78629030347434,36.55283766895835,1.0,0.8252427184466019,0.0639112585504727,0.3001349032476479,0.27893677212866747,0.1820230808990603,0.17142401533957008,1570,1634,-64,64,False,False,False,True,False,Observed low geospatial access,Very low availability,Very low availability,0.1278225171009454,0.0,0.3538681696880407,0.1747572815533981,1.0,103.0,1.0,41.56414845565327,41.916289795495295,1.0,0.9320388349514563,0.3693548894487205,0.06796116504854366
150712,LIMA,HUAROCHIRI,LARAOS,2.0,1.0,1.0,0.0,0.0,28.0,28.0,1.0,34.17396582707853,34.007360780313235,1.0,0.75,0.0319556292752363,0.3318186334875637,0.3584023337484929,0.1818871313814,0.1951789815118646,1571,1568,3,3,True,False,False,True,False,Missing-dominant activity,Very low availability,Very low availability,0.0639112585504727,0.0,0.366883762125091,0.25,1.0,28.0,1.0,34.17396582707853,34.007360780313235,1.0,0.75,0.4048604767835613,0.25
050206,AYACUCHO,CANGALLO,TOTOS,0.0,0.0,0.0,0.0,0.0,74.0,74.0,1.0,33.6847972894702,34.55841640777834,1.0,0.8513513513513513,0.0639112585504727,0.2993859040303042,0.6589616622058057,0.18164858129038844,0.36143646037813915,1572,1064,508,508,False,False,False,True,False,Observed low geospatial access,Very low availability,Medium availability,0.1278225171009454,0.0,0.3639875849081566,0.1486486486486486,1.0,74.0,1.0,17.16471748212232,17.846044952389683,0.24324324324324326,0.0,0.5128023745797224,1.0
010205,AMAZONAS,BAGUA,IMAZA,0.0,0.0,0.0,0.0,0.0,148.0,148.0,1.0,56.74226318947708,57.57679986639943,1.0,1.0,0.172314896496716,0.1899988585069223,0.2697925172690358,0.18115687750181914,0.2210537068828759,1573,1525,48,48,False,False,False,True,False,Observed low geospatial access,Very low availability,Very low availability,0.3446297929934321,0.0,0.2714269407241747,0.0,1.0,148.0,1.0,44.3535363973016,45.21140099282744,1.0,0.9324324324324325,0.35646035285537936,0.06756756756756754
100509,HUANUCO,HUAMALIES,PU?OS,6.0,1.0,1.0,0.0,0.0,120.0,120.0,1.0,33.34878425009963,33.86629697951411,1.0,0.875,0.0639112585504727,0.2948427353760748,0.6229930059503461,0.17937699696327375,0.3434521322504094,1574,1235,339,339,True,False,False,True,False,Missing-dominant activity,Very low availability,Low availability,0.1278225171009454,0.0,0.3676324791086783,0.125,1.0,120.0,1.0,23.827161572328087,24.30718593716147,0.9083333333333333,0.0,0.461418579929066,1.0
120809,JUNIN,YAULI,SUITUCANCHA,2.0,1.0,1.0,0.0,0.0,161.0,161.0,1.0,33.47193759627662,32.903708553589354,1.0,0.782608695652174,0.0319556292752363,0.326194110363365,0.24911257075190318,0.17907486981930065,0.14053410001356975,1575,1764,-189,189,True,False,False,True,False,Missing-dominant activity,Very low availability,Very low availability,0.0639112585504727,0.0,0.3728238843700245,0.217391304347826,1.0,161.0,1.0,44.90773288566856,45.36681881872934,1.0,1.0,0.35587510107414744,0.0
061106,CAJAMARCA,SAN MIGUEL,LA FLORIDA,2.0,1.0,1.0,0.0,0.0,31.0,31.0,1.0,32.80972641458675,33.645528386175684,1.0,0.7741935483870968,0.0319556292752363,0.3259091754720148,0.3784949187848411,0.17893240237362557,0.2052252740300387,1576,1551,25,25,True,False,False,True,False,Missing-dominant activity,Very low availability,Very low availability,0.0639112585504727,0.0,0.3688103428402055,0.2258064516129032,1.0,31.0,1.0,32.03833692321458,31.786857490188837,1.0,0.7096774193548387,0.41628306370184676,0.29032258064516125
100504,HUANUCO,HUAMALIES,JACAS GRANDE,10.0,1.0,1.0,0.0,0.0,202.0,202.0,1.0,34.54618219394711,33.9427945680503,1.0,0.9405940594059404,0.0826041033634331,0.2748800393721384,0.7029536480606434,0.17874207136778575,0.3927788757120383,1577,800,777,777,True,False,False,True,False,Missing-dominant activity,Very low availability,Medium availability,0.1652082067268663,0.0,0.3672260817056009,0.0594059405940594,1.0,202.0,1.0,12.54639223499797,12.14132222279883,0.024752475247524754,0.0,0.5756480686580621,1.0
210502,PUNO,EL COLLAO,CAPASO,0.0,0.0,0.0,0.0,0.0,157.0,157.0,1.0,42.48965426196485,42.360860411952046,1.0,0.8726114649681529,0.0897107931332828,0.2672576092232588,0.15489645116434797,0.1784842011782708,0.12230362214881538,1578,1832,-254,254,False,False,False,True,False,Observed low geospatial access,Very low availability,Very low availability,0.1794215862665657,0.0,0.3272014981624352,0.1273885350318471,1.0,157.0,1.0,98.04494757458077,99.3579472762685,1.0,1.0,0.22128064452049712,0.0
200702,PIURA,TALARA,EL ALTO,0.0,0.0,0.0,0.0,0.0,5.0,5.0,1.0,36.32545306047779,33.807316277371775,1.0,1.0,0.095866887825709,0.2575624984597091,0.6123937505913166,0.17671469314270905,0.3541303192085128,1579,1127,452,452,False,False,False,True,False,Observed low geospatial access,Very low availability,Medium availability,0.1917337756514181,0.0,0.367946426371013,0.0,1.0,5.0,1.0,24.419648344507486,26.603865457185467,0.8,0.0,0.4462767865590237,1.0
010110,AMAZONAS,CHACHAPOYAS,LEIMEBAMBA,0.0,0.0,0.0,0.0,0.0,58.0,58.0,1.0,37.93853306493767,39.376695297668846,1.0,0.8448275862068966,0.0639112585504727,0.284848265799603,0.3146881912713566,0.17437976217503784,0.18929972491091465,1580,1581,-1,1,False,False,False,True,False,Observed low geospatial access,Very low availability,Very low availability,0.1278225171009454,0.0,0.3404236309452456,0.1551724137931034,1.0,58.0,1.0,37.58476042300768,38.67302692968164,1.0,0.8448275862068966,0.38305209590489375,0.15517241379310343
100506,HUANUCO,HUAMALIES,MIRAFLORES,2.0,1.0,1.0,0.0,0.0,75.0,75.0,1.0,35.06122009493544,36.38102930120667,1.0,0.7733333333333333,0.0319556292752363,0.3163029421314391,0.6319881026963472,0.17412928570333772,0.33197186598579176,1581,1300,281,281,True,False,False,True,False,Missing-dominant activity,Very low availability,Low availability,0.0639112585504727,0.0,0.3547184887591988,0.2266666666666666,1.0,75.0,1.0,23.09519821401387,21.750464354588818,0.7866666666666666,0.013333333333333334,0.4799830038519246,0.9866666666666667
140110,LAMBAYEQUE,CHICLAYO,OYOTUN,1.0,1.0,1.0,0.0,0.0,47.0,47.0,1.0,38.56066895234647,39.334469204089984,1.0,0.9148936170212766,0.0826041033634331,0.2639642755037785,0.6083206524355508,0.1732841894336058,0.34546237789949197,1582,1217,365,365,True,False,False,True,False,Missing-dominant activity,Very low availability,Low availability,0.1652082067268663,0.0,0.3406176580145164,0.0851063829787234,1.0,47.0,1.0,24.341063235233335,24.705692757441007,0.9574468085106383,0.0425531914893617,0.458695156974799,0.9574468085106383
160403,LORETO,MARISCAL RAMON CASTILLA,YAVARI,0.0,0.0,0.0,0.0,0.0,89.0,89.0,1.0,62.41520211111686,57.83143335940499,1.0,0.7528089887640449,0.0826041033634331,0.2635931329777348,0.012721743543098074,0.17309861817058395,0.04766292345326559,1583,1874,-291,291,False,False,False,True,False,Observed low geospatial access,Very low availability,Very low availability,0.1652082067268663,0.0,0.2706226137242118,0.2471910112359551,1.0,89.0,1.0,306.4360748698925,320.80720847353496,1.0,1.0,0.018173919347282963,0.0
210304,PUNO,CARABAYA,COASA,0.0,0.0,0.0,0.0,0.0,147.0,147.0,1.0,41.218879705218185,38.33232404605384,1.0,0.9523809523809524,0.0897107931332828,0.2559838722781378,0.3725185727617909,0.1728473327057103,0.23111468294753684,1584,1503,81,81,False,False,False,True,False,Observed low geospatial access,Very low availability,Low availability,0.1794215862665657,0.0,0.3452830828463193,0.0476190476190476,1.0,147.0,1.0,37.705074588019066,34.79665618655873,0.9591836734693877,0.6938775510204082,0.40097405438273337,0.30612244897959184
060412,CAJAMARCA,CHOTA,MIRACOSTA,0.0,0.0,0.0,0.0,0.0,75.0,75.0,1.0,39.73351567081535,41.53360410341936,1.0,0.92,0.0897107931332828,0.2555414019714891,0.46024910181751955,0.17262609755238595,0.27497994747540117,1585,1430,155,155,False,False,False,True,False,Observed low geospatial access,Very low availability,Low availability,0.1794215862665657,0.0,0.3307734313878416,0.0799999999999999,1.0,75.0,1.0,28.556019845471408,29.492742318212724,0.96,0.4666666666666667,0.4289272883107422,0.5333333333333333
090412,HUANCAVELICA,CASTROVIRREYNA,TANTARA,5.0,0.4,0.4,3.0,3.0,35.0,35.0,1.0,39.099167612720834,40.322079357103455,1.0,1.0,0.1097589574167558,0.2352923672033683,0.8355311355546997,0.17252566231006206,0.47264504648572775,1586,444,1142,1142,False,False,False,True,False,Observed low geospatial access,Very low availability,High availability,0.1012969481763936,0.1182209666571181,0.3361319531476691,0.0,1.0,35.0,1.0,4.805536298744704,3.4335800769179063,0.0,0.0,0.7650444793638568,1.0
210405,PUNO,CHUCUITO,PISACOMA,0.0,0.0,0.0,0.0,0.0,349.0,349.0,1.0,38.14061440823044,38.15557990603908,1.0,0.8710601719197708,0.0639112585504727,0.2809647027109309,0.18237024581832384,0.1724379806307018,0.12314075218439827,1587,1829,-242,242,False,False,False,True,False,Observed low geospatial access,Very low availability,Very low availability,0.1278225171009454,0.0,0.3461182204098031,0.1289398280802292,1.0,349.0,1.0,80.4379765967385,79.12425244428171,1.0,1.0,0.2605289225976055,0.0
150706,LIMA,HUAROCHIRI,SAN JOSE DE LOS CHORRILLOS,6.0,1.0,1.0,0.0,0.0,34.0,34.0,1.0,32.92028303046541,32.68504548084047,1.0,0.9411764705882352,0.0639112585504727,0.2794636546211783,0.30574755813520843,0.1716874565858255,0.18482940834284056,1588,1587,1,1,True,False,False,True,False,Missing-dominant activity,Very low availability,Very low availability,0.1278225171009454,0.0,0.3740237082823555,0.0588235294117647,1.0,34.0,1.0,32.92028303046541,32.68504548084047,1.0,0.9411764705882353,0.4115721418738272,0.05882352941176472
120807,JUNIN,YAULI,SANTA BARBARA DE CARHUACAYAN,2.0,1.0,1.0,0.0,0.0,236.0,236.0,1.0,39.5728919238033,40.316517296061086,1.0,0.809322033898305,0.0506484740881968,0.2925132299684109,0.5999864708273136,0.17158085202830384,0.3253174724577552,1589,1330,259,259,True,False,False,True,False,Missing-dominant activity,Very low availability,Low availability,0.1012969481763936,0.0,0.3361569144827178,0.1906779661016949,1.0,236.0,1.0,22.3932088858301,23.047319207978223,0.7033898305084746,0.09745762711864407,0.4703196556612955,0.902542372881356
120804,JUNIN,YAULI,MARCAPOMACOCHA,4.0,1.0,1.0,0.0,0.0,184.0,184.0,1.0,39.55735070811476,41.524307790295,1.0,0.842391304347826,0.0639112585504727,0.2788523839155306,0.2974370272805127,0.17138182123300164,0.1806741429154927,1590,1603,-13,13,True,False,False,True,False,Missing-dominant activity,Very low availability,Very low availability,0.1278225171009454,0.0,0.3308139645998263,0.1576086956521739,1.0,184.0,1.0,38.3962625048566,39.222290255770375,1.0,0.8967391304347826,0.3806553805870678,0.1032608695652174
210403,PUNO,CHUCUITO,HUACULLANI,0.0,0.0,0.0,0.0,0.0,155.0,155.0,1.0,35.26250085288007,35.52847072237755,1.0,0.864516129032258,0.0506484740881968,0.2919428236747641,0.26708142601724627,0.17129564888148044,0.15886495005272153,1591,1675,-84,84,False,False,False,True,False,Observed low geospatial access,Very low availability,Very low availability,0.1012969481763936,0.0,0.3589966605492022,0.1354838709677419,1.0,155.0,1.0,42.84935542011907,40.967927548573265,1.0,0.9806451612903225,0.3732499634347758,0.01935483870967747
150731,LIMA,HUAROCHIRI,SANTO DOMINGO DE LOS OLLEROS,6.0,1.0,1.0,0.0,0.0,59.0,59.0,1.0,38.29230327512607,39.76926969691642,0.9491525423728814,0.9322033898305084,0.0826041033634331,0.2573795772712171,0.312131653278895,0.1699918403173251,0.19736787832116406,1592,1562,30,30,True,False,False,True,False,Missing-dominant activity,Very low availability,Very low availability,0.1652082067268663,0.0,0.3386294203148137,0.0677966101694915,1.0,59.0,1.0,35.401764583282116,36.03310511700436,1.0,0.8813559322033898,0.3950549041998743,0.11864406779661019
160703,LORETO,DATEM DEL MARAÑON,MANSERICHE,0.0,0.0,0.0,0.0,0.0,58.0,58.0,1.0,48.8061175851414,50.21727521342483,1.0,0.913793103448276,0.1061543026792127,0.2332884477962448,0.26283488293779755,0.16972137523772876,0.18449459280850514,1593,1588,5,5,False,False,False,True,False,Observed low geospatial access,Very low availability,Very low availability,0.2123086053584255,0.0,0.2963233983296108,0.086206896551724,1.0,58.0,1.0,49.25967853246999,50.21727521342483,1.0,0.9137931034482759,0.33853259138897196,0.08620689655172409
060615,CAJAMARCA,CUTERVO,TORIBIO CASANOVA,4.0,1.0,1.0,0.0,0.0,33.0,33.0,1.0,34.31984425465227,35.284740811866,1.0,0.8787878787878788,0.0506484740881968,0.2885302857814444,0.6568635197286492,0.1695893799348206,0.353755996908423,1594,1134,460,460,True,False,False,True,False,Missing-dominant activity,Very low availability,Low availability,0.1012969481763936,0.0,0.3602380705968687,0.1212121212121212,1.0,33.0,1.0,17.60805503519727,18.172915765785756,0.24242424242424243,0.0,0.5098050281837847,1.0
140310,LAMBAYEQUE,LAMBAYEQUE,SALAS,3.0,1.0,1.0,0.0,0.0,148.0,148.0,1.0,42.9746086063147,42.54568278393964,1.0,1.0,0.1105483143082043,0.2284889512520822,0.3181582604991506,0.16951863278014326,0.21435328740367743,1595,1534,61,61,True,False,False,True,False,Missing-dominant activity,Very low availability,Very low availability,0.2210966286164087,0.0,0.3264127875029746,0.0,1.0,148.0,1.0,37.575073243747696,38.88620412967766,1.0,0.831081081081081,0.3821179783192499,0.16891891891891897
210808,PUNO,MELGAR,SANTA ROSA,0.0,0.0,0.0,0.0,0.0,110.0,110.0,1.0,40.48682780993056,41.030224799561054,1.0,0.9272727272727272,0.0826041033634331,0.2549049409843299,0.23160603928274232,0.1687545221738815,0.1571050713230877,1596,1683,-87,87,False,False,False,True,False,Observed low geospatial access,Very low availability,Very low availability,0.1652082067268663,0.0,0.3329810845230687,0.0727272727272727,1.0,110.0,1.0,52.650726363842274,52.520293962191914,1.0,1.0,0.3308657704039176,0.0
050610,AYACUCHO,LUCANAS,LLAUTA,0.0,0.0,0.0,0.0,0.0,76.0,76.0,1.0,39.74380026523664,42.01013855851873,0.9605263157894736,0.8552631578947368,0.0639112585504727,0.2735162704979197,0.30170294264463315,0.1687137645241962,0.18280710059755292,1597,1594,3,3,False,False,False,True,False,Observed low geospatial access,Very low availability,Very low availability,0.1278225171009454,0.0,0.3287074540947725,0.1447368421052631,1.0,76.0,1.0,40.29889309737774,42.01013855851873,0.9605263157894737,0.8552631578947368,0.3689741285900774,0.14473684210526316
050707,AYACUCHO,PARINACOCHAS,SAN FRANCISCO DE RAVACAYCO,0.0,0.0,0.0,0.0,0.0,56.0,56.0,1.0,33.78664544828247,32.77514401634407,1.0,0.8571428571428571,0.0319556292752363,0.3043270150054656,0.6076445026669339,0.16814132214035096,0.3198000659710851,1598,1350,248,248,False,False,False,True,False,Observed low geospatial access,Very low availability,Low availability,0.0639112585504727,0.0,0.3735283887833182,0.1428571428571429,1.0,56.0,1.0,27.714802654529866,27.699475000856687,1.0,0.0,0.4394921466670485,1.0
150403,LIMA,CANTA,HUAMANTANGA,0.0,0.0,0.0,0.0,0.0,34.0,34.0,1.0,40.03576486918365,42.72809243652091,1.0,0.8529411764705882,0.0639112585504727,0.2720640008994155,0.3003795700654498,0.1679876297249441,0.18214541430796125,1599,1596,3,3,False,False,False,True,False,Observed low geospatial access,Very low availability,Very low availability,0.1278225171009454,0.0,0.3256376483437029,0.1470588235294118,1.0,34.0,1.0,40.03576486918365,42.72809243652091,1.0,0.8529411764705882,0.3660884614380375,0.1470588235294118
010521,AMAZONAS,LUYA,SANTO TOMAS,0.0,0.0,0.0,0.0,0.0,157.0,157.0,1.0,37.522226148664686,37.31441853002399,1.0,1.0,0.0897107931332828,0.2451016296576249,0.27238816027494406,0.16740621139545384,0.18104947670411342,1600,1600,0,0,False,False,False,True,False,Observed low geospatial access,Very low availability,Very low availability,0.1794215862665657,0.0,0.3501451852251785,0.0,1.0,157.0,1.0,37.44942468992171,37.314418530023985,1.0,1.0,0.3891259432499201,0.0
021104,ANCASH,HUARMEY,HUAYAN,2.0,1.0,1.0,0.0,0.0,45.0,45.0,1.0,32.64351773895315,32.45877633081467,1.0,0.8666666666666667,0.0319556292752363,0.3026914465378969,0.776305770020612,0.16732353790656662,0.40413069964792414,1601,708,893,893,True,False,False,True,False,Missing-dominant activity,Very low availability,High availability,0.0639112585504727,0.0,0.3752734950541385,0.1333333333333333,1.0,45.0,1.0,6.927038375110406,6.203707177045413,0.0,0.0,0.6804368143151601,1.0
120120,JUNIN,HUANCAYO,HUASICANCHA,2.0,1.0,1.0,0.0,0.0,14.0,14.0,1.0,32.896350904959846,33.267666590474064,1.0,0.8571428571428571,0.0319556292752363,0.3024478517449278,0.6766930130100706,0.16720174051008205,0.35432432114265344,1602,1124,478,478,True,False,False,True,False,Missing-dominant activity,Very low availability,Medium availability,0.0639112585504727,0.0,0.3708438698396927,0.1428571428571429,1.0,14.0,1.0,15.490932129658901,15.297043734432494,0.0,0.0,0.5381328757286723,1.0
100903,HUANUCO,PUERTO INCA,HONORIA,0.0,0.0,0.0,0.0,0.0,48.0,48.0,1.0,40.31939806792972,40.00097309459477,1.0,0.9791666666666666,0.0897107931332828,0.2425549779792435,0.6427329552949684,0.16613288555626315,0.3662218742141256,1603,1023,580,580,False,False,False,True,False,Observed low geospatial access,Very low availability,Medium availability,0.1794215862665657,0.0,0.3375785399703479,0.0208333333333333,1.0,48.0,1.0,21.149873547446,20.52698644909698,0.5625,0.0,0.48961850756424063,1.0
050612,AYACUCHO,LUCANAS,OCAÑA,0.0,0.0,0.0,0.0,0.0,161.0,161.0,1.0,43.920670594129255,47.20514044862118,0.9192546583850932,0.8260869565217391,0.0639112585504727,0.2674677791142238,0.29598978623075367,0.16568951883234825,0.17995052239061318,1604,1606,-2,2,False,False,False,True,False,Observed low geospatial access,Very low availability,Very low availability,0.1278225171009454,0.0,0.3075626658153508,0.1739130434782608,1.0,161.0,1.0,45.00609164022437,47.42391451483072,0.9192546583850931,0.8260869565217391,0.34830839026753635,0.17391304347826086
100802,HUANUCO,PACHITEA,CHAGLLA,0.0,0.0,0.0,0.0,0.0,118.0,118.0,1.0,39.3457278047588,38.82558898152506,1.0,0.9491525423728814,0.0741986734039763,0.2553346707854454,0.28292239180417406,0.16476667209471085,0.17856053260407517,1605,1612,-7,7,False,False,False,True,False,Observed low geospatial access,Very low availability,Very low availability,0.1483973468079527,0.0,0.3429720478532998,0.0508474576271186,1.0,118.0,1.0,39.3457278047588,38.82558898152506,1.0,0.9491525423728814,0.382383077880055,0.05084745762711862
101004,HUANUCO,LAURICOCHA,QUEROPALCA,0.0,0.0,0.0,0.0,0.0,133.0,133.0,1.0,33.80158655436826,33.66891592093511,1.0,0.8721804511278195,0.0319556292752363,0.2964255107729526,0.5762082544701796,0.16419057002409446,0.304081941872708,1606,1380,226,226,False,False,False,True,False,Observed low geospatial access,Very low availability,Low availability,0.0639112585504727,0.0,0.3686852087304264,0.1278195488721805,1.0,133.0,1.0,26.462332296112663,26.625426997887327,0.9924812030075187,0.12030075187969924,0.44614068576298505,0.8796992481203008
110208,ICA,CHINCHA,SAN JUAN DE YANAC,0.0,0.0,0.0,0.0,0.0,68.0,68.0,1.0,38.36461307922553,38.69232518355717,1.0,0.8823529411764706,0.0506484740881968,0.2758096226543809,0.5998219884083262,0.16322904837128885,0.32523523124826154,1607,1332,275,275,False,False,False,True,False,Observed low geospatial access,Very low availability,Low availability,0.1012969481763936,0.0,0.3435935785818887,0.1176470588235294,1.0,68.0,1.0,24.594817947936956,25.479229448594566,0.8823529411764706,0.058823529411764705,0.45352721033122234,0.9411764705882353
150402,LIMA,CANTA,ARAHUAY,0.0,0.0,0.0,0.0,0.0,35.0,35.0,1.0,31.78439092542333,31.542639238623284,1.0,0.9714285714285714,0.0506484740881968,0.2748665710683933,0.30088183435506893,0.16275752257829504,0.17576515422163286,1608,1618,-10,10,False,False,False,True,False,Observed low geospatial access,Very low availability,Very low availability,0.1012969481763936,0.0,0.3804216321385211,0.0285714285714285,1.0,35.0,1.0,31.78439092542333,31.542639238623284,1.0,0.9714285714285714,0.41758629397662916,0.02857142857142858
050513,AYACUCHO,LA MAR,RIO MAGDALENA,120.0,0.0,0.0,2380.0,1700.0,0.0,0.0,0.0,0.0,0.0,0.0,0.0,0.3241262369370714,0.0,0.0,0.1620631184685357,0.1620631184685357,1609,1662,-53,53,False,False,False,False,False,Mixed/other profile,Very low availability,Very low availability,0.0,0.6482524738741429,0.0,0.0,0.0,0.0,0.0,0.0,0.0,0.0,0.0,0.0,0.0
040504,AREQUIPA,CAYLLOMA,CALLALLI,4.0,1.0,1.0,0.0,0.0,796.0,796.0,1.0,41.62949030792005,44.388690760462026,0.9384422110552764,0.8341708542713567,0.0506484740881968,0.2728570693216192,0.30146284178192423,0.16175277170490798,0.1760556579350605,1610,1617,-7,7,True,False,False,True,False,Missing-dominant activity,Very low availability,Very low availability,0.1012969481763936,0.0,0.3187261794328946,0.1658291457286432,1.0,796.0,1.0,42.57693474245319,44.388690760462026,0.9384422110552764,0.8341708542713567,0.3595915686619018,0.16582914572864327
170204,MADRE DE DIOS,MANU,HUEPETUHE,0.0,0.0,0.0,0.0,0.0,27.0,27.0,1.0,45.642493364129685,45.133484811169446,1.0,0.9629629629629628,0.0897107931332828,0.2321067627377857,0.26083926140090563,0.16090877793553424,0.1752750272670942,1611,1621,-10,10,False,False,False,True,False,Observed low geospatial access,Very low availability,Very low availability,0.1794215862665657,0.0,0.3157080737523923,0.037037037037037,1.0,27.0,1.0,45.642493364129685,45.133484811169446,1.0,0.9629629629629629,0.35675450041399215,0.03703703703703709
081203,CUSCO,QUISPICANCHI,CAMANTI,2.0,1.0,1.0,0.0,0.0,81.0,81.0,1.0,41.2712085304016,43.29933637337079,1.0,0.8518518518518519,0.0506484740881968,0.2707060977453409,0.2981656850764143,0.16067728591676883,0.17440707958230553,1612,1622,-10,10,True,False,False,True,False,Missing-dominant activity,Very low availability,Very low availability,0.1012969481763936,0.0,0.3232309332869949,0.1481481481481481,1.0,81.0,1.0,41.5744991531871,43.64816465148254,1.0,0.8518518518518519,0.36245891518852835,0.14814814814814814
040503,AREQUIPA,CAYLLOMA,CABANACONDE,4.0,1.0,1.0,0.0,0.0,45.0,45.0,1.0,39.80991517061693,40.02417822519772,1.0,0.8888888888888888,0.0506484740881968,0.2695648683782712,0.29738346093295315,0.160106671233234,0.17401596751057496,1613,1624,-11,11,True,False,False,True,False,Missing-dominant activity,Very low availability,Very low availability,0.1012969481763936,0.0,0.3374736214927684,0.1111111111111111,1.0,45.0,1.0,39.80991517061693,40.024178225197716,1.0,0.8888888888888888,0.3772144679994569,0.11111111111111116
021511,ANCASH,PALLASCA,TAUCA,0.0,0.0,0.0,0.0,0.0,70.0,70.0,1.0,35.094737775018345,35.29685397940233,1.0,0.9428571428571428,0.0506484740881968,0.2692661809938387,0.29134606934694895,0.15995732754101774,0.17099727171757287,1614,1636,-22,22,False,False,False,True,False,Observed low geospatial access,Very low availability,Very low availability,0.1012969481763936,0.0,0.3601761769299737,0.0571428571428571,1.0,70.0,1.0,36.58043764407805,36.74869172822872,1.0,0.9428571428571428,0.39171887457727406,0.05714285714285716
150606,LIMA,HUARAL,IHUARI,0.0,0.0,0.0,0.0,0.0,114.0,114.0,1.0,43.23433013299173,42.45928785092176,1.0,1.0,0.0897107931332828,0.2287467360971361,0.4655036442839195,0.15922876461520946,0.27760721870860117,1615,1423,192,192,False,False,False,True,False,Observed low geospatial access,Very low availability,Low availability,0.1794215862665657,0.0,0.3267810515673374,0.0,1.0,114.0,1.0,27.464273417799685,28.333727592286763,0.8859649122807017,0.4649122807017544,0.4356818978492083,0.5350877192982456
170301,MADRE DE DIOS,TAHUAMANU,IÑAPARI,0.0,0.0,0.0,0.0,0.0,7.0,7.0,1.0,65.08829832444061,52.854360206501575,1.0,0.8571428571428571,0.0741986734039763,0.2437665943239474,0.2737039395008839,0.15898263386396186,0.1739513064524301,1616,1625,-9,9,False,False,False,True,False,Observed low geospatial access,Very low availability,Very low availability,0.1483973468079527,0.0,0.2870135020954351,0.1428571428571429,1.0,7.0,1.0,65.08829832444061,52.854360206501575,1.0,0.8571428571428571,0.3297811380624872,0.1428571428571429
230105,TACNA,TACNA,INCLAN,0.0,0.0,0.0,0.0,0.0,30.0,30.0,1.0,38.8485456800037,36.97013691701626,1.0,0.9333333333333332,0.0506484740881968,0.2662732669586466,0.2934895183242228,0.1584608705234217,0.1720689962062098,1617,1632,-15,15,False,False,False,True,False,Observed low geospatial access,Very low availability,Very low availability,0.1012969481763936,0.0,0.3518189527980666,0.0666666666666666,1.0,30.0,1.0,38.8485456800037,36.97013691701626,1.0,0.9333333333333333,0.3906993118917469,0.06666666666666665
120205,JUNIN,CONCEPCION,COCHAS,8.0,1.0,1.0,0.0,0.0,27.0,27.0,1.0,38.64703777341048,38.17296504846975,1.0,1.0,0.0741986734039763,0.2422251345550088,0.269684208265039,0.15821190397949256,0.17194144083450766,1618,1633,-15,15,True,False,False,True,False,Missing-dominant activity,Very low availability,Very low availability,0.1483973468079527,0.0,0.3460359065071555,0.0,1.0,27.0,1.0,38.64703777341048,38.17296504846975,1.0,1.0,0.38526315466434147,0.0
081106,CUSCO,PAUCARTAMBO,KOS?IPATA,4.0,1.0,1.0,0.0,0.0,94.0,94.0,1.0,40.49554229082396,40.0895673055705,0.946808510638298,0.9042553191489362,0.0506484740881968,0.264748209782947,0.18408612584252151,0.1576983419355719,0.11736729996535916,1619,1845,-226,226,True,False,False,True,False,Missing-dominant activity,Very low availability,Very low availability,0.1012969481763936,0.0,0.337178293610897,0.0957446808510638,1.0,94.0,1.0,77.0447608521758,78.00537521448517,1.0,1.0,0.26298017977503074,0.0
100510,HUANUCO,HUAMALIES,SINGA,8.0,1.0,1.0,0.0,0.0,59.0,59.0,1.0,39.47003568831275,40.10424593004475,1.0,0.9830508474576272,0.0741986734039763,0.241063189599441,0.47935888108558966,0.15763093150170865,0.276778777244783,1620,1425,195,195,True,False,False,True,False,Missing-dominant activity,Very low availability,Low availability,0.1483973468079527,0.0,0.3371120626238989,0.0169491525423728,1.0,59.0,1.0,29.281917084911434,29.20826480044056,1.0,0.4067796610169492,0.43056111341524916,0.5932203389830508
021409,ANCASH,OCROS,SAN PEDRO,2.0,1.0,1.0,0.0,0.0,62.0,62.0,1.0,39.93229732071593,44.01854549046492,1.0,0.8064516129032258,0.0319556292752363,0.282235722305286,0.6575332602153893,0.15709567579026115,0.3447444447453128,1621,1227,394,394,True,False,False,True,False,Missing-dominant activity,Very low availability,Low availability,0.0639112585504727,0.0,0.3202445802517911,0.1935483870967742,1.0,62.0,1.0,18.333498587955585,18.067965152928494,0.25806451612903225,0.0,0.510761800307699,1.0
180208,MOQUEGUA,GENERAL SANCHEZ CERRO,PUQUINA,0.0,0.0,0.0,0.0,0.0,87.0,87.0,1.0,40.87349798363902,40.07792216541196,1.0,0.9885057471264368,0.0741986734039763,0.2395098737573897,0.2673386597872265,0.156854273580683,0.1707686665956014,1622,1638,-16,16,False,False,False,True,False,Observed low geospatial access,Very low availability,Very low availability,0.1483973468079527,0.0,0.3372308541361725,0.0114942528735632,1.0,87.0,1.0,40.87349798363902,40.077922165411955,1.0,0.9885057471264368,0.37698626275022507,0.011494252873563204
010403,AMAZONAS,CONDORCANQUI,RIO SANTIAGO,0.0,0.0,0.0,0.0,0.0,89.0,89.0,1.0,86.2401157565383,76.18491120931103,1.0,0.9775280898876404,0.1519454222645904,0.1609324308093407,0.19367213453549073,0.15643892653696556,0.17280877840004055,1623,1630,-7,7,False,False,False,True,False,Observed low geospatial access,Very low availability,Very low availability,0.3038908445291808,0.0,0.2202726539651898,0.0224719101123596,1.0,89.0,1.0,86.2401157565383,76.18491120931103,1.0,0.9775280898876404,0.26704365928826124,0.022471910112359605
160604,LORETO,UCAYALI,PAMPA HERMOSA,0.0,0.0,0.0,0.0,0.0,31.0,31.0,1.0,46.23256514756128,42.28119986278895,1.0,0.935483870967742,0.0639112585504727,0.2486345738261276,0.3477308002633337,0.15627291618830014,0.2058210294069032,1624,1549,75,75,False,False,False,True,False,Observed low geospatial access,Very low availability,Very low availability,0.1278225171009454,0.0,0.3275424787377859,0.0645161290322581,1.0,31.0,1.0,43.28571661504516,44.67134514532118,0.8387096774193549,0.6774193548387096,0.35850943816420944,0.32258064516129037
021706,ANCASH,RECUAY,MARCA,2.0,1.0,1.0,0.0,0.0,73.0,73.0,1.0,35.467447502790044,35.52797632388067,1.0,0.9041095890410958,0.0319556292752363,0.2800665425097469,0.5584490235022543,0.1560110858924916,0.29520232638874533,1625,1391,234,234,True,False,False,True,False,Missing-dominant activity,Very low availability,Low availability,0.0639112585504727,0.0,0.3589991703172509,0.0958904109589041,1.0,73.0,1.0,27.12707927064877,27.671360188293107,0.9726027397260274,0.1643835616438356,0.4396629885648644,0.8356164383561644
160702,LORETO,DATEM DEL MARAÑON,CAHUAPANAS,0.0,0.0,0.0,0.0,0.0,55.0,55.0,1.0,54.54488079063504,60.98923762966974,0.8909090909090909,0.8909090909090909,0.095866887825709,0.2153764451035603,0.22153966968935757,0.15562166646463466,0.1587032787575333,1626,1676,-50,50,False,False,False,True,False,Observed low geospatial access,Very low availability,Very low availability,0.1917337756514181,0.0,0.2609273891089823,0.1090909090909091,1.0,55.0,1.0,60.52987415377597,62.558944597449695,1.0,0.9636363636363636,0.30090082682895236,0.036363636363636376
040304,AREQUIPA,CARAVELI,ATIQUIPA,0.0,0.0,0.0,0.0,0.0,29.0,29.0,1.0,36.30344055083009,36.04732071709448,1.0,0.9655172413793104,0.0506484740881968,0.2598117481384739,0.6128374241847788,0.15523011111333535,0.33174294913648783,1627,1302,325,325,False,False,False,True,False,Observed low geospatial access,Very low availability,Low availability,0.1012969481763936,0.0,0.3563813150746672,0.0344827586206896,1.0,29.0,1.0,24.444351536936374,24.267965265411437,0.9310344827586207,0.034482758620689655,0.4616889311014082,0.9655172413793104
040517,AREQUIPA,CAYLLOMA,TISCO,6.0,1.0,1.0,0.0,0.0,447.0,447.0,1.0,41.53730332559541,42.16222086238604,1.0,0.9440715883668904,0.0639112585504727,0.2464155739596237,0.2745120196871715,0.1551634162550482,0.1692116391188221,1628,1644,-16,16,True,False,False,True,False,Missing-dominant activity,Very low availability,Very low availability,0.1278225171009454,0.0,0.3280529292424156,0.0559284116331095,1.0,447.0,1.0,41.65665001787207,42.20387946675863,1.0,0.9440715883668904,0.36819070885319805,0.055928411633109576
240203,TUMBES,CONTRALMIRANTE VILLAR,CANOAS DE PUNTA SAL,7.0,0.8571428571428571,0.8571428571428571,1.0,1.0,41.0,41.0,1.0,47.78765369265736,46.65830696133657,1.0,1.0,0.0934665002147522,0.2167747458453113,0.7076573591518758,0.15512062303003177,0.400561929683314,1629,734,895,895,False,False,False,True,False,Observed low geospatial access,Very low availability,High availability,0.1278225171009454,0.059110483328559,0.3096782083504448,0.0,1.0,41.0,1.0,10.956404736984116,11.644367030422167,0.0975609756097561,0.0,0.5823676559312512,1.0
040603,AREQUIPA,CONDESUYOS,CAYARANI,4.0,1.0,1.0,0.0,0.0,215.0,215.0,1.0,53.26134691619245,48.69628360951494,1.0,0.8837209302325582,0.0639112585504727,0.2462232202085214,0.2755349315351235,0.15506723937949704,0.1697230950427981,1630,1642,-12,12,True,False,False,True,False,Missing-dominant activity,Very low availability,Very low availability,0.1278225171009454,0.0,0.3019135703975555,0.1162790697674418,1.0,215.0,1.0,53.223873559321156,48.69628360951494,1.0,0.8837209302325582,0.3437874437212728,0.11627906976744184
170104,MADRE DE DIOS,TAMBOPATA,LABERINTO,0.0,0.0,0.0,0.0,0.0,34.0,34.0,1.0,53.47253032953325,49.69216575912476,1.0,1.0,0.1012969481763936,0.2087640590149501,0.2382302550224838,0.15503050359567186,0.1697636015994387,1631,1641,-10,10,False,False,False,True,False,Observed low geospatial access,Very low availability,Very low availability,0.2025938963527872,0.0,0.2982343700213573,0.0,1.0,34.0,1.0,53.47253032953325,49.692165759124755,1.0,1.0,0.34032893574640544,0.0
051012,AYACUCHO,VICTOR FAJARDO,VILCANCHOS,4.0,1.0,1.0,0.0,0.0,175.0,175.0,1.0,43.69428011487748,43.07976896552742,1.0,0.9714285714285714,0.0741986734039763,0.2354780410084596,0.4639168694194712,0.15483835720621794,0.26905777141172377,1632,1437,195,195,True,False,False,True,False,Missing-dominant activity,Very low availability,Low availability,0.1483973468079527,0.0,0.3241523034814729,0.0285714285714285,1.0,175.0,1.0,29.578264999703116,28.451530340950043,0.8285714285714286,0.4685714285714286,0.43498328284414267,0.5314285714285714
200705,PIURA,TALARA,LOS ORGANOS,0.0,0.0,0.0,0.0,0.0,19.0,19.0,1.0,47.15216470217765,46.20386997338911,1.0,1.0,0.0897107931332828,0.2180183923105003,0.6982193517847544,0.15386459272189154,0.3939650724590186,1633,788,845,845,False,False,False,True,False,Observed low geospatial access,Very low availability,Medium availability,0.1794215862665657,0.0,0.3114548461578577,0.0,1.0,19.0,1.0,11.867612471118647,12.661232951115837,0.0,0.0,0.568884788263935,1.0
060416,CAJAMARCA,CHOTA,SAN JUAN DE LICUPIS,0.0,0.0,0.0,0.0,0.0,38.0,38.0,1.0,37.71887616692162,37.75597619426421,1.0,1.0,0.0639112585504727,0.2436142644176306,0.621049474780683,0.15376276148405166,0.3424803666655778,1634,1240,394,394,False,False,False,True,False,Observed low geospatial access,Very low availability,Low availability,0.1278225171009454,0.0,0.3480203777394723,0.0,1.0,38.0,1.0,23.892508005498748,24.71351734838369,0.868421052631579,0.0,0.4586421068295471,1.0
130112,LA LIBERTAD,TRUJILLO,ALTO TRUJILLO,62.0,0.032258064516129,0.032258064516129,1451.0,1192.0,0.0,0.0,0.0,0.0,0.0,0.0,0.0,0.3061168860484871,0.0,0.0,0.15305844302424354,0.15305844302424354,1635,1709,-74,74,False,False,False,False,False,Mixed/other profile,Very low availability,Very low availability,0.0,0.6122337720969742,0.0,0.0,0.0,0.0,0.0,0.0,0.0,0.0,0.0,0.0,0.0
050621,AYACUCHO,LUCANAS,SANTA LUCIA,0.0,0.0,0.0,0.0,0.0,68.0,68.0,1.0,41.48458387525015,41.75641998655489,1.0,1.0,0.0741986734039763,0.2308631955017727,0.260379712327612,0.1525309344528745,0.16728919286579413,1636,1647,-11,11,False,False,False,True,False,Observed low geospatial access,Very low availability,Very low availability,0.1483973468079527,0.0,0.3298045650025325,0.0,1.0,68.0,1.0,41.04218730010065,41.2769880944802,1.0,1.0,0.37197101761087425,0.0
150711,LIMA,HUAROCHIRI,LANGA,4.0,1.0,1.0,0.0,0.0,71.0,71.0,1.0,35.4705811382695,36.13879332504869,1.0,0.9859154929577464,0.0506484740881968,0.2533721756012088,0.28041606014081827,0.15201032484470278,0.16553226711450753,1637,1654,-17,17,True,False,False,True,False,Missing-dominant activity,Very low availability,Very low availability,0.1012969481763936,0.0,0.3559240335550468,0.0140845070422535,1.0,71.0,1.0,35.4705811382695,36.13879332504869,1.0,0.9859154929577465,0.39455815432591745,0.014084507042253502
080912,CUSCO,LA CONVENCION,VILLA VIRGEN,0.0,0.0,0.0,0.0,0.0,14.0,14.0,1.0,38.34219612491232,39.226306972813234,1.0,0.7857142857142857,0.0,0.3030666250576107,0.4024225734921347,0.15153331252880534,0.20121128674606736,1638,1556,82,82,False,False,False,True,False,Observed low geospatial access,Very low availability,Very low availability,0.0,0.0,0.3411155868169948,0.2142857142857143,1.0,14.0,1.0,33.344964715323265,36.857769411800675,1.0,0.5714285714285714,0.3912159213152946,0.4285714285714286
150611,LIMA,HUARAL,SUMBILCA,0.0,0.0,0.0,0.0,0.0,22.0,22.0,1.0,43.4294396041419,42.49302419989971,1.0,1.0,0.0741986734039763,0.2286460127847123,0.2569196137520342,0.1514223430943443,0.16555914357800525,1639,1653,-14,14,False,False,False,True,False,Observed low geospatial access,Very low availability,Very low availability,0.1483973468079527,0.0,0.3266371611210176,0.0,1.0,22.0,1.0,43.4294396041419,42.49302419989971,1.0,1.0,0.36702801964576315,0.0
040801,AREQUIPA,LA UNION,COTAHUASI,2.0,1.0,1.0,0.0,0.0,36.0,36.0,1.0,49.999437346514966,50.09291908766498,1.0,1.0,0.0948614199796975,0.2077419239881472,0.2372694315336469,0.15130167198392236,0.1660654257566722,1640,1651,-11,11,True,False,False,True,False,Missing-dominant activity,Very low availability,Very low availability,0.1897228399593951,0.0,0.2967741771259247,0.0,1.0,36.0,1.0,49.999437346514966,50.09291908766498,1.0,1.0,0.33895633076235276,0.0
021401,ANCASH,OCROS,OCROS,2.0,1.0,1.0,0.0,0.0,72.0,72.0,1.0,37.88360990262121,38.4715210750227,1.0,0.9027777777777778,0.0319556292752363,0.2704062647945754,0.5962345176291253,0.15118094703490587,0.3140950734521808,1641,1360,281,281,True,False,False,True,False,Missing-dominant activity,Very low availability,Low availability,0.0639112585504727,0.0,0.344627997325584,0.0972222222222222,1.0,72.0,1.0,26.3344010625252,26.48930675327137,1.0,0.05555555555555555,0.44700169185113137,0.9444444444444444
120108,JUNIN,HUANCAYO,CHONGOS ALTO,2.0,1.0,1.0,0.0,0.0,60.0,60.0,1.0,41.19498641910296,42.01640887591857,1.0,0.8666666666666667,0.0319556292752363,0.2700762957344948,0.5739150775466497,0.15101596250486557,0.302935353410943,1642,1383,259,259,True,False,False,True,False,Missing-dominant activity,Very low availability,Low availability,0.0639112585504727,0.0,0.3286804224778498,0.1333333333333333,1.0,60.0,1.0,24.10844670561312,22.140290491026555,0.6166666666666667,0.2,0.4770215393523567,0.8
150726,LIMA,HUAROCHIRI,SANGALLAYA,8.0,1.0,1.0,0.0,0.0,49.0,49.0,1.0,44.07602094085284,42.85377235468484,1.0,1.0,0.0741986734039763,0.227573820599245,0.2559117357228793,0.15088624700161066,0.1650552045634278,1643,1657,-14,14,True,False,False,True,False,Missing-dominant activity,Very low availability,Very low availability,0.1483973468079527,0.0,0.3251054579989214,0.0,1.0,49.0,1.0,44.07602094085284,42.85377235468484,1.0,1.0,0.36558819388982755,0.0
021010,ANCASH,HUARI,PAUCAS,0.0,0.0,0.0,0.0,0.0,47.0,47.0,1.0,36.203348293851455,35.59802225976388,1.0,1.0,0.0506484740881968,0.2510507487051591,0.33982950640023984,0.15084961139667794,0.1952389902442183,1644,1567,77,77,False,False,False,True,False,Observed low geospatial access,Very low availability,Very low availability,0.1012969481763936,0.0,0.3586439267216559,0.0,1.0,47.0,1.0,33.00871026922165,32.50190981419889,1.0,0.8297872340425532,0.41252239516143685,0.17021276595744683
170102,MADRE DE DIOS,TAMBOPATA,INAMBARI,0.0,0.0,0.0,0.0,0.0,36.0,36.0,1.0,60.38667743415988,62.36872951871014,1.0,1.0,0.1216664224085192,0.1797922543865215,0.2109962891852507,0.15072933839752034,0.16633135579688496,1645,1648,-3,3,False,False,False,True,False,Observed low geospatial access,Very low availability,Very low availability,0.2433328448170384,0.0,0.2568460776950307,0.0,1.0,36.0,1.0,60.38667743415988,62.36872951871014,1.0,1.0,0.3014232702646439,0.0
100901,HUANUCO,PUERTO INCA,PUERTO INCA,2.0,1.0,1.0,0.0,0.0,70.0,70.0,1.0,58.55110979989805,57.271268108184906,1.0,1.0,0.1105483143082043,0.1906776694654649,0.25036918995945195,0.1506129918868346,0.18045875213382812,1646,1604,42,42,True,False,False,True,False,Missing-dominant activity,Very low availability,Very low availability,0.2210966286164087,0.0,0.2723966706649499,0.0,1.0,70.0,1.0,44.96159532190534,44.891748182802644,1.0,1.0,0.35767027137064566,0.0
050205,AYACUCHO,CANGALLO,PARAS,12.0,1.0,1.0,0.0,0.0,303.0,303.0,1.0,49.28545766672448,48.85038738064476,1.0,1.0,0.0897107931332828,0.2109376160296479,0.45012498869358075,0.15032420458146534,0.26991789091343177,1647,1433,214,214,True,False,False,True,False,Missing-dominant activity,Very low availability,Low availability,0.1794215862665657,0.0,0.3013394514709255,0.0,1.0,303.0,1.0,28.501427639080315,29.897571531903914,0.8877887788778878,0.49504950495049505,0.42662834311247044,0.504950495049505
021804,ANCASH,SANTA,MACATE,0.0,0.0,0.0,0.0,0.0,155.0,155.0,1.0,44.151868367119775,43.40285887882644,1.0,1.0,0.0741986734039763,0.2259586735284605,0.25439347130297185,0.1500786734662184,0.16429607235347407,1648,1659,-11,11,False,False,False,True,False,Observed low geospatial access,Very low availability,Very low availability,0.1483973468079527,0.0,0.322798105040658,0.0,1.0,155.0,1.0,44.13954852916223,43.402858878826436,1.0,1.0,0.36341924471853126,0.0
090410,HUANCAVELICA,CASTROVIRREYNA,SAN JUAN,4.0,1.0,1.0,0.0,0.0,43.0,43.0,1.0,37.10821186530614,36.68403440159222,1.0,1.0,0.0506484740881968,0.2472550237171658,0.6990785304761226,0.14895174890268129,0.3748635022821597,1649,951,698,698,True,False,False,True,False,Missing-dominant activity,Very low availability,Medium availability,0.1012969481763936,0.0,0.353221462453094,0.0,1.0,43.0,1.0,13.95830275715183,11.811483176300438,0.16279069767441862,0.023255813953488372,0.5800789638030988,0.9767441860465116
040412,AREQUIPA,CASTILLA,U?ON,2.0,1.0,1.0,0.0,0.0,11.0,11.0,1.0,38.17914329495031,39.308395194236,1.0,0.9090909090909092,0.0319556292752363,0.2657890251696831,0.3220927254654595,0.14887232722245972,0.1770241773703479,1650,1614,36,36,True,False,False,True,False,Missing-dominant activity,Very low availability,Very low availability,0.0639112585504727,0.0,0.3407375684242227,0.0909090909090909,1.0,11.0,1.0,37.74901203282092,38.86506436436274,1.0,0.8181818181818182,0.38221038702857857,0.18181818181818177
140109,LAMBAYEQUE,CHICLAYO,NUEVA ARICA,0.0,0.0,0.0,0.0,0.0,12.0,12.0,1.0,36.24263671814233,36.890647248746575,1.0,1.0,0.0506484740881968,0.2465452905359586,0.6078032081677316,0.1485968823120777,0.3292258411279642,1651,1316,335,335,False,False,False,True,False,Observed low geospatial access,Very low availability,Low availability,0.1012969481763936,0.0,0.3522075579085123,0.0,1.0,12.0,1.0,27.445181672329706,27.662170164000322,1.0,0.0,0.43971886881104516,1.0
120203,JUNIN,CONCEPCION,ANDAMARCA,8.0,1.0,1.0,0.0,0.0,68.0,68.0,1.0,44.13496309723954,44.45973356482612,1.0,1.0,0.0741986734039763,0.2229053163573282,0.26727913509043455,0.14855199488065224,0.17073890424720542,1652,1639,13,13,True,False,False,True,False,Missing-dominant activity,Very low availability,Very low availability,0.1483973468079527,0.0,0.3184361662247547,0.0,1.0,68.0,1.0,38.40644895688769,38.95276570257185,1.0,1.0,0.38182733584347794,0.0
050608,AYACUCHO,LUCANAS,LARAMATE,0.0,0.0,0.0,0.0,0.0,144.0,144.0,1.0,42.29987026719864,43.13298961906588,0.9791666666666666,0.9375,0.0506484740881968,0.2454999871484415,0.2627031183853232,0.14807423061831915,0.15667579623675998,1653,1684,-31,31,False,False,False,True,False,Observed low geospatial access,Very low availability,Very low availability,0.1012969481763936,0.0,0.3239285530692022,0.0625,1.0,144.0,1.0,48.99209588376529,47.369477481460336,0.9791666666666666,0.9375,0.348504454836176,0.0625
090403,HUANCAVELICA,CASTROVIRREYNA,AURAHUA,4.0,1.0,1.0,0.0,0.0,181.0,181.0,1.0,39.02512435847347,38.78420209146402,1.0,0.9834254143646408,0.0506484740881968,0.2451877705274492,0.6271954986691526,0.147918122307823,0.3389219863786747,1654,1262,392,392,True,False,False,True,False,Missing-dominant activity,Very low availability,Low availability,0.1012969481763936,0.0,0.3431648497669165,0.016574585635359,1.0,181.0,1.0,20.67303670606989,20.636707958642656,0.5359116022099447,0.049723756906077346,0.4887323224871084,0.9502762430939227
040811,AREQUIPA,LA UNION,TORO,4.0,1.0,1.0,0.0,0.0,75.0,75.0,1.0,38.74496000966819,38.52990983140212,1.0,0.9866666666666668,0.0506484740881968,0.2450477279939947,0.27257742701787674,0.14784810104109575,0.16161295055303676,1655,1665,-10,10,True,False,False,True,False,Missing-dominant activity,Very low availability,Very low availability,0.1012969481763936,0.0,0.3443538971342782,0.0133333333333333,1.0,75.0,1.0,38.74496000966819,38.529909831402115,1.0,0.9866666666666667,0.3836820385969668,0.013333333333333308
230303,TACNA,JORGE BASADRE,ITE,2.0,1.0,1.0,0.0,0.0,25.0,25.0,1.0,44.50437733610212,45.92870194990242,1.0,0.96,0.0639112585504727,0.2307772709143612,0.2596428364714818,0.14734426473241696,0.16177704751097724,1656,1663,-7,7,True,False,False,True,False,Missing-dominant activity,Very low availability,Very low availability,0.1278225171009454,0.0,0.3125389584490875,0.04,1.0,25.0,1.0,44.50437733610212,45.92870194990242,1.0,0.96,0.35377548067354536,0.040000000000000036
250305,UCAYALI,PADRE ABAD,ALEXANDER VON HUMBOLDT,5.0,0.6,0.6,2.0,2.0,14.0,14.0,1.0,54.681316219051645,54.78581571544157,1.0,1.0,0.0974924238258314,0.1963356959301787,0.8076300953745372,0.14691405987800504,0.45256125960018434,1657,487,1170,1170,False,False,False,True,False,Observed low geospatial access,Very low availability,High availability,0.1012969481763936,0.0936878994752691,0.280479565614541,0.0,1.0,14.0,1.0,4.798831973765516,4.572666274639573,0.0,0.0,0.7251858505350532,1.0
150603,LIMA,HUARAL,ATAVILLOS BAJO,0.0,0.0,0.0,0.0,0.0,41.0,41.0,1.0,46.42304955618795,45.888690480907336,1.0,1.0,0.0741986734039763,0.2188879878855664,0.24932533988753935,0.14654333064477135,0.16176200664575782,1658,1664,-6,6,False,False,False,True,False,Observed low geospatial access,Very low availability,Very low availability,0.1483973468079527,0.0,0.3126971255508092,0.0,1.0,41.0,1.0,45.76152108608658,45.28603600937424,1.0,1.0,0.3561790569821991,0.0
140307,LAMBAYEQUE,LAMBAYEQUE,MOTUPE,2.0,1.0,1.0,0.0,0.0,90.0,90.0,1.0,52.56362300944031,54.44421172512661,1.0,1.0,0.095866887825709,0.1971329840409329,0.23472780997921633,0.14649993593332095,0.16529734890246267,1659,1655,4,4,True,False,False,True,False,Missing-dominant activity,Very low availability,Very low availability,0.1917337756514181,0.0,0.2816185486299042,0.0,1.0,90.0,1.0,50.58848561119818,51.16835438509081,1.0,1.0,0.3353254428274519,0.0
010113,AMAZONAS,CHACHAPOYAS,MARISCAL CASTILLA,0.0,0.0,0.0,0.0,0.0,74.0,74.0,1.0,38.20771623939464,38.184017678450445,1.0,1.0,0.0506484740881968,0.2421885160203657,0.2696497862490731,0.14641849505428126,0.16014913016863494,1660,1670,-10,10,False,False,False,True,False,Observed low geospatial access,Very low availability,Very low availability,0.1012969481763936,0.0,0.3459835943148083,0.0,1.0,74.0,1.0,38.207716239394635,38.184017678450445,1.0,1.0,0.3852139803558188,0.0
040410,AREQUIPA,CASTILLA,PAMPACOLCA,6.0,1.0,1.0,0.0,0.0,88.0,88.0,1.0,42.85739166632382,42.499618689942544,1.0,1.0,0.0639112585504727,0.228626333390556,0.25812669237525127,0.14626879597051434,0.16101897546286198,1661,1667,-6,6,True,False,False,True,False,Missing-dominant activity,Very low availability,Very low availability,0.1278225171009454,0.0,0.3266090477007943,0.0,1.0,88.0,1.0,42.42556671913351,42.06487969372721,1.0,1.0,0.3687524176789304,0.0
040307,AREQUIPA,CARAVELI,CHALA,0.0,0.0,0.0,0.0,0.0,14.0,14.0,1.0,42.20836194424901,42.63357203678362,1.0,1.0,0.0639112585504727,0.2282272319226519,0.27693402541490414,0.14606924523656228,0.17042264198268842,1662,1640,22,22,False,False,False,True,False,Observed low geospatial access,Very low availability,Very low availability,0.1278225171009454,0.0,0.3260389027466456,0.0,1.0,14.0,1.0,35.13192213245281,35.91323361557835,1.0,1.0,0.39562003630700593,0.0
040511,AREQUIPA,CAYLLOMA,LLUTA,6.0,1.0,1.0,0.0,0.0,130.0,130.0,1.0,43.44742958663405,45.06847505769216,1.0,0.9769230769230768,0.0639112585504727,0.2281017708522867,0.256823289943445,0.1460065147013797,0.16036727424695885,1663,1668,-5,5,True,False,False,True,False,Missing-dominant activity,Very low availability,Very low availability,0.1278225171009454,0.0,0.315969562756014,0.0230769230769231,1.0,130.0,1.0,43.43422671701556,45.068475057692154,1.0,0.9769230769230769,0.35700030431481156,0.023076923076923106
040311,AREQUIPA,CARAVELI,LOMAS,4.0,0.5,0.5,2.0,2.0,7.0,7.0,1.0,51.90449883654058,48.674641551188905,1.0,1.0,0.0787995790128709,0.2113960388179981,0.728054305104088,0.1450978089154345,0.40342694205847945,1664,714,950,950,False,False,False,True,False,Observed low geospatial access,Very low availability,High availability,0.0639112585504727,0.0936878994752691,0.3019943411685688,0.0,1.0,7.0,1.0,11.463549942093236,9.697887338465312,0.0,0.0,0.6115061501486971,1.0
080804,CUSCO,ESPINAR,OCORURO,2.0,1.0,1.0,0.0,0.0,216.0,216.0,1.0,41.67300798917526,42.09408130966749,1.0,0.9074074074074074,0.0319556292752363,0.2576199074238643,0.2858217607625122,0.14478776834955032,0.15888869501887426,1665,1674,-9,9,True,False,False,True,False,Missing-dominant activity,Very low availability,Very low availability,0.0639112585504727,0.0,0.3283458994944094,0.0925925925925925,1.0,216.0,1.0,41.67672718581224,42.09408130966749,1.0,0.9074074074074074,0.3686342614067635,0.09259259259259256
100503,HUANUCO,HUAMALIES,CHAVIN DE PARIARCA,6.0,1.0,1.0,0.0,0.0,131.0,131.0,1.0,42.472080758707385,43.6735191389153,1.0,1.0,0.0639112585504727,0.2251698564342775,0.6281377841168478,0.1445405574923751,0.34602452133366024,1666,1211,455,455,True,False,False,True,False,Missing-dominant activity,Very low availability,Low availability,0.1278225171009454,0.0,0.3216712234775394,0.0,1.0,131.0,1.0,23.021363593591218,23.262301234430172,0.7862595419847328,0.0,0.4687682630240685,1.0
150516,LIMA,CAÑETE,ZUÑIGA,0.0,0.0,0.0,0.0,0.0,18.0,18.0,1.0,43.97545334414392,43.86078292774104,1.0,1.0,0.0639112585504727,0.2246268837041031,0.8010924433807907,0.1442690711272879,0.43250185096563165,1667,550,1117,1117,False,False,False,True,False,Observed low geospatial access,Very low availability,High availability,0.1278225171009454,0.0,0.3208955481487188,0.0,1.0,18.0,1.0,5.098221278027684,4.879394099122287,0.0,0.0,0.7158463476868437,1.0
230109,TACNA,TACNA,SAMA,0.0,0.0,0.0,0.0,0.0,41.0,41.0,1.0,44.67105352453913,43.936569580289536,1.0,1.0,0.0639112585504727,0.2244077837294826,0.2529356097598482,0.14415952113997765,0.15842343415516044,1668,1679,-11,11,False,False,False,True,False,Observed low geospatial access,Very low availability,Very low availability,0.1278225171009454,0.0,0.3205825481849752,0.0,1.0,41.0,1.0,44.67105352453913,43.936569580289536,1.0,1.0,0.3613365853712117,0.0
040411,AREQUIPA,CASTILLA,TIPAN,4.0,1.0,1.0,0.0,0.0,32.0,32.0,1.0,39.27511366242874,39.68925027591608,1.0,1.0,0.0506484740881968,0.2372956129400061,0.2663999200117914,0.14397204351410145,0.1585241970499941,1669,1677,-8,8,True,False,False,True,False,Missing-dominant activity,Very low availability,Very low availability,0.1012969481763936,0.0,0.3389937327714373,0.0,1.0,32.0,1.0,38.82763695445989,39.241693441594,1.0,1.0,0.3805713143025592,0.0
210404,PUNO,CHUCUITO,KELLUYO,0.0,0.0,0.0,0.0,0.0,235.0,235.0,1.0,47.49172373067275,48.08810846371582,1.0,1.0,0.0741986734039763,0.212937801324145,0.21833613280252467,0.14356823736406066,0.14626740310325048,1670,1739,-69,69,False,False,False,True,False,Observed low geospatial access,Very low availability,Very low availability,0.1483973468079527,0.0,0.304196859034493,0.0,1.0,235.0,1.0,57.73907568985134,58.66919984069645,1.0,1.0,0.3119087611464638,0.0
160602,LORETO,UCAYALI,INAHUAYA,0.0,0.0,0.0,0.0,0.0,8.0,8.0,1.0,40.89648047644836,40.20916395383399,1.0,1.0,0.0506484740881968,0.2356475468779178,0.6820997824955732,0.1431480104830573,0.36637412829188504,1671,1020,651,651,False,False,False,True,False,Observed low geospatial access,Very low availability,Medium availability,0.1012969481763936,0.0,0.3366393526827398,0.0,1.0,8.0,1.0,14.711524606506838,14.590658435403592,0.25,0.0,0.5458568321365331,1.0
050614,AYACUCHO,LUCANAS,SAISA,0.0,0.0,0.0,0.0,0.0,102.0,102.0,1.0,39.78635917096192,40.14902828095731,1.0,0.9411764705882352,0.0319556292752363,0.2534841621129419,0.28132641418121035,0.1427198956940891,0.15664102172822333,1672,1685,-13,13,False,False,False,True,False,Observed low geospatial access,Very low availability,Very low availability,0.0639112585504727,0.0,0.3369101475563035,0.0588235294117647,1.0,102.0,1.0,39.76384945326309,40.14902828095731,1.0,0.9411764705882353,0.37668479336811567,0.05882352941176472
150725,LIMA,HUAROCHIRI,SAN PEDRO DE HUANCAYRE,2.0,1.0,1.0,0.0,0.0,37.0,37.0,1.0,35.09207658818291,35.07257853592725,1.0,1.0,0.0319556292752363,0.2529278515094009,0.2797449356391106,0.1424417403923186,0.15585028245717347,1673,1692,-19,19,True,False,False,True,False,Missing-dominant activity,Very low availability,Very low availability,0.0639112585504727,0.0,0.361325502156287,0.0,1.0,37.0,1.0,35.09207658818291,35.07257853592725,1.0,1.0,0.39963562234158667,0.0
150301,LIMA,CAJATAMBO,CAJATAMBO,0.0,0.0,0.0,0.0,0.0,160.0,160.0,1.0,41.10748163848009,41.46848242340049,1.0,0.99375,0.0506484740881968,0.2336152902214454,0.4667992359910202,0.1421318821548211,0.2587238550396085,1674,1455,219,219,False,False,False,True,False,Observed low geospatial access,Very low availability,Low availability,0.1012969481763936,0.0,0.3310575574592077,0.0062499999999999,1.0,160.0,1.0,29.020295880771954,29.57403667774329,0.96875,0.44375,0.42846319427288604,0.55625
020503,ANCASH,BOLOGNESI,ANTONIO RAIMONDI,2.0,1.0,1.0,0.0,0.0,28.0,28.0,1.0,36.78109735273192,35.30297231238801,1.0,1.0,0.0319556292752363,0.2521014457027423,0.6410550401350845,0.1420285374889893,0.3365053347051604,1675,1274,401,401,True,False,False,True,False,Missing-dominant activity,Very low availability,Low availability,0.0639112585504727,0.0,0.3601449224324889,0.0,1.0,28.0,1.0,19.30997975613931,20.82506065228467,0.5357142857142857,0.0,0.48722148590726366,1.0
150405,LIMA,CANTA,LACHAQUI,0.0,0.0,0.0,0.0,0.0,57.0,57.0,1.0,40.61748903203532,41.1493249643272,1.0,1.0,0.0506484740881968,0.2327194607249283,0.2607487208258385,0.14168396740656256,0.15569859745701764,1676,1695,-19,19,False,False,False,True,False,Observed low geospatial access,Very low availability,Very low availability,0.1012969481763936,0.0,0.3324563724641833,0.0,1.0,57.0,1.0,40.617489032035316,41.1493249643272,1.0,1.0,0.3724981726083407,0.0
021709,ANCASH,RECUAY,TAPACOCHA,2.0,1.0,1.0,0.0,0.0,41.0,41.0,1.0,35.39907244268542,35.501491316596024,1.0,1.0,0.0319556292752363,0.2513935680705811,0.6318317570121672,0.1416745986729087,0.33189369314370176,1677,1301,376,376,True,False,False,True,False,Missing-dominant activity,Very low availability,Low availability,0.0639112585504727,0.0,0.3591336686722588,0.0,1.0,41.0,1.0,22.557178505177774,22.53878229432425,1.0,0.0,0.47404536716023893,1.0
110209,ICA,CHINCHA,SAN PEDRO DE HUACARPANA,0.0,0.0,0.0,0.0,0.0,39.0,39.0,1.0,48.941665591357534,49.60150987001175,1.0,1.0,0.0741986734039763,0.2089964005416393,0.7126046509181971,0.1415975369728078,0.39340166216108674,1678,795,883,883,False,False,False,True,False,Observed low geospatial access,Very low availability,Medium availability,0.1483973468079527,0.0,0.2985662864880563,0.0,1.0,39.0,1.0,10.590795081569402,11.141941714429624,0.0,0.0,0.5894352155974245,1.0
050613,AYACUCHO,LUCANAS,OTOCA,0.0,0.0,0.0,0.0,0.0,147.0,147.0,1.0,46.01066436053529,48.09341204030347,1.0,0.979591836734694,0.0639112585504727,0.2190462269424386,0.24826290722111666,0.14147874274645567,0.15608708288579468,1679,1689,-10,10,False,False,False,True,False,Observed low geospatial access,Very low availability,Very low availability,0.1278225171009454,0.0,0.3041768256612097,0.0204081632653061,1.0,147.0,1.0,46.01066436053529,48.09341204030347,1.0,0.9795918367346939,0.34591494034503545,0.020408163265306145
230301,TACNA,JORGE BASADRE,LOCUMBA,2.0,1.0,1.0,0.0,0.0,33.0,33.0,1.0,48.13119853955268,49.83993255655937,1.0,1.0,0.0741986734039763,0.208386237367265,0.23787509655108074,0.14129245538562066,0.15603688497752852,1680,1691,-11,11,True,False,False,True,False,Missing-dominant activity,Very low availability,Very low availability,0.1483973468079527,0.0,0.2976946248103786,0.0,1.0,33.0,1.0,48.13119853955268,49.83993255655937,1.0,1.0,0.33982156650154394,0.0
050618,AYACUCHO,LUCANAS,SAN PEDRO DE PALCO,0.0,0.0,0.0,0.0,0.0,271.0,271.0,1.0,44.55606808394753,41.81306855103219,1.0,0.996309963099631,0.0506484740881968,0.2317983433029746,0.21759311985431246,0.1412234086955857,0.13412079697125462,1681,1791,-110,110,False,False,False,True,False,Observed low geospatial access,Very low availability,Very low availability,0.1012969481763936,0.0,0.3295590460469485,0.0036900369003689,1.0,271.0,1.0,59.471850539439586,59.03366095418105,1.0,1.0,0.31084731407758925,0.0
020907,ANCASH,CORONGO,YUPAN,2.0,1.0,1.0,0.0,0.0,10.0,10.0,1.0,36.6517563525059,35.787495824552465,1.0,1.0,0.0319556292752363,0.2503804748828338,0.2773503603300387,0.14116805207903507,0.1546529948026375,1682,1700,-18,18,True,False,False,True,False,Missing-dominant activity,Very low availability,Very low availability,0.0639112585504727,0.0,0.3576863926897626,0.0,1.0,10.0,1.0,36.6517563525059,35.787495824552465,1.0,1.0,0.39621480047148383,0.0
210113,PUNO,PUNO,SAN ANTONIO,2.0,1.0,1.0,0.0,0.0,115.0,115.0,1.0,41.13537718299482,42.28010011905791,1.0,0.9304347826086956,0.0319556292752363,0.2501525985624676,0.27653309354276745,0.14105411391885195,0.15424436140900188,1683,1702,-19,19,True,False,False,True,False,Missing-dominant activity,Very low availability,Very low availability,0.0639112585504727,0.0,0.3275471904929662,0.0695652173913043,1.0,115.0,1.0,41.76948468814485,42.9430710473342,1.0,0.9304347826086956,0.36523361189339454,0.06956521739130439
220906,SAN MARTIN,SAN MARTIN,EL PORVENIR,4.0,1.0,1.0,0.0,0.0,18.0,18.0,1.0,42.10467657370967,41.61228430336607,1.0,1.0,0.0506484740881968,0.2313015104333753,0.7143445727557909,0.14097499226078605,0.38249652342199386,1684,885,799,799,True,False,False,True,False,Missing-dominant activity,Very low availability,Medium availability,0.1012969481763936,0.0,0.3304307291905363,0.0,1.0,18.0,1.0,9.634686633669288,10.970029504083811,0.0,0.0,0.5919208182225584,1.0
160603,LORETO,UCAYALI,PADRE MARQUEZ,0.0,0.0,0.0,0.0,0.0,38.0,38.0,1.0,54.490624946291554,56.65170145644811,1.0,1.0,0.0897107931332828,0.19206517812731,0.4138221530054707,0.1408879856302964,0.2517664730693768,1685,1468,217,217,False,False,False,True,False,Observed low geospatial access,Very low availability,Low availability,0.1794215862665657,0.0,0.2743788258961572,0.0,1.0,38.0,1.0,33.57364849599528,30.72868174479234,0.9210526315789473,0.6052631578947368,0.4220015719627026,0.39473684210526316
150713,LIMA,HUAROCHIRI,MARIATANA,4.0,1.0,1.0,0.0,0.0,72.0,72.0,1.0,46.307828707402656,46.327761056501394,1.0,1.0,0.0639112585504727,0.2176781595107357,0.252993281950652,0.1407947090306042,0.15845227025056235,1686,1678,8,8,True,False,False,True,False,Missing-dominant activity,Very low availability,Very low availability,0.1278225171009454,0.0,0.310968799301051,0.0,1.0,72.0,1.0,43.591163160693654,43.91533491812697,1.0,1.0,0.3614189742152172,0.0
040505,AREQUIPA,CAYLLOMA,CAYLLOMA,4.0,1.0,1.0,0.0,0.0,399.0,399.0,1.0,49.16518529747896,48.75454734198779,1.0,0.9799498746867168,0.0639112585504727,0.2172024460639467,0.24557022583507981,0.1405568523072097,0.15474074219277625,1687,1699,-12,12,True,False,False,True,False,Missing-dominant activity,Very low availability,Very low availability,0.1278225171009454,0.0,0.3016962978142311,0.0200501253132832,1.0,399.0,1.0,49.545729423530666,49.14469532844244,1.0,0.9799498746867168,0.3422216974872784,0.020050125313283207
150721,LIMA,HUAROCHIRI,SAN LORENZO DE QUINTI,4.0,1.0,1.0,0.0,0.0,179.0,179.0,1.0,42.334421878395496,42.27647683742367,1.0,1.0,0.0506484740881968,0.2292939004798086,0.25752863868440945,0.1399711872840027,0.15408855638630312,1688,1704,-16,16,True,False,False,True,False,Missing-dominant activity,Very low availability,Very low availability,0.1012969481763936,0.0,0.3275627149711552,0.0,1.0,179.0,1.0,42.334421878395496,42.27647683742367,1.0,1.0,0.3678980552634421,0.0
040606,AREQUIPA,CONDESUYOS,RIO GRANDE,0.0,0.0,0.0,0.0,0.0,42.0,42.0,1.0,65.79317920429992,66.63194149643965,1.0,1.0,0.1081242044419734,0.1713408316359782,0.2032064247105822,0.1397325180389758,0.1556653145762778,1689,1696,-7,7,False,False,False,True,False,Observed low geospatial access,Very low availability,Very low availability,0.2162484088839469,0.0,0.2447726166228261,0.0,1.0,42.0,1.0,65.67997493833452,66.54629776954698,1.0,1.0,0.2902948924436889,0.0
100403,HUANUCO,HUACAYBAMBA,COCHABAMBA,4.0,1.0,1.0,0.0,0.0,65.0,65.0,1.0,44.67791154882495,42.73620292842996,1.0,1.0,0.0506484740881968,0.2279222808843354,0.25982472280100366,0.1392853774862661,0.15523659844460022,1690,1698,-8,8,True,False,False,True,False,Missing-dominant activity,Very low availability,Very low availability,0.1012969481763936,0.0,0.3256032584061934,0.0,1.0,65.0,1.0,45.17466790689715,43.10694815223786,1.0,0.9846153846153847,0.36458476883659874,0.01538461538461533
220905,SAN MARTIN,SAN MARTIN,CHIPURANA,6.0,1.0,1.0,0.0,0.0,14.0,14.0,1.0,45.900150240528944,47.51092517242027,1.0,1.0,0.0639112585504727,0.2144730768524535,0.7429737159776117,0.1391921677014631,0.4034424872640422,1691,713,978,978,True,False,False,True,False,Missing-dominant activity,Very low availability,High availability,0.1278225171009454,0.0,0.3063901097892193,0.0,1.0,14.0,1.0,8.895596323142136,8.466625504400074,0.0,0.0,0.632819594253731,1.0
050703,AYACUCHO,PARINACOCHAS,CORONEL CASTAÑEDA,0.0,0.0,0.0,0.0,0.0,65.0,65.0,1.0,46.60483834572244,47.84331072218816,1.0,1.0,0.0639112585504727,0.2135867334800475,0.4272861728606172,0.13874899601526008,0.24559871570554495,1692,1477,215,215,False,False,False,True,False,Observed low geospatial access,Very low availability,Low availability,0.1278225171009454,0.0,0.3051239049714965,0.0,1.0,65.0,1.0,29.31046444393641,31.24275378912349,0.7692307692307693,0.5538461538461539,0.4192000271635191,0.4461538461538461
050704,AYACUCHO,PARINACOCHAS,PACAPAUSA,0.0,0.0,0.0,0.0,0.0,59.0,59.0,1.0,37.36598957548575,37.19432684217591,1.0,1.0,0.0319556292752363,0.2455091180639464,0.6296349390910201,0.13873237366959135,0.3307952841831282,1693,1307,386,386,False,False,False,True,False,Observed low geospatial access,Very low availability,Low availability,0.0639112585504727,0.0,0.3507273115199235,0.0,1.0,59.0,1.0,22.361121926197608,22.96641914572592,0.7288135593220338,0.0,0.47090705584431447,1.0
021406,ANCASH,OCROS,CONGAS,2.0,1.0,1.0,0.0,0.0,116.0,116.0,1.0,37.18822806516885,37.32450839392531,1.0,1.0,0.0319556292752363,0.2450674514780523,0.6528266542841556,0.13851154037664432,0.342391141779696,1694,1241,453,453,True,False,False,True,False,Missing-dominant activity,Very low availability,Low availability,0.0639112585504727,0.0,0.3500963592543605,0.0,1.0,116.0,1.0,18.930068575570182,18.817853961725724,0.3275862068965517,0.0,0.5040380775487938,1.0
021102,ANCASH,HUARMEY,COCHAPETI,2.0,1.0,1.0,0.0,0.0,60.0,60.0,1.0,37.67905737698364,37.44785748932752,1.0,1.0,0.0319556292752363,0.2446503473866193,0.6689185261695505,0.1383029883309278,0.3504370777223934,1695,1166,529,529,True,False,False,True,False,Missing-dominant activity,Very low availability,Low availability,0.0639112585504727,0.0,0.349500496266599,0.0,1.0,60.0,1.0,15.757338017625607,16.3692332541833,0.03333333333333333,0.0,0.5270264659565007,1.0
150401,LIMA,CANTA,CANTA,0.0,0.0,0.0,0.0,0.0,122.0,122.0,1.0,47.796954544701,48.30306006728105,1.0,1.0,0.0639112585504727,0.212370650857719,0.24162050979931027,0.13814095470409585,0.15276588417489148,1696,1710,-14,14,False,False,False,True,False,Observed low geospatial access,Very low availability,Very low availability,0.1278225171009454,0.0,0.3033866440824557,0.0,1.0,122.0,1.0,47.76869622512954,48.30306006728105,1.0,1.0,0.34517215685615754,0.0
021704,ANCASH,RECUAY,HUAYLLAPAMPA,2.0,1.0,1.0,0.0,0.0,91.0,91.0,1.0,37.836082731576255,38.81280260655196,1.0,0.989010989010989,0.0319556292752363,0.2434188177807435,0.6074384798163754,0.1376872235279899,0.3196970545458059,1697,1351,346,346,True,False,False,True,False,Missing-dominant activity,Very low availability,Low availability,0.0639112585504727,0.0,0.3430315921200575,0.0109890109890109,1.0,91.0,1.0,26.64815918443242,26.981646092801167,0.945054945054945,0.01098901098901099,0.4439074044472553,0.989010989010989
210804,PUNO,MELGAR,LLALLI,0.0,0.0,0.0,0.0,0.0,95.0,95.0,1.0,38.56661546133768,38.806849471027725,1.0,0.9894736842105264,0.0319556292752363,0.2432994198015071,0.22511920315439043,0.1376275245383717,0.12853741621481338,1698,1810,-112,112,False,False,False,True,False,Observed low geospatial access,Very low availability,Very low availability,0.0639112585504727,0.0,0.3430593215209501,0.0105263157894737,1.0,95.0,1.0,55.71649191869777,55.44261899079877,1.0,1.0,0.3215988616491292,0.0
230403,TACNA,TARATA,ESTIQUE,0.0,0.0,0.0,0.0,0.0,13.0,13.0,1.0,45.32202388857817,45.55334829806191,1.0,0.9230769230769232,0.0319556292752363,0.2428965781013188,0.27169961750361477,0.13742610368827754,0.15182762338942554,1699,1715,-16,16,False,False,False,True,False,Observed low geospatial access,Very low availability,Very low availability,0.0639112585504727,0.0,0.3140280786062797,0.0769230769230768,1.0,13.0,1.0,45.32202388857817,45.553348298061906,1.0,0.9230769230769231,0.35517527775241675,0.07692307692307687
160102,LORETO,MAYNAS,ALTO NANAY,0.0,0.0,0.0,0.0,0.0,60.0,60.0,1.0,60.13770591707759,55.33493892707546,1.0,0.9833333333333332,0.0741986734039763,0.2000642429798312,0.22557408369442677,0.13713145819190375,0.14988637854920153,1700,1722,-22,22,False,False,False,True,False,Observed low geospatial access,Very low availability,Very low availability,0.1483973468079527,0.0,0.2786632042569018,0.0166666666666667,1.0,60.0,1.0,63.09702093227761,57.58475942259085,1.0,0.9833333333333333,0.3151058338491811,0.01666666666666672
100511,HUANUCO,HUAMALIES,TANTAMAYO,6.0,1.0,1.0,0.0,0.0,100.0,100.0,1.0,49.946898410824936,49.31501454352622,1.0,1.0,0.0639112585504727,0.2097334038806138,0.5108332053039004,0.13682233121554324,0.28737223192718653,1701,1404,297,297,True,False,False,True,False,Missing-dominant activity,Very low availability,Low availability,0.1278225171009454,0.0,0.2996191484008769,0.0,1.0,100.0,1.0,28.77786153286213,27.890935977498795,0.98,0.32,0.43833315043414345,0.6799999999999999
150506,LIMA,CAÑETE,COAYLLO,0.0,0.0,0.0,0.0,0.0,35.0,35.0,1.0,39.9781373737352,38.39159152055557,1.0,1.0,0.0319556292752363,0.2415027137646983,0.6016471934786793,0.1367291715199673,0.31680141137695783,1702,1357,345,345,False,False,False,True,False,Observed low geospatial access,Very low availability,Low availability,0.0639112585504727,0.0,0.3450038768067119,0.0,1.0,35.0,1.0,22.245154916426507,20.2167247126412,0.5428571428571428,0.14285714285714285,0.49214905190831737,0.8571428571428572
081209,CUSCO,QUISPICANCHI,MARCAPATA,4.0,1.0,1.0,0.0,0.0,286.0,286.0,1.0,45.255688174084526,47.54747291652336,1.0,0.972027972027972,0.0506484740881968,0.2227669299000148,0.24351848944525786,0.13670770199410578,0.14708348176672734,1703,1735,-32,32,True,False,False,True,False,Missing-dominant activity,Very low availability,Very low availability,0.1012969481763936,0.0,0.3062504592977235,0.027972027972028,1.0,286.0,1.0,52.18033630355546,53.281824216650136,1.0,0.9545454545454546,0.32840303686984895,0.045454545454545414
180204,MOQUEGUA,GENERAL SANCHEZ CERRO,ICHUÑA,0.0,0.0,0.0,0.0,0.0,308.0,308.0,1.0,55.28074773968588,53.58831799981664,1.0,1.0,0.0741986734039763,0.1991523755962568,0.20390928488071783,0.13667552450011655,0.13905397914234707,1704,1770,-66,66,False,False,False,True,False,Observed low geospatial access,Very low availability,Very low availability,0.1483973468079527,0.0,0.2845033937089383,0.0,1.0,308.0,1.0,65.82466203870969,66.1583244520292,1.0,1.0,0.2912989784010255,0.0
021705,ANCASH,RECUAY,LLACLLIN,4.0,1.0,1.0,0.0,0.0,19.0,19.0,1.0,44.33762106299881,44.57044552985681,1.0,1.0,0.0506484740881968,0.2225895815894749,0.6307173196858574,0.13661902783883584,0.34068289688702713,1705,1258,447,447,True,False,False,True,False,Missing-dominant activity,Very low availability,Low availability,0.1012969481763936,0.0,0.3179851165563928,0.0,1.0,19.0,1.0,20.635751095128104,22.754758590645103,0.6842105263157895,0.0,0.4724533138369392,1.0
040516,AREQUIPA,CAYLLOMA,TAPAY,2.0,1.0,1.0,0.0,0.0,65.0,65.0,1.0,44.05951484569167,44.64671212565734,1.0,1.0,0.0506484740881968,0.2223725260072954,0.25102243451975204,0.1365105000477461,0.1508354543039744,1706,1720,-14,14,True,False,False,True,False,Missing-dominant activity,Very low availability,Very low availability,0.1012969481763936,0.0,0.3176750371532791,0.0,1.0,65.0,1.0,44.059514845691666,44.64671212565734,1.0,1.0,0.35860347788536007,0.0
050607,AYACUCHO,LUCANAS,HUAC-HUAS,0.0,0.0,0.0,0.0,0.0,140.0,140.0,1.0,48.73391572516489,49.77338497266939,1.0,1.0,0.0639112585504727,0.2085562553095089,0.23803491617192146,0.1362337569299908,0.15097308736119708,1707,1718,-11,11,False,False,False,True,False,Observed low geospatial access,Very low availability,Very low availability,0.1278225171009454,0.0,0.2979375075850128,0.0,1.0,140.0,1.0,48.73391572516489,49.77338497266939,1.0,1.0,0.3400498802456021,0.0
040514,AREQUIPA,CAYLLOMA,SAN ANTONIO DE CHUCA,4.0,1.0,1.0,0.0,0.0,376.0,376.0,1.0,49.12259954032245,49.79657544978394,1.0,1.0,0.0639112585504727,0.2084969822370376,0.21944731292716582,0.13620412039375515,0.14167928573881927,1708,1754,-46,46,True,False,False,True,False,Missing-dominant activity,Very low availability,Very low availability,0.1278225171009454,0.0,0.2978528317671967,0.0,1.0,376.0,1.0,57.73132039808707,58.12827081594996,1.0,1.0,0.3134961613245226,0.0
090603,HUANCAVELICA,HUAYTARA,CORDOVA,6.0,1.0,1.0,0.0,0.0,86.0,86.0,1.0,50.0645486725115,49.85327419423774,1.0,1.0,0.0639112585504727,0.20835217849733,0.2378430806614197,0.13613171852390135,0.15087716960594622,1709,1719,-10,10,True,False,False,True,False,Missing-dominant activity,Very low availability,Very low availability,0.1278225171009454,0.0,0.2976459692819001,0.0,1.0,86.0,1.0,50.0645486725115,49.85327419423774,1.0,1.0,0.3397758295163139,0.0
021006,ANCASH,HUARI,HUACCHIS,0.0,0.0,0.0,0.0,0.0,48.0,48.0,1.0,44.77235374481504,44.93363758929928,1.0,1.0,0.0506484740881968,0.221559168935123,0.2521983585922064,0.1361038215116599,0.1514234163402016,1710,1716,-6,6,False,False,False,True,False,Observed low geospatial access,Very low availability,Very low availability,0.1012969481763936,0.0,0.3165130984787472,0.0,1.0,48.0,1.0,44.03531757896777,44.20890850720848,1.0,1.0,0.36028336941743777,0.0
090405,HUANCAVELICA,CASTROVIRREYNA,CHUPAMARCA,4.0,1.0,1.0,0.0,0.0,64.0,64.0,1.0,45.62415771506196,44.9928382896877,1.0,1.0,0.0506484740881968,0.2213919831591058,0.6660936490190702,0.1360202286236513,0.3583710615536335,1711,1089,622,622,True,False,False,True,False,Missing-dominant activity,Very low availability,Medium availability,0.1012969481763936,0.0,0.3162742616558655,0.0,1.0,64.0,1.0,18.22095042384615,16.1060994848094,0.390625,0.015625,0.5296873557415289,0.984375
150807,LIMA,HUAURA,LEONCIO PRADO,0.0,0.0,0.0,0.0,0.0,66.0,66.0,1.0,54.77879868212853,54.34835196411549,1.0,1.0,0.0741986734039763,0.1973575991002469,0.6272037534468229,0.1357781362521116,0.3507012134253996,1712,1160,552,552,False,False,False,True,False,Observed low geospatial access,Very low availability,Low availability,0.1483973468079527,0.0,0.281939427286067,0.0,1.0,66.0,1.0,23.671663835380343,23.448740792228328,0.7575757575757576,0.0,0.46743393349546125,1.0
151030,LIMA,YAUYOS,TOMAS,0.0,0.0,0.0,0.0,0.0,55.0,55.0,1.0,45.55554244238087,45.33045817302679,1.0,1.0,0.0506484740881968,0.2204426215174719,0.24582637332553975,0.13554554780283434,0.14823742370686827,1713,1731,-18,18,False,False,False,True,False,Observed low geospatial access,Very low availability,Very low availability,0.1012969481763936,0.0,0.3149180307392456,0.0,1.0,55.0,1.0,46.64465470544169,46.63255734712806,1.0,1.0,0.3511805333221997,0.0
040206,AREQUIPA,CAMANA,OCO?A,6.0,1.0,1.0,0.0,0.0,32.0,32.0,1.0,52.6649616255909,50.46129478869567,1.0,1.0,0.0639112585504727,0.20680941642037,0.2363928593087021,0.13536033748542137,0.15015205892958738,1714,1721,-7,7,True,False,False,True,False,Missing-dominant activity,Very low availability,Very low availability,0.1278225171009454,0.0,0.2954420234576714,0.0,1.0,32.0,1.0,52.6649616255909,50.46129478869567,1.0,1.0,0.3377040847267173,0.0
160503,LORETO,REQUENA,CAPELO,0.0,0.0,0.0,0.0,0.0,16.0,16.0,1.0,44.71080890263704,45.61200934798303,1.0,1.0,0.0506484740881968,0.2196561961645132,0.1443273138824909,0.135152335126355,0.09748789398534385,1715,1862,-147,147,False,False,False,True,False,Observed low geospatial access,Very low availability,Very low availability,0.1012969481763936,0.0,0.3137945659493046,0.0,1.0,16.0,1.0,110.24683913106816,108.43862202495112,1.0,1.0,0.20618187697498702,0.0
150406,LIMA,CANTA,SAN BUENAVENTURA,0.0,0.0,0.0,0.0,0.0,37.0,37.0,1.0,52.22206906275567,50.78749897238732,1.0,1.0,0.0639112585504727,0.2059892178330626,0.23562185934536,0.13495023819176766,0.14976655894791635,1716,1723,-7,7,False,False,False,True,False,Observed low geospatial access,Very low availability,Very low availability,0.1278225171009454,0.0,0.2942703111900895,0.0,1.0,37.0,1.0,50.68854640218216,50.78749897238732,1.0,1.0,0.33660265620765717,0.0
040604,AREQUIPA,CONDESUYOS,CHICHAS,6.0,1.0,1.0,0.0,0.0,34.0,34.0,1.0,52.203339293114624,50.81795199077479,1.0,1.0,0.0639112585504727,0.2059129114649069,0.23555013012275305,0.1349120850076898,0.14973069433661287,1717,1724,-7,7,True,False,False,True,False,Missing-dominant activity,Very low availability,Very low availability,0.1278225171009454,0.0,0.2941613020927243,0.0,1.0,34.0,1.0,52.203339293114624,50.81795199077479,1.0,1.0,0.33650018588964725,0.0
100508,HUANUCO,HUAMALIES,PUNCHAO,2.0,1.0,1.0,0.0,0.0,22.0,22.0,1.0,38.49191712205795,39.53379874220145,1.0,1.0,0.0319556292752363,0.2377924675055748,0.613931241557798,0.13487404839040557,0.32294343541651716,1718,1336,382,382,True,False,False,True,False,Missing-dominant activity,Very low availability,Low availability,0.0639112585504727,0.0,0.3397035250079641,0.0,1.0,22.0,1.0,24.332765133623614,23.375943501835522,1.0,0.045454545454545456,0.4679537217059453,0.9545454545454546
021404,ANCASH,OCROS,CARHUAPAMPA,2.0,1.0,1.0,0.0,0.0,22.0,22.0,1.0,40.52578209120739,39.77175184793948,1.0,1.0,0.0319556292752363,0.2370326917097902,0.264803227847281,0.13449416049251325,0.14837942856125866,1719,1730,-11,11,True,False,False,True,False,Missing-dominant activity,Very low availability,Very low availability,0.0639112585504727,0.0,0.3386181310139861,0.0,1.0,22.0,1.0,40.494753650124125,39.77175184793948,1.0,1.0,0.37829032549611574,0.0
150607,LIMA,HUARAL,LAMPIAN,0.0,0.0,0.0,0.0,0.0,39.0,39.0,1.0,46.73778400986068,46.26632484745742,1.0,1.0,0.0506484740881968,0.2178467657017918,0.2617679054198195,0.13424761989499429,0.15620818975400813,1720,1688,32,32,False,False,False,True,False,Observed low geospatial access,Very low availability,Very low availability,0.1012969481763936,0.0,0.311209665288274,0.0,1.0,39.0,1.0,40.57873776877551,40.798724439075485,1.0,1.0,0.37395415059974213,0.0
090605,HUANCAVELICA,HUAYTARA,LARAMARCA,2.0,1.0,1.0,0.0,0.0,70.0,70.0,1.0,48.20221792559266,46.29386280854951,1.0,1.0,0.0506484740881968,0.2177711631419494,0.24669707886149314,0.13420981861507308,0.14867277647484498,1721,1729,-8,8,True,False,False,True,False,Missing-dominant activity,Very low availability,Very low availability,0.1012969481763936,0.0,0.3111016616313563,0.0,1.0,70.0,1.0,48.20221792559266,46.29386280854951,1.0,1.0,0.35242439837356165,0.0
040414,AREQUIPA,CASTILLA,VIRACO,4.0,1.0,1.0,0.0,0.0,43.0,43.0,1.0,46.699081763622544,46.31100888431958,1.0,1.0,0.0506484740881968,0.2177241126385844,0.2478045592384145,0.1341862933633906,0.14922651666330564,1722,1726,-4,4,True,False,False,True,False,Missing-dominant activity,Very low availability,Very low availability,0.1012969481763936,0.0,0.3110344466265492,0.0,1.0,43.0,1.0,46.25481426445557,45.86654301712898,1.0,1.0,0.354006513197735,0.0
040805,AREQUIPA,LA UNION,PAMPAMARCA,6.0,1.0,1.0,0.0,0.0,80.0,80.0,1.0,51.37180202975533,51.490235549607775,1.0,1.0,0.0639112585504727,0.2042396911197379,0.23430480085130967,0.1340754748351053,0.14910802970089118,1723,1727,-4,4,True,False,False,True,False,Missing-dominant activity,Very low availability,Very low availability,0.1278225171009454,0.0,0.2917709873139114,0.0,1.0,80.0,1.0,51.267396370741416,51.349526572456426,1.0,1.0,0.33472114407329956,0.0
150809,LIMA,HUAURA,SANTA LEONOR,0.0,0.0,0.0,0.0,0.0,157.0,157.0,1.0,52.20140720023949,51.72522857085856,1.0,1.0,0.0639112585504727,0.2036598765242177,0.5715318964899492,0.1337855675373452,0.3177215775202109,1724,1354,370,370,False,False,False,True,False,Observed low geospatial access,Very low availability,Low availability,0.1278225171009454,0.0,0.2909426807488825,0.0,1.0,157.0,1.0,25.577723481865153,25.496005166279406,0.9235668789808917,0.15286624203821655,0.4534168130020203,0.8471337579617835
010517,AMAZONAS,LUYA,SAN FRANCISCO DE YESO,0.0,0.0,0.0,0.0,0.0,65.0,65.0,1.0,39.41329833221493,40.40976002787212,1.0,1.0,0.0319556292752363,0.2350172331301201,0.2644157117643672,0.1334864312026782,0.14818567051980175,1725,1732,-7,7,False,False,False,True,False,Observed low geospatial access,Very low availability,Very low availability,0.0639112585504727,0.0,0.3357389044716001,0.0,1.0,65.0,1.0,38.98543731381077,39.90144604802954,1.0,1.0,0.37773673109195316,0.0
180205,MOQUEGUA,GENERAL SANCHEZ CERRO,LA CAPILLA,0.0,0.0,0.0,0.0,0.0,60.0,60.0,1.0,46.79947718314626,47.16138065855945,1.0,1.0,0.0506484740881968,0.2154117520377841,0.2467524846179589,0.13303011306299045,0.14870047935307784,1726,1728,-2,2,False,False,False,True,False,Observed low geospatial access,Very low availability,Very low availability,0.1012969481763936,0.0,0.3077310743396917,0.0,1.0,60.0,1.0,45.89065024186484,46.27239228176916,1.0,1.0,0.352503549454227,0.0
021510,ANCASH,PALLASCA,SANTA ROSA,0.0,0.0,0.0,0.0,0.0,30.0,30.0,1.0,42.082062245244536,40.89533833595503,1.0,1.0,0.0319556292752363,0.2335040006779781,0.2614862010951324,0.1327298149766072,0.14672091518518435,1727,1737,-10,10,False,False,False,True,False,Observed low geospatial access,Very low availability,Very low availability,0.0639112585504727,0.0,0.333577143825683,0.0,1.0,30.0,1.0,42.29289573130636,40.89533833595503,1.0,1.0,0.3735517158501891,0.0
180210,MOQUEGUA,GENERAL SANCHEZ CERRO,UBINAS,0.0,0.0,0.0,0.0,0.0,149.0,149.0,1.0,59.8626506061733,60.9769842370567,1.0,1.0,0.0826041033634331,0.1826748329296064,0.19043168297701576,0.13263946814651975,0.13651789317022445,1728,1780,-52,52,False,False,False,True,False,Observed low geospatial access,Very low availability,Very low availability,0.1652082067268663,0.0,0.2609640470422949,0.0,1.0,149.0,1.0,75.20229672092037,74.00165190169056,1.0,1.0,0.2720452613957368,0.0
021402,ANCASH,OCROS,ACAS,2.0,1.0,1.0,0.0,0.0,34.0,34.0,1.0,40.54427735114217,41.06565435982086,1.0,1.0,0.0319556292752363,0.2329773876822785,0.2806503143099763,0.1324665084787574,0.1563029717926063,1729,1687,42,42,True,False,False,True,False,Missing-dominant activity,Very low availability,Very low availability,0.0639112585504727,0.0,0.3328248395461122,0.0,1.0,34.0,1.0,35.60192195112391,34.80590568472449,1.0,1.0,0.4009290204428233,0.0
021410,ANCASH,OCROS,SANTIAGO DE CHILCAS,2.0,1.0,1.0,0.0,0.0,40.0,40.0,1.0,41.40830231034489,41.14792220281002,1.0,1.0,0.0319556292752363,0.2327237807222988,0.45710750394934785,0.13233970499876754,0.24453156661229208,1730,1480,250,250,True,False,False,True,False,Missing-dominant activity,Very low availability,Low availability,0.0639112585504727,0.0,0.3324625438889983,0.0,1.0,40.0,1.0,30.21270349281075,29.65350429690462,1.0,0.475,0.42801071992763984,0.525
170201,MADRE DE DIOS,MANU,MANU,0.0,0.0,0.0,0.0,0.0,35.0,35.0,1.0,69.73338529274783,68.5872534433219,1.0,1.0,0.095866887825709,0.1676413266618169,0.15491005819717826,0.13175410724376294,0.12538847301144362,1731,1821,-90,90,False,False,False,True,False,Observed low geospatial access,Very low availability,Very low availability,0.1917337756514181,0.0,0.2394876095168814,0.0,1.0,35.0,1.0,97.7304940845446,99.34675618055472,1.0,1.0,0.2213000831388261,0.0
150304,LIMA,CAJATAMBO,HUANCAPON,0.0,0.0,0.0,0.0,0.0,78.0,78.0,1.0,41.90071239418057,41.56807647034224,1.0,1.0,0.0319556292752363,0.2314362430743709,0.27278528767544485,0.1316959361748036,0.1523704584753406,1732,1713,19,19,False,False,False,True,False,Observed low geospatial access,Very low availability,Very low availability,0.0639112585504727,0.0,0.3306232043919584,0.0,1.0,78.0,1.0,37.10861575914056,37.18991915905984,1.0,1.0,0.3896932681077784,0.0
021507,ANCASH,PALLASCA,LLAPO,0.0,0.0,0.0,0.0,0.0,13.0,13.0,1.0,42.02874236628447,41.69510764177313,1.0,1.0,0.0319556292752363,0.2310494647665964,0.2551884933439924,0.13150254702091635,0.14357206130961436,1733,1750,-17,17,False,False,False,True,False,Observed low geospatial access,Very low availability,Very low availability,0.0639112585504727,0.0,0.3300706639522807,0.0,1.0,13.0,1.0,43.107902627199195,43.11448386488557,1.0,1.0,0.3645549904914177,0.0
151002,LIMA,YAUYOS,ALIS,0.0,0.0,0.0,0.0,0.0,39.0,39.0,1.0,48.82116313651496,48.36628894150602,1.0,1.0,0.0506484740881968,0.2122042918666875,0.24018275876384684,0.13142638297744214,0.14541561642602183,1734,1744,-10,10,False,False,False,True,False,Observed low geospatial access,Very low availability,Very low availability,0.1012969481763936,0.0,0.3031489883809821,0.0,1.0,39.0,1.0,49.00214712857372,48.88744687282605,1.0,1.0,0.34311822680549553,0.0
090612,HUANCAVELICA,HUAYTARA,SAN ISIDRO,2.0,1.0,1.0,0.0,0.0,54.0,54.0,1.0,41.96738268144458,41.76041381190672,1.0,1.0,0.0319556292752363,0.2308510713744511,0.25899240455924255,0.1314033503248437,0.14547401691723943,1735,1743,-8,8,True,False,False,True,False,Missing-dominant activity,Very low availability,Very low availability,0.0639112585504727,0.0,0.3297872448206445,0.0,1.0,54.0,1.0,42.2194322917475,41.760413811906716,1.0,1.0,0.36998914937034655,0.0
150602,LIMA,HUARAL,ATAVILLOS ALTO,0.0,0.0,0.0,0.0,0.0,65.0,65.0,1.0,61.67014772682901,62.21703031892436,1.0,1.0,0.0826041033634331,0.1801033627431055,0.2649253624943048,0.1313537330532693,0.17376473292886896,1736,1626,110,110,False,False,False,True,False,Observed low geospatial access,Very low availability,Very low availability,0.1652082067268663,0.0,0.2572905182044365,0.0,1.0,65.0,1.0,41.98279465730036,42.93188472734599,1.0,0.9692307692307692,0.36527799037647946,0.03076923076923077
180103,MOQUEGUA,MARISCAL NIETO,CUCHUMBAYA,0.0,0.0,0.0,0.0,0.0,22.0,22.0,1.0,54.27102518939749,53.99299963546525,1.0,1.0,0.0639112585504727,0.1981936551609545,0.2282939041069113,0.1310524568557136,0.146102581328692,1737,1740,-3,3,False,False,False,True,False,Observed low geospatial access,Very low availability,Very low availability,0.1278225171009454,0.0,0.2831337930870778,0.0,1.0,22.0,1.0,54.271025189397484,53.99299963546525,1.0,1.0,0.326134148724159,0.0
180102,MOQUEGUA,MARISCAL NIETO,CARUMAS,0.0,0.0,0.0,0.0,0.0,417.0,417.0,1.0,58.80961769512102,58.57022800022998,1.0,1.0,0.0741986734039763,0.1878159430238705,0.1762047049176589,0.1310073082139234,0.12520168916081761,1738,1823,-85,85,False,False,False,True,False,Observed low geospatial access,Very low availability,Very low availability,0.1483973468079527,0.0,0.2683084900341008,0.0,1.0,417.0,1.0,77.8310421442624,83.27700007180297,1.0,1.0,0.25172100702522704,0.0
110203,ICA,CHINCHA,CHAVIN,0.0,0.0,0.0,0.0,0.0,73.0,73.0,1.0,42.41141260633341,43.78421159327518,1.0,0.9863013698630136,0.0319556292752363,0.2289582174757778,0.5733533085549061,0.13045692337550704,0.3026544689150712,1739,1384,355,355,False,False,False,True,False,Observed low geospatial access,Very low availability,Low availability,0.0639112585504727,0.0,0.32121232633526,0.0136986301369863,1.0,73.0,1.0,25.935186739672204,25.243793786181108,0.9726027397260274,0.1506849315068493,0.45508398286708707,0.8493150684931507
150515,LIMA,CAÑETE,SANTA CRUZ DE FLORES,0.0,0.0,0.0,0.0,0.0,25.0,25.0,1.0,42.72257948847269,42.41717277975978,1.0,1.0,0.0319556292752363,0.2288725847251508,0.7429570334374014,0.13041410700019354,0.38745633135631885,1740,841,899,899,False,False,False,True,False,Observed low geospatial access,Very low availability,Medium availability,0.0639112585504727,0.0,0.326960835321644,0.0,1.0,25.0,1.0,8.312413746263111,8.46791990495432,0.0,0.0,0.6327957620534306,1.0
230107,TACNA,TACNA,PALCA,0.0,0.0,0.0,0.0,0.0,132.0,132.0,1.0,68.65213384226796,74.61311934240322,1.0,0.9924242424242424,0.1012969481763936,0.1591341652908004,0.19171367747901089,0.130215556733597,0.14650531282770224,1741,1738,3,3,False,False,False,True,False,Observed low geospatial access,Very low availability,Very low availability,0.2025938963527872,0.0,0.2240877685972474,0.0075757575757575,1.0,132.0,1.0,72.08091042268062,74.61311934240322,1.0,0.9924242424242424,0.2706299288661195,0.007575757575757569
160506,LORETO,REQUENA,PUINAHUA,0.0,0.0,0.0,0.0,0.0,25.0,25.0,1.0,59.63538423196688,59.40071206277315,1.0,1.0,0.0741986734039763,0.1860188307532686,0.16596592755260042,0.13010875207862246,0.12008230047828836,1742,1839,-97,97,False,False,False,True,False,Observed low geospatial access,Very low availability,Very low availability,0.1483973468079527,0.0,0.2657411867903838,0.0,1.0,25.0,1.0,96.68030736288608,100.12622431665231,1.0,0.96,0.21995132507514348,0.040000000000000036
150608,LIMA,HUARAL,PACARAOS,0.0,0.0,0.0,0.0,0.0,73.0,73.0,1.0,59.39405173228583,59.641094372997216,1.0,1.0,0.0741986734039763,0.1855032689774779,0.32375614337282316,0.1298509711907271,0.19897740838839972,1743,1558,185,185,False,False,False,True,False,Observed low geospatial access,Very low availability,Very low availability,0.1483973468079527,0.0,0.2650046699678257,0.0,1.0,73.0,1.0,36.739815767693266,36.675174930267424,1.0,0.8356164383561644,0.3920586783995321,0.1643835616438356
010115,AMAZONAS,CHACHAPOYAS,MONTEVIDEO,0.0,0.0,0.0,0.0,0.0,19.0,19.0,1.0,42.50766509767585,42.87563970011949,1.0,1.0,0.0319556292752363,0.2275091117185874,0.25585090832645724,0.12973237049691186,0.14390326880084678,1744,1748,-4,4,False,False,False,True,False,Observed low geospatial access,Very low availability,Very low availability,0.0639112585504727,0.0,0.3250130167408392,0.0,1.0,19.0,1.0,42.477115558449384,42.87563970011949,1.0,1.0,0.3655012976092247,0.0
230401,TACNA,TARATA,TARATA,2.0,1.0,1.0,0.0,0.0,132.0,132.0,1.0,67.27281990490414,67.57289412783024,1.0,1.0,0.0897107931332828,0.1695473572624403,0.16670323075255994,0.12962907519786154,0.12820701194292136,1745,1811,-66,66,True,False,False,True,False,Missing-dominant activity,Very low availability,Very low availability,0.1794215862665657,0.0,0.2422105103749148,0.0,1.0,132.0,1.0,87.41801766244569,90.10197022798764,1.0,1.0,0.2381474725036571,0.0
120209,JUNIN,CONCEPCION,MARISCAL CASTILLA,3.0,1.0,1.0,0.0,0.0,33.0,33.0,1.0,42.99180895773733,42.96168445670086,1.0,1.0,0.0319556292752363,0.2272548046194993,0.2556118555322817,0.1296052169473678,0.14378374240375902,1746,1749,-3,3,True,False,False,True,False,Missing-dominant activity,Very low availability,Very low availability,0.0639112585504727,0.0,0.324649720884999,0.0,1.0,33.0,1.0,42.991808957737334,42.96168445670086,1.0,1.0,0.36515979361754536,0.0
160205,LORETO,ALTO AMAZONAS,JEBEROS,0.0,0.0,0.0,0.0,0.0,28.0,28.0,1.0,60.73939155020162,60.05570810016262,1.0,1.0,0.0741986734039763,0.1846188068904992,0.29185096619045214,0.12940874014723774,0.18302481979721422,1747,1593,154,154,False,False,False,True,False,Observed low geospatial access,Very low availability,Very low availability,0.1483973468079527,0.0,0.2637411527007132,0.0,1.0,28.0,1.0,43.675794711912424,45.41196535623737,1.0,0.8571428571428571,0.3557054619047275,0.1428571428571429
090408,HUANCAVELICA,CASTROVIRREYNA,HUAMATAMBO,2.0,1.0,1.0,0.0,0.0,44.0,44.0,1.0,43.14411549348409,43.180831373702425,1.0,1.0,0.0319556292752363,0.2266093527699537,0.7789701765414347,0.129282491022595,0.40546290290833553,1748,697,1051,1051,True,False,False,True,False,Missing-dominant activity,Very low availability,High availability,0.0639112585504727,0.0,0.3237276468142196,0.0,1.0,44.0,1.0,6.173853408610984,6.048108799204623,0.0,0.0,0.684243109344907,1.0
150513,LIMA,CAÑETE,SAN ANTONIO,0.0,0.0,0.0,0.0,0.0,32.0,32.0,1.0,42.94472957134283,43.63223749716367,1.0,1.0,0.0319556292752363,0.2252898590103271,0.7673282173637229,0.12862274414278171,0.3996419233194796,1749,747,1002,1002,False,False,False,True,False,Observed low geospatial access,Very low availability,High availability,0.0639112585504727,0.0,0.3218426557290388,0.0,1.0,32.0,1.0,7.518674273397431,6.7537171226229,0.0,0.0,0.6676117390910328,1.0
150305,LIMA,CAJATAMBO,MANAS,0.0,0.0,0.0,0.0,0.0,99.0,99.0,1.0,50.38389542930978,50.57546257452674,1.0,1.0,0.0506484740881968,0.2065217662701096,0.2622831449892859,0.1285851201791532,0.15646580953874134,1750,1686,64,64,False,False,False,True,False,Observed low geospatial access,Very low availability,Very low availability,0.1012969481763936,0.0,0.2950310946715853,0.0,1.0,99.0,1.0,41.035437854093864,40.622592857619786,1.0,1.0,0.3746902071275513,0.0
100904,HUANUCO,PUERTO INCA,TOURNAVISTA,0.0,0.0,0.0,0.0,0.0,47.0,47.0,1.0,60.28145532839756,61.22194271913093,1.0,1.0,0.0741986734039763,0.1821628113873693,0.6033474044862801,0.12818074239567281,0.3387730389451282,1751,1263,488,488,False,False,False,True,False,Observed low geospatial access,Very low availability,Low availability,0.1483973468079527,0.0,0.2602325876962419,0.0,1.0,47.0,1.0,21.377173735479154,20.719740060231526,0.5531914893617021,0.1276595744680851,0.4880646811810082,0.8723404255319149
150404,LIMA,CANTA,HUAROS,0.0,0.0,0.0,0.0,0.0,110.0,110.0,1.0,49.86267981788039,51.07827880160507,1.0,1.0,0.0506484740881968,0.205262432815418,0.25144663770097203,0.1279554534518074,0.1510475558945844,1752,1717,35,35,False,False,False,True,False,Observed low geospatial access,Very low availability,Very low availability,0.1012969481763936,0.0,0.2932320468791686,0.0,1.0,110.0,1.0,44.92795661814994,44.488292008892515,1.0,1.0,0.3592094824299601,0.0
040119,AREQUIPA,AREQUIPA,SAN JUAN DE TARUCANI,4.0,1.0,1.0,0.0,0.0,330.0,330.0,1.0,51.397850427361504,53.41849479260423,1.0,0.9818181818181818,0.0506484740881968,0.2050113635449586,0.2326571408486627,0.1278299188165777,0.14165280746842976,1753,1755,-2,2,True,False,False,True,False,Missing-dominant activity,Very low availability,Very low availability,0.1012969481763936,0.0,0.2850811687005903,0.0181818181818181,1.0,330.0,1.0,53.67385890066902,54.487060275133025,1.0,0.9818181818181818,0.3245751362773104,0.018181818181818188
150609,LIMA,HUARAL,SAN MIGUEL DE ACOS,0.0,0.0,0.0,0.0,0.0,12.0,12.0,1.0,51.07462650018192,51.35359804873587,1.0,1.0,0.0506484740881968,0.2045780209534038,0.2430632392723279,0.1276132475208003,0.14685585668026235,1754,1736,18,18,False,False,False,True,False,Observed low geospatial access,Very low availability,Very low availability,0.1012969481763936,0.0,0.2922543156477197,0.0,1.0,12.0,1.0,47.05660461549317,47.72353080321096,1.0,1.0,0.34723319896046845,0.0
020903,ANCASH,CORONGO,BAMBAS,2.0,1.0,1.0,0.0,0.0,13.0,13.0,1.0,44.9181763821178,44.55323435544991,1.0,1.0,0.0319556292752363,0.2226386150215615,0.25127256250512015,0.1272971221483989,0.14161409589017823,1755,1757,-2,2,True,False,False,True,False,Missing-dominant activity,Very low availability,Very low availability,0.0639112585504727,0.0,0.3180551643165165,0.0,1.0,13.0,1.0,44.9181763821178,44.55323435544991,1.0,1.0,0.35896080357874305,0.0
180201,MOQUEGUA,GENERAL SANCHEZ CERRO,OMATE,2.0,1.0,1.0,0.0,0.0,48.0,48.0,1.0,57.03915049722383,57.38570263845124,1.0,1.0,0.0639112585504727,0.1904230101499263,0.22098937187366727,0.1271671343501995,0.14245031521206997,1756,1752,4,4,True,False,False,True,False,Missing-dominant activity,Very low availability,Very low availability,0.1278225171009454,0.0,0.2720328716427519,0.0,1.0,48.0,1.0,57.03915049722383,57.385702638451235,1.0,1.0,0.31569910267666756,0.0
040804,AREQUIPA,LA UNION,HUAYNACOTAS,6.0,1.0,1.0,0.0,0.0,141.0,141.0,1.0,55.03150047252431,57.5051729544653,1.0,1.0,0.0639112585504727,0.1901576763457908,0.20742986858333784,0.12703446744813174,0.13567056356690527,1757,1785,-28,28,True,False,False,True,False,Missing-dominant activity,Very low availability,Very low availability,0.1278225171009454,0.0,0.2716538233511297,0.0,1.0,141.0,1.0,64.45253231486095,64.24826982285894,1.0,1.0,0.29632838369048264,0.0
040508,AREQUIPA,CAYLLOMA,HUANCA,2.0,1.0,1.0,0.0,0.0,64.0,64.0,1.0,44.24142945464677,44.76627011465003,1.0,1.0,0.0319556292752363,0.2220329914338738,0.2507032665185966,0.12699431035455505,0.14132944789691645,1758,1760,-2,2,True,False,False,True,False,Missing-dominant activity,Very low availability,Very low availability,0.0639112585504727,0.0,0.3171899877626769,0.0,1.0,64.0,1.0,44.24142945464677,44.76627011465003,1.0,1.0,0.3581475235979952,0.0
021708,ANCASH,RECUAY,PARARIN,2.0,1.0,1.0,0.0,0.0,44.0,44.0,1.0,45.38583062728633,44.96052472652798,1.0,1.0,0.0319556292752363,0.2214832116061017,0.6615306694207154,0.126719420440669,0.34674314934797584,1759,1201,558,558,True,False,False,True,False,Missing-dominant activity,Very low availability,Low availability,0.0639112585504727,0.0,0.3164045880087168,0.0,1.0,44.0,1.0,17.420167774237793,17.453397084111558,0.29545454545454547,0.0,0.5164723848867363,1.0
180105,MOQUEGUA,MARISCAL NIETO,SAN CRISTOBAL,0.0,0.0,0.0,0.0,0.0,68.0,68.0,1.0,64.1965357685376,62.64490224282935,1.0,1.0,0.0741986734039763,0.1792277800968348,0.21046567420567036,0.12671322675040556,0.14233217380482333,1760,1753,7,7,False,False,False,True,False,Observed low geospatial access,Very low availability,Very low availability,0.1483973468079527,0.0,0.2560396858526212,0.0,1.0,68.0,1.0,64.21035044413463,62.644902242829346,1.0,1.0,0.3006652488652434,0.0
150610,LIMA,HUARAL,SANTA CRUZ DE ANDAMARCA,0.0,0.0,0.0,0.0,0.0,47.0,47.0,1.0,57.999007981531655,57.85528128436417,1.0,1.0,0.0639112585504727,0.189383223496196,0.4515308761079092,0.12664724102333436,0.257721067329191,1761,1459,302,302,False,False,False,True,False,Observed low geospatial access,Very low availability,Low availability,0.1278225171009454,0.0,0.270547462137423,0.0,1.0,47.0,1.0,30.715670041428222,29.973747494887327,0.9787234042553191,0.48936170212765956,0.42619912392315296,0.5106382978723405
090606,HUANCAVELICA,HUAYTARA,OCOYO,6.0,1.0,1.0,0.0,0.0,134.0,134.0,1.0,58.19377843682149,58.23038670216448,1.0,1.0,0.0639112585504727,0.1885585716440309,0.21923676946500154,0.1262349150972518,0.14157401400773711,1762,1758,4,4,True,False,False,True,False,Missing-dominant activity,Very low availability,Very low availability,0.1278225171009454,0.0,0.2693693880629013,0.0,1.0,134.0,1.0,58.19377843682149,58.23038670216448,1.0,1.0,0.3131953849500022,0.0
150802,LIMA,HUAURA,AMBAR,1.0,1.0,1.0,0.0,0.0,186.0,186.0,1.0,52.83689143088601,52.68504841446093,1.0,1.0,0.0506484740881968,0.2013181781143669,0.3274848892870248,0.12598332610128185,0.1890666816876108,1763,1582,181,181,True,False,False,True,False,Missing-dominant activity,Very low availability,Very low availability,0.1012969481763936,0.0,0.2875973973062385,0.0,1.0,186.0,1.0,36.07588660018303,36.23593123349814,1.0,0.8279569892473119,0.39410283723031203,0.17204301075268813
021013,ANCASH,HUARI,RAPAYAN,0.0,0.0,0.0,0.0,0.0,29.0,29.0,1.0,44.82020460092975,45.48577872145546,1.0,1.0,0.0319556292752363,0.2200081929302555,0.2505501667159159,0.1259819111027459,0.1412528979955761,1764,1761,3,3,False,False,False,True,False,Observed low geospatial access,Very low availability,Very low availability,0.0639112585504727,0.0,0.3142974184717937,0.0,1.0,29.0,1.0,43.86414773639477,44.82373125853679,1.0,1.0,0.3579288095941656,0.0
150904,LIMA,OYON,COCHAMARCA,0.0,0.0,0.0,0.0,0.0,36.0,36.0,1.0,58.56546995532545,58.72170699206036,1.0,1.0,0.0639112585504727,0.1874862918792845,0.6257157388727197,0.1256987752148786,0.34481349871159617,1765,1225,540,540,False,False,False,True,False,Observed low geospatial access,Very low availability,Low availability,0.1278225171009454,0.0,0.2678375598275493,0.0,1.0,36.0,1.0,23.72710200521173,23.748723450292367,0.8333333333333334,0.0,0.4653081983895996,1.0
160303,LORETO,LORETO,TIGRE,0.0,0.0,0.0,0.0,0.0,88.0,88.0,1.0,102.0425217171344,84.35428044083537,1.0,0.9886363636363636,0.1061543026792127,0.1445409595184654,0.10060581261955766,0.12534763109883906,0.10338005764938518,1766,1857,-91,91,False,False,False,True,False,Observed low geospatial access,Very low availability,Very low availability,0.2123086053584255,0.0,0.2016169551562493,0.0113636363636363,1.0,88.0,1.0,163.01914853884267,155.59901849436443,1.0,1.0,0.14372258945651095,0.0
110405,ICA,PALPA,TIBILLO,0.0,0.0,0.0,0.0,0.0,57.0,57.0,1.0,46.81644388105005,48.44656298562802,1.0,0.9824561403508772,0.0319556292752363,0.2172565506081731,0.24652903892497371,0.12460608994170469,0.139242334100105,1767,1769,-2,2,False,False,False,True,False,Observed low geospatial access,Very low availability,Very low availability,0.0639112585504727,0.0,0.3028477038763375,0.0175438596491228,1.0,57.0,1.0,46.81644388105005,48.44656298562802,1.0,0.9824561403508771,0.34466554432890983,0.01754385964912286
040408,AREQUIPA,CASTILLA,MACHAGUAY,2.0,1.0,1.0,0.0,0.0,55.0,55.0,1.0,46.99496820085415,46.80569075670935,1.0,1.0,0.0319556292752363,0.2163739497372215,0.24653007426497112,0.12416478950622889,0.1392428517701037,1768,1768,0,0,True,False,False,True,False,Missing-dominant activity,Very low availability,Very low availability,0.0639112585504727,0.0,0.309105642481745,0.0,1.0,55.0,1.0,46.547343371932485,46.35863850330839,1.0,1.0,0.3521858203785302,0.0
250202,UCAYALI,ATALAYA,SEPAHUA,10.0,1.0,1.0,0.0,0.0,49.0,49.0,1.0,67.27649232110451,65.41764881485051,1.0,1.0,0.0741986734039763,0.1736925363932882,0.16730198284834458,0.12394560489863224,0.12075032812616043,1769,1838,-69,69,True,False,False,True,False,Missing-dominant activity,Very low availability,Very low availability,0.1483973468079527,0.0,0.2481321948475545,0.0,1.0,49.0,1.0,94.66682681042762,89.65601495572152,1.0,1.0,0.23900283264049227,0.0
040301,AREQUIPA,CARAVELI,CARAVELI,0.0,0.0,0.0,0.0,0.0,47.0,47.0,1.0,56.41776129445043,55.14963813880178,1.0,1.0,0.0506484740881968,0.1954919020739488,0.2257542124233649,0.1230701880810728,0.13820134325578085,1770,1773,-3,3,False,False,False,True,False,Observed low geospatial access,Very low availability,Very low availability,0.1012969481763936,0.0,0.2792741458199269,0.0,1.0,47.0,1.0,56.41776129445043,55.14963813880178,1.0,1.0,0.3225060177476642,0.0
150808,LIMA,HUAURA,PACCHO,0.0,0.0,0.0,0.0,0.0,62.0,62.0,1.0,63.99521326245979,66.3444519309001,1.0,1.0,0.0741986734039763,0.1718937715688159,0.6660650991137168,0.1230462224863961,0.3701318862588466,1771,990,781,781,False,False,False,True,False,Observed low geospatial access,Very low availability,Medium availability,0.1483973468079527,0.0,0.2455625308125941,0.0,1.0,62.0,1.0,18.3729504561578,16.780209820222993,0.3225806451612903,0.0,0.522950141591024,1.0
151025,LIMA,YAUYOS,QUINOCAY,0.0,0.0,0.0,0.0,0.0,38.0,38.0,1.0,56.87004149851305,55.21800768448655,1.0,1.0,0.0506484740881968,0.1953339466668559,0.2288272391044705,0.12299121037752636,0.13973785659633364,1772,1767,5,5,False,False,False,True,False,Observed low geospatial access,Very low availability,Very low availability,0.1012969481763936,0.0,0.2790484952383656,0.0,1.0,38.0,1.0,53.349496889559255,53.75314931172776,1.0,1.0,0.3268960558635293,0.0
040608,AREQUIPA,CONDESUYOS,YANAQUIHUA,4.0,1.0,1.0,0.0,0.0,74.0,74.0,1.0,55.402392054066176,57.04977610527982,1.0,0.9864864864864864,0.0506484740881968,0.1952260493615789,0.22603959158627335,0.12293726172488785,0.13834403283723506,1773,1772,1,1,True,False,False,True,False,Missing-dominant activity,Very low availability,Very low availability,0.1012969481763936,0.0,0.2731028504393213,0.0135135135135134,1.0,74.0,1.0,55.24281415278908,56.91097111072098,1.0,0.9864864864864865,0.31712219647459905,0.013513513513513487
150503,LIMA,CAÑETE,CALANGO,0.0,0.0,0.0,0.0,0.0,55.0,55.0,1.0,47.88118057940771,47.81278087598704,1.0,1.0,0.0319556292752363,0.213667892785817,0.5935164791271522,0.12281176103052664,0.31273605420119427,1774,1363,411,411,False,False,False,True,False,Observed low geospatial access,Very low availability,Low availability,0.0639112585504727,0.0,0.3052398468368815,0.0,1.0,55.0,1.0,22.372903244319385,19.607046266459793,0.4727272727272727,0.18181818181818182,0.49723133381800977,0.8181818181818181
060418,CAJAMARCA,CHOTA,TOCMOCHE,0.0,0.0,0.0,0.0,0.0,42.0,42.0,1.0,48.10648987986507,48.26190498213167,1.0,1.0,0.0319556292752363,0.2124790470406778,0.5883820700164097,0.12221733815795705,0.31016884964582303,1775,1368,407,407,False,False,False,True,False,Observed low geospatial access,Very low availability,Low availability,0.0639112585504727,0.0,0.303541495772397,0.0,1.0,42.0,1.0,24.76536224436271,25.591347215017418,0.8571428571428571,0.09523809523809523,0.45279071226834056,0.9047619047619048
040309,AREQUIPA,CARAVELI,HUANUHUANU,0.0,0.0,0.0,0.0,0.0,40.0,40.0,1.0,47.93782364659849,48.3923066627583,1.0,1.0,0.0319556292752363,0.212135899537754,0.2414357524017519,0.12204576440649514,0.13669569083849412,1776,1779,-3,3,False,False,False,True,False,Observed low geospatial access,Very low availability,Very low availability,0.0639112585504727,0.0,0.3030512850539343,0.0,1.0,40.0,1.0,47.925687118807,48.37777134794964,1.0,1.0,0.3449082177167885,0.0
230402,TACNA,TARATA,HEROES ALBARRACIN,0.0,0.0,0.0,0.0,0.0,14.0,14.0,1.0,55.767213977654585,56.06414655815675,1.0,1.0,0.0506484740881968,0.1933948419746327,0.22378294194726353,0.12202165803141475,0.13721570801773017,1777,1777,0,0,False,False,False,True,False,Observed low geospatial access,Very low availability,Very low availability,0.1012969481763936,0.0,0.2762783456780467,0.0,1.0,14.0,1.0,55.767213977654585,56.06414655815675,1.0,1.0,0.31968991706751937,0.0
180203,MOQUEGUA,GENERAL SANCHEZ CERRO,COALAQUE,0.0,0.0,0.0,0.0,0.0,36.0,36.0,1.0,54.66396572070377,56.1384437630308,1.0,1.0,0.0506484740881968,0.1932259497664417,0.223624180534675,0.12193721192731925,0.1371363273114359,1778,1778,0,0,False,False,False,True,False,Observed low geospatial access,Very low availability,Very low availability,0.1012969481763936,0.0,0.2760370710949167,0.0,1.0,36.0,1.0,54.66396572070377,56.1384437630308,1.0,1.0,0.31946311504953573,0.0
230406,TACNA,TARATA,SUSAPAYA,0.0,0.0,0.0,0.0,0.0,80.0,80.0,1.0,58.92977605037871,56.15368220036228,1.0,1.0,0.0506484740881968,0.1931913369326845,0.1623775521083601,0.12191990551044066,0.10651301309827846,1779,1854,-75,75,False,False,False,True,False,Observed low geospatial access,Very low availability,Very low availability,0.1012969481763936,0.0,0.2759876241895493,0.0,1.0,80.0,1.0,89.65215766083955,93.38961287663497,1.0,1.0,0.2319679315833716,0.0
230404,TACNA,TARATA,ESTIQUE PAMPA,0.0,0.0,0.0,0.0,0.0,12.0,12.0,1.0,47.592534239023365,48.72013131937075,1.0,1.0,0.0319556292752363,0.2112772260154566,0.2405926727286938,0.12161642764534644,0.13627415100196505,1780,1783,-3,3,False,False,False,True,False,Observed low geospatial access,Very low availability,Very low availability,0.0639112585504727,0.0,0.3018246085935094,0.0,1.0,12.0,1.0,47.592534239023365,48.72013131937075,1.0,1.0,0.3437038181838483,0.0
230201,TACNA,CANDARAVE,CANDARAVE,0.0,0.0,0.0,0.0,0.0,148.0,148.0,1.0,67.02643733683423,68.02050888746899,1.0,1.0,0.0741986734039763,0.1687028150718484,0.18592072437464283,0.12145074423791236,0.13005969888930957,1781,1802,-21,21,False,False,False,True,False,Observed low geospatial access,Very low availability,Very low availability,0.1483973468079527,0.0,0.2410040215312121,0.0,1.0,148.0,1.0,77.36624882844566,76.82636262461999,1.0,1.0,0.26560103482091835,0.0
040602,AREQUIPA,CONDESUYOS,ANDARAY,2.0,1.0,1.0,0.0,0.0,49.0,49.0,1.0,48.61089746753141,48.88229950169229,1.0,1.0,0.0319556292752363,0.2108545485186248,0.24095179266336877,0.12140508889693055,0.13645371096930253,1782,1781,1,1,True,False,False,True,False,Missing-dominant activity,Very low availability,Very low availability,0.0639112585504727,0.0,0.3012207835980355,0.0,1.0,49.0,1.0,48.347321210228266,48.574009708654536,1.0,1.0,0.3442168466619554,0.0
160305,LORETO,LORETO,URARINAS,0.0,0.0,0.0,0.0,0.0,159.0,159.0,1.0,86.13262428751068,94.7495434257284,1.0,0.981132075471698,0.1105483143082043,0.1318746606215924,0.24724031093865687,0.12121148746489835,0.17889431262343058,1783,1611,172,172,False,False,False,True,False,Observed low geospatial access,Very low availability,Very low availability,0.2210966286164087,0.0,0.1803061189472883,0.0188679245283018,1.0,159.0,1.0,60.780123882054745,69.38481345963436,0.9433962264150944,0.8364779874213837,0.28311958166438855,0.16352201257861632
100502,HUANUCO,HUAMALIES,ARANCAY,4.0,1.0,1.0,0.0,0.0,26.0,26.0,1.0,49.42349320648559,49.40041118772177,1.0,1.0,0.0319556292752363,0.2095132846695104,0.2425627402851894,0.12073445697237335,0.13725918478021285,1784,1776,8,8,True,False,False,True,False,Missing-dominant activity,Very low availability,Very low availability,0.0639112585504727,0.0,0.2993046923850149,0.0,1.0,26.0,1.0,47.293067518689064,47.92380020427724,1.0,1.0,0.34651820040741343,0.0
040403,AREQUIPA,CASTILLA,AYO,2.0,1.0,1.0,0.0,0.0,10.0,10.0,1.0,51.29210343412967,49.70163343681791,1.0,1.0,0.0319556292752363,0.2087398183180298,0.2391828116959433,0.12034772379663304,0.1355692204855898,1785,1786,-1,1,True,False,False,True,False,Missing-dominant activity,Very low availability,Very low availability,0.0639112585504727,0.0,0.2981997404543283,0.0,1.0,10.0,1.0,50.886929467943,49.297963440981924,1.0,1.0,0.34168973099420474,0.0
151009,LIMA,YAUYOS,CHOCOS,0.0,0.0,0.0,0.0,0.0,57.0,57.0,1.0,51.03618559010106,50.0287808036474,1.0,1.0,0.0319556292752363,0.2079049708295612,0.6562200075222604,0.11993030005239874,0.34408781839874836,1786,1230,556,556,False,False,False,True,False,Observed low geospatial access,Very low availability,Low availability,0.0639112585504727,0.0,0.2970071011850875,0.0,1.0,57.0,1.0,17.03449226229295,18.27430044006514,0.3157894736842105,0.0,0.5088857250318006,1.0
180209,MOQUEGUA,GENERAL SANCHEZ CERRO,QUINISTAQUILLAS,0.0,0.0,0.0,0.0,0.0,23.0,23.0,1.0,50.314662096787295,50.13974454621621,1.0,1.0,0.0319556292752363,0.2076230175349867,0.23715765754080337,0.11978932340511149,0.13455664340801984,1787,1788,-1,1,False,False,False,True,False,Observed low geospatial access,Very low availability,Very low availability,0.0639112585504727,0.0,0.2966043107642667,0.0,1.0,23.0,1.0,50.314662096787295,50.13974454621621,1.0,1.0,0.3387966536297191,0.0
040312,AREQUIPA,CARAVELI,QUICACHA,0.0,0.0,0.0,0.0,0.0,54.0,54.0,1.0,51.013867996446805,50.1806942710129,1.0,1.0,0.0319556292752363,0.2075191208601619,0.23705999298282815,0.11973737506769909,0.13450781112903223,1788,1789,-1,1,False,False,False,True,False,Observed low geospatial access,Very low availability,Very low availability,0.0639112585504727,0.0,0.2964558869430884,0.0,1.0,54.0,1.0,51.013867996446805,50.180694271012904,1.0,1.0,0.3386571328326117,0.0
151028,LIMA,YAUYOS,TANTA,0.0,0.0,0.0,0.0,0.0,28.0,28.0,1.0,50.90355333454407,50.208751746314704,1.0,1.0,0.0319556292752363,0.2074479820759474,0.2369931213728664,0.11970180567559184,0.13447437532405135,1789,1790,-1,1,False,False,False,True,False,Observed low geospatial access,Very low availability,Very low availability,0.0639112585504727,0.0,0.2963542601084963,0.0,1.0,28.0,1.0,50.90355333454407,50.208751746314704,1.0,1.0,0.33856160196123775,0.0
170203,MADRE DE DIOS,MANU,MADRE DE DIOS,0.0,0.0,0.0,0.0,0.0,43.0,43.0,1.0,86.74377067694428,90.247411588971,1.0,1.0,0.1061543026792127,0.132465731503254,0.1665085907512632,0.11931001709123334,0.13633144671523795,1790,1782,8,8,False,False,False,True,False,Observed low geospatial access,Very low availability,Very low availability,0.2123086053584255,0.0,0.189236759290363,0.0,1.0,43.0,1.0,86.74377067694428,90.24741158897099,1.0,1.0,0.23786941535894746,0.0
151029,LIMA,YAUYOS,TAURIPAMPA,0.0,0.0,0.0,0.0,0.0,56.0,56.0,1.0,51.1709288705185,50.66783071411033,1.0,1.0,0.0319556292752363,0.2062895067658656,0.44112673988693213,0.11912256802055095,0.23654118458108422,1791,1494,297,297,False,False,False,True,False,Observed low geospatial access,Very low availability,Low availability,0.0639112585504727,0.0,0.2946992953798081,0.0,1.0,56.0,1.0,29.443251608815867,30.448364850157915,0.875,0.5178571428571429,0.4235484039201072,0.4821428571428571
100505,HUANUCO,HUAMALIES,JIRCAN,2.0,1.0,1.0,0.0,0.0,80.0,80.0,1.0,52.12647648003455,51.28244085628712,1.0,1.0,0.0319556292752363,0.2047545639981709,0.25765175160378595,0.1183550966367036,0.14480369043951113,1792,1746,46,46,True,False,False,True,False,Missing-dominant activity,Very low availability,Very low availability,0.0639112585504727,0.0,0.2925065199973871,0.0,1.0,80.0,1.0,43.1148646096098,42.23283348827664,1.0,1.0,0.36807393086255136,0.0
150303,LIMA,CAJATAMBO,GORGOR,0.0,0.0,0.0,0.0,0.0,232.0,232.0,1.0,51.04164354955896,51.64217397071481,1.0,1.0,0.0319556292752363,0.203864507106104,0.5566926947910231,0.11791006819067014,0.2943241620331297,1793,1393,400,400,False,False,False,True,False,Observed low geospatial access,Very low availability,Low availability,0.0639112585504727,0.0,0.2912350101515772,0.0,1.0,232.0,1.0,24.833610676833633,24.380306300760537,0.8060344827586207,0.21982758620689655,0.46091567236156017,0.7801724137931034
151014,LIMA,YAUYOS,HUANCAYA,0.0,0.0,0.0,0.0,0.0,35.0,35.0,1.0,51.04568645763285,51.76390781390139,1.0,1.0,0.0319556292752363,0.2035646882877885,0.23334276228343345,0.1177601587815124,0.13264919577933487,1794,1796,-2,2,False,False,False,True,False,Observed low geospatial access,Very low availability,Very low availability,0.0639112585504727,0.0,0.2908066975539836,0.0,1.0,35.0,1.0,51.11732442430905,51.76390781390139,1.0,1.0,0.3333468032620478,0.0
080802,CUSCO,ESPINAR,CONDOROMA,2.0,1.0,1.0,0.0,0.0,219.0,219.0,1.0,51.11478747715581,52.08609943642451,1.0,1.0,0.0319556292752363,0.2027744870151157,0.2121573347756699,0.11736505814517599,0.12205648202545309,1795,1833,-38,38,True,False,False,True,False,Missing-dominant activity,Very low availability,Very low availability,0.0639112585504727,0.0,0.2896778385930224,0.0,1.0,219.0,1.0,62.09162726425686,61.76860513338519,1.0,1.0,0.30308190682238556,0.0
150612,LIMA,HUARAL,VEINTISIETE DE NOVIEMBRE,0.0,0.0,0.0,0.0,0.0,42.0,42.0,1.0,59.45853703713989,60.32789770459392,1.0,1.0,0.0506484740881968,0.1840414264898427,0.30037155628828754,0.11734495028901976,0.17551001518824216,1796,1620,176,176,False,False,False,True,False,Observed low geospatial access,Very low availability,Very low availability,0.1012969481763936,0.0,0.2629163235569182,0.0,1.0,42.0,1.0,37.93045234217505,37.49951244898158,1.0,0.9047619047619048,0.38828589673837,0.09523809523809523
250203,UCAYALI,ATALAYA,TAHUANIA,16.0,1.0,1.0,0.0,0.0,94.0,94.0,1.0,82.71966828022846,81.92693942811465,1.0,1.0,0.0897107931332828,0.1448767519794035,0.19230722045255952,0.11729377255634316,0.14100900679292117,1797,1762,35,35,True,False,False,True,False,Missing-dominant activity,Very low availability,Very low availability,0.1794215862665657,0.0,0.2069667885420051,0.0,1.0,94.0,1.0,73.08602200536355,72.85760280255215,1.0,1.0,0.2747246006465136,0.0
150902,LIMA,OYON,ANDAJES,0.0,0.0,0.0,0.0,0.0,28.0,28.0,1.0,54.48670402656369,53.037205846193984,1.0,1.0,0.0319556292752363,0.2004694941357663,0.7256434044986617,0.1162125617055013,0.378799516886949,1798,925,873,873,False,False,False,True,False,Observed low geospatial access,Very low availability,Medium availability,0.0639112585504727,0.0,0.2863849916225234,0.0,1.0,28.0,1.0,8.00554417451742,9.911367039834548,0.0,0.0,0.6080620064266595,1.0
151003,LIMA,YAUYOS,ALLAUCA,0.0,0.0,0.0,0.0,0.0,55.0,55.0,1.0,59.90535995527125,61.41797589569939,1.0,1.0,0.0506484740881968,0.1817545053416617,0.5013376627011685,0.11620148971492926,0.2759930683946827,1799,1427,372,372,False,False,False,True,False,Observed low geospatial access,Very low availability,Low availability,0.1012969481763936,0.0,0.2596492933452311,0.0,1.0,55.0,1.0,26.61422881337914,28.334521467899965,0.7454545454545455,0.34545454545454546,0.43567718048218884,0.6545454545454545
151032,LIMA,YAUYOS,VIÑAC,0.0,0.0,0.0,0.0,0.0,97.0,97.0,1.0,61.065821441326165,61.80429899258227,1.0,1.0,0.0506484740881968,0.1809535957511198,0.6273580981472122,0.1158010349196583,0.3390032861177045,1800,1261,539,539,False,False,False,True,False,Observed low geospatial access,Very low availability,Low availability,0.1012969481763936,0.0,0.258505136787314,0.0,1.0,97.0,1.0,22.86756248380749,23.41783391050249,0.8350515463917526,0.0,0.46765442592458883,1.0
160704,LORETO,DATEM DEL MARAÑON,MORONA,0.0,0.0,0.0,0.0,0.0,80.0,80.0,1.0,107.06244466086171,100.19969514187387,1.0,1.0,0.1105483143082043,0.1190284321678583,0.1511481316386768,0.1147883732380313,0.13084822297344056,1801,1799,2,2,False,False,False,True,False,Observed low geospatial access,Very low availability,Very low availability,0.2210966286164087,0.0,0.1700406173826547,0.0,1.0,80.0,1.0,115.89685372115903,102.48876506381201,1.0,1.0,0.21592590234096687,0.0
230202,TACNA,CANDARAVE,CAIRANI,0.0,0.0,0.0,0.0,0.0,25.0,25.0,1.0,63.22131654498179,62.92111203967043,1.0,1.0,0.0506484740881968,0.1786656746386952,0.20993728596613084,0.11465707436344601,0.13029288002716383,1802,1800,2,2,False,False,False,True,False,Observed low geospatial access,Very low availability,Very low availability,0.1012969481763936,0.0,0.2552366780552789,0.0,1.0,25.0,1.0,63.22131654498179,62.92111203967043,1.0,1.0,0.29991040852304407,0.0
160302,LORETO,LORETO,PARINARI,0.0,0.0,0.0,0.0,0.0,53.0,53.0,1.0,77.15458883325778,75.6733676203403,1.0,1.0,0.0741986734039763,0.1550539881663838,0.12030776715921174,0.11462633078518006,0.09725322028159403,1803,1863,-60,60,False,False,False,True,False,Observed low geospatial access,Very low availability,Very low availability,0.1483973468079527,0.0,0.2215056973805483,0.0,1.0,53.0,1.0,127.91442285985408,132.248906145649,1.0,1.0,0.17186823879887392,0.0
040507,AREQUIPA,CAYLLOMA,HUAMBO,2.0,1.0,1.0,0.0,0.0,53.0,53.0,1.0,51.77239798687821,54.572973676342905,1.0,1.0,0.0319556292752363,0.1968318841742914,0.22753835672999873,0.11439375672476385,0.12974699300261752,1804,1805,-1,1,True,False,False,True,False,Missing-dominant activity,Very low availability,Very low availability,0.0639112585504727,0.0,0.2811884059632735,0.0,1.0,53.0,1.0,51.542899854810884,54.33458247364745,1.0,1.0,0.3250547953285696,0.0
151018,LIMA,YAUYOS,LARAOS,0.0,0.0,0.0,0.0,0.0,88.0,88.0,1.0,54.50453032943803,54.67913849293083,1.0,1.0,0.0319556292752363,0.1965841502328219,0.242806543547028,0.1142698897540291,0.13738108641113214,1805,1774,31,31,False,False,False,True,False,Observed low geospatial access,Very low availability,Very low availability,0.0639112585504727,0.0,0.2808345003326028,0.0,1.0,88.0,1.0,50.87119080719037,47.82614227630289,1.0,1.0,0.3468664907814686,0.0
151005,LIMA,YAUYOS,AZANGARO,0.0,0.0,0.0,0.0,0.0,96.0,96.0,1.0,54.85845002938919,54.75975890204215,1.0,1.0,0.0319556292752363,0.1963963391144728,0.6327447096886712,0.11417598419485454,0.3323501694819538,1806,1296,510,510,False,False,False,True,False,Observed low geospatial access,Very low availability,Low availability,0.0639112585504727,0.0,0.2805661987349612,0.0,1.0,96.0,1.0,22.172501269055402,22.363317434551426,0.8333333333333334,0.0,0.4753495852695304,1.0
160105,LORETO,MAYNAS,LAS AMAZONAS,0.0,0.0,0.0,0.0,0.0,81.0,81.0,1.0,84.54815231442399,76.53798375912912,1.0,1.0,0.0741986734039763,0.1535984467172232,0.18637368550688904,0.11389856006059976,0.13028617945543267,1807,1801,6,6,False,False,False,True,False,Observed low geospatial access,Very low availability,Very low availability,0.1483973468079527,0.0,0.2194263524531761,0.0,1.0,81.0,1.0,84.61031069034435,76.53798375912912,1.0,1.0,0.26624812215269866,0.0
090608,HUANCAVELICA,HUAYTARA,QUERCO,2.0,1.0,1.0,0.0,0.0,146.0,146.0,1.0,54.3950395735513,55.04240446154907,1.0,1.0,0.0319556292752363,0.1957400338065578,0.223403054988318,0.11384783154089705,0.12767934213177715,1808,1813,-5,5,True,False,False,True,False,Missing-dominant activity,Very low availability,Very low availability,0.0639112585504727,0.0,0.279628619723654,0.0,1.0,146.0,1.0,56.0275425188913,56.24208737430881,1.0,1.0,0.3191472214118829,0.0
160404,LORETO,MARISCAL RAMON CASTILLA,SAN PABLO,0.0,0.0,0.0,0.0,0.0,56.0,56.0,1.0,82.57482115580264,82.0415133191494,1.0,1.0,0.0826041033634331,0.1446975374493081,0.05756788450866154,0.1136508204063706,0.07008599393604732,1809,1873,-64,64,False,False,False,True,False,Observed low geospatial access,Very low availability,Very low availability,0.1652082067268663,0.0,0.2067107677847259,0.0,1.0,56.0,1.0,221.7625577577201,221.8303825971797,1.0,1.0,0.08223983501237364,0.0
040308,AREQUIPA,CARAVELI,CHAPARRA,0.0,0.0,0.0,0.0,0.0,79.0,79.0,1.0,64.70820068247353,64.50746978612979,1.0,1.0,0.0506484740881968,0.1754836340020059,0.20709473498364356,0.11306605404510135,0.12887160453592017,1810,1808,2,2,False,False,False,True,False,Observed low geospatial access,Very low availability,Very low availability,0.1012969481763936,0.0,0.2506909057171513,0.0,1.0,79.0,1.0,63.34466267042045,64.42772878579561,1.0,1.0,0.2958496214052051,0.0
140302,LAMBAYEQUE,LAMBAYEQUE,CHOCHOPE,0.0,0.0,0.0,0.0,0.0,24.0,24.0,1.0,54.60005726069858,55.722945647470894,1.0,1.0,0.0319556292752363,0.1941732933956647,0.23526933998838298,0.11306446133545049,0.13361248463180964,1811,1793,18,18,False,False,False,True,False,Observed low geospatial access,Very low availability,Very low availability,0.0639112585504727,0.0,0.2773904191366638,0.0,1.0,24.0,1.0,50.115492604406334,50.93733527385488,1.0,1.0,0.3360990571262614,0.0
040203,AREQUIPA,CAMANA,MARIANO NICOLAS VALCARCEL,2.0,1.0,1.0,0.0,0.0,24.0,24.0,1.0,71.42605992184752,72.32606393340649,1.0,1.0,0.0639112585504727,0.1608481502496241,0.19319540319018547,0.1123797044000484,0.12855333087032908,1812,1809,3,3,True,False,False,True,False,Missing-dominant activity,Very low availability,Very low availability,0.1278225171009454,0.0,0.2297830717851773,0.0,1.0,24.0,1.0,71.41288718992426,72.3219301701466,1.0,1.0,0.2759934331288364,0.0
040810,AREQUIPA,LA UNION,TOMEPAMPA,2.0,1.0,1.0,0.0,0.0,15.0,15.0,1.0,56.62745242533887,56.82707672287823,1.0,1.0,0.0319556292752363,0.1916709210217067,0.22216242831546826,0.1118132751484715,0.12705902879535227,1813,1815,-2,2,True,False,False,True,False,Missing-dominant activity,Very low availability,Very low availability,0.0639112585504727,0.0,0.273815601459581,0.0,1.0,15.0,1.0,56.62745242533887,56.82707672287823,1.0,1.0,0.3173748975935261,0.0
090614,HUANCAVELICA,HUAYTARA,SANTIAGO DE QUIRAHUARA,2.0,1.0,1.0,0.0,0.0,66.0,66.0,1.0,56.49376226775166,56.83268944036783,1.0,1.0,0.0319556292752363,0.1916583229549548,0.22135093119369262,0.11180697611509555,0.12665328023446445,1814,1816,-2,2,True,False,False,True,False,Missing-dominant activity,Very low availability,Very low availability,0.0639112585504727,0.0,0.2737976042213641,0.0,1.0,66.0,1.0,58.73962736689633,57.212950113666224,1.0,1.0,0.31621561599098946,0.0
160801,LORETO,PUTUMAYO,PUTUMAYO,0.0,0.0,0.0,0.0,0.0,41.0,41.0,1.0,136.57698234144092,125.5391824630072,1.0,1.0,0.13325257745163,0.0900232525649832,0.12661197277123773,0.1116379150083066,0.12993227511143385,1815,1803,12,12,False,False,False,True,False,Observed low geospatial access,Very low availability,Very low availability,0.26650515490326,0.0,0.1286046465214047,0.0,1.0,41.0,1.0,138.83387132362208,125.5391824630072,1.0,1.0,0.1808742468160539,0.0
040806,AREQUIPA,LA UNION,PUYCA,4.0,1.0,1.0,0.0,0.0,168.0,168.0,1.0,66.45561730917159,66.31903631984869,1.0,1.0,0.0506484740881968,0.1719427679192908,0.19319042187828553,0.11129562100374381,0.12191944798324117,1816,1834,-18,18,True,False,False,True,False,Missing-dominant activity,Very low availability,Very low availability,0.1012969481763936,0.0,0.2456325255989869,0.0,1.0,168.0,1.0,70.06014586686055,72.324923593297,1.0,1.0,0.27598631696897935,0.0
151017,LIMA,YAUYOS,HUAÑEC,0.0,0.0,0.0,0.0,0.0,15.0,15.0,1.0,57.90471763503111,57.39894976773358,1.0,1.0,0.0319556292752363,0.1903935626088749,0.2209616907078831,0.1111745959420556,0.1264586599915597,1817,1817,0,0,False,False,False,True,False,Observed low geospatial access,Very low availability,Very low availability,0.0639112585504727,0.0,0.2719908037269641,0.0,1.0,15.0,1.0,57.90471763503111,57.39894976773358,1.0,1.0,0.3156595581541187,0.0
040406,AREQUIPA,CASTILLA,CHOCO,2.0,1.0,1.0,0.0,0.0,119.0,119.0,1.0,56.767977621681055,57.78162124783894,1.0,1.0,0.0319556292752363,0.1895457789098941,0.22016476029255272,0.1107507040925652,0.12606019478389452,1818,1818,0,0,True,False,False,True,False,Missing-dominant activity,Very low availability,Very low availability,0.0639112585504727,0.0,0.2707796841569917,0.0,1.0,119.0,1.0,56.76483460890317,57.78162124783894,1.0,1.0,0.3145210861322182,0.0
230407,TACNA,TARATA,TARUCACHI,0.0,0.0,0.0,0.0,0.0,10.0,10.0,1.0,57.78550000980728,58.076001773308775,1.0,1.0,0.0319556292752363,0.1888973455748881,0.21955522244982037,0.1104264874250622,0.12575542586252833,1819,1819,0,0,False,False,False,True,False,Observed low geospatial access,Very low availability,Very low availability,0.0639112585504727,0.0,0.2698533508212688,0.0,1.0,10.0,1.0,57.78550000980728,58.076001773308775,1.0,1.0,0.3136503177854577,0.0
151008,LIMA,YAUYOS,CATAHUASI,0.0,0.0,0.0,0.0,0.0,26.0,26.0,1.0,58.84995403807012,58.25690806248821,1.0,1.0,0.0319556292752363,0.1885004634937621,0.6496066814895847,0.11022804638449919,0.3407811553824105,1820,1256,564,564,False,False,False,True,False,Observed low geospatial access,Very low availability,Low availability,0.0639112585504727,0.0,0.2692863764196602,0.0,1.0,26.0,1.0,20.008118711651317,19.347802250100685,0.23076923076923078,0.0,0.4994381164136925,1.0
151006,LIMA,YAUYOS,CACRA,0.0,0.0,0.0,0.0,0.0,45.0,45.0,1.0,67.4067318740501,67.57712931198894,1.0,1.0,0.0506484740881968,0.1695393406766377,0.378603045026182,0.11009390738241726,0.21462575955718938,1821,1533,288,288,False,False,False,True,False,Observed low geospatial access,Very low availability,Very low availability,0.1012969481763936,0.0,0.2421990581094825,0.0,1.0,45.0,1.0,35.15253618222518,37.45654565436413,0.9777777777777777,0.6444444444444445,0.3884805405135934,0.3555555555555555
151033,LIMA,YAUYOS,VITIS,0.0,0.0,0.0,0.0,0.0,21.0,21.0,1.0,58.11017094400309,58.43894976287081,1.0,1.0,0.0319556292752363,0.1881023116857384,0.21880787771053886,0.11002897048048735,0.12538175349288758,1822,1822,0,0,False,False,False,True,False,Observed low geospatial access,Very low availability,Very low availability,0.0639112585504727,0.0,0.2687175881224835,0.0,1.0,21.0,1.0,58.16139118310928,58.43894976287081,1.0,1.0,0.31258268244362697,0.0
151020,LIMA,YAUYOS,MADEAN,0.0,0.0,0.0,0.0,0.0,105.0,105.0,1.0,57.556942247499904,58.45273857238889,1.0,1.0,0.0319556292752363,0.1880722032417577,0.660843029240344,0.11001391625849699,0.34639932925779016,1823,1208,615,615,False,False,False,True,False,Observed low geospatial access,Very low availability,Low availability,0.0639112585504727,0.0,0.2686745760596539,0.0,1.0,105.0,1.0,17.064023621752614,17.557687292066607,0.18095238095238095,0.0,0.5154900417719201,1.0
150804,LIMA,HUAURA,CHECRAS,0.0,0.0,0.0,0.0,0.0,28.0,28.0,1.0,59.1055510960258,58.753134952317794,1.0,1.0,0.0319556292752363,0.1874180025617697,0.6974390410029246,0.10968681591850299,0.3646973351390805,1824,1034,790,790,False,False,False,True,False,Observed low geospatial access,Very low availability,Medium availability,0.0639112585504727,0.0,0.267740003659671,0.0,1.0,28.0,1.0,12.619133371410499,12.748878235114528,0.10714285714285714,0.0,0.5677700585756067,1.0
230203,TACNA,CANDARAVE,CAMILACA,0.0,0.0,0.0,0.0,0.0,46.0,46.0,1.0,58.090956120962126,59.014879269659104,1.0,1.0,0.0319556292752363,0.1868506537680173,0.21763129898483297,0.10940314152162679,0.12479346413003463,1825,1827,-2,2,False,False,False,True,False,Observed low geospatial access,Very low availability,Very low availability,0.0639112585504727,0.0,0.2669295053828819,0.0,1.0,46.0,1.0,58.090956120962126,59.014879269659104,1.0,1.0,0.3109018556926185,0.0
151015,LIMA,YAUYOS,HUANGASCAR,0.0,0.0,0.0,0.0,0.0,58.0,58.0,1.0,59.341898619905976,59.16924167850071,1.0,1.0,0.0319556292752363,0.1865172214232929,0.6265019044094744,0.1092364253492646,0.32922876684235536,1826,1315,511,511,False,False,False,True,False,Observed low geospatial access,Very low availability,Low availability,0.0639112585504727,0.0,0.266453173461847,0.0,1.0,58.0,1.0,23.382975889734425,23.5897772774566,0.9655172413793104,0.0,0.46643129201353495,1.0
040402,AREQUIPA,CASTILLA,ANDAGUA,4.0,1.0,1.0,0.0,0.0,36.0,36.0,1.0,68.81414625808912,68.50467602225704,1.0,1.0,0.0506484740881968,0.1677954514407361,0.20049789823710634,0.10922196276446645,0.12557318616265156,1827,1820,7,7,True,False,False,True,False,Missing-dominant activity,Very low availability,Very low availability,0.1012969481763936,0.0,0.2397077877724801,0.0,1.0,36.0,1.0,68.37268031579475,68.0624591114852,1.0,1.0,0.2864255689101519,0.0
040404,AREQUIPA,CASTILLA,CHACHAS,4.0,1.0,1.0,0.0,0.0,142.0,142.0,1.0,64.93819902092329,68.50651839103011,1.0,1.0,0.0506484740881968,0.1677920107960867,0.19962381649898805,0.10922024244214175,0.12513614529359243,1828,1824,4,4,True,False,False,True,False,Missing-dominant activity,Very low availability,Very low availability,0.1012969481763936,0.0,0.2397028725658382,0.0,1.0,142.0,1.0,64.92881042443258,68.55897391499695,1.0,1.0,0.2851768807128401,0.0
151024,LIMA,YAUYOS,QUINCHES,0.0,0.0,0.0,0.0,0.0,46.0,46.0,1.0,59.68684692993311,59.751638135842605,1.0,1.0,0.0319556292752363,0.1852668650387401,0.21796278929289212,0.1086112471569882,0.1249592092840642,1829,1825,4,4,False,False,False,True,False,Observed low geospatial access,Very low availability,Very low availability,0.0639112585504727,0.0,0.264666950055343,0.0,1.0,46.0,1.0,58.787083442744844,58.85205408083452,1.0,1.0,0.3113754132755602,0.0
150903,LIMA,OYON,CAUJUL,0.0,0.0,0.0,0.0,0.0,32.0,32.0,1.0,60.33270261673357,60.67412131334751,1.0,1.0,0.0319556292752363,0.1833106936636478,0.6949232631909499,0.10763316146944205,0.3634394462330931,1830,1045,785,785,False,False,False,True,False,Observed low geospatial access,Very low availability,Medium availability,0.0639112585504727,0.0,0.2618724195194969,0.0,1.0,32.0,1.0,13.568445461273289,13.035300043349428,0.0,0.0,0.5641760902727855,1.0
180211,MOQUEGUA,GENERAL SANCHEZ CERRO,YUNGA,0.0,0.0,0.0,0.0,0.0,28.0,28.0,1.0,60.09547694036285,61.326418825201074,1.0,1.0,0.0319556292752363,0.1819450443751738,0.17965358454357383,0.10695033682520505,0.10580460690940506,1831,1855,-24,24,False,False,False,True,False,Observed low geospatial access,Very low availability,Very low availability,0.0639112585504727,0.0,0.259921491964534,0.0,1.0,28.0,1.0,81.78754798027306,80.9282036965127,1.0,1.0,0.2566479779193912,0.0
040607,AREQUIPA,CONDESUYOS,SALAMANCA,4.0,1.0,1.0,0.0,0.0,75.0,75.0,1.0,69.03131221065487,71.35732043767065,1.0,1.0,0.0506484740881968,0.1625744579616075,0.19481128153238167,0.10661146602490215,0.12272987781028924,1832,1831,1,1,True,False,False,True,False,Missing-dominant activity,Very low availability,Very low availability,0.1012969481763936,0.0,0.2322492256594392,0.0,1.0,75.0,1.0,68.91449688413809,71.35732043767065,1.0,1.0,0.27830183076054527,0.0
151022,LIMA,YAUYOS,OMAS,0.0,0.0,0.0,0.0,0.0,42.0,42.0,1.0,61.5388717265536,61.75643312813823,1.0,1.0,0.0319556292752363,0.1810525615466405,0.25923822573405186,0.1065040954109384,0.1455969275046441,1833,1742,91,91,False,False,False,True,False,Observed low geospatial access,Very low availability,Very low availability,0.0639112585504727,0.0,0.2586465164952007,0.0,1.0,42.0,1.0,42.53307237960539,41.6743530058945,1.0,1.0,0.37034032247721693,0.0
151023,LIMA,YAUYOS,PUTINZA,0.0,0.0,0.0,0.0,0.0,15.0,15.0,1.0,62.22841094760362,61.87175194948352,1.0,1.0,0.0319556292752363,0.1808142603281781,0.6199819597967995,0.1063849448017072,0.3259687945360179,1834,1329,505,505,False,False,False,True,False,Observed low geospatial access,Very low availability,Low availability,0.0639112585504727,0.0,0.2583060861831117,0.0,1.0,15.0,1.0,25.176502127148108,24.939470438374173,1.0,0.0,0.4571170854239994,1.0
151013,LIMA,YAUYOS,HUAMPARA,0.0,0.0,0.0,0.0,0.0,19.0,19.0,1.0,62.048274969772976,62.58916046072334,1.0,1.0,0.0319556292752363,0.1793415141493575,0.2224424585019587,0.1056485717122969,0.1271990438885975,1835,1814,21,21,False,False,False,True,False,Observed low geospatial access,Very low availability,Very low availability,0.0639112585504727,0.0,0.2562021630705108,0.0,1.0,19.0,1.0,56.928913197414815,56.69451460025726,1.0,1.0,0.3177749407170839,0.0
180207,MOQUEGUA,GENERAL SANCHEZ CERRO,MATALAQUE,0.0,0.0,0.0,0.0,0.0,51.0,51.0,1.0,71.55675161460232,72.82109706254333,1.0,1.0,0.0506484740881968,0.1599747827089628,0.19236754466730038,0.1053116283985798,0.1215080093777486,1836,1836,0,0,False,False,False,True,False,Observed low geospatial access,Very low availability,Very low availability,0.1012969481763936,0.0,0.2285354038699468,0.0,1.0,51.0,1.0,71.55675161460232,72.82109706254333,1.0,1.0,0.2748107780961434,0.0
040409,AREQUIPA,CASTILLA,ORCOPAMPA,2.0,1.0,1.0,0.0,0.0,112.0,112.0,1.0,76.96818878478746,80.85367204496524,1.0,1.0,0.0639112585504727,0.1465676639332608,0.17990068992096525,0.10523946124186674,0.12190597423571897,1837,1835,2,2,True,False,False,True,False,Missing-dominant activity,Very low availability,Very low availability,0.1278225171009454,0.0,0.2093823770475155,0.0,1.0,112.0,1.0,76.935859565806,80.76245215940632,1.0,1.0,0.25700098560137896,0.0
230206,TACNA,CANDARAVE,QUILAHUANI,0.0,0.0,0.0,0.0,0.0,21.0,21.0,1.0,73.43800771422306,73.38203208691948,1.0,1.0,0.0506484740881968,0.1589921973467227,0.19144389850405263,0.10482033571745976,0.12104618629612472,1838,1837,1,1,False,False,False,True,False,Observed low geospatial access,Very low availability,Very low availability,0.1012969481763936,0.0,0.2271317104953182,0.0,1.0,21.0,1.0,73.43800771422306,73.38203208691948,1.0,1.0,0.2734912835772181,0.0
151019,LIMA,YAUYOS,LINCHA,0.0,0.0,0.0,0.0,0.0,85.0,85.0,1.0,64.33857068577767,64.19708768475769,1.0,1.0,0.0319556292752363,0.1761001151297766,0.4849288838672762,0.10402787220250645,0.25844225657125625,1839,1457,382,382,False,False,False,True,False,Observed low geospatial access,Very low availability,Low availability,0.0639112585504727,0.0,0.251571593042538,0.0,1.0,85.0,1.0,30.005633441602406,29.20660789538715,1.0,0.38823529411764707,0.4305706744322433,0.611764705882353
151027,LIMA,YAUYOS,SAN PEDRO DE PILAS,0.0,0.0,0.0,0.0,0.0,15.0,15.0,1.0,64.34927370836446,64.50391369336353,1.0,1.0,0.0319556292752363,0.1754906805608139,0.2511759335433254,0.1037231549180251,0.14156578140928086,1840,1759,81,81,False,False,False,True,False,Observed low geospatial access,Very low availability,Very low availability,0.0639112585504727,0.0,0.2507009722297342,0.0,1.0,15.0,1.0,44.2800804201694,44.58932379456308,1.0,1.0,0.3588227622047506,0.0
230204,TACNA,CANDARAVE,CURIBAYA,0.0,0.0,0.0,0.0,0.0,14.0,14.0,1.0,65.07223709750215,65.21505563950836,1.0,1.0,0.0319556292752363,0.1740890768986152,0.20563520992693943,0.10302235308692574,0.11879541960108786,1841,1840,1,1,False,False,False,True,False,Observed low geospatial access,Very low availability,Very low availability,0.0639112585504727,0.0,0.248698681283736,0.0,1.0,14.0,1.0,65.07223709750215,65.21505563950836,1.0,1.0,0.2937645856099135,0.0
151021,LIMA,YAUYOS,MIRAFLORES,0.0,0.0,0.0,0.0,0.0,36.0,36.0,1.0,65.34870209706126,65.29455558829386,1.0,1.0,0.0319556292752363,0.1739333252856401,0.20433685011890643,0.10294447728043819,0.11814623969707136,1842,1842,0,0,False,False,False,True,False,Observed low geospatial access,Very low availability,Very low availability,0.0639112585504727,0.0,0.2484761789794859,0.0,1.0,36.0,1.0,65.02325939595558,65.92340273404902,1.0,1.0,0.29190978588415206,0.0
151004,LIMA,YAUYOS,AYAVIRI,0.0,0.0,0.0,0.0,0.0,45.0,45.0,1.0,65.8972058584322,65.58046307598026,1.0,1.0,0.0319556292752363,0.1733747317663531,0.22684515689560508,0.1026651805207947,0.1294003930854207,1843,1806,37,37,False,False,False,True,False,Observed low geospatial access,Very low availability,Very low availability,0.0639112585504727,0.0,0.2476781882376473,0.0,1.0,45.0,1.0,54.6046183770483,54.649843984126086,1.0,1.0,0.32406450985086444,0.0
160505,LORETO,REQUENA,MAQUIA,0.0,0.0,0.0,0.0,0.0,73.0,73.0,1.0,121.0242429372247,121.37255046214196,1.0,1.0,0.1105483143082043,0.0943692891459696,0.3919801094709468,0.10245880172708696,0.25126421188957554,1844,1469,375,375,False,False,False,True,False,Observed low geospatial access,Very low availability,Low availability,0.2210966286164087,0.0,0.134813270208528,0.0,1.0,73.0,1.0,34.28032601790867,35.92001358767612,0.8356164383561644,0.6164383561643836,0.3955880233146599,0.3835616438356164
040802,AREQUIPA,LA UNION,ALCA,2.0,1.0,1.0,0.0,0.0,19.0,19.0,1.0,66.53135152053743,65.7945271757755,1.0,1.0,0.0319556292752363,0.1729580707750058,0.2045720458428542,0.10245685002512105,0.11826383755904525,1845,1841,4,4,True,False,False,True,False,Missing-dominant activity,Very low availability,Very low availability,0.0639112585504727,0.0,0.2470829582500083,0.0,1.0,19.0,1.0,66.53135152053743,65.7945271757755,1.0,1.0,0.29224577977550603,0.0
150905,LIMA,OYON,NAVAN,0.0,0.0,0.0,0.0,0.0,24.0,24.0,1.0,65.85286201027242,66.31810262355594,1.0,1.0,0.0319556292752363,0.1719445682562281,0.6531242685705076,0.10195009876573219,0.342539948922872,1846,1238,608,608,False,False,False,True,False,Observed low geospatial access,Very low availability,Low availability,0.0639112585504727,0.0,0.2456350975088973,0.0,1.0,24.0,1.0,19.147823155232164,18.76957449340842,0.4166666666666667,0.0,0.5044632408150109,1.0
230405,TACNA,TARATA,SITAJARA,0.0,0.0,0.0,0.0,0.0,6.0,6.0,1.0,67.23037433122818,66.63496151550017,1.0,1.0,0.0319556292752363,0.1713350355987142,0.2030463664759438,0.10164533243697525,0.11750099787559004,1847,1844,3,3,False,False,False,True,False,Observed low geospatial access,Very low availability,Very low availability,0.0639112585504727,0.0,0.2447643365695917,0.0,1.0,6.0,1.0,67.23037433122818,66.63496151550017,1.0,1.0,0.29006623782277685,0.0
230205,TACNA,CANDARAVE,HUANUARA,0.0,0.0,0.0,0.0,0.0,13.0,13.0,1.0,66.5763432124488,66.96425153171438,1.0,1.0,0.0319556292752363,0.170704607909289,0.20245375423183778,0.10133011859226265,0.11720469175353704,1848,1846,2,2,False,False,False,True,False,Observed low geospatial access,Very low availability,Very low availability,0.0639112585504727,0.0,0.2438637255846986,0.0,1.0,13.0,1.0,66.5763432124488,66.96425153171438,1.0,1.0,0.2892196489026254,0.0
151012,LIMA,YAUYOS,HONGOS,0.0,0.0,0.0,0.0,0.0,17.0,17.0,1.0,67.8741425648479,67.55857856101886,1.0,1.0,0.0319556292752363,0.169574458207855,0.3359312722162265,0.10076504374154564,0.1839434507457314,1849,1592,257,257,False,False,False,True,False,Observed low geospatial access,Very low availability,Very low availability,0.0639112585504727,0.0,0.2422492260112215,0.0,1.0,17.0,1.0,34.57572252334618,34.12583473006081,1.0,0.8235294117647058,0.4042715653509118,0.17647058823529416
230408,TACNA,TARATA,TICACO,0.0,0.0,0.0,0.0,0.0,36.0,36.0,1.0,66.03236128825185,67.64146710813753,1.0,1.0,0.0319556292752363,0.1694176194637572,0.1872760949220696,0.10068662436949674,0.10961586209865294,1850,1852,-2,2,False,False,False,True,False,Observed low geospatial access,Very low availability,Very low availability,0.0639112585504727,0.0,0.2420251706625102,0.0,1.0,36.0,1.0,75.26036486543663,75.96664359273758,1.0,1.0,0.26753727846009945,0.0
151001,LIMA,YAUYOS,YAUYOS,0.0,0.0,0.0,0.0,0.0,71.0,71.0,1.0,76.38611063551157,78.8405047001916,1.0,1.0,0.0506484740881968,0.1498000332196701,0.25702602016852694,0.10022425365393345,0.15383724712836186,1851,1706,145,145,False,False,False,True,False,Observed low geospatial access,Very low availability,Very low availability,0.1012969481763936,0.0,0.2140000474566715,0.0,1.0,71.0,1.0,43.50770185744154,45.571428281234105,1.0,0.971830985915493,0.3551075942045355,0.028169014084507005
180202,MOQUEGUA,GENERAL SANCHEZ CERRO,CHOJATA,0.0,0.0,0.0,0.0,0.0,112.0,112.0,1.0,79.81351303474696,79.17675657395806,1.0,1.0,0.0506484740881968,0.1492545121223759,0.17646151922190456,0.09995149310528635,0.11355499665505069,1852,1850,2,2,False,False,False,True,False,Observed low geospatial access,Very low availability,Very low availability,0.1012969481763936,0.0,0.2132207316033941,0.0,1.0,112.0,1.0,82.6189345714331,83.09980446901523,1.0,1.0,0.2520878846027208,0.0
151031,LIMA,YAUYOS,TUPE,0.0,0.0,0.0,0.0,0.0,39.0,39.0,1.0,70.05651971903475,68.54588713554067,1.0,1.0,0.0319556292752363,0.1677185110054203,0.394599841678895,0.09983707014032829,0.21327773547706566,1853,1536,317,317,False,False,False,True,False,Observed low geospatial access,Very low availability,Very low availability,0.0639112585504727,0.0,0.2395978728648862,0.0,1.0,39.0,1.0,34.33857661762549,37.587078908250334,1.0,0.5897435897435898,0.38788988371710276,0.41025641025641024
151010,LIMA,YAUYOS,COCHAS,0.0,0.0,0.0,0.0,0.0,15.0,15.0,1.0,53.52355190272343,53.40199078084233,1.0,1.0,0.0,0.1995961904914522,0.22961231004558752,0.0997980952457261,0.11480615502279376,1854,1847,7,7,False,False,False,True,False,Observed low geospatial access,Very low availability,Very low availability,0.0,0.0,0.2851374149877889,0.0,1.0,15.0,1.0,53.52355190272343,53.40199078084233,1.0,1.0,0.32801758577941076,0.0
151026,LIMA,YAUYOS,SAN JOAQUIN,0.0,0.0,0.0,0.0,0.0,27.0,27.0,1.0,53.90961963789608,53.67859860533732,1.0,1.0,0.0,0.1989378797403731,0.2289934872716835,0.09946893987018655,0.11449674363584175,1855,1849,6,6,False,False,False,True,False,Observed low geospatial access,Very low availability,Very low availability,0.0,0.0,0.2841969710576759,0.0,1.0,27.0,1.0,53.90961963789608,53.67859860533732,1.0,1.0,0.32713355324526217,0.0
151016,LIMA,YAUYOS,HUANTAN,0.0,0.0,0.0,0.0,0.0,88.0,88.0,1.0,67.95250677348415,69.15400627661839,1.0,1.0,0.0319556292752363,0.1665884331269908,0.2324652988511783,0.09927203120111354,0.1322104640632073,1856,1797,59,59,False,False,False,True,False,Observed low geospatial access,Very low availability,Very low availability,0.0639112585504727,0.0,0.2379834758957012,0.0,1.0,88.0,1.0,50.799821305754655,52.14471937205106,1.0,1.0,0.3320932840731119,0.0
180206,MOQUEGUA,GENERAL SANCHEZ CERRO,LLOQUE,0.0,0.0,0.0,0.0,0.0,45.0,45.0,1.0,69.25465242112678,69.16419018611879,1.0,1.0,0.0319556292752363,0.1665695917096309,0.1780965027527681,0.0992626104924336,0.10502606601400219,1857,1856,1,1,False,False,False,True,False,Observed low geospatial access,Very low availability,Very low availability,0.0639112585504727,0.0,0.237956559585187,0.0,1.0,45.0,1.0,81.13488009247733,81.9804090286131,1.0,1.0,0.2544235753610973,0.0
160509,LORETO,REQUENA,TAPICHE,0.0,0.0,0.0,0.0,0.0,16.0,16.0,1.0,83.2166326992311,80.05669067380579,1.0,1.0,0.0506484740881968,0.1478376997125783,0.16651559213738057,0.09924308690038755,0.10858203311278869,1858,1853,5,5,False,False,False,True,False,Observed low geospatial access,Very low availability,Very low availability,0.1012969481763936,0.0,0.2111967138751119,0.0,1.0,16.0,1.0,92.58066533796932,90.24217590112015,1.0,1.0,0.2378794173391151,0.0
151011,LIMA,YAUYOS,COLONIA,0.0,0.0,0.0,0.0,0.0,91.0,91.0,1.0,72.17580899960886,71.6623985708471,1.0,1.0,0.0319556292752363,0.1620283258747959,0.298629426738891,0.0969919775750161,0.16529252800706365,1859,1656,203,203,False,False,False,True,False,Observed low geospatial access,Very low availability,Very low availability,0.0639112585504727,0.0,0.2314690369639942,0.0,1.0,91.0,1.0,35.80149143423796,35.33836346718999,1.0,0.9340659340659341,0.3983560099409589,0.06593406593406592
151007,LIMA,YAUYOS,CARANIA,0.0,0.0,0.0,0.0,0.0,28.0,28.0,1.0,71.99441755555894,72.0988500889383,1.0,1.0,0.0319556292752363,0.1612509908111563,0.2178164911235585,0.09660331004319629,0.1248860601993974,1860,1826,34,34,False,False,False,True,False,Observed low geospatial access,Very low availability,Very low availability,0.0639112585504727,0.0,0.2303585583016519,0.0,1.0,28.0,1.0,57.788617959973294,58.923859952938244,1.0,1.0,0.31116641589079785,0.0
040405,AREQUIPA,CASTILLA,CHILCAYMARCA,4.0,1.0,1.0,0.0,0.0,23.0,23.0,1.0,85.5022402691958,85.79148793204405,1.0,1.0,0.0506484740881968,0.1389644328054887,0.17324776918516102,0.09480645344684276,0.11194812163667892,1861,1851,10,10,True,False,False,True,False,Missing-dominant activity,Very low availability,Very low availability,0.1012969481763936,0.0,0.1985206182935553,0.0,1.0,23.0,1.0,85.05789641542118,85.34430971779524,1.0,1.0,0.2474968131216586,0.0
160504,LORETO,REQUENA,EMILIO SAN MARTIN,0.0,0.0,0.0,0.0,0.0,53.0,53.0,1.0,93.42580786534216,95.62768129061094,1.0,1.0,0.0506484740881968,0.1250292648541553,0.20716834139618906,0.08783886947117606,0.12890840774219292,1862,1807,55,55,False,False,False,True,False,Observed low geospatial access,Very low availability,Very low availability,0.1012969481763936,0.0,0.1786132355059362,0.0,1.0,53.0,1.0,66.24113460589054,64.38827141598999,1.0,1.0,0.29595477342312726,0.0
160402,LORETO,MARISCAL RAMON CASTILLA,PEBAS,0.0,0.0,0.0,0.0,0.0,91.0,91.0,1.0,140.21293746221593,142.09570553005776,1.0,1.0,0.1012969481763936,0.0740625207971359,0.10094258704543735,0.08767973448676475,0.10111976761091548,1863,1859,4,4,False,False,False,True,False,Observed low geospatial access,Very low availability,Very low availability,0.2025938963527872,0.0,0.1058036011387656,0.0,1.0,91.0,1.0,154.5372032374067,155.16738955107854,1.0,1.0,0.14420369577919623,0.0
160502,LORETO,REQUENA,ALTO TAPICHE,0.0,0.0,0.0,0.0,0.0,30.0,30.0,1.0,109.77168601513806,109.39219777910849,1.0,1.0,0.0639112585504727,0.1077429211938763,0.17156832909808972,0.0858270898721745,0.11773979382428121,1864,1843,21,21,False,False,False,True,False,Observed low geospatial access,Very low availability,Very low availability,0.1278225171009454,0.0,0.1539184588483948,0.0,1.0,30.0,1.0,84.62597131496531,86.54097340779381,1.0,1.0,0.24509761299727106,0.0
040303,AREQUIPA,CARAVELI,ATICO,0.0,0.0,0.0,0.0,0.0,35.0,35.0,1.0,93.30290914358376,102.20920742643104,1.0,1.0,0.0506484740881968,0.1164762134932509,0.1517793914527409,0.08356234379072384,0.10121393277046886,1865,1858,7,7,False,False,False,True,False,Observed low geospatial access,Very low availability,Very low availability,0.1012969481763936,0.0,0.1663945907046442,0.0,1.0,35.0,1.0,91.92456745816187,101.9547419799672,1.0,1.0,0.2168277020753442,0.0
170202,MADRE DE DIOS,MANU,FITZCARRALD,0.0,0.0,0.0,0.0,0.0,15.0,15.0,1.0,125.18909311452896,126.0569426814776,1.0,1.0,0.0741986734039763,0.0894932234815004,0.12608481707266708,0.08184594844273835,0.1001417452383217,1866,1860,6,6,False,False,False,True,False,Observed low geospatial access,Very low availability,Very low availability,0.1483973468079527,0.0,0.1278474621164292,0.0,1.0,15.0,1.0,129.35954755834547,126.08706069627493,1.0,1.0,0.18012116724666727,0.0
160511,LORETO,REQUENA,YAQUERANA,0.0,0.0,0.0,0.0,0.0,22.0,22.0,1.0,107.5386773920834,107.82104839733935,1.0,1.0,0.0506484740881968,0.1096035988991576,0.09280435356638943,0.08012603649367721,0.07172641382729311,1867,1872,-5,5,False,False,False,True,False,Observed low geospatial access,Very low availability,Very low availability,0.1012969481763936,0.0,0.1565765698559394,0.0,1.0,22.0,1.0,172.43469150829415,165.93863366323325,1.0,1.0,0.1325776479519849,0.0
160706,LORETO,DATEM DEL MARAÑON,ANDOAS,0.0,0.0,0.0,0.0,0.0,115.0,115.0,1.0,168.29642868531784,174.21132519146576,1.0,1.0,0.1012969481763936,0.0477802232277011,0.09414293129125385,0.07453858570204736,0.09771993973382373,1868,1861,7,7,False,False,False,True,False,Observed low geospatial access,Very low availability,Very low availability,0.2025938963527872,0.0,0.0682574617538588,0.0,1.0,115.0,1.0,154.40926635870602,164.11724746063638,1.0,1.0,0.13448990184464837,0.0
160802,LORETO,PUTUMAYO,ROSA PANDURO,0.0,0.0,0.0,0.0,0.0,21.0,21.0,1.0,78.46463412682962,81.27578649722146,1.0,1.0,0.0,0.1459000003726549,0.17913702119009262,0.07295000018632745,0.08956851059504631,1869,1864,5,5,False,False,False,True,False,Observed low geospatial access,Very low availability,Very low availability,0.0,0.0,0.2084285719609356,0.0,1.0,21.0,1.0,78.46463412682962,81.27578649722146,1.0,1.0,0.2559100302715609,0.0
160508,LORETO,REQUENA,SOPLIN,0.0,0.0,0.0,0.0,0.0,14.0,14.0,1.0,117.48832027043638,121.07408316734453,1.0,1.0,0.0506484740881968,0.0946862648215027,0.1245813444845938,0.07266736945484975,0.0876149092863953,1870,1865,5,5,False,False,False,True,False,Observed low geospatial access,Very low availability,Very low availability,0.1012969481763936,0.0,0.1352660926021467,0.0,1.0,14.0,1.0,131.23806013038566,127.66270028353951,1.0,1.0,0.17797334926370545,0.0
250204,UCAYALI,ATALAYA,YURUA,6.0,1.0,1.0,0.0,0.0,25.0,25.0,1.0,161.86512410467816,160.55672129192084,1.0,1.0,0.0639112585504727,0.0583119460489826,0.0972106227686637,0.061111602299727646,0.0805609406595682,1871,1867,4,4,True,False,False,True,False,Missing-dominant activity,Very low availability,Very low availability,0.1278225171009454,0.0,0.0833027800699751,0.0,1.0,25.0,1.0,161.1852611157492,160.01768273456736,1.0,1.0,0.13887231824094814,0.0
250401,UCAYALI,PURUS,PURUS,16.0,1.0,1.0,0.0,0.0,64.0,64.0,1.0,228.0641143786865,229.252599225486,1.0,1.0,0.1061543026792127,0.0123202398475768,0.05356988164380226,0.05923727126339475,0.07986209216150748,1872,1868,4,4,True,False,False,True,False,Missing-dominant activity,Very low availability,Very low availability,0.2123086053584255,0.0,0.0176003426393954,0.0,1.0,64.0,1.0,228.83784656080616,229.252599225486,1.0,1.0,0.07652840234828895,0.0
160803,LORETO,PUTUMAYO,TENIENTE MANUEL CLAVERO,0.0,0.0,0.0,0.0,0.0,63.0,63.0,1.0,225.79851445020208,202.46798837199265,1.0,1.0,0.0897107931332828,0.0283726905413947,0.06865944542507717,0.05904174183733875,0.07918511927917998,1873,1869,4,4,False,False,False,True,False,Observed low geospatial access,Very low availability,Very low availability,0.1794215862665657,0.0,0.0405324150591354,0.0,1.0,63.0,1.0,225.79851445020208,202.46798837199265,1.0,1.0,0.09808492203582453,0.0
160110,LORETO,MAYNAS,TORRES CAUSANA,0.0,0.0,0.0,0.0,0.0,35.0,35.0,1.0,187.8664340892851,201.0080485840097,1.0,1.0,0.0826041033634331,0.0293074172666118,0.06953810369397667,0.05595576031502245,0.07607110352870489,1874,1871,3,3,False,False,False,True,False,Observed low geospatial access,Very low availability,Very low availability,0.1652082067268663,0.0,0.0418677389523026,0.0,1.0,35.0,1.0,187.8664340892851,201.00804858400974,1.0,1.0,0.0993401481342524,0.0
160804,LORETO,PUTUMAYO,YAGUAS,0.0,0.0,0.0,0.0,0.0,24.0,24.0,1.0,144.75018816653622,137.24594376383484,1.0,1.0,0.0,0.0785380297492842,0.011595252440061942,0.0392690148746421,0.005797626220030971,1875,1877,-2,2,False,False,False,True,False,Observed low geospatial access,Very low availability,Very low availability,0.0,0.0,0.1121971853561203,0.0,1.0,24.0,1.0,321.27615236294974,323.79198256315095,1.0,1.0,0.016564646342945633,0.0
210103,PUNO,PUNO,AMANTANI,0.0,0.0,0.0,0.0,0.0,0.0,0.0,0.0,0.0,0.0,0.0,0.0,0.0506484740881968,0.0,0.0,0.0253242370440984,0.0253242370440984,1876,1875,1,1,False,False,False,False,False,Mixed/other profile,Very low availability,Very low availability,0.1012969481763936,0.0,0.0,0.0,0.0,0.0,0.0,0.0,0.0,0.0,0.0,0.0,0.0
211302,PUNO,YUNGUYO,ANAPIA,0.0,0.0,0.0,0.0,0.0,0.0,0.0,0.0,0.0,0.0,0.0,0.0,0.0319556292752363,0.0,0.0,0.01597781463761815,0.01597781463761815,1877,1876,1,1,False,False,False,False,False,Mixed/other profile,Very low availability,Very low availability,0.0639112585504727,0.0,0.0,0.0,0.0,0.0,0.0,0.0,0.0,0.0,0.0,0.0,0.0
250306,UCAYALI,PADRE ABAD,HUIPOCA,8.0,1.0,1.0,0.0,0.0,0.0,0.0,0.0,0.0,0.0,0.0,0.0,0.0,0.0,0.0,0.0,0.0,1878,1878,0,0,True,False,False,False,False,Missing-dominant activity,Very low availability,Very low availability,0.0,0.0,0.0,0.0,0.0,0.0,0.0,0.0,0.0,0.0,0.0,0.0,0.0
250307,UCAYALI,PADRE ABAD,BOQUERON,10.0,1.0,1.0,0.0,0.0,0.0,0.0,0.0,0.0,0.0,0.0,0.0,0.0,0.0,0.0,0.0,0.0,1878,1878,0,0,True,False,False,False,False,Missing-dominant activity,Very low availability,Very low availability,0.0,0.0,0.0,0.0,0.0,0.0,0.0,0.0,0.0,0.0,0.0,0.0,0.0
080918,CUSCO,LA CONVENCION,UNION ASHANINKA,2.0,1.0,1.0,0.0,0.0,0.0,0.0,0.0,0.0,0.0,0.0,0.0,0.0,0.0,0.0,0.0,0.0,1878,1878,0,0,True,False,False,False,False,Missing-dominant activity,Very low availability,Very low availability,0.0,0.0,0.0,0.0,0.0,0.0,0.0,0.0,0.0,0.0,0.0,0.0,0.0
221006,SAN MARTIN,TOCACHE,SANTA LUCIA,4.0,1.0,1.0,0.0,0.0,0.0,0.0,0.0,0.0,0.0,0.0,0.0,0.0,0.0,0.0,0.0,0.0,1878,1878,0,0,True,False,False,False,False,Missing-dominant activity,Very low availability,Very low availability,0.0,0.0,0.0,0.0,0.0,0.0,0.0,0.0,0.0,0.0,0.0,0.0,0.0
080916,CUSCO,LA CONVENCION,CIELO PUNCO,2.0,1.0,1.0,0.0,0.0,0.0,0.0,0.0,0.0,0.0,0.0,0.0,0.0,0.0,0.0,0.0,0.0,1878,1878,0,0,True,False,False,False,False,Missing-dominant activity,Very low availability,Very low availability,0.0,0.0,0.0,0.0,0.0,0.0,0.0,0.0,0.0,0.0,0.0,0.0,0.0
080917,CUSCO,LA CONVENCION,MANITEA,2.0,1.0,1.0,0.0,0.0,0.0,0.0,0.0,0.0,0.0,0.0,0.0,0.0,0.0,0.0,0.0,0.0,1878,1878,0,0,True,False,False,False,False,Missing-dominant activity,Very low availability,Very low availability,0.0,0.0,0.0,0.0,0.0,0.0,0.0,0.0,0.0,0.0,0.0,0.0,0.0
090725,HUANCAVELICA,TAYACAJA,COCHABAMBA,3.0,1.0,1.0,0.0,0.0,0.0,0.0,0.0,0.0,0.0,0.0,0.0,0.0,0.0,0.0,0.0,0.0,1878,1878,0,0,True,False,False,False,False,Missing-dominant activity,Very low availability,Very low availability,0.0,0.0,0.0,0.0,0.0,0.0,0.0,0.0,0.0,0.0,0.0,0.0,0.0
090724,HUANCAVELICA,TAYACAJA,LAMBRAS,9.0,1.0,1.0,0.0,0.0,0.0,0.0,0.0,0.0,0.0,0.0,0.0,0.0,0.0,0.0,0.0,0.0,1878,1878,0,0,True,False,False,False,False,Missing-dominant activity,Very low availability,Very low availability,0.0,0.0,0.0,0.0,0.0,0.0,0.0,0.0,0.0,0.0,0.0,0.0,0.0
